timestamp,series_id,value,noise_level
2023-03-12 06:56:50.321127,series_5,8.242688485473796,0.8893250652342494
2023-01-26 17:51:25.406728,series_1,1.83101775369248,0.9929321850772456
2023-01-12 18:59:39.861422,series_4,1.8779526161141933,0.8583791094997087
2023-01-08 21:29:45.050502,series_4,1.078929762483648,0.6885793064892538
2023-01-08 00:50:50.740009,series_1,8.272957321354873,0.9958634369866756
2023-01-10 20:30:17.182515,series_4,6.617910195748404,0.4729254005028716
2023-01-13 05:17:38.317157,series_5,6.541464838296918,0.5772960666737179
2023-02-21 18:38:12.110531,series_1,7.917389687963618,0.5599844778895501
2023-03-09 01:36:13.445188,series_1,2.4301503100204997,0.9851044040541688
2023-03-26 02:36:07.778215,series_5,9.17247419488656,0.8667172493862039
2023-03-27 22:04:24.030424,series_5,8.32667882211274,0.6017588895000882
2023-02-17 10:49:26.831055,series_5,8.854168807434025,0.5993552507709965
2023-04-03 14:39:35.040483,series_1,7.66176646031909,0.8568549288894034
2023-04-06 22:44:56.822865,series_1,2.721987988954893,0.9281741661935878
2023-02-25 04:41:06.590252,series_1,7.116456042413565,0.6537778866070232
2023-02-22 02:31:43.741810,series_1,9.16167556393651,0.9783675516882449
2023-02-04 13:47:19.508399,series_5,7.718060033202947,0.4698311252044078
2023-03-02 03:36:51.680848,series_4,9.203539732201207,0.8609240392842946
2023-02-08 11:07:07.118644,series_5,1.6245471755441754,0.0
2023-01-26 04:47:05.857267,series_4,8.986690430798923,0.880963674282298
2023-01-24 21:55:44.943332,series_5,3.7747993131114113,0.9830523165093812
2023-04-04 18:15:32.225056,series_1,0.851650478021504,0.6805304789447757
2023-02-16 22:07:22.658238,series_4,0.8624901920612393,0.9566935899889754
2023-02-26 05:51:20.935029,series_1,9.926292149261824,0.7510836898840703
2023-02-07 22:28:28.474576,series_5,1.5754914781056812,0.0
2023-04-07 13:28:55.270917,series_1,2.4800662407463268,0.6337253455382182
2023-03-17 22:18:13.007987,series_4,5.106190111792066,0.9631122391339412
2023-01-30 13:15:47.368421,series_4,1.4108868115182478,0.0
2023-01-24 16:46:04.280369,series_5,1.097076395080414,0.4787074395189888
2023-01-10 17:30:59.753399,series_4,1.4343871378135953,0.9616509197778882
2023-04-02 00:15:44.554224,series_4,7.42341018007994,0.9690375740662206
2023-01-02 19:50:44.891031,series_5,2.59687369744714,0.7498163931518715
2023-02-06 10:04:04.067797,series_5,9.490285121911729,0.0
2023-02-22 06:11:02.656020,series_4,4.429658336346009,0.9655981131694752
2023-01-19 12:01:01.204351,series_5,7.369765113063755,0.5200309677208592
2023-03-09 15:48:16.730310,series_4,1.5564691076866275,0.9767046704665452
2023-02-05 01:20:20.338983,series_5,5.016820751749567,0.0
2023-01-23 18:43:01.602577,series_1,9.311533089369524,0.8279673869404502
2023-02-26 08:13:35.527249,series_5,0.0482541259584023,0.6233560092058391
2023-01-19 02:32:17.605885,series_4,4.588566827376843,0.8164591339101852
2023-04-07 12:34:47.108194,series_5,9.91151445340258,0.4314675083255645
2023-02-09 01:49:11.704403,series_5,6.741523384697605,0.7641204489479467
2023-01-04 06:37:16.077409,series_1,7.8557163284529725,0.5425996428816886
2023-02-05 19:49:03.509223,series_1,8.262772016180898,0.8670217444539954
2023-02-13 02:58:48.754676,series_5,5.31131374859389,0.9143208664279698
2023-03-01 23:12:53.423882,series_5,2.41483460908805,0.9711922449288836
2023-03-25 22:41:40.332838,series_5,4.70238143019725,0.5858670773693297
2023-03-31 20:03:10.021754,series_4,7.620644270790112,0.6889805150213748
2023-01-03 01:30:19.359256,series_1,3.64591855158066,0.804097890730705
2023-03-14 07:34:19.606955,series_1,5.00585080949557,0.860273054774464
2023-04-08 18:36:42.236447,series_4,7.714012151220428,0.9288241332439492
2023-03-19 09:03:29.852326,series_1,4.296354074986985,0.6746873641665272
2023-02-05 12:18:49.644280,series_4,9.334624679186843,0.4263925884422243
2023-01-07 19:40:03.237474,series_4,1.5892616373871005,0.994023605464286
2023-01-28 18:22:06.315789,series_4,4.398474267250449,0.0
2023-02-05 06:16:07.218715,series_5,4.929421207360702,0.5483849884444423
2023-01-26 12:49:55.723983,series_4,7.37692197423136,0.849639837628881
2023-02-06 11:24:41.495925,series_4,2.88545281313467,0.5077734546315079
2023-04-09 14:08:58.504492,series_4,9.65254513458878,0.9224271484178456
2023-04-07 16:20:10.921211,series_4,0.95549397660198,0.8048599163201324
2023-04-11 01:51:26.147031,series_5,8.964664576309161,0.8192068403301531
2023-01-16 07:54:18.019875,series_1,9.56290786974303,0.4241071756898265
2023-01-20 12:55:48.618733,series_1,0.5431548042671508,0.4038701579516643
2023-03-08 12:17:31.609058,series_1,9.065141723206466,0.9868743981441452
2023-01-19 04:07:30.144389,series_5,7.517981724383732,0.5148072561320962
2023-01-20 22:35:54.257079,series_4,3.7304446389529113,0.5920108918562401
2023-01-10 16:37:44.055791,series_5,0.4772070430178199,0.6524138930057137
2023-03-07 00:43:34.137320,series_4,5.872380369722984,0.869714469045276
2023-01-26 06:41:19.885830,series_1,3.2201973915692927,0.9213922727691942
2023-01-16 06:51:38.231577,series_1,4.37644639220041,0.5684974164514006
2023-02-15 07:47:07.205853,series_1,1.127714742267737,0.7270558453221556
2023-03-08 20:57:14.374365,series_5,6.33058654394369,0.675428892623517
2023-02-12 12:06:13.709114,series_1,3.649874818739207,0.9764588594682152
2023-01-24 22:55:51.086260,series_1,5.751673834564029,0.5770065904364952
2023-02-18 08:13:26.511591,series_5,0.0399544393896866,0.7591028886128134
2023-02-13 13:29:04.346801,series_1,0.9765027290784511,0.8740865762264498
2023-03-06 12:22:59.933609,series_1,6.556885583309954,0.5265222640378402
2023-03-30 19:21:46.838485,series_5,9.680781966616296,0.8693837630953056
2023-02-22 05:14:56.139354,series_4,8.582583423502177,0.9171565988159588
2023-03-16 16:17:51.168882,series_5,8.987419271801492,0.8450196061887065
2023-02-04 18:27:17.469458,series_1,5.457500771831221,0.5353446866428555
2023-01-22 22:02:25.156132,series_1,9.66101820282984,0.4105770207408028
2023-03-01 19:32:50.872166,series_1,7.692072618628797,0.8731610238375135
2023-03-04 01:06:37.946450,series_4,0.8641117881014548,0.4807369708299652
2023-03-13 06:37:00.006720,series_1,6.119974986444623,0.4467126763792641
2023-02-25 02:47:20.204866,series_4,7.711720073340285,0.9651959922223272
2023-04-04 04:39:27.423288,series_4,0.2444658381666697,0.5827161818547815
2023-02-19 03:16:08.471457,series_5,9.180519778148357,0.6654265950840588
2023-03-23 03:28:57.682442,series_1,9.45840518346875,0.9998693644108664
2023-02-23 10:19:46.096689,series_5,4.645792917567784,0.9814047804734596
2023-01-23 08:36:23.916525,series_4,1.5030729394487607,0.8106157295386683
2023-01-06 05:16:33.103448,series_1,10.220078410692384,0.0
2023-02-24 11:04:44.962650,series_5,7.425086066081459,0.4581278369386007
2023-01-30 14:46:14.223086,series_4,8.491269449826477,0.6447742283859077
2023-02-07 09:49:49.830508,series_5,1.120219275223563,0.0
2023-01-11 03:05:18.336177,series_1,4.888332425315168,0.7056594617589228
2023-02-03 06:38:51.016769,series_5,5.298938306887696,0.8351363045128777
2023-04-07 12:17:03.387321,series_1,5.383486015593638,0.5184242436665755
2023-03-12 08:46:53.742374,series_1,4.189372240911583,0.735559049892736
2023-01-31 07:00:00.000000,series_4,8.118434574408365,0.0
2023-03-05 09:27:59.724813,series_4,3.457311107686495,0.8834878647806801
2023-03-17 16:30:53.784992,series_4,7.942168717866878,0.9453803636540192
2023-02-14 18:13:37.056274,series_5,3.615156662538936,0.5562088090113247
2023-03-20 06:34:31.880303,series_5,3.759546307104701,0.8873100258346787
2023-01-06 06:34:44.925232,series_1,6.426397762593485,0.466076818533133
2023-03-17 19:01:36.451064,series_4,0.5972591966398444,0.8139092271072115
2023-02-28 08:29:53.251625,series_1,9.81991670779436,0.6648228962982132
2023-03-15 16:20:15.482787,series_4,8.984469374229608,0.5058008771179259
2023-02-05 12:27:08.376540,series_5,3.4324722250481177,0.8783752625396821
2023-01-24 18:36:57.166890,series_1,4.763919570207969,0.5391473257972348
2023-01-02 20:08:17.076595,series_4,6.8934465985776665,0.9181789125537506
2023-03-23 15:13:30.733237,series_1,4.386832069826382,0.7631796847810624
2023-01-16 09:53:34.670656,series_5,6.977320400316359,0.7887233540059941
2023-04-08 16:51:43.849346,series_4,9.591140455388093,0.6086387815261654
2023-02-20 18:48:44.859145,series_4,7.011086962594372,0.4552588205731252
2023-04-05 04:42:39.085199,series_1,5.376314157289678,0.9940359522065252
2023-02-13 01:34:03.475863,series_1,7.175546403540039,0.7034256400061212
2023-03-26 23:47:02.580078,series_5,8.387587419310602,0.512849013181097
2023-03-16 20:02:05.147323,series_5,8.20329245320689,0.8372022981738343
2023-03-13 17:39:20.003304,series_4,4.014153417075447,0.9386864102540354
2023-01-19 14:41:12.594903,series_1,7.7415235223794205,0.5481663209159047
2023-02-16 05:37:58.757327,series_4,1.9198909370199613,0.837017206745964
2023-02-27 21:14:10.629581,series_4,5.123508246825821,0.8011079796367002
2023-01-09 01:12:19.066718,series_5,4.469904060799911,0.5014856152920192
2023-02-10 20:22:30.767853,series_1,6.432312794761868,0.6083018595637906
2023-03-06 08:52:38.135507,series_4,9.83447369611384,0.659864463552511
2023-02-13 04:43:22.162678,series_4,8.432220781842455,0.4078210233728604
2023-01-31 23:17:37.231197,series_5,2.6105866236588517,0.7155521736510554
2023-01-15 22:20:50.411501,series_5,1.2564135390794362,0.7035836144071214
2023-04-01 08:52:40.041881,series_1,1.9085569049989128,0.7062193166959425
2023-03-11 08:09:26.625525,series_4,0.5483875461324983,0.9720263613647926
2023-03-16 21:09:12.063413,series_4,5.814495045320104,0.5583679174304541
2023-03-05 11:57:49.273828,series_5,5.170693997194585,0.6874817496933061
2023-01-20 18:51:15.297511,series_5,5.805573993313872,0.5731592163062716
2023-01-26 08:14:22.386328,series_1,8.303343344627162,0.9274985648564046
2023-01-26 19:14:27.547186,series_1,3.638038062508513,0.9524689284298706
2023-01-24 10:05:09.959935,series_4,7.786359602401327,0.7952189263601149
2023-03-17 19:35:56.044814,series_4,3.729302300112253,0.4011319701271456
2023-03-04 18:38:58.168799,series_1,7.396171239589263,0.7522984990957051
2023-03-17 14:05:34.321542,series_5,9.718343114396788,0.7033805222013663
2023-03-03 10:20:31.525881,series_4,9.511181752353316,0.869601834120238
2023-03-16 05:09:23.196792,series_5,9.606464800497667,0.6132252298130765
2023-03-23 10:06:00.812129,series_1,5.727780306616387,0.4247207799562585
2023-01-05 14:13:39.765202,series_1,6.599967112105126,0.8760274335994914
2023-03-30 19:54:48.371864,series_5,0.7667709113017285,0.6611877074582805
2023-03-13 22:13:48.453383,series_1,9.05930299470926,0.7495945011762336
2023-01-01 05:38:12.801695,series_5,3.6009907441449607,0.5190030386461125
2023-01-06 12:11:34.831048,series_4,3.15499148393382,0.6040209386850323
2023-03-15 05:05:17.064074,series_1,6.234103608543952,0.874755550394519
2023-02-10 01:52:08.133653,series_5,7.342156803490125,0.8675667056529874
2023-02-18 11:42:25.030450,series_1,8.155995414812212,0.928648207697787
2023-01-29 13:03:28.901319,series_4,9.370662443069476,0.6858718325364141
2023-01-16 08:28:06.683709,series_1,9.942777608261366,0.6140395305363511
2023-01-17 15:48:28.567323,series_5,5.91823041962506,0.5486244167790482
2023-01-31 15:08:48.383131,series_1,4.356463470589565,0.5364029060753971
2023-01-04 01:00:00.000000,series_1,3.4975881459457496,0.0
2023-02-23 22:01:47.446819,series_1,6.095097253294595,0.5885528664880861
2023-01-04 11:00:00.000000,series_1,8.296077565381763,0.0
2023-03-24 20:09:31.465153,series_4,9.546621323071264,0.9421322921140152
2023-01-25 10:00:00.000000,series_4,5.320109942299619,0.0
2023-02-04 13:48:48.813559,series_5,9.318894579343963,0.0
2023-01-09 22:41:03.709243,series_5,9.877970622130322,0.8596751682411667
2023-04-03 07:48:19.178893,series_4,5.17708958596671,0.7789525505242163
2023-02-22 16:20:54.262275,series_4,6.586989026650039,0.622229061186864
2023-01-08 10:43:04.371088,series_1,3.9885846127242064,0.5751487172494703
2023-01-02 06:17:05.972456,series_5,4.87766224152653,0.9084030288428204
2023-03-18 22:29:23.107147,series_4,2.5539611034434597,0.4342284096427998
2023-04-05 03:37:11.411976,series_1,3.310229062514896,0.5623535220197046
2023-01-27 04:34:17.892989,series_5,7.523827615403226,0.7453177440476603
2023-01-16 18:23:27.903687,series_1,4.528380496451482,0.9565960545539464
2023-02-21 04:34:34.650763,series_1,9.973661976778438,0.8756463459901942
2023-02-07 06:42:24.288594,series_1,2.6349601342201687,0.644141873496303
2023-02-17 00:45:53.701100,series_5,5.016236702590905,0.4199928834154923
2023-02-22 07:04:33.289940,series_5,2.934335296041043,0.7081589583434849
2023-02-24 00:57:41.298189,series_5,9.541282302958994,0.5149219877297132
2023-01-12 09:24:05.589935,series_5,2.8311266406160462,0.9530063434077224
2023-03-12 10:49:41.346403,series_4,7.042525350557068,0.7150750873143633
2023-01-21 03:45:43.987495,series_1,7.833663976865763,0.8930882321475188
2023-04-03 07:33:19.958240,series_5,8.996653971375117,0.8967355040326196
2023-03-30 10:27:06.306653,series_4,0.6506901701104684,0.5002701477987267
2023-02-01 06:00:10.896614,series_4,4.695295519809538,0.8990332841199122
2023-01-22 04:03:31.156673,series_5,7.332777125276438,0.7771358832891928
2023-01-31 19:21:41.246277,series_4,2.924678053644455,0.6136923852032337
2023-01-13 07:19:35.161567,series_5,9.39811304096532,0.7307715804554933
2023-03-09 07:42:47.621940,series_4,3.900325924311411,0.6909741276853341
2023-01-14 07:57:22.670127,series_4,2.9325673327993385,0.9715894798366446
2023-02-18 05:39:41.663752,series_5,4.000385902239506,0.9967961775399368
2023-01-29 09:23:49.390089,series_1,6.009867824963395,0.4834393926535474
2023-01-10 18:43:00.839028,series_4,9.472959728662904,0.9205328527459192
2023-01-21 00:41:53.593128,series_1,8.253294035650855,0.70149358387311
2023-03-06 16:09:41.668853,series_1,1.464230280519753,0.7339077002949137
2023-02-23 20:24:48.922728,series_1,2.0658460349946384,0.416557253373533
2023-01-24 09:35:39.696538,series_4,3.816869922114706,0.800746478530574
2023-01-06 01:04:37.184983,series_4,1.3817859035250335,0.5902954413476722
2023-02-08 13:10:21.079449,series_5,3.5755751299098004,0.725748448547133
2023-01-07 19:48:17.379868,series_4,4.072093957603852,0.4973711077551844
2023-03-30 13:13:02.843633,series_1,3.3918999938433405,0.7120313319097249
2023-03-08 02:52:30.129089,series_5,8.40867579389871,0.7463434533276244
2023-02-04 18:48:23.803339,series_4,2.942051889154049,0.7404965252589073
2023-03-27 16:53:46.325555,series_5,5.3354565784587376,0.7533902909697094
2023-02-27 18:20:39.861179,series_4,2.7594057495629887,0.6063935883849605
2023-01-31 15:49:12.895844,series_5,3.3461892974944063,0.5407960341879554
2023-02-13 06:36:19.106587,series_4,0.1360393069872345,0.479854232158339
2023-03-29 13:40:09.998141,series_4,2.8591528189449544,0.7941919694409029
2023-01-11 08:14:24.966397,series_1,1.4504395737678943,0.4150920775478129
2023-02-01 23:58:57.279841,series_5,8.528911551586788,0.8451818914398636
2023-03-03 21:35:04.841563,series_4,0.3932906637102862,0.4095638994543638
2023-01-27 15:32:11.346784,series_1,7.724498500024395,0.7089097854347415
2023-01-04 05:00:00.000000,series_1,2.193868189331336,0.0
2023-03-29 13:50:43.632303,series_4,6.412036853421272,0.4966932203189982
2023-01-04 02:21:10.857693,series_4,5.171276428419561,0.9402637785116144
2023-02-19 03:37:02.553244,series_5,8.852872193042545,0.7038285001047757
2023-03-22 19:46:29.617694,series_5,7.499684345613925,0.6289008070992125
2023-01-11 04:36:15.431191,series_4,9.914401858736989,0.7700966805497305
2023-01-09 08:47:11.557413,series_5,5.691824818353956,0.4542162121761875
2023-03-04 17:49:52.556425,series_1,9.253457174242572,0.9514212786124044
2023-01-19 11:07:38.832310,series_5,8.068761679988635,0.7164093987784004
2023-03-17 14:17:32.342197,series_4,0.0874674434216182,0.7585862151661491
2023-01-14 12:36:43.034774,series_5,6.947245352587252,0.8459338463371173
2023-01-03 05:41:22.758621,series_1,10.387994627378529,0.0
2023-01-09 02:38:31.392856,series_1,1.496622701113678,0.7711303956748536
2023-01-02 02:06:40.463610,series_5,5.994180706745381,0.437226266096202
2023-02-10 11:45:51.139033,series_1,0.2560421827313697,0.824799534705789
2023-03-25 06:52:38.883558,series_5,4.540357599342663,0.6177586507044
2023-01-02 10:07:58.777802,series_4,3.3240954059589622,0.7103540133052426
2023-03-09 11:14:26.970388,series_1,4.88864090542951,0.4329705834721578
2023-04-03 03:22:14.223793,series_1,7.408855695745816,0.9829873865592402
2023-04-09 00:09:38.095212,series_5,0.5668144530994268,0.7188641919456995
2023-03-28 04:19:54.516401,series_1,2.553825979136012,0.4295214651711683
2023-04-10 17:09:53.524040,series_1,0.206847451340798,0.8859473762314108
2023-01-23 22:53:18.937142,series_4,8.571985824326683,0.4766380485827994
2023-02-03 16:51:24.507875,series_4,4.962093190215691,0.7435131455009454
2023-04-11 11:05:23.236891,series_1,1.8501400290544732,0.7147670215069697
2023-04-10 23:35:41.744790,series_4,0.3183164641279812,0.8226134572023099
2023-03-08 18:16:55.926059,series_4,4.424488756214782,0.553683106543628
2023-04-11 11:30:47.802354,series_5,3.902478823813943,0.9593493060581572
2023-01-16 11:14:52.687265,series_4,5.303550484253593,0.5079773245256094
2023-01-21 09:40:41.935649,series_1,6.462992143886068,0.506368061101989
2023-01-13 08:57:38.565405,series_1,5.684396678587147,0.7102071756970044
2023-04-10 09:59:48.499999,series_1,5.966803945898032,0.582095101792587
2023-02-25 12:58:03.876154,series_1,3.2305371400264877,0.6677225101086253
2023-02-10 05:28:59.146799,series_1,2.8452482696635397,0.7724072227244463
2023-04-08 17:52:19.570519,series_5,0.9969590738657674,0.4226612111078043
2023-02-14 21:22:46.034505,series_5,6.420033201618395,0.612342091250707
2023-02-16 23:01:23.803077,series_4,4.762044067582238,0.412995359281369
2023-01-09 23:49:25.481192,series_4,3.711249622143129,0.4507565809823306
2023-02-28 23:10:39.578160,series_1,2.040735309931926,0.92400217813147
2023-03-04 20:33:17.486998,series_5,3.503366726051877,0.7779861261073
2023-02-05 10:15:54.629963,series_5,4.497671752145379,0.7958768975416757
2023-03-15 18:35:45.483941,series_4,2.9014614411156767,0.9344028950694104
2023-01-27 03:43:41.189851,series_1,4.203941801976857,0.9671277197403504
2023-01-24 06:21:21.926835,series_1,5.957294363026641,0.4113515472639037
2023-03-08 21:52:00.119442,series_5,7.789965217102416,0.7775965631870733
2023-02-09 18:58:31.178819,series_1,0.9108600512036036,0.7006842132197926
2023-03-07 09:18:59.110013,series_1,0.1229998505613094,0.6995506335733692
2023-02-10 08:17:20.417883,series_1,1.2875419616843653,0.5518500017100584
2023-03-03 15:29:49.529110,series_5,4.903154167486886,0.5659254922603589
2023-01-30 04:33:15.838553,series_4,1.9408163614900955,0.811076672123832
2023-01-19 19:52:34.860939,series_1,2.038368473548392,0.5146255814611179
2023-03-07 08:54:15.986446,series_5,4.678335354727222,0.4787871810602773
2023-03-08 21:46:58.528008,series_5,3.4701292839805498,0.6543191094436576
2023-04-07 06:11:56.343405,series_4,5.522550434127477,0.924330658938463
2023-01-02 02:39:37.569477,series_1,0.7497869772688304,0.7256168059051321
2023-04-10 06:14:11.433753,series_4,1.983297452775289,0.4138926935881413
2023-02-15 11:57:51.058556,series_1,3.0402190969377694,0.7691870115528678
2023-03-17 13:33:18.973952,series_1,4.2362825985126,0.7907687262600444
2023-03-14 02:59:45.693531,series_1,1.7910219037998254,0.7286672738400441
2023-01-26 14:24:08.212019,series_4,9.706387635795718,0.5019307610720636
2023-03-08 08:56:22.382435,series_1,9.057276100688576,0.6870917275338091
2023-03-22 20:40:21.414627,series_5,8.030782314288963,0.6296726478734295
2023-01-05 17:54:23.023811,series_5,8.710414903948548,0.4666613394385642
2023-03-15 07:27:25.532787,series_5,5.654221177487705,0.987791009559329
2023-02-04 06:15:45.267931,series_1,7.960135672360021,0.5805020662840839
2023-02-11 01:22:06.391892,series_5,0.280621875605509,0.6044049998025506
2023-01-02 21:05:43.997432,series_5,3.629551519953542,0.4571868100227234
2023-03-20 10:58:51.695061,series_5,9.16388125783131,0.5174253692254357
2023-02-25 22:32:23.710104,series_1,9.491208117101449,0.8929077794185446
2023-02-17 01:14:35.794249,series_4,1.887596330567134,0.8394760239913035
2023-02-08 04:14:14.237288,series_5,2.266545841208025,0.0
2023-03-31 10:03:44.138759,series_1,1.3112096258364736,0.5143869295145296
2023-02-06 02:09:41.871412,series_1,7.049470243802654,0.64371428240715
2023-02-05 22:14:46.842510,series_4,2.5626153266793272,0.5471432325776171
2023-01-27 03:02:48.258127,series_1,5.633484471606379,0.6146285265439982
2023-01-26 06:18:56.842105,series_4,8.26818349071203,0.0
2023-01-02 07:56:15.092975,series_5,9.003300238892809,0.9689481723012792
2023-03-23 00:40:30.843608,series_5,1.6161417255335186,0.5573038494611822
2023-01-24 15:39:21.684940,series_1,5.992775939573662,0.9279994703524154
2023-04-11 18:47:43.271978,series_1,7.247435275620325,0.6865822479519675
2023-03-02 04:48:02.808406,series_4,7.981627429953763,0.4572071183743143
2023-03-21 08:32:04.820689,series_5,1.3060355455624606,0.809447333516754
2023-04-09 03:15:27.856352,series_4,8.820759043716336,0.8063737606791144
2023-02-19 19:04:12.223946,series_1,2.1047332687858744,0.9369661354269304
2023-01-06 11:14:28.965517,series_1,9.573489179300804,0.0
2023-02-04 00:55:55.932203,series_5,1.142478198198678,0.0
2023-03-22 18:22:24.207778,series_1,0.7939677046985083,0.5425419103738316
2023-02-05 05:55:46.229898,series_4,2.955220144095362,0.4255799955142333
2023-02-17 23:27:43.977146,series_4,3.24053291313783,0.8023702979679002
2023-02-16 23:55:53.943609,series_4,2.1499338278090163,0.8471458093239361
2023-03-16 15:20:05.024068,series_4,1.19429301962501,0.6245772394423035
2023-02-19 07:09:45.669501,series_5,2.327339857321702,0.9125526962245516
2023-02-03 02:07:21.508882,series_4,3.997309441051768,0.5919292145104617
2023-01-18 16:21:50.964562,series_4,7.839139774774156,0.930901773177072
2023-03-05 02:46:42.413589,series_4,0.7201985300190761,0.8400083856977096
2023-04-02 22:57:14.521284,series_1,1.3777678127139092,0.9443745495967516
2023-03-23 09:34:27.611112,series_4,0.3323472281040673,0.4986259245879114
2023-01-19 07:58:14.091427,series_4,9.752691691711492,0.715546247819117
2023-01-31 08:00:00.000000,series_4,8.217318257872297,0.0
2023-01-02 07:08:31.877299,series_5,8.689224134669935,0.6035315174735759
2023-01-09 15:10:32.862839,series_4,0.5981531454993216,0.655379437536439
2023-02-17 16:24:05.179907,series_1,8.747034127288542,0.8195303050494653
2023-01-28 05:50:34.524783,series_4,3.1186905089297765,0.6099079103055175
2023-02-25 13:11:08.247214,series_4,7.957451086305694,0.605242477136988
2023-01-18 03:16:11.677535,series_4,1.175067841589864,0.9582251509149788
2023-01-04 16:00:00.000000,series_1,6.4452397862762965,0.0
2023-02-16 01:32:37.512168,series_4,5.118781621603905,0.6073115524173137
2023-03-15 05:23:27.365568,series_1,6.142342479234245,0.5181808029113347
2023-02-17 10:02:00.100821,series_1,2.2984366624771635,0.6413808275176546
2023-03-29 00:55:23.808533,series_4,5.327691586101125,0.4339297714032756
2023-03-17 10:01:15.070687,series_5,1.4755690624074458,0.4335196058933586
2023-03-02 22:57:12.321349,series_4,8.620563960615469,0.5588889747158604
2023-01-14 17:28:26.810620,series_4,8.331482971724087,0.7885794411524583
2023-01-09 10:07:01.183067,series_4,8.976549871528817,0.8021269100846524
2023-02-24 12:29:12.312364,series_5,7.034763775902481,0.7746985965904593
2023-04-10 05:24:34.181999,series_5,3.5660451413662555,0.8555008952558901
2023-03-01 13:48:09.325292,series_1,5.281377092055863,0.8905393866514324
2023-01-30 21:50:31.578947,series_4,0.9760247990849124,0.0
2023-03-21 23:40:56.154483,series_1,3.769045232387205,0.6596664413874223
2023-01-04 21:00:00.000000,series_1,4.776183714308087,0.0
2023-01-12 15:30:49.098164,series_5,7.851253897811859,0.6241811236320741
2023-02-08 02:42:57.124281,series_5,3.449134089846183,0.6213355431356566
2023-02-17 04:32:45.306652,series_5,0.1287232549029937,0.8235581214445462
2023-02-06 05:22:31.538469,series_1,9.181528617287483,0.8665881075450949
2023-01-02 05:49:39.310345,series_1,9.535945300494015,0.0
2023-04-10 21:54:10.787663,series_1,3.190015314332756,0.4396566917002831
2023-01-02 02:01:46.962905,series_1,4.001062175533757,0.5629804584918059
2023-03-02 19:21:16.707384,series_5,2.1631939989570714,0.792087345807968
2023-01-05 19:09:17.688451,series_5,9.5492706120765,0.4908079545674653
2023-03-30 07:51:15.178922,series_1,3.443361353994161,0.9374974478731558
2023-02-03 10:12:45.673377,series_5,3.718909931548692,0.5639229210344889
2023-03-17 02:42:54.416111,series_4,0.8382687401959954,0.9018865138922544
2023-04-03 05:38:40.835012,series_4,0.4888587513014375,0.9742805068103464
2023-03-26 23:48:45.946593,series_5,6.885543520939884,0.7315458538228632
2023-03-13 01:37:25.636123,series_4,7.284831092175694,0.5702408775525676
2023-01-03 11:21:35.590879,series_1,7.912903866309115,0.6771967212998655
2023-02-21 13:58:52.733847,series_4,8.785425012709117,0.9392853624580336
2023-01-20 21:42:23.227050,series_1,0.6064246042289179,0.5713884382595062
2023-02-27 06:11:51.883253,series_5,8.194971481090459,0.7237558688517602
2023-01-02 23:10:08.870198,series_1,6.2322739768135085,0.8288320408325123
2023-02-22 11:06:26.325449,series_4,8.041588414932647,0.4179247129981327
2023-03-08 16:52:15.522988,series_4,0.1238349482640577,0.4669833952175581
2023-04-02 08:16:53.694657,series_4,3.0840517839286594,0.8919333353930403
2023-04-03 02:49:20.689475,series_1,4.866146013182211,0.9714544885889184
2023-02-24 17:07:44.054653,series_4,0.2837631651142758,0.7425500092184013
2023-03-31 17:11:23.718126,series_1,4.805157748754655,0.4667643050116739
2023-02-08 12:33:00.594893,series_4,3.2990323051914814,0.8749598711083988
2023-02-14 08:34:26.297530,series_4,4.068817642393392,0.7154968868289666
2023-01-10 22:48:41.306018,series_4,1.353758635915453,0.6042149684724443
2023-03-23 08:42:51.598558,series_4,4.123632919704639,0.6657615316015346
2023-01-02 11:45:07.862271,series_4,4.430833634822284,0.4995073473763175
2023-02-18 16:17:18.607181,series_4,6.915100713396552,0.7633033945138674
2023-03-13 14:37:12.609588,series_1,2.62502584913749,0.9932843595806
2023-04-10 15:17:43.292378,series_5,0.0694057394311842,0.8942827244316851
2023-04-04 03:13:23.988914,series_4,5.092034908294965,0.5350309094042105
2023-02-07 16:12:53.732448,series_1,7.54384344420801,0.9211827705057838
2023-03-14 01:33:38.673509,series_4,5.671714176462997,0.723932907821216
2023-03-18 05:08:45.464112,series_1,1.76996649124334,0.8495502512602198
2023-01-19 14:04:25.381825,series_4,1.4886007407666046,0.5186291247705007
2023-01-18 16:41:12.031577,series_5,3.339499310838897,0.9621438421903512
2023-03-04 09:54:09.029508,series_5,8.520054946169491,0.5083461908337817
2023-04-02 15:38:40.542181,series_5,1.3496503948108152,0.4063909235496714
2023-04-01 15:02:44.895959,series_5,7.364227376438946,0.6964178671679322
2023-04-10 07:38:11.861329,series_1,4.563220013288703,0.8209622638805175
2023-02-11 13:05:06.031077,series_5,1.9450709979506209,0.8754629035697254
2023-03-19 12:14:16.541559,series_4,8.941459186286199,0.8183608933580319
2023-01-13 08:25:10.435335,series_1,0.7895467551868074,0.4283510312959392
2023-04-06 06:18:01.701118,series_4,5.000890834767755,0.6029689114104053
2023-02-13 18:15:16.835886,series_1,2.7215219494905565,0.7400336424800289
2023-03-18 20:10:26.159172,series_4,0.1229167624131277,0.5647044392175251
2023-02-13 03:48:45.231236,series_4,3.470905070090482,0.4458513141959404
2023-03-26 12:48:00.165419,series_1,3.3685260172201934,0.9571285075922012
2023-01-02 06:48:11.528872,series_1,6.821391573521449,0.4066579325414839
2023-03-17 21:24:48.281232,series_5,8.57798644185486,0.5346828027578752
2023-01-04 21:46:29.327516,series_1,0.0126465513267592,0.685148579525706
2023-01-24 03:42:57.839734,series_5,5.3193807679534455,0.6943243048381307
2023-04-06 17:18:41.264077,series_1,8.666924622245928,0.545008160946664
2023-01-25 23:06:23.742823,series_5,7.074955514020106,0.4496551145724491
2023-01-29 17:37:06.511491,series_4,6.609691948474273,0.928618006168901
2023-01-28 01:55:26.502440,series_4,5.395852585626308,0.6213984686712091
2023-01-04 11:43:36.195153,series_1,5.32757051989328,0.7074632593626804
2023-02-26 01:40:38.318883,series_4,8.986039095105047,0.9407659429512284
2023-02-08 03:22:55.884846,series_5,7.180827168169259,0.8077824746426515
2023-02-20 00:28:38.650123,series_4,3.329287435728049,0.982922613771223
2023-01-15 21:15:28.528665,series_4,8.902544832934396,0.8218345348450696
2023-03-09 16:18:34.608285,series_4,5.464838406754785,0.5937349253582633
2023-02-28 09:47:04.931266,series_5,1.5938875444117395,0.9776247648220836
2023-01-10 02:42:14.941358,series_5,1.6290268245008588,0.7117406631289951
2023-02-19 16:36:47.739394,series_4,2.189040016859506,0.9310381673684056
2023-01-27 06:57:15.137950,series_5,1.543679018624553,0.6290156462419261
2023-02-11 08:40:39.541182,series_1,7.686875986934202,0.41293345366012
2023-01-05 01:48:23.146618,series_4,2.677464017721257,0.96875360079702
2023-02-16 09:05:56.373324,series_4,3.818734172912476,0.944591297351736
2023-04-01 21:55:42.643819,series_1,1.3730334880069717,0.7765311204386127
2023-01-10 10:17:33.634417,series_5,4.536005935087884,0.8386605513250767
2023-01-25 06:00:00.000000,series_4,3.127053724864452,0.0
2023-04-06 19:56:23.223219,series_1,0.2854079690179889,0.5600993581656972
2023-03-12 03:29:01.533834,series_5,7.713612210689076,0.9765595258453964
2023-01-27 12:04:58.001017,series_4,0.4250350931614133,0.9844118530538244
2023-02-10 01:01:00.134658,series_5,9.854767251833144,0.8271844627061196
2023-01-20 17:52:38.480740,series_4,8.433754857945315,0.8913175354054499
2023-01-01 05:57:55.862069,series_1,10.013816943385,0.0
2023-02-19 17:55:25.174553,series_5,3.470997857589314,0.6027573672672423
2023-03-28 09:03:09.220471,series_4,8.295494520157835,0.7571572134150184
2023-03-06 09:32:19.856115,series_4,4.075993225653875,0.98190730879154
2023-02-03 06:45:45.762712,series_5,7.809927290549895,0.0
2023-02-22 15:29:26.970430,series_1,4.701290580456123,0.6492956558253787
2023-01-11 15:14:48.560323,series_4,5.154161021120867,0.752536825492887
2023-02-01 19:46:43.964485,series_1,5.240919824081267,0.6063264895822215
2023-03-07 19:38:51.539049,series_4,2.9517320802797578,0.7299608435950993
2023-02-26 05:21:18.444533,series_5,1.5424034532235087,0.9108753576343628
2023-02-17 00:50:52.748343,series_4,3.916421878225544,0.6316010240659657
2023-03-01 18:47:32.856654,series_1,7.964222512691457,0.4488539966139214
2023-03-24 21:34:08.770413,series_5,9.097719848057562,0.5439236764816197
2023-03-30 19:27:39.296850,series_5,0.114950582667217,0.667630111111935
2023-02-20 15:51:58.276473,series_5,5.588539346706234,0.764897938267646
2023-03-18 23:54:58.106196,series_5,9.831026282862462,0.8532008541031504
2023-03-25 01:19:23.091780,series_4,1.2174059769443055,0.8471163183866597
2023-03-18 20:09:30.902360,series_4,2.175398173140557,0.9098469543585316
2023-01-04 09:00:00.000000,series_1,0.6640966589491489,0.0
2023-01-27 20:46:50.240390,series_1,7.282771112662788,0.7051273215759779
2023-02-18 03:35:09.983534,series_5,0.6790220625307941,0.9134930210044984
2023-04-03 21:02:28.712692,series_5,2.3611859549152703,0.7465028836477967
2023-01-24 15:14:56.105367,series_4,7.511932282812036,0.4549125694993865
2023-03-08 23:16:45.082840,series_5,5.053038608450215,0.7702182207273083
2023-01-25 14:01:07.422263,series_4,8.800181294712829,0.8534866290082844
2023-01-08 13:49:17.749318,series_1,8.052430773998879,0.760338601971716
2023-03-08 04:23:03.166599,series_5,0.9564746375390852,0.5354368507496333
2023-01-22 06:56:09.309061,series_1,7.010475490314237,0.7364949000842843
2023-02-02 23:38:38.644068,series_5,1.5209021986160345,0.0
2023-02-09 14:15:23.581111,series_5,3.617963272634351,0.8317782147181731
2023-01-01 22:22:09.146464,series_1,5.423702230311362,0.9804369235291732
2023-02-04 17:06:11.715696,series_1,9.0981034743577,0.6526592190434573
2023-03-01 10:41:41.043401,series_4,4.292808950513151,0.4061640077740967
2023-01-04 06:00:00.000000,series_1,1.633202314743614,0.0
2023-03-26 19:12:21.937447,series_5,9.91309586222178,0.6686653799607962
2023-03-11 18:06:10.966740,series_1,9.889068511563352,0.5823364817095971
2023-01-19 04:29:35.309432,series_1,1.4911159739489388,0.6266249725139386
2023-01-13 04:49:29.452394,series_5,4.4357352173373,0.9582435562001166
2023-02-21 03:05:19.271919,series_4,8.217933818480653,0.7176087742842376
2023-01-14 19:27:45.205230,series_4,3.684800599792265,0.6467326372087495
2023-04-05 17:25:04.082728,series_1,2.381308009039449,0.7374475674505061
2023-01-22 04:08:50.553209,series_5,4.322891727673249,0.7943477170381801
2023-03-26 01:39:54.417038,series_5,3.555050252452048,0.6526119954377793
2023-01-16 04:53:22.003326,series_1,1.4285750073519676,0.9649207393606192
2023-01-28 08:32:45.410175,series_1,1.135343092207921,0.418786085494558
2023-01-10 02:36:36.537067,series_1,2.7857771904480577,0.7414149757265509
2023-02-26 07:38:50.077128,series_5,1.221618650387798,0.8312128518996453
2023-02-26 04:02:44.137518,series_5,2.4252196971873587,0.9092832583395062
2023-01-07 05:00:00.000000,series_1,10.23351164544869,0.0
2023-02-01 21:52:02.199180,series_1,2.699643671586763,0.7802683832836197
2023-02-11 07:48:25.972048,series_1,3.9320312516356575,0.736133660009781
2023-01-20 15:54:33.031050,series_1,6.897834103981024,0.4863300374521974
2023-02-12 23:13:32.691955,series_5,4.748315964538881,0.7983984039643461
2023-03-17 00:48:09.726737,series_4,2.850181546104348,0.8529772238818535
2023-01-25 22:52:03.626395,series_4,4.161839299075608,0.6061568632745742
2023-02-02 10:47:23.550648,series_1,5.9058009963414495,0.7341549858340928
2023-04-08 01:58:31.728611,series_5,7.870568640623158,0.93204471044909
2023-04-07 23:15:44.401602,series_4,4.764503901850031,0.8921820638815028
2023-03-17 23:22:10.098638,series_1,8.227329314048514,0.8602661990981659
2023-03-10 16:40:28.829145,series_5,6.454535737213104,0.980975938061509
2023-01-20 09:40:16.774213,series_4,4.917996665180766,0.990691286387782
2023-01-31 21:00:00.000000,series_4,2.604567345096342,0.0
2023-02-17 15:23:28.730251,series_5,9.076847489280311,0.9530381950320914
2023-02-22 15:48:00.035574,series_5,2.440187290615433,0.6984863878430629
2023-03-28 17:33:44.870582,series_4,3.79271175017546,0.9108863681914512
2023-03-09 09:37:31.160612,series_5,9.217595749804635,0.7093957877599886
2023-04-03 14:58:22.608563,series_4,8.656008526933881,0.5369349495267045
2023-01-06 05:35:48.149332,series_5,0.7435094492596628,0.9118946129399584
2023-01-11 03:29:38.686935,series_4,5.3048767639324526,0.5574049892357471
2023-01-15 22:33:55.263759,series_5,1.5863980823531,0.9544310446644648
2023-01-12 09:28:55.766346,series_1,6.840664376128581,0.8183992036959702
2023-03-14 04:40:45.455576,series_5,5.339508134657778,0.6316358805544426
2023-03-31 01:47:25.719277,series_4,4.891884390649768,0.6212795948533815
2023-01-28 21:01:46.646115,series_4,3.7633175247727015,0.767734415880914
2023-03-28 03:59:16.003360,series_1,8.130697785710176,0.6582633409507411
2023-01-25 13:46:18.048344,series_5,2.703690234221583,0.7956403462242131
2023-04-10 04:40:33.807155,series_5,4.644679952951879,0.6550734505730265
2023-03-03 06:46:52.020286,series_1,5.936163306073295,0.410326484792554
2023-02-07 05:38:53.219732,series_1,7.092090194575988,0.696177412648836
2023-01-17 18:44:16.136308,series_5,2.376218645469761,0.8664191580927604
2023-04-01 06:37:21.248558,series_4,7.742419935146533,0.7760677670427703
2023-02-04 04:12:51.701984,series_4,3.1756692469423697,0.6321120813398255
2023-02-23 19:13:32.341123,series_4,1.8594828491317084,0.9031631896224188
2023-03-11 20:08:14.458916,series_5,4.702118043280299,0.8048902507144046
2023-01-07 13:49:41.526706,series_4,3.915419967781488,0.5687453189193808
2023-04-04 00:29:19.621255,series_4,7.557354553984461,0.5195327007875327
2023-01-25 11:27:21.287172,series_4,0.5913639308334773,0.9242456130902628
2023-01-11 22:45:46.333417,series_1,6.083272591149498,0.533085353775113
2023-03-10 08:14:57.075303,series_4,8.65232876011664,0.9817272084947402
2023-04-08 00:13:05.054953,series_1,4.831357121981564,0.6668235361201922
2023-02-02 02:59:03.192266,series_5,6.352555023069782,0.6534330762932044
2023-03-02 05:53:47.985953,series_5,6.029088440435845,0.4500164187332673
2023-02-10 19:05:34.488205,series_1,3.752195910862177,0.6436508824480809
2023-01-30 13:09:11.072018,series_1,2.6647241237564945,0.4342409423727472
2023-01-08 13:06:31.693756,series_4,1.0417959595733728,0.7591137589283016
2023-03-12 18:25:22.874714,series_1,8.293871388502446,0.8281312091811397
2023-03-14 20:46:42.880365,series_4,6.10504394697932,0.890472124758909
2023-01-26 09:50:49.992972,series_4,5.019331422259212,0.4656933667426741
2023-03-08 23:10:32.655450,series_5,8.560488578107382,0.5195667504237794
2023-01-26 03:33:31.615748,series_1,4.879106419912418,0.6676580261083465
2023-01-06 11:08:55.131461,series_4,0.9855340580825278,0.6689774624981886
2023-02-13 22:20:20.021003,series_1,4.971505058127464,0.4103576708490001
2023-03-08 10:15:32.075697,series_4,3.849593010028768,0.6233399719285139
2023-03-13 06:02:46.299451,series_1,0.698696999342725,0.9825550804971752
2023-02-16 23:23:56.492581,series_1,1.9273777231434064,0.4510603374516888
2023-04-11 06:57:17.094121,series_5,3.556734714103941,0.6634681377747321
2023-01-13 16:25:49.525432,series_1,3.748528049743861,0.6903345295744672
2023-04-06 04:31:47.285097,series_1,4.320687550555469,0.9386871019747618
2023-02-15 04:51:29.869256,series_4,4.415805209719895,0.7844618759740625
2023-03-17 23:03:26.752739,series_5,2.56029501431581,0.5688417168103393
2023-02-04 20:24:37.404143,series_5,6.8747527753110536,0.8102373748518367
2023-01-04 07:00:00.000000,series_1,1.324049969148508,0.0
2023-02-06 10:37:37.627119,series_5,3.495864956608992,0.0
2023-02-23 18:41:30.279967,series_4,2.1809267660336062,0.50616595670479
2023-03-03 20:21:04.343588,series_5,1.4949866067591633,0.8053429534700318
2023-04-02 14:29:10.241828,series_1,4.536721971331964,0.8895682047531168
2023-01-20 05:24:32.468196,series_5,8.8108161767043,0.7047575772456744
2023-02-16 03:25:33.878846,series_1,3.0630269012557854,0.4713041588048359
2023-04-08 06:36:10.883842,series_1,6.358525833830855,0.5074637642968153
2023-03-04 22:46:41.751242,series_5,2.512672663282377,0.8505624340854914
2023-03-22 22:37:21.373353,series_1,1.5977790602255693,0.557130431844056
2023-02-17 19:58:15.010876,series_5,3.1147237836621566,0.5946415391439563
2023-03-30 11:30:26.826451,series_4,2.5606478229634835,0.6117034648776949
2023-02-19 03:09:55.444615,series_1,3.65153107775236,0.6860213076815582
2023-02-05 02:06:46.085425,series_5,1.6198603634451791,0.4675220806590631
2023-04-01 03:48:35.963824,series_5,3.917513172628309,0.7647366079785771
2023-03-23 04:32:19.852300,series_5,1.927531954756656,0.4029287386368163
2023-04-08 00:59:08.201019,series_1,3.445478083197867,0.4250274745776551
2023-02-01 05:36:52.151271,series_4,7.198558178576492,0.7125178900840955
2023-03-21 07:21:58.638938,series_4,5.060336760093865,0.4405653885246077
2023-01-13 22:15:13.067463,series_5,5.677017696347587,0.699366230580497
2023-03-13 10:53:06.865796,series_4,0.3570094487929631,0.8895559479051043
2023-02-26 16:49:25.532630,series_4,8.854832938906462,0.4129985222617258
2023-01-14 04:54:01.058783,series_4,5.326417767635244,0.4433858910684535
2023-03-28 05:11:24.955367,series_1,5.498624288466901,0.602485968564428
2023-03-30 09:11:50.107244,series_1,2.3414246310784828,0.7430550166185836
2023-01-18 07:35:03.285574,series_1,0.4095365771827008,0.729228404348484
2023-03-03 07:06:47.722628,series_1,8.549382815290492,0.6866840724342251
2023-04-09 03:58:37.759897,series_5,5.31488398832038,0.803409222193637
2023-02-26 08:50:38.886496,series_4,6.940326687006872,0.7609825992980026
2023-03-18 16:46:45.797254,series_1,1.2060590286326012,0.8503861344934933
2023-03-26 02:15:11.782193,series_5,4.105166556144275,0.8350200139736921
2023-02-02 17:15:17.766857,series_1,0.4836638011229732,0.621561143954654
2023-01-17 02:49:24.426483,series_1,5.376181299300432,0.4946163471801289
2023-01-25 17:36:37.161489,series_4,3.7731498971782185,0.8977554059221108
2023-03-07 01:07:48.910216,series_5,4.798749553294571,0.4801504820649843
2023-03-21 01:11:21.960943,series_4,0.6709014487296339,0.7995273309627946
2023-01-31 07:26:14.686653,series_5,3.0920131069919696,0.8111340569896666
2023-03-11 21:23:18.546160,series_4,9.953798983998558,0.4400284107644225
2023-03-12 10:26:51.959439,series_4,5.280012762038843,0.7218383826163373
2023-02-15 17:28:53.802989,series_5,7.088002119379926,0.8603957494080926
2023-03-05 09:32:59.546318,series_1,1.4189102479655424,0.603145702658381
2023-01-26 23:59:59.342840,series_1,3.931853394543445,0.4799568479969153
2023-01-25 14:11:41.864250,series_1,9.906666567787232,0.5423416670094241
2023-04-01 11:42:32.945943,series_1,1.4331403455257874,0.4952093438769121
2023-04-06 09:03:28.021250,series_1,9.298056842293144,0.5631282687087615
2023-03-25 09:21:47.015751,series_4,7.221618090996125,0.6453548605900461
2023-03-12 01:37:15.023604,series_5,8.286977793078519,0.703497102301925
2023-01-28 18:46:39.005605,series_5,3.686718461787964,0.8397237105894713
2023-02-17 17:05:58.911787,series_5,5.594633776377784,0.6141321759357491
2023-02-26 23:23:33.283878,series_1,6.274482860376844,0.6494178748751601
2023-01-01 15:49:04.537140,series_5,8.613436155139437,0.878102583290271
2023-03-13 16:13:49.010309,series_5,7.910249763343077,0.8986973451022431
2023-02-28 03:48:41.409756,series_4,8.942687071218176,0.6593057700835661
2023-02-08 00:00:00.000000,series_5,8.100084011027823,0.0
2023-01-28 05:47:40.447813,series_5,1.6146432629299323,0.7653835461260703
2023-03-27 01:46:09.573712,series_5,8.75810046396851,0.8256290055666666
2023-03-04 20:05:59.403795,series_5,5.88010079907034,0.5357156864598892
2023-02-08 19:11:50.548778,series_4,6.253096639958872,0.7048899146103806
2023-02-10 02:59:11.112746,series_5,8.727316929068596,0.4679293469058413
2023-01-25 19:00:00.000000,series_4,10.233193612646383,0.0
2023-02-07 17:40:40.677966,series_5,8.164293041107099,0.0
2023-04-06 23:35:37.953963,series_5,7.879458328106825,0.886773246670993
2023-03-01 00:16:24.589377,series_5,2.2294579759592503,0.6182567953992254
2023-02-07 19:42:34.658255,series_5,7.701677493252398,0.6416603252546078
2023-03-01 09:17:12.354095,series_4,9.44455725935848,0.932971816882004
2023-01-08 17:42:12.361479,series_5,2.7912774795977,0.9720143482402586
2023-03-04 00:40:33.237902,series_1,2.5917879924707297,0.7478828575712528
2023-03-28 22:19:39.360449,series_4,1.0454736364204589,0.9852340212755376
2023-04-01 10:41:49.385880,series_4,4.454701023971019,0.8433903649214733
2023-03-05 14:39:07.239567,series_4,6.961902658109786,0.505160331571335
2023-03-31 14:12:00.356956,series_4,6.142285953510998,0.545216924847888
2023-03-27 13:54:10.685386,series_1,2.5469994248225247,0.4882316285130743
2023-03-13 16:19:23.582646,series_4,8.925932108437484,0.4241740127437408
2023-03-10 23:02:25.756108,series_1,6.899560463073308,0.4977017609322414
2023-03-26 21:29:13.253472,series_5,4.038013941952864,0.8777798247581926
2023-01-22 12:05:08.891392,series_5,1.4823989241965263,0.8559275171655547
2023-01-26 23:28:25.263158,series_4,6.86657877279089,0.0
2023-01-15 05:50:19.690078,series_4,0.1839945643323615,0.9858956615280104
2023-02-04 18:29:02.078345,series_1,1.200451244200752,0.425777043510651
2023-03-08 07:41:38.820130,series_5,1.9940313031249723,0.8234791213026371
2023-02-26 01:44:43.767224,series_5,6.423347200726477,0.4226667924170929
2023-02-20 17:37:59.527602,series_1,8.21023629796704,0.4480914062823785
2023-01-21 19:44:13.851536,series_4,9.919897948667694,0.9721026591097888
2023-01-05 00:41:24.387611,series_1,5.171522530093805,0.5528594314496269
2023-03-01 03:44:59.577927,series_5,0.1353064212361732,0.9264700662352732
2023-01-22 13:51:17.146755,series_5,4.188496246670659,0.4008330644606098
2023-01-24 01:36:38.449666,series_1,3.3674962188433657,0.6976757889599049
2023-03-09 19:54:41.896919,series_5,0.3695659080197833,0.7829631329429906
2023-03-08 02:53:01.456821,series_1,3.2505527361445963,0.9757477029606328
2023-02-13 22:42:00.126464,series_4,6.477929410221627,0.4667441101787313
2023-04-10 10:01:32.494612,series_5,2.05970414171039,0.9181314867481328
2023-03-31 10:50:50.827156,series_4,0.8429675990411944,0.8343711506773368
2023-02-07 13:04:59.379507,series_1,3.469882064683115,0.9392716916305286
2023-04-09 12:28:45.986462,series_5,5.215550088438673,0.4172625576260234
2023-03-21 21:17:28.885616,series_5,7.470515099242439,0.890009524928727
2023-01-16 07:55:00.175248,series_1,3.3686359759413973,0.9423090658205244
2023-01-15 17:06:25.022128,series_1,9.40483668451654,0.9678162386087812
2023-02-13 17:40:48.111302,series_1,9.215826260091731,0.4483050142070074
2023-01-01 23:51:43.448276,series_1,10.057514249260372,0.0
2023-03-23 23:56:11.984954,series_5,4.560327793381811,0.9578549457904731
2023-01-18 08:19:54.212670,series_4,0.798751502485876,0.8205454489706183
2023-02-08 10:05:26.489316,series_5,1.5013080374661658,0.667208980820755
2023-02-05 16:34:24.494340,series_1,4.5142924446167,0.6055818301011476
2023-02-04 09:12:49.629940,series_1,9.863522681883316,0.775526991976104
2023-03-22 14:30:25.099667,series_4,7.425707701673922,0.6210406109932007
2023-02-04 10:01:14.866291,series_4,0.837283958783972,0.7630246994929586
2023-02-10 04:40:25.911521,series_5,2.616228529010592,0.5902140131521675
2023-02-06 14:56:40.721752,series_4,9.996539194171117,0.7957717473660482
2023-01-26 03:44:12.760440,series_5,6.923213105792646,0.9747921535467764
2023-02-08 19:41:06.187054,series_1,5.370114699077978,0.9723498396337192
2023-03-28 16:39:41.845142,series_4,0.8878753174636489,0.4339718321886324
2023-01-08 04:58:44.396143,series_4,6.6256757727629845,0.9804097887189238
2023-01-23 22:50:24.320670,series_1,0.5013399471081137,0.4122991039143679
2023-03-07 20:19:00.373457,series_4,2.2128536892520345,0.4336444654657371
2023-01-29 01:01:17.956317,series_1,8.95732246816538,0.7685675295093748
2023-01-11 17:38:20.664125,series_1,3.633624412329232,0.5933618998858444
2023-03-01 10:46:21.967063,series_1,9.11870854359202,0.760863570777614
2023-03-14 09:09:18.108834,series_4,1.1421218686808587,0.5839873823509368
2023-03-17 19:49:53.476678,series_5,8.969644166262738,0.8430255686992991
2023-01-10 23:06:45.168984,series_1,9.093147156490302,0.8275867296097599
2023-04-01 08:39:09.112925,series_4,7.525950852469236,0.9706927236575692
2023-04-08 20:14:45.689629,series_5,8.31983544127797,0.9254805455936266
2023-03-04 05:01:12.658661,series_5,8.128922738445555,0.7998061643180063
2023-04-03 23:31:22.598887,series_1,3.985623503669551,0.4942785124470657
2023-02-15 02:51:26.854161,series_1,0.8425925701944914,0.4638336492454123
2023-01-12 03:03:26.203873,series_4,6.901207419809804,0.8607674514683774
2023-03-15 20:00:13.838677,series_1,1.552871669253133,0.5578529078827043
2023-02-01 16:52:16.308703,series_1,9.660517036257994,0.980036990657116
2023-02-06 08:48:24.942808,series_4,4.391979266201997,0.8236016240072301
2023-02-05 08:46:46.779661,series_5,9.947077258141476,0.0
2023-03-04 01:23:27.133832,series_1,3.703192302984953,0.9950849254298496
2023-01-04 14:00:00.000000,series_1,7.28223561016047,0.0
2023-02-27 23:53:26.544985,series_5,1.3593508551951885,0.8600976079247693
2023-03-05 22:10:31.438125,series_5,0.3692840629011773,0.8238328787384592
2023-03-08 08:40:26.310901,series_4,7.317052325793625,0.4782708405870954
2023-03-19 10:46:51.778492,series_1,6.189351034175234,0.466179478570493
2023-01-12 01:51:57.028056,series_1,1.043121760939636,0.8801495212488366
2023-02-19 05:35:15.407377,series_5,8.034117892803584,0.4830349482761266
2023-01-22 23:28:40.326913,series_4,8.713346795964899,0.6039109990521677
2023-03-03 01:26:04.829752,series_4,5.40296254717685,0.7447699720848879
2023-04-05 19:27:05.854283,series_4,7.908620172234743,0.8129031334997663
2023-03-21 18:45:57.198967,series_4,4.11010260853611,0.9256265717874068
2023-04-08 23:25:00.797655,series_4,6.876642546762262,0.7255334416716964
2023-01-25 13:00:00.000000,series_4,6.52705031424907,0.0
2023-02-04 19:17:43.271316,series_1,2.132156726733317,0.5683568128491389
2023-01-29 23:40:32.334809,series_5,8.327594683706504,0.4885616279710985
2023-01-20 07:57:27.857741,series_5,5.0857786362232815,0.5374822710095101
2023-01-10 17:12:09.180672,series_4,9.5967222971767,0.76061600544967
2023-02-14 07:05:13.370957,series_1,3.0461026185366604,0.668591152205672
2023-03-27 07:58:10.020022,series_4,5.090849335183762,0.4544697358266467
2023-03-07 07:16:18.312377,series_4,9.272051586384675,0.5334656364205569
2023-03-11 21:56:38.062398,series_5,3.2593176427591466,0.427714638838552
2023-03-20 05:50:16.377566,series_1,3.611540127618485,0.8787786231984522
2023-03-27 09:32:56.856252,series_1,5.91279570247441,0.9783901251909416
2023-01-20 22:03:34.640906,series_5,6.924353675791418,0.9375467780429172
2023-04-08 06:24:58.136467,series_4,4.466084777481977,0.5491066568647827
2023-01-25 23:22:13.539832,series_5,8.347334973918464,0.4141899274387153
2023-02-24 18:18:50.121529,series_4,0.8126304961509345,0.6554960671583707
2023-02-04 09:45:45.398924,series_4,6.882038559685356,0.987460345229029
2023-04-04 08:21:51.070030,series_4,9.419754256570158,0.588358156325455
2023-01-29 15:07:00.040387,series_1,1.262028765814096,0.8892447578356636
2023-03-21 10:59:18.023449,series_1,7.595422997739334,0.6191360065638558
2023-03-02 14:50:46.803158,series_5,2.897556388733835,0.7677958678818033
2023-01-27 06:20:37.090917,series_4,3.63556599813446,0.9156120882394044
2023-02-11 04:21:47.148642,series_1,0.073965933772655,0.9554110453773336
2023-03-17 20:13:27.763082,series_5,7.648332198403635,0.5552134855720814
2023-02-18 05:52:36.236050,series_4,5.340536006597905,0.4950972420120967
2023-02-14 04:54:32.078211,series_1,3.705327490922458,0.8836656448517198
2023-02-18 14:30:09.268743,series_1,3.726567187559604,0.4442092269403821
2023-03-20 13:51:34.811861,series_5,4.381801184334881,0.7724708522889383
2023-03-17 13:47:23.703265,series_5,3.976346074228944,0.4860762216045559
2023-01-19 16:12:45.588311,series_1,9.048914684066537,0.8270931931359686
2023-01-25 05:52:02.915068,series_1,2.4240125126391487,0.590056714195553
2023-02-12 20:15:39.486676,series_1,3.848985725141248,0.4117737470149732
2023-04-07 08:03:29.727708,series_5,3.792713203579104,0.6560315317203051
2023-01-22 20:45:21.655227,series_4,8.327104626041086,0.6397777083821938
2023-01-04 11:00:00.000000,series_1,-0.315634222553751,0.0
2023-03-24 05:51:30.299656,series_5,6.8778030371138845,0.9787978425543302
2023-03-18 02:08:39.054996,series_5,5.109557584892308,0.9933032725525488
2023-01-16 12:56:44.919544,series_5,1.0626625147070212,0.7796307098919752
2023-03-16 10:16:57.355088,series_1,5.936524174530237,0.4874071870088846
2023-01-26 12:14:01.772872,series_1,7.134825016525763,0.4325793743919475
2023-02-11 05:50:33.686149,series_5,6.964121788772292,0.6937779354609762
2023-01-06 23:02:04.137931,series_1,10.494780252165526,0.0
2023-04-04 14:36:47.250242,series_1,5.764146963609793,0.6042636256579733
2023-03-22 07:31:55.093034,series_1,3.84512221275936,0.4823064781928821
2023-03-18 09:55:56.166775,series_1,6.3494422907622585,0.4653446843282949
2023-02-16 00:02:40.353192,series_4,4.634688315575357,0.7747764327154145
2023-01-29 10:02:37.295863,series_5,1.8500434127987664,0.5758568561139363
2023-04-06 04:03:20.747109,series_1,9.5488062769895,0.6981227331191102
2023-01-23 06:07:25.196538,series_4,3.439484756587506,0.5494266986083961
2023-02-05 19:12:25.263492,series_4,6.708058925147439,0.4374428453893639
2023-01-28 09:38:35.266929,series_1,2.1428113805818336,0.8641325614774008
2023-02-14 04:34:38.153949,series_1,3.8358725521909953,0.8665440065199022
2023-02-24 06:49:55.844026,series_5,6.205150267578765,0.6820767722038956
2023-02-04 21:58:24.179739,series_4,6.167866931821857,0.5526118802319608
2023-03-18 23:37:23.077704,series_5,8.197128831821772,0.8127706264424737
2023-03-26 22:41:46.241236,series_4,8.979840914301116,0.4496500124883419
2023-01-11 11:14:50.229208,series_4,8.502664636917798,0.8699041660206274
2023-02-04 22:00:23.567541,series_1,8.731461187610742,0.910614568700193
2023-01-23 20:24:45.615490,series_1,6.01632204957585,0.56262723849476
2023-03-27 05:44:08.394445,series_1,3.036344118741403,0.9944328740544308
2023-02-05 03:34:25.831520,series_5,7.581498320993044,0.632394288954979
2023-01-20 10:17:46.179860,series_1,5.316609655322977,0.5943650837750939
2023-02-10 10:03:31.718345,series_4,2.771738295504117,0.6078730386274095
2023-03-05 02:44:11.736719,series_1,2.559507543064873,0.7996628581788849
2023-02-18 00:12:29.949501,series_1,5.49358324689342,0.7682075859404984
2023-02-13 07:05:44.390604,series_5,5.200716942366912,0.8525520856195683
2023-01-18 06:28:40.078002,series_1,3.3509265380668065,0.6046472390149541
2023-02-28 19:11:18.167633,series_4,6.55090976271905,0.6506150843340548
2023-01-25 03:59:12.156249,series_1,4.083694404552732,0.744025265685105
2023-02-01 16:50:50.667194,series_5,4.587774804009622,0.6689125321707734
2023-01-10 02:57:33.496311,series_1,3.694775696017011,0.4000095659074248
2023-02-27 18:45:46.376503,series_1,2.294493947104881,0.9725453453940496
2023-03-24 00:10:44.397878,series_5,5.9745763318497005,0.6445170111453546
2023-02-12 10:29:00.945477,series_1,0.0886227431818653,0.4034764549021235
2023-04-07 17:26:39.882421,series_4,4.72578485798874,0.6370915143618114
2023-02-23 05:59:04.209217,series_4,6.340849238149817,0.8447494802898061
2023-03-12 17:42:10.647619,series_1,4.018554356424885,0.9322548525922028
2023-03-21 03:57:18.709152,series_4,0.6856120999894355,0.8862349124636806
2023-02-27 11:25:48.518325,series_1,1.3073667451165103,0.8143929888228261
2023-03-08 11:22:16.236267,series_4,7.429456517949164,0.7031282440491047
2023-03-17 22:38:20.996289,series_4,9.885512943929797,0.6043543132316495
2023-02-08 03:05:03.112299,series_1,1.5319353025928029,0.5128832596890287
2023-01-15 13:25:42.358509,series_1,8.583566888518689,0.469530957537125
2023-01-03 06:05:51.579982,series_4,4.257436754351664,0.5997072211136567
2023-02-11 15:43:13.159978,series_5,8.334409313311596,0.8354769901836141
2023-02-24 02:28:56.339526,series_1,4.942445635909806,0.6784068487794417
2023-03-18 21:45:28.572603,series_4,0.0562723188362401,0.7136822171510211
2023-04-09 18:06:23.403631,series_5,6.363897375797882,0.5525625683434024
2023-01-25 17:00:00.000000,series_4,8.930044232200672,0.0
2023-02-16 13:12:03.236739,series_5,6.6237561014733215,0.4261865520715499
2023-02-19 00:37:31.994923,series_1,9.357646721072442,0.4457024843795185
2023-03-04 23:45:42.417989,series_5,6.524564375967989,0.4539410080944507
2023-02-09 08:28:31.609866,series_5,0.6717249450958784,0.7765276502324426
2023-03-03 19:01:29.826254,series_4,1.083938176254973,0.6817580579998914
2023-03-27 06:35:49.140594,series_4,7.028148461269447,0.5586296915690054
2023-04-02 22:03:23.160691,series_5,1.0086289643100288,0.8621904581279041
2023-01-18 04:06:03.613696,series_5,6.501429896465124,0.9693855418814796
2023-02-23 10:31:24.251105,series_5,7.8441354725907,0.7513800799974208
2023-03-23 09:42:17.986702,series_5,9.960570294730145,0.883738117049523
2023-03-25 14:37:08.247083,series_1,9.016854139091048,0.5130890966852689
2023-04-04 14:48:49.063021,series_5,8.477679756034636,0.8004757514643316
2023-03-05 04:38:40.765318,series_5,8.474828122186693,0.434742636690949
2023-01-12 19:01:18.197597,series_5,4.007797738141703,0.7461918710513107
2023-03-25 03:40:28.467757,series_4,4.346345661559441,0.7758049524517663
2023-01-25 00:00:00.000000,series_4,-0.075964811399043,0.0
2023-02-07 16:09:09.152542,series_5,1.2754977079887546,0.0
2023-03-29 08:55:59.079081,series_5,6.356580775206164,0.4345889233975467
2023-02-01 15:52:19.590800,series_4,6.477739203052437,0.8239967970118846
2023-01-26 10:29:33.448342,series_5,7.492261691977735,0.9195861456026814
2023-02-20 07:09:14.276570,series_1,3.1814788381760275,0.8062774249566553
2023-01-22 00:14:37.646551,series_1,4.836784238397405,0.4999691363693324
2023-03-11 16:52:37.969507,series_5,8.450588982467359,0.4413786261816538
2023-01-25 14:33:49.765302,series_5,8.03198599475399,0.9216405267077248
2023-01-05 20:02:56.186026,series_4,5.689203845013696,0.4483273559164167
2023-02-01 12:14:17.015772,series_1,3.5187335471714265,0.6408349219905475
2023-03-26 04:18:01.612480,series_4,9.272055376358168,0.9313953691616486
2023-01-16 20:15:58.746435,series_1,2.723245164236637,0.8456466619960548
2023-03-28 05:53:40.527130,series_1,6.385423862514992,0.69456270939335
2023-03-24 20:11:45.439546,series_1,2.7995514385578604,0.7828675124916575
2023-02-24 12:26:01.718759,series_1,7.078609309452107,0.6248048937374574
2023-01-10 19:51:16.852291,series_1,1.45364990017409,0.8772156999014571
2023-03-03 10:03:34.924826,series_1,2.913215184055029,0.5132605304035907
2023-03-31 07:28:07.164009,series_5,1.3421051741543222,0.9716671424564548
2023-03-22 20:33:39.513557,series_1,2.505311433605079,0.7186270118427285
2023-02-18 00:50:15.432405,series_4,7.763436487135196,0.4840609392623178
2023-03-14 15:37:32.786975,series_5,7.461377042877672,0.512117666239264
2023-01-01 12:23:15.286689,series_4,5.24693009858988,0.8818466899975329
2023-03-29 23:02:58.594046,series_1,5.166637296035339,0.615630872129112
2023-01-23 22:40:59.510057,series_4,1.1708586408031096,0.8643147228008451
2023-01-28 09:47:22.105263,series_4,4.68726505371134,0.0
2023-01-19 10:06:01.132920,series_5,0.1548725663112171,0.4254489470531555
2023-04-04 11:10:57.659373,series_5,3.0802920827796,0.587299612636902
2023-03-08 20:53:40.942750,series_4,3.749810439485701,0.6039930894510294
2023-01-30 14:17:32.924719,series_1,0.2347509450726348,0.6167282951050794
2023-03-23 04:54:51.759742,series_5,7.035386448758915,0.9635067018636104
2023-01-13 05:57:24.221266,series_1,7.741202657825029,0.6988017139955494
2023-03-28 04:41:44.643118,series_1,8.779705351269211,0.9596781762700765
2023-02-23 22:58:17.014954,series_4,1.895375794934614,0.684400845016293
2023-03-30 21:25:52.437391,series_4,6.880317356505394,0.4369483427832108
2023-02-15 13:25:25.363788,series_4,8.817446437347394,0.8432227679096713
2023-02-19 20:15:02.031540,series_4,4.917354902591265,0.6501109056360943
2023-02-05 08:32:32.542373,series_5,0.0776688126585402,0.0
2023-01-25 22:56:35.959802,series_1,8.84285204831232,0.5765398102538641
2023-02-05 20:46:44.959750,series_1,2.624708404275191,0.5604076543153929
2023-01-28 12:24:04.578941,series_4,8.070202150367706,0.9693479827917708
2023-03-23 05:25:26.765931,series_1,9.81254217672976,0.6794853722186938
2023-03-27 22:56:55.687492,series_5,6.801419529412241,0.960753177385146
2023-01-21 20:24:54.073534,series_4,9.01252046405127,0.617295317208833
2023-01-30 03:06:04.357129,series_1,4.84346088040507,0.9668174180890288
2023-03-13 07:07:54.520122,series_4,0.5306209445005361,0.9421353263455134
2023-01-26 04:34:44.210526,series_4,9.52371978735891,0.0
2023-03-29 04:07:17.271818,series_1,9.28958300603581,0.8942721126287116
2023-01-11 07:14:32.250596,series_4,5.287278751363649,0.4608503904607217
2023-03-15 04:38:18.630438,series_5,5.4636354846456845,0.964893743268034
2023-03-04 13:33:01.471938,series_1,1.5972017357891088,0.9970434933739
2023-01-22 00:12:55.793255,series_1,5.759621401144247,0.9746030700168988
2023-01-14 21:56:57.956866,series_1,8.129569099069387,0.4988552700043533
2023-02-23 11:24:42.648896,series_5,4.28324898950698,0.4527903264328559
2023-02-07 11:57:52.145169,series_5,1.3187348491225537,0.9578669828731998
2023-03-22 11:30:48.469651,series_5,4.302110583313784,0.4937062388273624
2023-01-24 06:46:21.707985,series_5,6.8203243065433234,0.5141048668807264
2023-04-07 07:43:14.505773,series_5,4.145528094372991,0.7208609181188212
2023-01-27 12:46:06.126604,series_4,2.3598504176795743,0.5295533946696287
2023-03-27 08:40:58.139326,series_4,4.090288953656209,0.711318980803298
2023-03-14 14:02:33.963623,series_5,7.068035789609766,0.421457703163173
2023-02-20 04:40:49.430084,series_5,4.357064125616029,0.7276818446335109
2023-03-25 14:48:36.075190,series_1,8.858715427699728,0.9035558461243594
2023-04-03 13:44:29.028824,series_4,0.9479190364639624,0.4749656258450593
2023-04-08 00:41:53.381738,series_1,6.349708832249713,0.5991690235612608
2023-03-29 13:08:43.886534,series_5,2.4073932086521554,0.8690599578622974
2023-04-01 06:03:34.017565,series_4,8.372583516030637,0.9464826000509546
2023-02-24 12:18:26.000313,series_4,0.3183292409415517,0.7457404225730362
2023-02-17 22:17:19.883807,series_4,7.517779931349984,0.6297709423852322
2023-03-01 13:00:00.362955,series_4,2.562518878552673,0.5698248792894829
2023-01-10 22:12:10.384706,series_5,1.7825068416143852,0.9805740688264242
2023-01-25 13:44:21.226051,series_4,1.508022007600408,0.7899022406396349
2023-02-02 08:35:47.598075,series_1,8.980672881674625,0.5228693902054916
2023-01-06 21:00:15.227556,series_5,4.57529275618338,0.904218182867792
2023-03-04 23:04:11.699363,series_5,2.3715839404243813,0.6690915836611859
2023-01-28 11:13:58.988274,series_1,5.135875989212464,0.793385297473088
2023-01-07 18:51:59.978742,series_4,6.297799464279547,0.7781213782968096
2023-02-07 23:17:32.027576,series_5,6.707868164091919,0.8797036126180529
2023-01-10 18:27:25.510731,series_5,0.3209828285710714,0.7338954386437961
2023-01-20 11:25:44.293518,series_5,2.52585700444119,0.7558382769952516
2023-02-01 05:37:45.280058,series_5,8.073402024794923,0.9879406066561698
2023-02-03 04:18:54.298434,series_4,2.103865015445621,0.5768248392513342
2023-03-30 06:44:58.266682,series_5,5.1835311439113365,0.5076619842632544
2023-03-25 14:13:54.999688,series_4,8.593808889231365,0.4824039328959086
2023-03-14 15:25:16.670352,series_4,3.455822483538351,0.7082597282711585
2023-02-14 01:10:31.144570,series_5,4.923625771881483,0.7271407081687289
2023-02-06 21:22:16.764415,series_4,2.221371273192382,0.6832553075799848
2023-02-05 04:15:15.586061,series_5,1.4940618998973776,0.5405532859268891
2023-03-26 18:22:48.643232,series_1,2.793311532561092,0.4171563183337363
2023-03-31 05:10:13.865178,series_4,2.201638516083589,0.8297046675421249
2023-03-06 17:43:42.132470,series_1,3.943789675258852,0.5435608659567335
2023-01-09 03:20:12.244133,series_4,7.100098445243991,0.7813989539588244
2023-01-07 11:07:14.552380,series_5,3.0767656427338097,0.6320582967396251
2023-03-04 23:23:10.027448,series_4,0.8615665718897603,0.7325536367400618
2023-01-25 13:28:24.037206,series_5,4.332892476124393,0.7582531776615454
2023-01-14 13:33:46.269326,series_5,5.277798263961778,0.9355383589715331
2023-01-04 20:00:00.000000,series_1,5.079927446123192,0.0
2023-01-25 03:00:00.000000,series_4,1.7688761202332717,0.0
2023-02-24 00:11:54.236779,series_5,7.20192355023065,0.4341861412307273
2023-03-28 16:03:31.102855,series_4,2.6169959459892453,0.5880381690674856
2023-02-09 12:20:55.551944,series_4,0.1415546628911412,0.4225029690290711
2023-03-24 02:45:10.625761,series_4,7.704136618474349,0.6267207959325956
2023-03-02 14:48:18.395092,series_4,4.352024375384734,0.5080678064987759
2023-01-13 22:09:52.733194,series_5,0.3832354111255664,0.4838403945539325
2023-03-31 13:24:58.109433,series_1,1.3834487208442847,0.8893059697472718
2023-03-13 13:47:21.769827,series_5,0.7549917769088887,0.7288117190966132
2023-03-31 10:04:18.139504,series_1,0.7379197620598554,0.5014260423686785
2023-01-06 17:04:08.275862,series_1,10.365669419848764,0.0
2023-03-30 18:42:18.327134,series_4,2.048344075139558,0.6838533538731857
2023-04-04 12:26:54.734631,series_4,6.484626355440703,0.7484154425752502
2023-02-18 09:29:49.373430,series_5,6.562162362193793,0.9619530481295137
2023-02-28 00:59:44.596648,series_4,8.991119009459297,0.7611195642641058
2023-02-02 07:55:42.945641,series_1,9.674727092398925,0.4920982260323676
2023-04-10 07:00:31.791542,series_1,0.9237415206173538,0.8656985038963466
2023-03-20 11:07:15.902186,series_4,1.91104144519058,0.4861225954013246
2023-03-17 10:34:26.684699,series_4,5.485076024831623,0.9003452460411699
2023-03-01 21:30:44.055840,series_4,1.835361740306397,0.5251856998798657
2023-02-15 11:39:36.673377,series_4,6.942271650951239,0.4908410178630094
2023-01-21 04:33:24.549671,series_5,9.07453661036618,0.4295479931112493
2023-03-07 13:32:12.369684,series_5,4.882004016763316,0.4768407647237728
2023-03-22 15:13:06.513369,series_5,2.035871581555881,0.463608752400045
2023-02-21 16:51:29.895076,series_1,2.819405514457748,0.7072936981167324
2023-03-04 10:42:10.452388,series_1,1.63667433333319,0.4649132353487222
2023-01-10 12:04:54.231991,series_5,5.409561777443278,0.8880865166627345
2023-02-16 14:46:24.261985,series_5,9.53572364483346,0.4715212314933912
2023-01-24 12:10:24.570093,series_1,3.3279452069649427,0.4429830621852931
2023-01-23 16:23:14.591665,series_5,2.009098083405024,0.4724479874680937
2023-01-17 15:11:55.790934,series_4,0.2304929596534688,0.6050631949899682
2023-03-02 12:09:12.147107,series_5,8.630057594215566,0.7493016817329463
2023-01-28 01:12:37.894737,series_4,5.374439968092064,0.0
2023-03-08 21:06:00.267717,series_1,2.240274378405087,0.563484687732094
2023-01-13 03:34:55.590321,series_5,6.450818845986853,0.6124757575216639
2023-01-13 23:18:43.246347,series_4,0.1236042679723203,0.7509098994888147
2023-03-12 15:10:27.436513,series_5,3.5253924656250746,0.8723166796188961
2023-01-31 14:08:44.839629,series_4,6.48006159531347,0.9481735151099784
2023-02-08 04:47:47.796610,series_5,1.3364849917377153,0.0
2023-03-29 20:13:38.770470,series_4,2.682815449440763,0.6846666293837067
2023-04-06 00:43:14.949155,series_4,5.194572476303164,0.9601730822359212
2023-01-07 23:25:35.609559,series_1,8.239658685136598,0.6058120839076319
2023-03-07 01:14:48.107888,series_5,7.791952211189994,0.4403625100745182
2023-04-02 18:10:07.842526,series_5,3.8421937709368894,0.5617951269769754
2023-01-06 16:27:32.519958,series_4,7.879261817148468,0.620251032259471
2023-03-26 15:43:58.587513,series_4,1.9738633451918897,0.6767472885707082
2023-01-10 23:36:52.227714,series_4,5.247425023168793,0.695980025488008
2023-01-29 07:07:39.756194,series_1,3.405720645846713,0.5006355470493952
2023-03-05 06:40:11.018948,series_1,8.670371239805599,0.9359958560101036
2023-01-17 23:12:26.605365,series_5,4.291340399173898,0.8778285575149776
2023-02-26 06:10:18.077826,series_5,0.5975192982307143,0.8201908530836879
2023-01-21 17:59:19.822015,series_1,4.970188332385699,0.9879199702102608
2023-01-31 04:00:00.000000,series_4,6.159389545348292,0.0
2023-01-14 12:19:32.076932,series_5,1.3423243745716862,0.8780729332125301
2023-01-24 17:58:12.188595,series_5,6.20032451601298,0.9124723867514106
2023-04-10 22:58:42.528443,series_4,4.291760483486151,0.5487585887477131
2023-02-15 12:26:07.779918,series_4,3.4139118242020663,0.8829698968699542
2023-03-18 15:04:20.808172,series_4,2.807371547827705,0.9021402169875112
2023-02-14 03:57:57.297833,series_5,3.429265708399112,0.917898002026136
2023-02-14 04:54:44.845551,series_5,4.052098812724224,0.4041594420591641
2023-02-05 23:39:51.701866,series_4,3.2350066500436334,0.7280796343874885
2023-04-08 23:08:22.568301,series_4,7.086410901313341,0.7430885669198041
2023-03-04 04:09:07.142294,series_5,3.2034369189121046,0.948417923793902
2023-01-17 23:52:29.513421,series_4,5.558121070181318,0.6767824948925467
2023-01-14 07:52:18.310184,series_5,7.02360005947636,0.7861455375240611
2023-01-21 17:36:59.868576,series_1,1.2576447907847563,0.6314770672926497
2023-03-29 19:14:24.700670,series_1,3.444538453306021,0.4968636181666744
2023-01-06 01:37:17.291632,series_1,1.816126154224076,0.4529931183309082
2023-01-13 20:52:16.979469,series_4,7.1642208069725815,0.6278011230237357
2023-03-10 10:55:03.008997,series_1,5.569444548129132,0.739715608858845
2023-02-21 16:43:50.727984,series_4,1.5369820228131692,0.9080592704960002
2023-01-06 17:12:24.827586,series_1,10.139690193360254,0.0
2023-04-01 22:44:32.101328,series_1,1.2591167621966826,0.9401043122237988
2023-02-11 11:15:40.139508,series_1,4.219202684692122,0.7761329686379623
2023-02-01 15:36:18.264361,series_1,2.298348082045924,0.7286956771052043
2023-04-05 04:50:42.707205,series_4,9.083939882757898,0.7913851481457368
2023-04-10 15:45:27.530332,series_4,8.602146180035366,0.521223685541746
2023-03-27 13:14:18.929114,series_1,6.693922309948438,0.4897608478581048
2023-04-09 15:12:59.356461,series_5,1.577754347003366,0.9625189447834692
2023-02-21 08:32:19.458958,series_1,9.64544152106598,0.8564116326259198
2023-02-19 06:36:15.061596,series_1,1.3112455209672724,0.7347509932349447
2023-01-07 08:16:32.757131,series_1,2.570174809686666,0.5016834225577828
2023-01-16 09:05:03.138291,series_5,8.757267571718744,0.9034133469279162
2023-03-15 15:19:05.536539,series_4,0.5295427226107252,0.4046838944758775
2023-01-31 21:24:18.650135,series_1,9.46870127261242,0.7103402717809018
2023-03-11 07:22:12.974808,series_4,8.76916061177204,0.7410338509693013
2023-01-09 22:26:13.732240,series_1,6.11721075079394,0.5456764421098824
2023-04-03 08:55:53.169168,series_1,5.127678898451325,0.736475736644917
2023-02-21 21:18:04.939137,series_5,9.535205418864573,0.8828556239801655
2023-04-09 00:10:11.841919,series_5,0.9901603087876288,0.741107492662785
2023-02-04 01:10:10.169492,series_5,9.12521738400063,0.0
2023-01-03 20:01:06.063965,series_4,1.7984716231693365,0.8008550597582519
2023-03-20 21:12:49.111532,series_5,6.793308264381766,0.7121071647127208
2023-03-28 12:18:29.358106,series_5,1.8631341542903608,0.5280896271347425
2023-03-09 03:01:59.727686,series_1,3.4004235766907,0.8540981331379636
2023-02-11 13:37:52.451328,series_1,4.044452384392127,0.7306028299220442
2023-04-07 18:00:51.234888,series_5,0.7836893320006122,0.7628617657742185
2023-03-21 12:52:39.088410,series_5,0.5332781894800331,0.9059707134853208
2023-04-08 04:22:10.962936,series_5,1.8330152740492656,0.4101030357573636
2023-01-04 12:32:41.407472,series_1,5.473152910131414,0.4331504593855882
2023-03-22 12:27:00.143660,series_4,9.676283379670098,0.9304242188618194
2023-03-09 00:32:58.359800,series_5,5.474501769084455,0.5446599083226843
2023-01-06 18:56:14.142840,series_4,5.980275174364349,0.7471745954875231
2023-03-20 01:43:36.346223,series_1,4.356694167535199,0.8665569862804295
2023-01-23 19:36:14.333169,series_5,0.0438972943767868,0.7102639361181724
2023-04-02 17:11:57.712035,series_5,7.815588005949495,0.9947066726675852
2023-01-02 03:16:00.430303,series_4,5.585803408201341,0.9006864436007029
2023-02-17 14:38:55.281285,series_1,2.215545572699018,0.7083944856883705
2023-04-06 08:15:02.623311,series_5,5.791650350964529,0.9343255879343344
2023-04-06 15:45:20.271765,series_1,4.798382109397318,0.4160885213556019
2023-03-03 03:06:16.782163,series_1,8.851900260935231,0.7854437117235813
2023-03-26 06:15:44.850756,series_4,3.3706743770066616,0.4393214640147304
2023-03-01 18:28:34.097941,series_4,5.256867521780466,0.4200299024851917
2023-03-12 17:42:11.129375,series_5,7.23074040062177,0.6944976481949712
2023-03-22 10:29:49.690510,series_1,7.927619101390299,0.8908343372864708
2023-02-24 07:28:07.857151,series_4,6.958735998939637,0.8562209782043029
2023-01-08 06:52:52.246152,series_5,0.0002057577756009,0.9813022891449962
2023-03-29 06:55:15.237250,series_4,8.043042161680727,0.4043587000547636
2023-01-03 02:10:13.594354,series_5,1.504801210147125,0.7142785885640337
2023-01-06 10:17:08.409633,series_1,8.078521275200037,0.7660952810236885
2023-04-06 01:20:53.882122,series_1,6.431664639104358,0.8064910178299138
2023-01-29 05:59:27.839719,series_1,8.068007043005855,0.8336425511856246
2023-03-07 07:05:23.685492,series_1,3.4179997760375014,0.6437634398067109
2023-02-26 07:39:25.198076,series_1,0.1937647221427041,0.4466326278614754
2023-01-17 03:45:57.369936,series_1,9.437591221635506,0.95732713339283
2023-03-03 08:32:55.137244,series_1,9.115288195357715,0.7055305171857698
2023-03-07 07:57:52.949178,series_4,7.766915207919353,0.4349322042402487
2023-04-02 05:16:50.174991,series_1,7.673423809653675,0.5604717396883754
2023-01-09 04:33:30.965399,series_4,2.7022372492472013,0.8388318876198266
2023-02-09 23:00:48.751137,series_5,6.927730741436452,0.5343364089334601
2023-02-06 10:56:23.778655,series_1,1.134137147557802,0.8129327177027852
2023-01-04 22:00:00.000000,series_1,3.9856060183913673,0.0
2023-01-31 16:00:00.000000,series_4,-0.4179621287733044,0.0
2023-02-06 10:58:10.900344,series_5,1.1637836749387942,0.8382746597449768
2023-01-31 01:35:59.794256,series_4,9.325329317340149,0.5055423104274057
2023-02-06 21:01:37.698677,series_5,7.918914563684732,0.4922270533742983
2023-03-13 09:42:56.874565,series_4,3.866619750559528,0.9496925342129774
2023-01-12 01:03:24.867168,series_4,0.3038585197619636,0.8396061147621569
2023-04-08 19:15:26.046252,series_4,3.394734292051361,0.7275542756931609
2023-03-03 20:24:13.710011,series_5,7.140431149287988,0.4339024723086864
2023-01-21 06:19:40.593864,series_1,3.3615420737837964,0.8596271617100217
2023-03-14 08:53:48.420675,series_4,0.8530767360575631,0.9544274871001802
2023-01-09 15:25:25.809620,series_1,9.969953804744804,0.7541658736600012
2023-01-15 14:06:52.983542,series_5,3.6077849125421766,0.8884749085982506
2023-03-13 11:47:50.883102,series_1,1.6762395448890888,0.5756941368852325
2023-02-07 06:00:39.860172,series_5,7.049425772214374,0.5173843294566238
2023-03-22 21:25:25.956898,series_4,2.4798655596577546,0.5395394436240483
2023-01-18 18:25:02.345386,series_1,5.621462020110824,0.7777951499419824
2023-01-15 15:28:21.245419,series_1,5.884909723485939,0.4295878439946287
2023-03-19 03:52:39.032869,series_1,0.5534520279134347,0.7837765860675356
2023-02-13 06:12:32.615703,series_5,5.585307432913071,0.4963661562636167
2023-03-12 10:01:05.312396,series_1,4.797352378414139,0.7541022329453744
2023-04-07 01:40:26.994281,series_5,6.438160071139767,0.5621803803176162
2023-04-10 12:13:42.986885,series_4,4.528903086856918,0.9219609883031092
2023-01-30 11:39:25.465107,series_5,5.077759508064236,0.9879669318835168
2023-04-08 18:18:53.244513,series_5,9.973524837183104,0.4192176796096087
2023-03-30 00:03:58.352263,series_4,9.973898660631592,0.4578115452781652
2023-03-12 17:41:11.471932,series_1,9.280436271316695,0.4441179442926994
2023-02-06 18:15:02.516935,series_1,8.811954734556865,0.516520995722989
2023-01-04 08:00:00.000000,series_1,9.20798664996193,0.0
2023-02-14 05:13:01.496743,series_1,9.550039555441067,0.7701078841185359
2023-01-18 17:08:54.759658,series_5,9.120951357608252,0.9642568608653652
2023-04-10 19:49:49.516630,series_4,8.221984824418382,0.5284119647914205
2023-03-19 15:38:53.584561,series_4,7.857410151842627,0.8497208559989744
2023-01-31 06:00:00.000000,series_4,7.054319319795079,0.0
2023-01-10 21:45:38.183147,series_5,2.2358482275345093,0.919242774098224
2023-01-26 09:39:40.875496,series_4,4.467671405934993,0.972275193191266
2023-03-06 23:41:07.826930,series_4,4.648454682327009,0.815512436422304
2023-04-11 05:05:59.866738,series_5,5.521561594687276,0.968131874570714
2023-01-25 11:50:54.821132,series_4,1.5939219547827457,0.5625478480296768
2023-03-31 01:39:42.620808,series_5,4.898561340738871,0.6465033849364568
2023-01-02 23:50:38.811471,series_4,3.817466892421295,0.8034191341318773
2023-01-13 01:04:27.283926,series_5,3.1129162402200974,0.4013208818894518
2023-02-14 05:58:47.836268,series_4,5.529554950051033,0.8488615632829652
2023-02-11 08:11:01.868679,series_1,3.3369210787941093,0.8476121433960525
2023-04-08 12:38:49.110220,series_1,7.54430043726754,0.5935397371798223
2023-02-04 05:22:59.789626,series_1,3.414168687997124,0.9972242943966992
2023-03-10 12:43:31.309903,series_1,2.272822752956518,0.6664638893031085
2023-03-05 09:25:49.993426,series_5,8.702563973440885,0.5293351063917325
2023-01-18 08:36:47.335491,series_5,9.844129724278966,0.7077207649931816
2023-02-05 12:08:00.490972,series_5,1.2867814932169086,0.5729816840236048
2023-02-26 00:00:42.440116,series_1,0.7231982413377402,0.9707947421064546
2023-02-21 23:19:01.718392,series_4,5.748780264997197,0.503708744643301
2023-01-16 09:39:29.354840,series_5,3.725334248946373,0.9587384312933536
2023-01-19 14:20:54.243888,series_5,9.151062350813271,0.6185493914507407
2023-03-09 13:22:52.195005,series_4,5.550429170462059,0.6421663549271958
2023-03-30 23:57:05.339746,series_5,7.380755214273776,0.5168376065972997
2023-03-18 00:57:46.363953,series_4,6.490077005921306,0.5683122573270194
2023-01-01 22:56:06.897779,series_4,3.1717339898865795,0.8700451059244719
2023-01-14 13:45:12.889363,series_4,3.1021978259730334,0.8795093532670999
2023-02-28 04:39:22.223582,series_4,5.076017017467828,0.5251005195491296
2023-02-24 17:34:37.417293,series_4,5.738485051246073,0.5215709855651389
2023-03-25 02:47:26.378912,series_1,8.505551566049759,0.4451417677165334
2023-02-20 13:17:43.487489,series_1,0.9000657288446712,0.7941430061657273
2023-04-02 06:38:30.059817,series_1,4.584918996492535,0.6377825171731304
2023-03-28 17:14:15.001906,series_5,1.2264289271371287,0.4763081428260278
2023-02-24 21:42:04.175632,series_5,1.5003829312365968,0.7186807109827975
2023-03-10 07:08:30.127155,series_1,0.1243657124706176,0.9050614062747788
2023-02-27 13:29:35.967504,series_5,1.4319695618589834,0.6796852702193678
2023-02-25 11:48:07.371597,series_5,3.925246761348245,0.7590070802268094
2023-01-13 02:11:30.359756,series_5,6.237798978825227,0.9446907236850268
2023-02-17 10:30:42.126968,series_4,2.020136333283044,0.4271843227615115
2023-03-16 08:53:54.730572,series_4,8.972268914576151,0.7147033443496922
2023-01-07 03:39:13.220347,series_5,1.613349810961482,0.6455009950261383
2023-01-29 18:52:25.857914,series_5,1.0191087841104909,0.7912818663094563
2023-01-22 05:19:43.538640,series_4,2.748332694582759,0.6469420200010352
2023-03-29 03:36:47.941261,series_5,4.482669409167309,0.4187806579700623
2023-04-03 16:38:19.468817,series_5,0.0095058135302772,0.7873085264064574
2023-03-06 23:33:32.615104,series_1,1.3773357354826166,0.5326721550327966
2023-03-23 11:40:03.318494,series_1,3.4477844915432634,0.5733764889928007
2023-02-28 11:37:28.814504,series_1,0.9886385542948196,0.8964243038929794
2023-04-02 04:38:36.038595,series_5,5.942515215371015,0.6401919496920401
2023-01-26 06:43:01.125347,series_5,1.475080435625904,0.928709240958128
2023-01-22 19:30:19.867588,series_1,1.54158198259971,0.718563292575556
2023-01-22 07:52:36.637298,series_4,2.0632433795620075,0.5958793127946578
2023-04-04 16:46:14.577165,series_5,9.599860079291153,0.9537806157784776
2023-02-16 22:29:44.598481,series_4,5.393437186120912,0.560475458605906
2023-03-25 21:06:41.448476,series_5,6.034209862609216,0.6156120604779937
2023-03-22 14:54:30.359871,series_5,4.614781657647338,0.6038696678074074
2023-02-05 23:21:35.988231,series_4,4.084572691936036,0.9181823216100338
2023-01-21 19:47:39.607366,series_1,0.3457315927194815,0.4606256909501194
2023-01-27 00:08:47.758214,series_1,6.0489389939472735,0.7092229076927341
2023-03-23 19:07:53.466554,series_1,9.952342114317691,0.4961883854910079
2023-03-17 10:56:49.176076,series_1,8.598355304096922,0.4141336897148756
2023-04-09 21:18:07.175836,series_1,5.624546700752483,0.4953822897458289
2023-02-19 22:05:47.578497,series_5,5.616965602958269,0.8180098690977426
2023-02-06 15:13:32.673168,series_5,0.6005051716292176,0.64550242927005
2023-01-26 19:31:05.166600,series_4,9.471562311937593,0.8589960486742583
2023-03-20 02:13:06.851153,series_1,2.0043970795261465,0.6181085378815265
2023-03-05 05:03:54.983865,series_1,9.643089698576349,0.4267458639726464
2023-02-11 06:05:13.711116,series_5,0.8300877853455724,0.8112972293676866
2023-04-05 16:28:35.662985,series_1,9.902373907941076,0.8560872848646652
2023-02-04 04:05:34.587685,series_4,7.679708516495203,0.6897484826064413
2023-02-23 13:48:11.477218,series_5,4.452035077297714,0.4283067912216532
2023-02-10 10:50:55.478056,series_1,7.238710549802568,0.6634632374636349
2023-04-09 00:00:33.596743,series_1,7.534036078036879,0.5678658626089438
2023-03-15 13:26:31.134153,series_4,5.766095556988562,0.6391273318697643
2023-01-09 15:53:41.515355,series_1,4.212748961659411,0.407633961402754
2023-03-13 12:21:17.584312,series_5,1.4983775154222367,0.4665143508239291
2023-03-01 19:21:47.768830,series_1,2.4494644370008367,0.9371714329319129
2023-01-04 07:00:00.000000,series_1,9.524618449615623,0.0
2023-02-15 04:24:11.477766,series_5,0.145154459865,0.978694068695666
2023-01-27 15:11:12.630620,series_4,8.16796552066017,0.709638129826789
2023-02-16 06:42:32.672079,series_1,7.752599824830606,0.8279704116677911
2023-03-03 22:49:46.805514,series_5,2.985433178045971,0.8772173288678939
2023-01-09 01:22:14.559678,series_1,3.965584365927572,0.6378179261684587
2023-03-05 03:54:34.459253,series_4,6.271029107385467,0.8542541585567963
2023-01-04 18:47:02.259294,series_4,4.149867678924695,0.5725639798754067
2023-01-01 17:53:47.586207,series_1,9.944539502905618,0.0
2023-02-07 03:30:30.508475,series_5,0.8356461218192791,0.0
2023-01-20 05:37:36.718577,series_4,2.510510500069328,0.4079309007714222
2023-01-20 12:52:17.241787,series_4,0.0773766872892656,0.6722121799542067
2023-04-03 13:09:14.867734,series_4,4.963755864641087,0.7706293625249518
2023-03-07 08:02:57.779007,series_4,7.274907355285173,0.458517494646108
2023-03-15 16:53:23.826432,series_1,6.348741224907225,0.5337783606664318
2023-04-09 05:46:24.738920,series_5,5.929773890028854,0.4746819528367627
2023-01-16 03:02:42.316839,series_1,0.0337510124216589,0.4043216276562832
2023-03-31 05:33:35.340561,series_1,0.9065915781593236,0.4906045392309259
2023-01-24 14:09:46.158997,series_4,3.4448311504517246,0.6161313396718444
2023-02-26 07:42:57.613797,series_1,5.269888822121409,0.5465264279235187
2023-03-21 10:49:25.096526,series_5,7.287774020762535,0.7465695313416193
2023-03-27 10:36:11.482779,series_1,9.825196211793877,0.8969422659095235
2023-03-07 10:52:48.193892,series_1,0.7939551831875691,0.6381778644950179
2023-01-24 14:43:58.409039,series_5,3.967637583125216,0.9423032682307132
2023-02-05 01:46:31.082269,series_1,7.612442558774743,0.7351408501748511
2023-04-10 04:58:32.422527,series_1,7.493968019221453,0.7701026315166155
2023-02-25 00:12:00.813992,series_4,4.2880429238301705,0.4590201549350587
2023-03-05 01:01:06.892149,series_5,6.325131883716066,0.4397017326541322
2023-04-06 15:31:36.594001,series_4,6.210931155389878,0.8512801763731286
2023-04-11 01:07:20.790316,series_1,4.384208218008205,0.8473930909308286
2023-03-04 18:08:19.134765,series_5,1.1872483305087422,0.4014285344530524
2023-01-06 19:19:52.667103,series_1,6.870437383682165,0.4153417271058445
2023-03-27 02:49:09.889319,series_4,5.829953814476819,0.4171003545297737
2023-03-25 09:16:32.468066,series_4,3.3848983849057737,0.7607795396303778
2023-01-27 13:28:20.983137,series_4,4.784663165572619,0.4726830061652389
2023-02-13 23:20:37.472009,series_4,3.83503864955435,0.6168678744352906
2023-03-15 13:51:52.998967,series_5,5.580353605179512,0.6881523155382161
2023-03-10 11:45:51.571146,series_5,2.133020761248884,0.4809682592144571
2023-03-03 21:27:07.984250,series_5,5.867655059091671,0.5933015694686292
2023-01-14 09:54:56.668291,series_4,9.77113615341604,0.8892758461559134
2023-03-29 11:55:03.578578,series_5,7.951873594920857,0.9628514291861044
2023-03-13 22:58:30.625061,series_4,4.428062128720788,0.6870186423895142
2023-01-23 13:22:08.713679,series_4,3.2980808310120424,0.8813947196663593
2023-02-26 16:22:12.482689,series_4,2.999455531531571,0.9842619780190458
2023-03-24 06:45:44.763978,series_5,3.1438774263685,0.6540569451192983
2023-01-14 02:13:36.405675,series_4,9.198007883548742,0.9065638647176234
2023-03-21 05:21:46.597752,series_1,7.616291378762352,0.7283694158946068
2023-03-22 21:05:36.186465,series_1,0.9798715769218448,0.9252224972583976
2023-01-30 12:55:34.439321,series_5,4.000585056212031,0.5469058058359122
2023-02-20 18:06:33.321365,series_1,1.938776123289824,0.7203204534631424
2023-01-26 14:19:14.626021,series_1,6.582937713257059,0.8127761284427706
2023-02-15 23:32:29.999403,series_4,3.080356108378266,0.814503489078692
2023-03-24 21:58:28.134372,series_5,6.620935943961342,0.451702037938294
2023-03-26 14:12:07.269043,series_1,3.6769631379599934,0.5636059335370882
2023-02-28 17:55:07.967529,series_5,9.016401636777946,0.4898349859144378
2023-03-26 19:47:03.027039,series_4,5.916723054270687,0.699618109247991
2023-02-04 18:52:56.916907,series_5,1.1229409436054472,0.9006921461556049
2023-01-04 04:00:00.000000,series_1,2.3636824349836965,0.0
2023-01-28 12:20:18.910026,series_1,5.087345544700904,0.5767562584783879
2023-02-18 20:46:04.666335,series_1,7.749836206494108,0.9381815501431552
2023-02-01 08:15:56.013858,series_5,8.001447057389585,0.9586614152884144
2023-02-10 04:29:41.053871,series_1,9.203155911074646,0.5107389817623481
2023-01-01 19:47:18.997190,series_4,6.975020285584282,0.9630705603210252
2023-03-08 03:47:43.622232,series_1,1.0614590019274484,0.5240533516948792
2023-03-28 16:52:25.197997,series_1,5.349618033071192,0.9946507266148272
2023-03-10 00:20:53.806350,series_1,0.6998104751371159,0.5051147062032795
2023-01-27 19:02:02.901408,series_5,3.684177656377916,0.7828613486687563
2023-01-26 01:24:48.251877,series_4,7.028665758898033,0.8310768441900287
2023-01-13 17:32:51.183487,series_5,0.2735577232017738,0.91353803517918
2023-03-03 15:19:21.391848,series_4,5.096057169555859,0.7639829428346192
2023-01-20 22:04:20.863531,series_1,1.2063281352043842,0.5339597444532276
2023-02-11 21:45:52.501725,series_5,3.048594546055845,0.8607345240409853
2023-03-17 15:08:25.822521,series_5,7.743421170833399,0.465393152182645
2023-04-10 16:03:46.855161,series_5,9.71220370028695,0.8601600282051733
2023-03-14 09:02:40.875056,series_4,7.351912550792004,0.5658598884848923
2023-01-26 08:13:47.521817,series_4,6.64307539590883,0.7154969237022963
2023-02-22 14:57:34.509644,series_1,8.157803342129528,0.7358042065953008
2023-02-20 20:55:57.897453,series_1,0.248488536903072,0.6541940220220737
2023-01-02 12:11:16.673540,series_1,6.5619680831204885,0.7494099841970261
2023-01-06 23:41:59.027518,series_4,9.614918010156304,0.4740035967945523
2023-01-07 00:47:41.614349,series_4,9.659826050972097,0.9197942863819324
2023-03-15 13:03:56.786893,series_4,4.619095098937779,0.7798070626177771
2023-03-13 18:54:31.160795,series_1,5.948294553044691,0.7863024456018419
2023-01-06 20:16:27.364567,series_4,8.474989770395489,0.5927456683254032
2023-03-05 22:05:44.981193,series_4,0.6275080024411372,0.5659721920947562
2023-04-05 07:27:04.908077,series_1,8.170941737650443,0.6405244985216714
2023-03-22 19:09:33.260185,series_5,6.544053511634918,0.5965198811679937
2023-03-20 16:00:06.745084,series_4,7.718276444017297,0.8838560183009244
2023-03-10 20:03:34.018262,series_1,3.773614598529101,0.9557729471475076
2023-01-28 23:15:05.672551,series_5,8.323141036594077,0.5938879749908688
2023-03-27 03:37:23.261077,series_4,8.37749726558124,0.9376864452421032
2023-03-21 12:50:09.097678,series_1,2.8525653671275557,0.4866691633241584
2023-01-19 15:05:18.937567,series_1,6.841280442451324,0.4732979025341122
2023-02-07 10:59:16.714069,series_5,1.6443917753020365,0.6051647621946034
2023-01-26 07:51:21.415105,series_4,8.609194927618974,0.5465768828694118
2023-02-13 08:37:49.718732,series_4,6.138840022340225,0.6266535394104077
2023-02-24 10:08:32.973193,series_4,6.154876922344683,0.9319425200969748
2023-01-24 12:11:47.647119,series_1,2.053802431614634,0.6654510694133478
2023-01-25 13:55:40.704588,series_1,8.600429090224265,0.568143439649327
2023-03-03 01:28:47.876095,series_5,1.7603067171833242,0.5579643173131212
2023-02-14 10:06:34.388293,series_4,2.960852624179291,0.8694271514787903
2023-03-01 11:07:54.114975,series_1,5.2922322982092265,0.7564078940953846
2023-01-07 16:50:35.509819,series_1,6.098359240512318,0.8076553141955615
2023-03-07 02:30:08.289510,series_5,7.006432490062666,0.9626420244656348
2023-04-03 12:16:27.586386,series_5,1.1054252264326905,0.8254415171291855
2023-02-09 08:36:07.432515,series_5,3.29781949177014,0.7790090022275236
2023-04-09 09:26:09.392957,series_5,7.991662024287765,0.634132411676464
2023-01-11 01:52:08.102592,series_1,6.077487320975923,0.5455316834194196
2023-02-03 15:31:11.500636,series_4,5.467696824236255,0.8594450742002475
2023-02-18 18:26:41.804752,series_5,5.108732720640354,0.4165006425674338
2023-02-14 04:40:09.482830,series_4,2.3840073996489552,0.9081116526823284
2023-02-28 16:16:16.685814,series_1,2.220864238648661,0.4563073555528805
2023-03-08 10:54:01.628567,series_4,3.5226157685301054,0.934095701669908
2023-01-02 11:47:35.172414,series_1,9.81559260243228,0.0
2023-02-01 01:16:07.605934,series_1,6.8708132906539845,0.4937385995310625
2023-04-05 05:38:05.468025,series_4,4.418647301628239,0.8123258084190028
2023-03-03 02:42:43.930481,series_1,1.1290941272655777,0.695105732516589
2023-01-22 14:00:03.430262,series_1,6.996554860114285,0.513203371980563
2023-01-30 04:23:15.091368,series_1,3.4320353379077915,0.6032217525048299
2023-02-04 11:23:02.694097,series_5,0.9912081283466212,0.9974937184156524
2023-02-06 19:07:57.442815,series_4,1.402381334120112,0.4407740252585452
2023-04-09 21:35:46.833822,series_5,6.3047782947907125,0.6318339649478311
2023-04-09 23:25:53.097683,series_5,2.479168737735887,0.7097042473125822
2023-04-07 20:48:00.216428,series_5,9.56423363110652,0.7588795166515865
2023-02-24 23:16:48.174640,series_1,6.7809809108436045,0.4706225845171762
2023-03-05 12:41:45.458815,series_1,1.519193948954658,0.9551102550996168
2023-02-05 21:22:30.999050,series_4,4.769153643760909,0.8281845224165387
2023-03-11 17:19:05.822747,series_4,0.0548488110705813,0.787133843502084
2023-02-21 21:31:02.770224,series_1,7.301694475103,0.8018914701984294
2023-01-04 03:00:00.000000,series_1,2.829638995745886,0.0
2023-03-25 18:13:07.037735,series_5,0.6290562209577877,0.8729712312896494
2023-01-17 11:51:02.385720,series_4,4.470400986596194,0.4599249262205496
2023-02-28 22:54:34.192066,series_4,0.2366245128387967,0.6178476265846792
2023-02-25 11:12:17.450584,series_1,4.408386254797959,0.9063117473134537
2023-02-09 06:08:36.984111,series_4,5.501013435938706,0.9031917937683428
2023-03-09 23:50:00.129564,series_1,2.499991829907428,0.632653926924163
2023-02-28 07:23:10.395234,series_1,8.321596395741253,0.8063387774441274
2023-03-18 07:00:06.138827,series_1,8.134427275580578,0.7771579305833283
2023-04-04 06:50:40.054752,series_4,4.727480605496198,0.6360620983946141
2023-02-26 18:35:00.727202,series_4,6.462091159311965,0.5448558683299016
2023-03-31 09:16:28.745724,series_5,9.387019204340517,0.8751851166698724
2023-03-04 02:45:45.237478,series_5,8.97466832542743,0.9259305265895144
2023-02-13 04:38:00.215357,series_5,5.44012977118495,0.5392165730529499
2023-03-23 20:41:42.985563,series_4,4.938159654892007,0.4001470922744164
2023-02-03 21:58:17.061814,series_5,7.812024897307007,0.892539138487316
2023-03-05 23:09:35.655392,series_5,3.8208681182688906,0.6226139117397524
2023-04-06 05:20:14.945030,series_1,3.724581286114579,0.5230345283283425
2023-03-18 10:22:59.651303,series_5,7.689585955957224,0.5748647823112615
2023-03-04 20:20:12.608985,series_1,8.765104644898358,0.4074006110692353
2023-03-12 15:24:12.145786,series_5,9.421752202866186,0.6985033885117936
2023-01-11 00:26:21.125515,series_1,5.077977418372274,0.5557773524808616
2023-02-19 22:55:27.584104,series_4,1.7845638553447762,0.5575889830532212
2023-04-05 03:19:27.052341,series_4,6.003051250255725,0.8771365779054654
2023-03-06 17:34:46.033281,series_1,7.447922834308321,0.9637388776983096
2023-04-10 12:45:27.252672,series_5,3.494396846285865,0.9161042750160568
2023-03-06 02:59:03.463805,series_1,6.166863501112861,0.9958964602020012
2023-01-23 06:11:43.976427,series_4,9.83536817090404,0.5615408323390346
2023-02-16 15:45:39.769588,series_5,0.5416446190331459,0.6403451592241244
2023-01-12 21:56:14.586346,series_4,5.9903722910152055,0.8389673831671287
2023-01-05 09:26:00.227017,series_1,0.8642585134586467,0.8917768161312917
2023-02-10 05:30:30.876805,series_1,4.749132597946001,0.7820208870342007
2023-03-03 00:06:07.109466,series_1,5.05266976315522,0.5732414666383329
2023-04-05 16:23:32.943172,series_1,1.6055024231734294,0.9637071480292564
2023-01-11 23:13:56.393680,series_4,5.207494205696202,0.9853210972670476
2023-02-14 11:25:26.336848,series_4,1.6637741447744148,0.6185232636418991
2023-01-23 13:55:58.125657,series_1,6.538231028427197,0.6325120199050305
2023-03-08 16:59:55.396326,series_5,5.788299136459127,0.6999904096138075
2023-03-29 16:18:08.142736,series_5,3.813186857169375,0.432025697938071
2023-03-18 01:54:16.008084,series_5,6.932795847557342,0.7055224420253304
2023-01-04 02:00:00.000000,series_1,3.191267952591309,0.0
2023-01-26 18:56:19.531139,series_1,5.437070277296994,0.8768709428230645
2023-02-05 17:58:58.983051,series_5,4.555931264285929,0.0
2023-03-07 16:13:18.735833,series_4,1.0683469264181331,0.5322693224677015
2023-01-17 10:34:12.464602,series_1,1.7769881415434696,0.7770495887527622
2023-03-11 11:57:46.503549,series_4,7.65555929700218,0.5061534085190728
2023-01-21 04:19:14.216312,series_5,6.234828366158391,0.7992452663728258
2023-01-25 20:00:00.000000,series_4,10.094939478009598,0.0
2023-02-21 08:35:54.765368,series_5,9.660561694482396,0.6369894848192577
2023-01-10 04:51:18.374796,series_1,8.995162569912452,0.8506705959975076
2023-02-21 00:12:08.961357,series_1,2.950454568211671,0.6933103090172774
2023-01-10 12:31:08.469888,series_1,2.891829704895396,0.5441456292163481
2023-01-30 21:27:53.135466,series_5,4.824218476963241,0.8637228569838964
2023-02-04 00:22:22.372881,series_5,6.257001382331312,0.0
2023-01-31 12:47:22.242846,series_5,1.8770149498166036,0.7044280534072287
2023-03-09 19:42:28.990232,series_4,9.803372368792823,0.6033072960536202
2023-02-03 14:18:59.252130,series_1,9.31352007827151,0.8448758308025417
2023-01-28 09:21:21.334057,series_1,0.4185256836262174,0.8865002351177229
2023-01-21 23:51:35.204016,series_5,8.565691060284284,0.5716648694677631
2023-03-05 00:47:24.172998,series_5,3.3251431891463943,0.7791710192169243
2023-02-10 01:56:17.706420,series_1,5.936059327744085,0.8502134250887678
2023-02-15 14:49:33.953237,series_5,2.8036237429938105,0.6110627164036362
2023-02-18 10:09:04.001161,series_5,6.758028935611505,0.5908179986133324
2023-01-05 19:31:19.303782,series_4,1.774549572289158,0.7299502760239263
2023-04-08 00:37:40.775036,series_1,5.805980189163583,0.6242200369242126
2023-02-01 15:54:50.873071,series_1,8.375019958577296,0.6028577364103676
2023-01-24 12:02:56.396477,series_1,3.752748901855045,0.6013895690885305
2023-03-22 15:57:36.396984,series_5,7.531586844220408,0.697953348130891
2023-01-31 17:33:57.599573,series_1,6.525803708213863,0.729673615781534
2023-02-18 03:35:19.664117,series_1,9.821182919975932,0.8819799389863995
2023-01-24 06:40:58.718739,series_1,9.568330469773452,0.6688586978322661
2023-03-25 23:25:51.015942,series_4,2.380159123667677,0.7146415465374545
2023-01-23 14:45:24.443658,series_1,3.6234941138639822,0.5193325121510848
2023-03-04 05:04:04.946404,series_5,6.695654030789424,0.8512725847310003
2023-02-18 16:19:48.528350,series_1,5.251371971749301,0.7890497209114702
2023-03-17 13:29:51.205088,series_4,6.07201614107006,0.6988685206976013
2023-01-15 16:45:51.187829,series_4,8.250768911975793,0.4552460732485445
2023-03-06 09:42:09.706509,series_4,1.3473862905205636,0.9958896502518793
2023-01-10 13:07:25.105410,series_1,3.895491117976716,0.8081489628592422
2023-01-02 01:50:57.542759,series_4,5.505008114983233,0.6547139658699902
2023-02-14 12:31:56.781342,series_1,8.826617638180288,0.5382914136607849
2023-04-02 13:28:39.768363,series_5,7.485359291984044,0.8693366643563633
2023-02-16 01:42:35.979149,series_5,6.968825998135351,0.4761043900944732
2023-03-29 01:04:23.578018,series_5,7.309761627138004,0.6053063662126887
2023-03-19 12:02:37.164314,series_1,3.613046438352844,0.791452089617739
2023-01-16 17:57:11.612254,series_5,3.383876205641481,0.6280631332511579
2023-02-04 12:43:20.500751,series_1,5.713256453841124,0.6572561615092269
2023-01-25 04:00:00.000000,series_4,1.719640282959331,0.0
2023-02-02 14:08:14.760650,series_5,4.210028830431751,0.5982772046202316
2023-02-25 22:33:07.862357,series_1,7.459816181525355,0.4150073943759889
2023-04-02 23:58:02.477454,series_1,3.868136778452632,0.7089583538178745
2023-04-09 07:44:22.102052,series_1,5.636541404979207,0.6121603328849875
2023-01-18 16:52:39.633221,series_1,0.4510828294069591,0.7600149151846337
2023-02-07 10:29:39.117163,series_4,5.824105440464783,0.4143151560544405
2023-02-03 18:50:50.847458,series_5,8.494809430355765,0.0
2023-01-09 10:31:15.396119,series_1,6.205473726566436,0.6800623721699455
2023-04-08 13:27:27.285880,series_5,8.494303448179394,0.42507624437006
2023-01-02 12:24:07.289623,series_4,9.904284140217255,0.9179316447991824
2023-02-27 09:28:17.107886,series_1,3.505383488320825,0.7512079044614122
2023-04-04 19:41:31.502973,series_5,7.076614752707488,0.9257008447014772
2023-01-30 12:39:31.363096,series_5,4.517076272183136,0.7881276628448655
2023-01-05 19:56:42.095714,series_5,7.055735438764836,0.6203727425177242
2023-03-09 07:40:07.950892,series_4,5.411180795471604,0.7373953338879524
2023-02-06 14:51:51.864407,series_5,0.8671275300049205,0.0
2023-04-06 12:27:05.421456,series_4,8.304241441021231,0.7692179782963204
2023-03-30 05:52:01.839644,series_4,1.0594118594544732,0.6439732441503864
2023-02-13 22:48:53.354221,series_1,9.909166347105517,0.9405846882122032
2023-03-03 04:07:45.843630,series_1,1.82148404216268,0.8475557032377122
2023-02-01 12:06:34.335431,series_1,6.459907039808397,0.899422696973983
2023-03-12 18:59:36.212035,series_4,9.899991614281353,0.6410800296740358
2023-01-12 14:25:10.011865,series_5,4.70674699179907,0.4928350956351772
2023-02-03 10:29:08.139326,series_4,6.008150288988187,0.6050778500428918
2023-03-02 11:27:20.117877,series_5,6.624762721146244,0.5733010182348055
2023-02-20 14:47:37.810488,series_1,3.7403890761135337,0.6366725681972341
2023-01-06 11:55:27.544758,series_5,8.304591598051504,0.9034314226419392
2023-03-22 15:13:58.706573,series_5,8.778154955287372,0.6376307576808325
2023-01-06 14:31:11.091576,series_1,8.639809002265652,0.5007589884593754
2023-03-22 19:43:21.226904,series_5,3.427768205437789,0.8572786518200997
2023-03-08 16:29:48.218805,series_5,6.736287377022888,0.807844554139096
2023-01-24 02:27:36.750548,series_1,5.965847508829913,0.8142684031979942
2023-02-08 12:33:33.559322,series_5,2.0368885202916225,0.0
2023-04-01 13:16:14.637471,series_1,1.8176785241624471,0.4430583827140228
2023-03-23 21:40:27.395405,series_5,6.28628838682515,0.7231538373535162
2023-01-05 23:58:51.633733,series_4,3.280148188354283,0.7212132725246581
2023-01-28 09:40:39.342627,series_5,8.68173008129374,0.4110070600985351
2023-01-27 03:17:16.621007,series_5,9.515602872065337,0.4157043968359809
2023-03-28 15:02:51.335168,series_5,3.7006751321117792,0.4963462907487462
2023-02-27 20:38:09.006927,series_1,4.825283864414765,0.4981012648756888
2023-01-13 16:59:48.231561,series_4,6.294554098688149,0.7649392620540184
2023-03-20 01:10:26.404971,series_5,7.589314520711467,0.9743924596937154
2023-01-27 20:50:46.367423,series_5,2.48745609600755,0.4407171715875267
2023-01-03 19:46:29.517726,series_4,8.61452959763868,0.9584242051885404
2023-01-30 08:09:44.330870,series_1,1.0661321173557303,0.6073969922938534
2023-04-02 04:45:39.348537,series_1,5.899271455375546,0.9484592470031638
2023-01-21 12:54:07.875197,series_4,5.392898215592012,0.6029186801933376
2023-01-08 01:51:18.073103,series_4,6.411338339447916,0.6747308396422445
2023-02-18 02:49:21.929897,series_4,3.280168580491829,0.850969381820822
2023-02-25 16:12:12.422704,series_4,2.620170007809925,0.4957842822915541
2023-04-08 18:29:05.082658,series_5,5.667020906098682,0.5661510146481075
2023-03-16 03:33:54.348462,series_1,2.713921891020159,0.8428881358584439
2023-02-23 05:07:50.857909,series_4,6.497330558190369,0.8477214346415833
2023-01-26 15:55:49.608364,series_1,0.6299487071810683,0.4720233209379342
2023-02-11 08:34:16.868188,series_1,9.061521236440324,0.4447722878287068
2023-01-11 08:25:30.385161,series_1,3.7050123690036254,0.8482976231441453
2023-03-05 19:23:02.537919,series_5,4.511746412635983,0.9558209941163436
2023-04-10 07:01:16.513019,series_4,9.33771920167623,0.7742445260118075
2023-03-31 00:01:18.716897,series_5,1.4939663394640534,0.8127264558013686
2023-04-01 04:16:35.181333,series_5,1.6029213026325029,0.80623928649776
2023-03-07 09:39:35.791265,series_1,2.9187895353707063,0.8578390368712348
2023-02-05 21:25:25.423729,series_5,9.722319688869122,0.0
2023-02-02 14:43:03.026883,series_1,8.76823574998179,0.545720582116162
2023-01-06 05:08:16.551724,series_1,10.26909293400836,0.0
2023-03-24 00:39:14.553102,series_1,2.057116966401731,0.968742900497838
2023-02-01 01:48:20.195624,series_1,8.7319969923975,0.6220613017043142
2023-01-23 19:38:20.703450,series_4,9.96173806576391,0.4627134713002704
2023-01-22 20:32:17.732841,series_1,8.64367011264547,0.4907379665091459
2023-01-16 02:38:25.884081,series_5,5.984253005838669,0.5589876330293805
2023-03-30 20:54:45.865203,series_1,2.37743931309234,0.4111666594661083
2023-01-20 18:47:50.275358,series_5,5.260453433902561,0.6955480426103632
2023-01-16 17:02:10.824726,series_4,9.9102461423529,0.8181010609229227
2023-02-18 09:29:27.714546,series_1,3.527657104071844,0.4424431443657634
2023-02-16 12:25:17.572227,series_1,2.3264592403216167,0.9554828284911596
2023-03-06 22:32:08.540997,series_4,4.400420824911137,0.8852523349030801
2023-01-25 22:28:41.034431,series_1,6.074989100822381,0.9230544090684762
2023-02-27 06:47:49.033178,series_1,8.488886956139886,0.846567961320724
2023-02-11 13:11:33.192121,series_4,0.4028998270910322,0.9488173660219796
2023-03-21 17:54:12.368234,series_5,6.06901056640639,0.5019536915030599
2023-01-20 05:16:44.061345,series_4,0.9208679469829884,0.8136626590473616
2023-01-31 03:57:44.396190,series_4,9.616881288516302,0.8291477651929164
2023-03-10 03:26:01.102200,series_5,7.175760096485803,0.8949054692400622
2023-01-12 14:37:07.004112,series_1,6.035078585006258,0.881847614761015
2023-02-04 13:48:09.285445,series_5,0.936853074033146,0.9123031099647286
2023-01-13 07:10:40.922582,series_1,4.239948064165276,0.9256982946516752
2023-02-13 02:45:50.543047,series_5,4.116904228445998,0.4604316123037967
2023-03-10 06:03:19.409716,series_5,1.976828494668339,0.4413377825638996
2023-03-13 14:35:34.348080,series_5,0.2828353747125522,0.7252116524734324
2023-02-14 15:51:44.438679,series_1,3.3963383941847614,0.756709724315304
2023-03-14 04:57:27.102831,series_5,4.856793997407404,0.5517813766848918
2023-01-06 04:19:04.043560,series_5,1.625835661157382,0.9542002596907856
2023-02-06 16:23:23.389831,series_5,9.033850062687614,0.0
2023-03-06 07:16:36.147830,series_4,1.433403170454289,0.5939431844115326
2023-01-16 09:38:40.477816,series_5,8.300817270705291,0.702351134529819
2023-03-30 12:07:30.705174,series_1,2.4445728970537206,0.863529808729819
2023-02-10 11:25:23.960345,series_5,1.5921502699737022,0.5000459257029897
2023-02-10 12:07:28.149274,series_4,0.4553492924694069,0.8209796001781222
2023-02-09 03:55:19.055970,series_1,4.623622146343756,0.8919568121205255
2023-03-21 13:28:26.040711,series_4,8.800955657015212,0.5978038568002526
2023-03-10 22:53:18.662370,series_5,4.620712269571717,0.7279341536145474
2023-01-21 02:18:34.371342,series_4,1.2377956750532626,0.5054060473478177
2023-03-15 10:44:14.692633,series_1,8.626566477388591,0.771851658929477
2023-02-01 08:04:18.150284,series_5,8.41965283357874,0.7847426733157773
2023-01-31 19:00:00.000000,series_4,1.8506542577968328,0.0
2023-02-04 21:19:16.471934,series_5,3.7123237788561143,0.700244960307923
2023-01-02 14:43:53.502795,series_5,2.8063490050345328,0.6956524648475729
2023-03-15 23:18:22.316361,series_1,8.256299771226718,0.939982992171406
2023-02-18 20:17:37.024901,series_4,0.4276624793149064,0.4833091624354197
2023-02-19 14:16:11.491507,series_1,4.51087724102885,0.996172273375764
2023-03-06 11:46:06.433374,series_5,4.443012854531027,0.5329978474665288
2023-04-06 00:25:00.068483,series_4,9.347303409611053,0.4084434678679675
2023-02-17 04:50:16.078615,series_5,4.118700488116117,0.4092361717609679
2023-01-07 12:29:02.253264,series_1,2.5174281587729643,0.4589517144550987
2023-01-11 21:53:54.779827,series_1,2.119003793738562,0.987283930155876
2023-01-03 02:40:44.244426,series_4,6.873117007502064,0.5419380624815023
2023-01-08 03:30:48.083221,series_4,6.044862415075292,0.8032435061416867
2023-02-18 13:27:56.709523,series_5,4.879979854243921,0.5870150332676194
2023-02-12 06:59:02.619409,series_4,1.8068759143943924,0.8369668229647966
2023-02-28 01:04:09.362395,series_4,5.841881076576861,0.5728841952345536
2023-03-28 13:56:37.419265,series_5,3.4045614453269444,0.603564526710885
2023-03-30 09:53:03.603457,series_1,8.097139190422151,0.882237157443857
2023-01-31 13:19:34.918879,series_4,3.0825503072569926,0.6453469129166073
2023-04-07 04:54:32.050710,series_4,9.06751776782166,0.676124034761395
2023-01-02 00:19:35.074936,series_4,8.565945352690616,0.4943085786858366
2023-01-25 16:12:30.213721,series_5,1.1755124970618214,0.9571936949528632
2023-02-26 14:13:14.095464,series_4,4.011992244916243,0.6226197640025528
2023-02-01 20:39:11.950461,series_4,0.2019701509233706,0.4160304389155697
2023-03-10 20:43:41.687453,series_1,8.09188508931873,0.8516503715817205
2023-04-03 05:16:16.230013,series_5,3.7531771482982847,0.8647430138396899
2023-01-12 02:05:20.465978,series_5,8.236345609364927,0.8639270175723104
2023-01-30 23:14:41.676350,series_1,3.363144459241457,0.805935879718098
2023-03-22 08:52:29.303722,series_5,8.541775851948827,0.6562199185421604
2023-02-03 13:01:24.840223,series_1,4.869719458265153,0.6347186019914302
2023-01-29 12:51:38.129389,series_1,9.298842045289916,0.9415297577639782
2023-03-25 00:26:41.912178,series_4,9.5602184868372,0.9990547391003816
2023-03-27 13:59:59.320285,series_5,4.635637943968214,0.6201895184343178
2023-03-22 23:37:02.430656,series_5,8.563841536909942,0.8341703598353912
2023-01-11 12:00:44.901225,series_1,4.887398253270607,0.4196027218500827
2023-03-27 23:37:04.737904,series_1,3.89813339516096,0.6815435294470849
2023-01-31 20:00:00.000000,series_4,1.893953521967236,0.0
2023-02-21 12:06:07.367893,series_1,3.3662636598430886,0.8476462997112163
2023-01-04 15:37:25.225666,series_1,2.717704635139566,0.4454046212757125
2023-03-05 05:47:29.673527,series_5,9.270869568266448,0.7634642926680986
2023-02-06 02:18:18.305085,series_5,4.339523855967748,0.0
2023-02-18 19:54:29.903059,series_4,7.591839145184127,0.8441676097880343
2023-02-09 22:25:05.060702,series_1,2.943173459110492,0.9935795658377516
2023-01-04 17:28:57.931034,series_1,9.909065194511882,0.0
2023-03-05 02:50:04.567996,series_4,4.414870662549793,0.9968605117284306
2023-03-29 14:09:57.918858,series_4,2.497896053474,0.8180344143480442
2023-01-09 12:27:59.324020,series_1,9.93501058198692,0.6846724287774033
2023-03-14 22:29:56.110515,series_4,1.0342302114803248,0.808534501413845
2023-01-15 04:49:44.189066,series_4,1.9066456202877848,0.4144215265332187
2023-02-11 00:24:09.325138,series_5,8.982234718676876,0.6113481795631307
2023-04-09 20:04:06.664882,series_1,2.6739550400547376,0.5571378513462111
2023-02-16 00:06:31.920483,series_4,8.074958942665122,0.7031438520997845
2023-02-12 23:06:45.730109,series_1,2.290750956834894,0.4106112065017141
2023-03-14 16:54:33.176021,series_4,5.973504143361216,0.4123974704700297
2023-02-01 23:35:39.651611,series_5,9.665014246421109,0.8850861544786176
2023-03-20 09:58:15.661823,series_5,4.8475974193527085,0.7124111699765523
2023-04-07 17:03:41.937118,series_5,2.189911263464246,0.4560509583970458
2023-02-09 21:39:47.771515,series_4,0.4126121568575647,0.5158710998981504
2023-03-06 15:47:16.110497,series_1,4.0544421018414125,0.8439719638515537
2023-02-26 01:50:22.687734,series_4,3.701351761953016,0.6767905420857168
2023-01-16 23:38:39.013700,series_1,0.3654278630658225,0.8516863111463868
2023-02-13 10:09:25.066595,series_5,5.215721129744083,0.7979784630967268
2023-02-19 17:23:00.052991,series_5,1.3763627710163209,0.9083387297270524
2023-02-25 20:15:48.536469,series_4,9.643504455639462,0.641934772780183
2023-01-04 17:00:00.000000,series_1,6.38030546460782,0.0
2023-02-23 12:34:12.048134,series_5,0.939172336878984,0.9875385804308704
2023-01-03 00:19:11.735742,series_1,8.88453967111687,0.5124611494490762
2023-02-07 08:50:22.872968,series_5,1.83762174541644,0.6916531425890151
2023-03-11 17:06:52.756670,series_1,9.275559181358656,0.6887061612725989
2023-04-04 12:11:47.014719,series_1,4.188719970628703,0.5244712097987878
2023-01-04 12:00:00.000000,series_1,7.799702157235653,0.0
2023-02-07 18:47:28.486037,series_4,2.460312494752908,0.9623445199902942
2023-03-08 14:14:01.125982,series_5,5.135180441151332,0.5551477970630468
2023-02-19 15:33:42.735410,series_4,4.439291252932324,0.803827914842193
2023-03-21 03:00:22.949419,series_4,2.12675573517928,0.6084230348774351
2023-02-13 00:04:23.391031,series_4,5.478552362183562,0.4286361342900856
2023-03-09 06:05:23.811743,series_1,8.71844419407425,0.5605682625747075
2023-01-02 01:50:25.555382,series_5,1.4130977847725543,0.5595243239976786
2023-01-12 16:40:44.312563,series_5,5.884815669047498,0.4211795811925547
2023-01-09 17:44:00.881304,series_4,1.3532790095956715,0.6122013527729355
2023-01-03 07:47:44.237814,series_5,3.0623238993847868,0.9693239986736628
2023-02-23 03:10:48.814267,series_1,0.8191329164709649,0.9452669712690656
2023-03-06 02:32:25.657986,series_4,4.604146784199084,0.8033508680339032
2023-03-12 00:50:41.290238,series_1,9.846320325660692,0.8977367196660615
2023-03-19 11:58:36.763141,series_1,6.114393783886061,0.878268072079422
2023-01-08 13:53:23.570041,series_1,5.282336482665203,0.4770012614248999
2023-01-09 07:17:24.294401,series_5,8.85217223524336,0.8385614696995325
2023-03-19 11:42:53.035549,series_1,2.8872371299260147,0.8387650088152263
2023-02-11 01:09:12.542196,series_1,6.5116069039095015,0.6021960694024542
2023-02-15 16:52:12.600944,series_1,8.040055910472786,0.6244704082846129
2023-03-19 18:34:17.460157,series_1,0.5004874541854731,0.4900013413132184
2023-01-08 11:21:12.801692,series_5,5.5133685021437415,0.6435641351173843
2023-03-20 04:42:02.680911,series_1,4.2754271230581855,0.8207580662538667
2023-03-29 19:18:49.413522,series_1,0.3854943926077459,0.8152451933036301
2023-03-17 23:18:22.398999,series_5,5.009247382995625,0.8705841049751759
2023-02-21 06:15:31.890815,series_1,0.1584672005396392,0.8564918871470735
2023-03-23 15:29:31.345781,series_1,1.190438942820452,0.7944303391892376
2023-03-24 04:53:57.475665,series_1,9.61032085120721,0.4805726982925116
2023-01-28 12:21:45.028083,series_4,8.56142607916906,0.594327087651746
2023-03-10 19:17:00.956116,series_1,8.545405426488509,0.5460446788238035
2023-01-24 16:16:53.264081,series_5,9.191540410218854,0.9462762820605998
2023-01-27 15:41:54.295948,series_1,7.50098659850945,0.4142294490866194
2023-03-30 05:20:11.521805,series_5,0.2740084600752623,0.5862681879810846
2023-01-04 08:00:00.000000,series_1,1.028982308305763,0.0
2023-03-17 19:51:30.609541,series_1,4.59486031502975,0.4469174463421363
2023-03-18 04:42:05.074505,series_5,3.667352026606848,0.8222425254330894
2023-03-09 19:28:55.840952,series_1,4.907722227010783,0.900811643215936
2023-03-06 10:10:38.748942,series_4,1.434251736470148,0.5225819702483059
2023-01-31 01:00:00.000000,series_4,4.716921926349017,0.0
2023-02-25 22:43:23.327135,series_4,2.503141352220275,0.7199551362509861
2023-02-03 08:15:54.536026,series_5,2.118665200878476,0.502334599856152
2023-01-28 19:08:18.397384,series_1,1.4528527881323785,0.5639319795642336
2023-03-24 07:24:06.033412,series_1,0.8320998228579601,0.7213868623985262
2023-01-21 04:28:41.813592,series_4,3.524771618174255,0.5488243738236194
2023-03-28 07:47:34.646551,series_4,0.0629482150497851,0.8789597232961364
2023-02-16 04:30:34.407408,series_1,5.340460834307763,0.8770437594594552
2023-01-29 04:56:47.483407,series_1,0.1559927622578849,0.4927030280726926
2023-01-30 21:58:39.164723,series_5,5.525930915684835,0.7559692877696367
2023-03-30 09:33:03.386609,series_1,9.11145435504763,0.7540089187946089
2023-01-05 21:49:48.225486,series_1,9.803499449241148,0.4829673862320183
2023-02-19 11:42:50.068547,series_4,5.953932186783564,0.5484856947432806
2023-03-28 12:10:51.007058,series_5,5.390789455346279,0.4981516710908972
2023-03-01 23:33:20.222710,series_5,7.585951855449306,0.8728007535487293
2023-03-27 00:52:57.824900,series_5,9.52719505228324,0.4512963594700477
2023-01-08 14:28:49.077047,series_5,2.750940599154937,0.4488112747202666
2023-01-22 02:25:07.592063,series_1,7.974783869707112,0.8453160108875173
2023-03-19 19:43:48.481267,series_4,4.505597126793777,0.531267973501733
2023-01-24 12:43:11.040795,series_5,9.21569564820975,0.9172655913687212
2023-01-16 08:14:36.478159,series_4,0.0722124578833194,0.4053737452814716
2023-03-26 21:55:47.185208,series_1,6.117039023702276,0.5169502603346958
2023-02-08 21:03:01.306952,series_1,9.740171866399477,0.4844000920633794
2023-03-18 12:08:28.312828,series_4,1.346785777090613,0.5084509058922251
2023-03-26 03:35:06.815639,series_1,2.308826575459518,0.5924952131762518
2023-02-11 20:05:39.109280,series_5,2.0970250617881927,0.4692522948061193
2023-01-11 05:27:58.537492,series_5,0.7895995374968068,0.9573580595337244
2023-02-03 12:17:17.288136,series_5,1.061432755649315,0.0
2023-02-18 15:13:53.056583,series_4,8.091886442304302,0.4448235607801394
2023-01-25 09:53:39.803780,series_5,7.117206039309685,0.944091684345553
2023-01-04 15:38:59.407311,series_1,8.483211722301569,0.5807985617466089
2023-03-08 12:26:51.762709,series_5,0.2665906982920574,0.7644838357954296
2023-03-17 04:17:46.532264,series_5,1.5903510442954227,0.9715248297095848
2023-03-24 13:49:22.110261,series_1,3.3178571910843058,0.6063636132704194
2023-01-16 00:58:37.054112,series_4,6.757476564378199,0.6248296029546855
2023-03-09 05:47:21.343636,series_1,6.426926372483407,0.7672239461649382
2023-03-21 04:06:56.528497,series_5,9.812895368371803,0.5616712421426364
2023-03-11 07:49:21.996835,series_1,5.708228834824398,0.9857987440410508
2023-01-19 15:38:23.031889,series_1,1.8340290869319251,0.922064783399077
2023-02-28 17:46:20.329138,series_4,3.2569242157808684,0.7609340977564647
2023-02-20 03:33:49.198165,series_4,2.9897871280283272,0.7808713662277502
2023-01-01 14:23:08.900130,series_5,4.814104552436983,0.7476713151182679
2023-02-26 10:33:29.509875,series_4,7.6204476424580445,0.4792450164404409
2023-03-17 18:16:47.170470,series_5,3.249687638747422,0.8626767994554925
2023-02-06 22:42:42.711864,series_5,8.90076536953768,0.0
2023-02-16 09:58:19.841809,series_5,0.7586646307550793,0.7703728248478869
2023-03-09 09:55:21.205400,series_1,1.6186694943079103,0.6487344935658625
2023-02-02 10:04:48.476666,series_4,9.683935748300934,0.4334380015468017
2023-02-17 02:16:41.987230,series_5,4.243999243161575,0.9930188466326364
2023-04-11 02:17:03.652732,series_1,7.909264617724077,0.5696748285401994
2023-02-19 09:52:06.351647,series_5,5.137313256763481,0.7037376493926992
2023-03-08 11:50:34.043911,series_1,3.102891740638537,0.4044839305506829
2023-01-29 03:51:12.565311,series_5,3.278159116626529,0.580072271052387
2023-01-04 21:31:53.194598,series_5,1.018338862641438,0.7977547667556347
2023-03-11 06:53:32.139098,series_1,8.065789281558093,0.6127756840846871
2023-01-28 19:52:53.954566,series_5,0.5629396913244278,0.5246835827020713
2023-01-29 05:13:08.096047,series_5,0.916341650128062,0.8247224339668695
2023-02-20 07:04:30.312901,series_4,3.734682082799533,0.5796610391954419
2023-02-07 04:33:35.615862,series_4,2.220278370791947,0.7497121678954544
2023-03-14 13:33:34.870055,series_1,1.3358489016188413,0.4931423323324033
2023-03-10 11:09:24.541982,series_4,1.0231034882437495,0.4048430390634913
2023-03-16 06:29:06.876543,series_4,8.619775683520146,0.4321211739737248
2023-01-27 16:37:53.684211,series_4,6.129082743525314,0.0
2023-01-10 09:27:44.106534,series_1,8.94879237461357,0.7111501789560508
2023-01-15 01:51:18.839997,series_4,1.83604550693936,0.6665596134370169
2023-01-15 19:54:35.548981,series_4,7.944996151889905,0.7318892776020387
2023-01-27 08:13:44.055104,series_1,1.6383416293305408,0.5268038788959337
2023-03-02 17:06:57.481693,series_4,7.562510496113473,0.9964528002000442
2023-02-15 10:23:09.005883,series_1,9.626921938542644,0.940497130687792
2023-01-03 20:30:40.035868,series_5,5.603491204260129,0.7026283880717308
2023-02-18 15:06:05.223812,series_1,7.429231366625061,0.6653594707965862
2023-02-16 16:15:01.523867,series_5,4.6046936491029005,0.5922819918658724
2023-01-12 17:53:53.822863,series_1,9.45073479095058,0.8645550245011444
2023-02-04 07:29:29.491525,series_5,9.181075449174996,0.0
2023-02-20 13:10:11.126258,series_5,7.593156667375917,0.4933666655731603
2023-04-03 02:47:18.573606,series_5,5.489899573555793,0.8888064012813484
2023-01-13 14:44:50.064943,series_5,6.835228472451693,0.7117181733689375
2023-04-10 03:29:30.195809,series_4,2.8304479646652245,0.5953462374310723
2023-01-06 11:06:12.413793,series_1,9.96291168778492,0.0
2023-02-23 23:58:30.772935,series_5,9.351644855134452,0.8123931696424431
2023-02-19 07:49:00.116536,series_1,1.421353832621416,0.6897518596003893
2023-01-11 18:36:06.709298,series_4,6.435330594689508,0.9494916251875752
2023-02-28 09:02:19.619788,series_5,9.028154839341072,0.6017714744407741
2023-03-01 01:18:59.656545,series_5,1.738038636325523,0.449796661941963
2023-03-02 22:17:15.435820,series_5,6.186398056827783,0.8157625417142036
2023-01-03 09:22:22.121368,series_5,3.765938855326234,0.7857734821174882
2023-01-30 09:59:42.940643,series_1,9.382627975736243,0.7861819193784167
2023-02-04 15:20:30.986548,series_5,2.3200117698865608,0.8161606876683706
2023-03-29 08:21:01.908852,series_1,6.495842014838887,0.6928184525727605
2023-03-19 11:25:17.868378,series_4,4.088735453174156,0.9679728553963762
2023-03-21 02:16:06.137852,series_1,2.737767256469556,0.6821546685054138
2023-01-31 09:00:00.000000,series_4,8.939789941575492,0.0
2023-02-14 18:47:05.058107,series_5,8.102625034607527,0.5519736091354194
2023-03-08 07:49:24.307843,series_1,9.168028739241064,0.9256532350127098
2023-01-17 09:34:39.758279,series_4,3.529394005794627,0.9293289517653408
2023-02-08 07:20:19.845257,series_4,4.447998593879914,0.8059409777030528
2023-01-31 10:00:00.000000,series_4,9.21502071248545,0.0
2023-04-10 09:02:36.562806,series_1,5.879471867459247,0.4290673734850034
2023-01-25 14:36:38.772489,series_5,0.3957509696198602,0.9744576461636362
2023-01-02 11:52:15.148957,series_5,4.460110297925002,0.6355265185129967
2023-01-22 03:29:03.917388,series_5,7.132066467054812,0.7607696915981204
2023-02-10 14:43:49.619955,series_4,0.7972193880631551,0.4271017493259802
2023-03-05 20:48:42.719133,series_5,5.928103516129054,0.5172293113427934
2023-01-14 14:16:06.574590,series_4,6.033545844058849,0.5879710558516559
2023-03-14 09:57:47.335916,series_1,9.1817177743405,0.4921045327597764
2023-01-15 15:16:37.475423,series_4,7.220870888689932,0.6596687595933023
2023-04-01 10:00:37.360382,series_4,0.4362879517258555,0.5620103611224967
2023-02-12 22:41:09.127523,series_5,4.139868564625378,0.4175952090320704
2023-03-25 01:15:25.424421,series_5,5.6019644180205646,0.9408381123630176
2023-03-24 06:34:35.710910,series_5,7.1495375487540365,0.4309309572812455
2023-03-22 06:05:53.843694,series_1,5.5248937390012784,0.7770270964002188
2023-04-07 22:07:32.599455,series_4,9.516427364156089,0.527883116756344
2023-02-11 03:02:04.557587,series_5,2.5992507211175475,0.7704621728328112
2023-01-20 09:24:13.683175,series_5,8.004888998506901,0.7817697014316172
2023-02-05 02:27:27.457627,series_5,9.416404789675584,0.0
2023-03-09 01:19:00.569060,series_5,7.813981982033999,0.4322710720937947
2023-02-26 16:23:20.064937,series_1,8.692896239714365,0.5108301291440958
2023-04-06 09:37:39.657527,series_5,4.392971688684257,0.7454983451760746
2023-01-19 16:08:07.620693,series_5,5.625400665125863,0.6163045004758537
2023-01-27 12:05:15.571042,series_1,4.23229951286861,0.4129924333452957
2023-01-09 17:48:08.186840,series_1,4.448049050414211,0.6123898146457923
2023-04-09 21:09:52.791152,series_5,5.69542603964237,0.9917566607410644
2023-03-28 11:38:23.027511,series_5,3.0014978995870467,0.6870210392704449
2023-02-04 23:12:23.001322,series_5,1.5621196035748564,0.6874142479092119
2023-01-26 17:05:38.838987,series_1,4.745850685055859,0.4775451192288208
2023-01-30 02:35:42.581112,series_5,1.4399123876721986,0.802522782949028
2023-02-14 00:28:03.830875,series_1,4.324245380778628,0.6576850233608934
2023-02-05 05:26:21.190055,series_4,4.818467851324718,0.6736532749625224
2023-03-19 21:34:43.693778,series_4,2.145792251301746,0.4057579006357292
2023-02-28 10:00:12.279213,series_4,8.658129147881613,0.7455028729947715
2023-01-07 18:14:40.135010,series_4,2.081297050083819,0.8043920108881975
2023-03-13 13:50:20.204194,series_5,3.362130727353766,0.755980170313807
2023-01-25 01:10:52.568635,series_4,2.524364282583859,0.5397791530582938
2023-02-26 00:47:16.319187,series_5,1.635846825654823,0.5549570047282738
2023-02-15 17:59:51.696466,series_4,7.52426658893919,0.8754358334818031
2023-03-19 20:29:16.140433,series_1,6.022099910106824,0.6639764093814402
2023-01-03 05:47:16.708543,series_4,5.013684664393358,0.9762924510790708
2023-03-29 15:08:01.213045,series_4,1.3165094436286209,0.8004225045323337
2023-01-28 20:06:44.283718,series_5,9.632745054785731,0.5202211281502522
2023-02-11 07:49:48.016647,series_1,5.250973388797516,0.7750876677381151
2023-01-30 04:41:03.157895,series_4,2.2325080704574667,0.0
2023-02-10 23:41:26.741397,series_4,7.064761956840481,0.8426762364976035
2023-02-03 02:53:54.284108,series_4,1.2768858995418342,0.5849878784673882
2023-01-01 05:40:58.957254,series_1,6.039330633541673,0.908925341644484
2023-01-25 08:43:26.822316,series_4,8.071739678977902,0.4939550100062714
2023-02-14 19:53:57.423513,series_1,0.9900415944322016,0.5928603878316158
2023-03-31 02:34:47.107970,series_4,3.362914153633524,0.6138289661371801
2023-03-02 06:46:18.658947,series_5,3.957383815080716,0.5202614395930023
2023-02-02 08:30:02.061761,series_5,7.5847446909652385,0.8036884391654613
2023-01-18 00:22:49.219862,series_4,3.1306417223955627,0.6923019243149586
2023-03-22 12:27:54.200894,series_1,6.728166793959497,0.6010697469444549
2023-01-09 01:56:13.420428,series_5,2.2540191805670484,0.6293393363232445
2023-02-21 15:53:31.543547,series_5,3.2753109069916664,0.7184449182027135
2023-01-03 11:52:58.413387,series_5,4.211145480121808,0.7379989422970079
2023-01-22 17:49:34.948458,series_5,4.898573076588613,0.6499371189696669
2023-02-09 10:54:33.773591,series_5,0.6061535668012008,0.6456784604542303
2023-03-31 08:38:34.257161,series_4,7.411380663582216,0.9098154877617264
2023-02-27 20:53:52.508329,series_1,0.4272214248632333,0.6824839959830116
2023-01-16 23:37:52.659735,series_4,0.9136606729728324,0.7031456531156814
2023-02-09 10:32:33.883027,series_5,3.673707736293684,0.7655046818022786
2023-03-15 02:14:58.821437,series_4,7.962706581052008,0.6949208447485091
2023-04-09 14:59:17.303996,series_1,2.4469176949219165,0.7310923071222755
2023-01-04 18:00:00.000000,series_1,5.875184260370579,0.0
2023-01-23 14:38:51.212166,series_1,0.7164792108958229,0.6273615329421964
2023-01-05 22:05:28.489247,series_1,7.310111448666364,0.8916932079671072
2023-03-01 21:02:59.864607,series_4,9.020849424847722,0.5498407273749003
2023-02-19 18:34:53.173236,series_1,2.695282858987392,0.7801097978864446
2023-01-05 12:27:47.855532,series_4,5.918236865924701,0.7031432982149914
2023-01-23 03:23:53.161240,series_4,7.124612003935392,0.5502582733617397
2023-03-21 14:18:42.851451,series_5,9.54432510023253,0.5985606887870474
2023-03-26 03:14:12.653154,series_4,4.161007151960989,0.9701235725999672
2023-02-06 01:07:08.845111,series_4,1.1345194917378032,0.6012199114366974
2023-01-04 14:38:36.663503,series_5,7.31271201864788,0.9762791117769808
2023-01-25 13:32:13.039857,series_1,0.4502543023498406,0.8644651212685552
2023-03-24 15:56:19.193366,series_4,6.385552788298629,0.5079076121497017
2023-02-13 13:50:03.021473,series_1,4.165098790501139,0.6699633908537643
2023-03-03 20:29:09.267634,series_4,7.147483714157027,0.7785012590849285
2023-02-23 03:08:56.768279,series_4,3.994447240792261,0.7205540511665998
2023-02-19 09:40:27.201032,series_5,2.766671679239173,0.73274816225315
2023-02-14 06:19:15.326906,series_5,9.14809454470494,0.6229577505530443
2023-02-27 08:31:00.781334,series_4,6.287982797975525,0.8399514213788537
2023-02-22 10:46:57.383072,series_5,2.590719266952598,0.7607451709065418
2023-02-28 23:38:57.960924,series_5,0.621984814494706,0.8272601519257925
2023-01-30 21:01:32.104334,series_5,7.897911825853042,0.6621263326473366
2023-01-18 21:51:19.309352,series_4,3.7414029917225777,0.697215077670515
2023-03-13 07:24:46.582007,series_4,9.27356803338786,0.5298517024784339
2023-02-11 04:50:51.744857,series_1,6.748828167535259,0.5986200705559958
2023-02-15 22:34:03.885499,series_1,3.938496605012458,0.52063428146162
2023-01-18 07:10:46.248796,series_5,4.147448473582191,0.7030635757202063
2023-01-25 12:00:00.000000,series_4,6.255388277651545,0.0
2023-03-20 12:15:56.222800,series_4,9.312427725690576,0.8129250113334863
2023-04-10 11:02:45.430044,series_4,4.634875879798232,0.6068062307782975
2023-01-05 23:18:37.241379,series_1,10.072124603625,0.0
2023-02-26 09:39:07.197597,series_1,3.619528812002488,0.4944875823049692
2023-01-21 22:07:15.762815,series_1,6.306910697931269,0.8755089056849776
2023-02-23 16:30:48.085357,series_4,1.0801069006420383,0.9628533600457092
2023-03-10 15:51:39.916555,series_1,0.4028669652403094,0.5458964978533982
2023-01-16 02:48:52.371350,series_1,5.340404609829907,0.8541847231988461
2023-02-10 22:17:48.861554,series_1,1.784164766205839,0.5640517239879648
2023-03-13 11:40:31.231320,series_4,4.239026382455656,0.8274726624425619
2023-01-16 07:40:39.801957,series_4,6.291230058161895,0.8251491832667077
2023-03-04 09:42:38.176794,series_5,8.523605592867243,0.7740384359803497
2023-01-13 06:23:29.116620,series_1,5.009980303463696,0.5476843822923247
2023-01-17 14:49:15.938251,series_4,0.5541524224138039,0.7585741293711501
2023-03-12 14:57:59.398636,series_1,1.229931037951103,0.7542482965099819
2023-04-06 13:29:07.555725,series_4,0.0528258769414924,0.9792775610442658
2023-02-21 13:33:29.367380,series_4,5.107842288002446,0.8311160039422556
2023-04-01 19:36:21.064319,series_5,6.569262916618483,0.6421163156959708
2023-03-13 01:58:49.618289,series_5,5.348773882875021,0.8228224639240556
2023-01-10 16:24:39.088782,series_4,3.243452364687668,0.7538626644533027
2023-01-04 01:55:17.835417,series_1,8.932375355463568,0.5859663228622201
2023-02-08 17:35:43.949889,series_5,6.334648481708242,0.6270438028722611
2023-03-30 18:56:06.912173,series_4,2.092466733235812,0.4698093423945128
2023-02-23 02:59:52.597857,series_5,2.5636920888282013,0.6418771258892358
2023-02-02 21:47:08.621423,series_5,5.386305073610544,0.9470241341590616
2023-03-03 17:02:11.673134,series_5,5.5038667808525705,0.548032539826994
2023-03-10 23:39:14.006008,series_1,4.395777739002286,0.8747207226490116
2023-02-21 19:01:32.438225,series_4,8.798891987635173,0.7947445237044792
2023-04-02 16:05:31.333369,series_4,3.182248410512317,0.8679020284768217
2023-02-14 06:07:16.287121,series_1,4.7392856113723605,0.5861448839889866
2023-01-02 17:52:35.190778,series_5,4.339032114369625,0.8049528503775657
2023-03-27 14:18:34.830347,series_4,4.999126977986766,0.4307076677941755
2023-01-23 14:41:20.738228,series_1,0.2145715654096502,0.638103840096652
2023-01-24 18:51:00.045349,series_1,2.278632703394388,0.4449565149943765
2023-03-20 11:15:54.768194,series_4,5.1601183518521685,0.4437344782310713
2023-02-25 17:15:47.606981,series_1,8.585777617419378,0.9135662870240006
2023-03-27 01:42:04.894590,series_5,4.205117515421536,0.4505291428988769
2023-02-07 11:21:21.355932,series_5,8.146288752498998,0.0
2023-01-21 19:35:13.757494,series_1,9.65543358169633,0.7021313294040203
2023-04-01 09:00:41.679926,series_1,5.670859501757462,0.7860199666235057
2023-02-19 12:11:19.354264,series_4,1.2623434828275737,0.6281768767805198
2023-01-06 01:36:21.317144,series_5,0.5332331437641136,0.5216073381996619
2023-03-27 10:08:22.190216,series_1,6.248126432265327,0.5338168075351511
2023-01-16 20:23:30.699867,series_5,8.836044524377256,0.4493146638264143
2023-02-15 09:00:11.732826,series_5,3.426028115340681,0.7280441240984197
2023-01-20 02:30:15.851988,series_5,5.828108440817669,0.4023232830244582
2023-01-21 21:34:42.268031,series_4,0.6014336861083391,0.6242926769652337
2023-01-25 08:00:00.000000,series_4,4.216257852252022,0.0
2023-02-18 01:53:14.154180,series_1,2.6732042299756955,0.796957581937644
2023-04-02 09:10:20.675228,series_4,9.623901931151169,0.7436112474869541
2023-01-22 03:41:47.481942,series_5,8.03318984556055,0.8722677536526386
2023-02-10 17:00:44.003203,series_4,2.0018132135373423,0.9064468654752658
2023-03-01 11:36:00.717046,series_5,4.433852175691887,0.7243758051371578
2023-03-09 23:55:51.081044,series_1,4.711200150375047,0.4618380485333185
2023-02-04 19:26:16.131036,series_4,3.94306983904642,0.9830195803164664
2023-02-05 09:14:38.587852,series_4,8.578324858225598,0.8030557585726513
2023-02-18 19:11:15.079749,series_1,2.3308568619316805,0.7863533984418156
2023-03-19 18:59:48.986852,series_1,6.690279808497986,0.4878147035419239
2023-02-23 13:46:07.331560,series_4,5.186594844541224,0.5247647355224372
2023-02-01 21:32:17.911506,series_1,6.079219466847478,0.5888518711825895
2023-03-07 08:32:14.754464,series_5,3.3396779109989136,0.48302109827684
2023-01-12 01:31:22.248391,series_4,9.194381866420754,0.8191991593616823
2023-01-01 00:00:00.000000,series_1,10.18771826106254,0.0
2023-01-31 00:00:00.000000,series_4,4.155479804344995,0.0
2023-04-03 11:05:15.946221,series_5,0.5421681886752105,0.7972982997378026
2023-04-06 22:37:42.160595,series_4,3.7669350765851375,0.6513964244830752
2023-03-17 17:53:13.812815,series_4,0.7849247491012035,0.9705775221731944
2023-01-28 06:00:34.729428,series_5,9.589811829906164,0.8199408148229018
2023-02-20 02:44:01.288302,series_5,8.97343686866193,0.6081307740201503
2023-04-06 05:55:05.608768,series_1,9.880057139127976,0.6656074092514042
2023-03-13 05:57:56.868354,series_4,0.4544024567543181,0.596812443361964
2023-04-07 07:09:47.318771,series_4,2.7925352863909936,0.5395207963867291
2023-04-04 17:48:39.653361,series_5,2.6551844343135897,0.5469608411847257
2023-01-14 09:30:25.899751,series_1,6.155297369976193,0.9968629046377376
2023-04-07 00:08:18.328533,series_5,1.2552046126930372,0.4359252342559686
2023-01-09 03:29:05.820671,series_1,8.767172961421803,0.5323108673555856
2023-02-14 06:28:34.246514,series_5,1.9060466646486276,0.4229543212808492
2023-01-22 02:57:13.042392,series_1,8.46011031440222,0.4929871503238126
2023-02-01 20:00:53.994643,series_5,7.055886910575978,0.5795144099334769
2023-02-21 09:01:20.695824,series_1,5.552850304554373,0.8848197268513822
2023-01-28 00:48:17.996867,series_4,3.146381576324404,0.7080114535226547
2023-02-21 11:04:33.683755,series_1,2.920391525123894,0.429041104763884
2023-04-04 02:48:51.775147,series_5,9.838395715204602,0.5941345931234994
2023-02-23 05:14:00.949908,series_4,6.326489711770218,0.447197606423836
2023-01-08 01:19:01.505583,series_1,3.2218413855005434,0.697330882831269
2023-03-22 15:12:48.887489,series_1,1.932203568458526,0.8698017839724861
2023-04-04 04:27:27.645632,series_5,4.950818213301403,0.6002660813421491
2023-01-03 18:40:27.147246,series_1,0.5167167026357011,0.6911476724994694
2023-03-15 06:17:17.442816,series_5,4.615532292954109,0.8098405979696344
2023-01-18 16:20:07.878678,series_5,8.826777073199152,0.8035812646555167
2023-01-25 13:34:58.485541,series_4,3.421920811278354,0.7110091201592894
2023-04-01 20:18:18.911326,series_5,5.476465702334998,0.6168284500547498
2023-01-25 10:20:55.365131,series_1,1.571881895396009,0.961546097537558
2023-03-31 01:54:36.620099,series_4,2.6873828783013733,0.7988903971419081
2023-01-06 10:18:27.883829,series_1,4.600421393807975,0.713860158704785
2023-02-20 18:08:25.054551,series_4,4.441896874328373,0.6956088078775002
2023-03-02 22:24:14.073022,series_5,6.5188809575663615,0.4000180864324826
2023-01-15 10:05:25.430386,series_4,5.037199101974493,0.8439099810685233
2023-01-16 06:45:24.435272,series_5,8.597848887897037,0.7585190161184288
2023-04-04 05:58:39.534712,series_4,4.434197507926559,0.472057832178641
2023-03-10 11:37:15.211314,series_4,2.99423136409784,0.6174888243470821
2023-03-02 14:02:53.699125,series_4,2.7760808019050787,0.7807594774421422
2023-03-21 08:41:56.735663,series_5,3.636787107668864,0.6549593379071116
2023-02-23 09:42:14.065473,series_5,7.24843535210812,0.5094172682654474
2023-03-08 16:38:31.847739,series_5,9.074913974704694,0.955178479510694
2023-02-25 17:19:39.011326,series_4,3.452760981868047,0.451544743443498
2023-01-12 01:46:20.643466,series_5,4.534849447029682,0.8788229822355471
2023-02-24 01:04:20.318973,series_1,3.4455612729255747,0.7541786831051622
2023-02-15 09:18:47.861406,series_4,0.3802094045923354,0.819691511794088
2023-03-10 23:57:06.734999,series_5,3.255476957975895,0.5673054036900959
2023-03-22 19:51:32.222128,series_4,1.199779299215633,0.8403522287961553
2023-02-15 15:32:01.629442,series_4,5.563209826830727,0.9713299650302702
2023-01-29 20:06:18.947368,series_4,2.6346070486458344,0.0
2023-02-07 19:54:54.915254,series_5,2.4703293633864982,0.0
2023-04-03 07:21:30.944514,series_5,1.7482564763465414,0.6009049386753051
2023-03-30 03:51:45.497232,series_4,0.3895975641297,0.7845700038395598
2023-01-09 05:23:03.129606,series_5,1.1913073889820736,0.4093348763441967
2023-02-05 05:50:05.586834,series_4,2.2356990987673555,0.9727074681896682
2023-01-07 16:15:21.483061,series_1,2.932878301913714,0.7508234260835047
2023-01-29 13:25:26.871628,series_4,4.026761832372106,0.6642949451162714
2023-03-21 08:37:36.095972,series_1,5.423199223580502,0.7733319623685274
2023-01-19 08:46:52.639436,series_5,5.738936793582261,0.8161254684805604
2023-01-04 23:26:53.793103,series_1,9.741927523928492,0.0
2023-04-07 09:14:36.130413,series_5,1.818804951021548,0.76103730652426
2023-02-26 14:04:29.295852,series_4,2.707147437921095,0.7059871954085113
2023-03-06 09:42:44.673098,series_1,7.656074988934469,0.9478124612006004
2023-01-19 21:46:06.664451,series_4,1.1477346565897406,0.6595663006749013
2023-01-23 11:22:01.669952,series_4,5.95852121836928,0.6898671484271672
2023-03-12 21:13:31.423624,series_5,3.223387308263014,0.6147220768772179
2023-04-08 07:18:40.549891,series_4,1.235775112251123,0.7827261358493525
2023-01-23 15:30:55.688805,series_4,3.013556822072029,0.5470594851867324
2023-03-11 19:35:31.828704,series_5,0.6635619975439744,0.7175378285589084
2023-01-18 05:26:32.814651,series_4,0.843851255610536,0.575550741281815
2023-01-01 20:20:08.063581,series_4,2.389235966005692,0.7364696793541867
2023-04-03 08:24:44.292501,series_4,7.136958312027054,0.5358346690427646
2023-04-09 05:19:43.831961,series_5,9.600112783104848,0.4523142408432447
2023-02-03 05:57:57.966102,series_5,1.3004522967004728,0.0
2023-03-29 01:15:06.943571,series_5,6.380682750019421,0.5385515944067908
2023-02-04 07:15:15.254237,series_5,0.3895665991209975,0.0
2023-03-25 22:46:43.220738,series_1,8.815101930456228,0.4445213320229596
2023-02-14 12:54:01.333969,series_4,8.131857996332014,0.735651660810551
2023-02-11 21:43:21.963950,series_5,2.676648410810892,0.8335502735255642
2023-03-27 18:59:48.842853,series_5,9.531823746063331,0.7063551699254336
2023-01-29 06:51:23.964444,series_1,0.7969475066929266,0.8275337887705447
2023-02-24 15:58:21.893951,series_5,8.729034851916989,0.7649645629625439
2023-01-21 01:51:36.406172,series_5,8.959774902151654,0.9568946420758668
2023-02-14 08:04:43.664991,series_5,0.9107952909891126,0.6111045973782264
2023-02-23 06:32:00.276283,series_5,8.22214645677597,0.9593428567078498
2023-01-18 13:31:23.878710,series_1,6.008405228737969,0.8170973824128631
2023-02-13 14:00:59.779360,series_5,5.782679250593384,0.5561980420159777
2023-04-05 17:48:43.797271,series_4,2.015667284890015,0.7766916633057572
2023-04-06 07:55:59.142400,series_1,3.543017089228273,0.5371886407554048
2023-02-09 14:42:13.454744,series_1,2.6417562995088737,0.9985370891347458
2023-01-29 20:08:51.386037,series_1,3.1474651932146425,0.4120594965969555
2023-04-05 13:56:28.867470,series_1,1.3217752180971332,0.9010100262407932
2023-01-24 09:50:50.134695,series_1,3.726781765293717,0.6420483360429561
2023-02-11 06:41:55.582040,series_4,6.072585031970742,0.5844173002594849
2023-04-09 08:50:55.031048,series_1,2.4012027351274856,0.4374541664892791
2023-01-12 23:42:13.042609,series_4,9.823446187362928,0.52585763413258
2023-02-22 19:33:01.789861,series_5,7.959993936979878,0.5988325435480288
2023-02-05 07:18:18.985053,series_1,3.0504256787971604,0.6552747277799755
2023-01-31 15:00:00.000000,series_4,0.3647789339170702,0.0
2023-02-01 00:06:16.366876,series_1,0.6099551372251,0.6931861221074238
2023-03-14 15:52:18.938659,series_5,3.276600913723136,0.8259716066752338
2023-04-03 04:39:13.127043,series_5,5.818284674708587,0.7241449316475452
2023-04-08 06:39:19.012706,series_4,4.488209496261087,0.7937761628989708
2023-02-22 11:12:30.863727,series_5,0.9193897623142068,0.8268538527771558
2023-02-09 22:15:21.026793,series_1,6.808318752386109,0.9619159226854704
2023-01-07 16:07:08.036500,series_4,7.247735626415758,0.4218455490480591
2023-01-12 13:23:19.871871,series_4,5.78169695747154,0.7840782794065829
2023-01-31 13:18:52.413723,series_4,7.689941603803564,0.840208262517248
2023-01-12 05:42:17.248044,series_1,4.764246617789536,0.6591541252030451
2023-03-05 23:59:15.448520,series_1,6.017740317591102,0.6973732129808146
2023-01-11 12:05:25.429896,series_1,5.153688203418376,0.7994978848379819
2023-01-04 10:59:33.348194,series_5,0.090619488659811,0.7553450834248521
2023-01-22 20:34:01.185286,series_5,5.587874677536874,0.7470884472674518
2023-01-27 12:04:08.219781,series_5,5.503567327562504,0.9494092033626848
2023-01-17 06:00:21.446033,series_5,6.511100296718546,0.5418584898908501
2023-02-11 20:35:33.055423,series_5,0.4447342268172394,0.7676922503574675
2023-02-03 23:41:15.649917,series_1,3.9061253243682224,0.9016396454302508
2023-03-14 23:56:07.252063,series_5,9.005405407235559,0.4030265467939708
2023-01-14 00:04:41.720138,series_5,7.200338170633833,0.9930825425260168
2023-01-03 18:59:29.916023,series_1,3.4045785220939284,0.83662792171654
2023-02-15 19:11:43.907168,series_1,8.900191908514277,0.4298550493000811
2023-04-05 23:20:53.064716,series_5,8.58374610262445,0.6497943194587746
2023-03-09 16:57:57.225678,series_1,3.882917886935056,0.6721319232819103
2023-03-04 20:25:03.747143,series_4,3.985917637419406,0.8608332554786884
2023-04-01 14:54:39.804061,series_5,1.5395036936459872,0.4330508047425713
2023-03-31 16:57:27.068946,series_1,3.8417246898517945,0.8005786699147398
2023-01-07 05:27:19.555354,series_5,7.744573381040835,0.8923528070529708
2023-03-13 01:15:07.562664,series_4,4.6634904338600025,0.5848678381571535
2023-03-14 12:30:14.393845,series_5,2.955618059753768,0.8337972034546013
2023-03-25 18:49:48.021368,series_1,1.839712830053003,0.7914870382275019
2023-03-25 03:40:58.632952,series_5,3.495634933200184,0.7985881306914144
2023-03-04 12:18:08.528708,series_1,1.0463790990546495,0.8199420662666244
2023-02-13 08:39:43.847182,series_1,7.885990613729339,0.479648449959519
2023-01-08 20:29:59.772441,series_1,2.5553619269132346,0.7892059169418739
2023-01-07 15:27:48.783929,series_1,7.7545956292443154,0.6330156760383161
2023-03-18 10:52:07.781111,series_5,1.3457779346931398,0.7984913563520863
2023-02-07 01:52:22.343633,series_4,9.932203909051497,0.9303221117940588
2023-02-07 20:39:13.049978,series_1,0.9436814628028178,0.5611841689387886
2023-03-08 22:40:28.198387,series_1,0.8062495265947511,0.4688981501523068
2023-04-02 05:19:20.498667,series_4,7.814940661619798,0.4348108270143908
2023-03-18 18:44:19.160560,series_4,3.182100590944741,0.6556487183753374
2023-02-25 19:37:22.475496,series_4,2.1133291229955464,0.5715030340908306
2023-03-03 19:46:59.701870,series_1,6.532793681735391,0.8775500534506864
2023-04-04 17:34:12.008026,series_4,0.6037750556693633,0.403082174873716
2023-01-26 16:48:03.480955,series_1,4.567693888822521,0.4878609074135907
2023-02-13 06:10:29.291650,series_4,6.147547385497395,0.6911286786639219
2023-01-02 10:19:31.077072,series_4,0.4624114408862301,0.8085688296324316
2023-03-27 10:38:23.557672,series_4,4.728108954442264,0.6918076217306333
2023-02-15 15:03:31.964007,series_5,7.020292679173118,0.66107738647599
2023-01-11 23:09:23.440077,series_4,3.699825884921971,0.560025225969372
2023-02-17 08:11:37.082678,series_1,6.075354538927805,0.899186835624242
2023-02-12 00:58:41.056665,series_1,6.562552603270078,0.6081467618008105
2023-02-09 17:06:07.858054,series_4,0.6642526946664573,0.5352352246745935
2023-03-09 13:15:17.515768,series_4,8.471120109693173,0.7631192603320458
2023-01-01 11:55:51.724138,series_1,10.188647910989223,0.0
2023-03-04 12:45:34.949393,series_1,4.3543985795457285,0.8363551249675774
2023-02-11 11:27:59.548647,series_4,9.588582341624916,0.5049037899193175
2023-01-26 14:45:12.237963,series_4,4.677051123798441,0.5849284394238653
2023-04-01 02:01:18.687548,series_1,0.0831340562903681,0.5356271181029691
2023-02-13 02:59:17.957836,series_4,5.3773161056108245,0.7547755838724302
2023-01-07 01:37:15.604571,series_4,9.032064581434057,0.9915343844112288
2023-01-13 03:49:02.843611,series_5,4.6946490483037815,0.5933839725318264
2023-01-07 07:46:11.712170,series_5,9.988455399829604,0.6239329364268404
2023-02-23 13:30:01.489894,series_5,2.2139227135446227,0.9584860995079324
2023-02-10 00:14:18.483645,series_1,6.754232143695185,0.9994675973134014
2023-01-02 04:30:57.252947,series_5,7.987753624852004,0.6046743958859718
2023-03-18 17:13:13.435091,series_4,7.000950572497546,0.9945910993619116
2023-03-30 05:41:44.981789,series_5,4.7578961798932,0.6560066953355164
2023-02-06 16:07:52.239304,series_4,0.7489035685559864,0.7665508169640904
2023-02-23 09:10:58.160667,series_5,9.397259218734108,0.8329196096233258
2023-04-09 00:14:01.862046,series_1,4.1275980219568655,0.7516288830026346
2023-01-13 07:38:15.053833,series_4,9.935717927352265,0.8570953869239858
2023-02-26 21:15:01.611749,series_1,1.1619799111441331,0.67051102105926
2023-01-04 10:00:00.000000,series_1,0.632187352429449,0.0
2023-03-02 22:55:28.841087,series_1,5.773173360777983,0.7803013074856939
2023-01-22 11:54:29.094133,series_5,3.5600339399559267,0.6284284390050279
2023-03-08 09:09:08.605063,series_4,6.512768647900344,0.891135181129383
2023-02-04 10:08:44.242007,series_1,3.7697436199644505,0.5594765716607635
2023-04-05 00:44:00.248653,series_1,3.4316558828248267,0.9721882794481578
2023-02-02 23:52:52.881356,series_5,8.39017235178175,0.0
2023-01-01 10:06:29.752867,series_5,4.658488390137966,0.9894869263954992
2023-01-18 06:49:51.206459,series_1,1.2313230078804172,0.991836871264638
2023-02-25 10:30:13.090213,series_1,2.327265462078494,0.5450900752143109
2023-01-07 13:03:45.055343,series_4,4.128991405855293,0.4409519764518598
2023-01-29 07:12:30.672098,series_5,6.300536105383358,0.6516482865791768
2023-02-09 19:20:52.092997,series_4,1.0781768329008834,0.5475820501581246
2023-02-04 02:12:35.113212,series_4,9.613376760156983,0.5420109334346134
2023-04-06 22:16:54.447084,series_5,8.911542987326893,0.7358146647487891
2023-02-23 23:31:17.930464,series_4,2.5608963712230723,0.4692742629019243
2023-01-28 19:26:54.772999,series_5,1.7564497941776325,0.5640128475402157
2023-01-07 02:22:44.034449,series_4,4.421647745684326,0.762336129307683
2023-01-14 06:11:01.708858,series_1,9.547031126708172,0.4754502038851008
2023-01-19 10:01:33.754223,series_5,3.0359029163452265,0.8311456460598808
2023-01-17 22:07:11.192209,series_4,4.726716405094908,0.554596831227245
2023-01-29 00:27:47.951094,series_1,8.305628980697099,0.5561962759797274
2023-02-27 10:59:58.332638,series_1,8.791306901727737,0.878130176383682
2023-01-13 04:46:42.985627,series_4,7.37570143744542,0.6121865882269087
2023-01-31 17:00:00.000000,series_4,0.4674257310726587,0.0
2023-01-04 00:21:35.995739,series_1,3.2511943398716534,0.4190527732353079
2023-03-06 21:39:52.207807,series_1,3.5428215377923564,0.532595691492749
2023-01-31 05:00:00.000000,series_4,6.9235739020189975,0.0
2023-02-14 06:10:11.521723,series_4,7.415728859962355,0.4176644391593708
2023-01-28 02:54:27.223042,series_1,6.774532507165619,0.4429721504532736
2023-02-20 10:01:39.145755,series_5,8.999182051365338,0.5884657091160461
2023-02-17 10:48:07.917904,series_1,4.750322735345915,0.6449800581592195
2023-02-27 00:57:55.976869,series_1,6.282567274504201,0.8774807349262492
2023-02-06 14:45:19.456252,series_4,0.5794223539871923,0.9669503643517238
2023-03-06 23:01:57.061625,series_4,1.859652094230157,0.5501932768342495
2023-01-02 23:43:26.896552,series_1,10.222541344888528,0.0
2023-02-14 16:33:34.958568,series_1,9.216284597884584,0.5841252708064119
2023-01-01 04:02:53.185532,series_5,4.735903859686789,0.905587278987557
2023-01-10 07:02:25.588266,series_1,0.8522042079814063,0.7779404312647691
2023-02-26 08:58:31.779324,series_4,0.5995034984957959,0.6166836286132995
2023-04-04 03:13:50.058833,series_1,7.675688881142301,0.7368939969659751
2023-03-18 16:33:52.356786,series_4,3.444515176998729,0.9735273211783336
2023-03-13 20:43:07.675331,series_1,8.992167309348204,0.9864116335164346
2023-03-11 16:41:25.644635,series_5,4.574365975292976,0.7759515740454832
2023-03-30 22:53:19.814022,series_1,1.1675769656765311,0.7131770851389747
2023-03-16 10:26:49.492055,series_1,4.450116409915927,0.8583091543710692
2023-04-07 14:09:25.164008,series_5,9.480077575795038,0.9248880170004142
2023-01-10 22:08:18.523232,series_1,7.695962959275885,0.4680435912276113
2023-02-04 03:15:18.366255,series_4,2.579332008350802,0.4057097668418745
2023-02-07 14:53:22.522187,series_4,4.309387263821666,0.4077910251952069
2023-02-02 08:58:14.466378,series_4,8.840485454076772,0.7657931983556852
2023-01-07 12:57:01.113721,series_1,2.4866072300330666,0.6754717720487506
2023-03-29 19:35:14.372064,series_1,4.316943194295332,0.992458355510456
2023-01-03 16:58:12.067689,series_5,9.529750289850597,0.4883250226402075
2023-03-11 18:15:11.992180,series_1,8.64582758107779,0.5928027978034298
2023-03-09 16:33:52.609907,series_5,9.879267955777886,0.9748416106702676
2023-01-31 18:00:00.000000,series_4,1.0583744009664755,0.0
2023-02-21 15:30:44.204316,series_4,2.4301615941816115,0.8827263540240946
2023-01-24 05:40:32.343176,series_5,3.723530938007883,0.8711606107266658
2023-03-26 22:13:01.105494,series_5,0.472015699823497,0.6525483471160645
2023-04-02 07:29:16.598467,series_5,9.060811586395925,0.9765276380082148
2023-03-04 08:54:06.204548,series_5,9.181827444447814,0.6777273107506308
2023-02-08 10:38:09.532892,series_4,2.6624602970294777,0.7722461523251027
2023-01-21 20:46:53.281542,series_5,0.5358850867068421,0.8963987413718122
2023-01-25 14:11:04.212902,series_4,1.034604697100836,0.8799115364694619
2023-03-14 04:27:34.124624,series_1,2.715552059000496,0.849780110044461
2023-01-18 22:35:23.715404,series_1,3.54434039533584,0.5336050451931518
2023-01-28 15:25:06.985454,series_5,5.811237366296367,0.735629473225448
2023-01-28 11:54:11.704117,series_4,5.531864552331997,0.7619978013776629
2023-02-19 13:38:23.249101,series_1,9.57340595155496,0.5466210468428816
2023-02-11 01:13:22.660697,series_1,8.31307326008955,0.9016207411286412
2023-02-10 09:52:01.115014,series_5,4.42710493150144,0.6883912756924542
2023-01-14 05:32:24.926959,series_4,9.504089946760322,0.893290781463195
2023-03-12 00:00:35.125289,series_5,1.667528609834863,0.4590368471220843
2023-01-30 12:12:36.730213,series_4,8.906508462588537,0.4591286891421264
2023-02-05 18:27:22.886799,series_4,3.163216403663621,0.6758913612901499
2023-02-17 05:57:31.068219,series_5,2.3116279580734647,0.548908674592233
2023-02-15 11:33:07.591594,series_5,9.016916163764623,0.6429095744766227
2023-04-05 11:58:52.640977,series_5,5.942478158249741,0.9394605743164446
2023-01-08 05:45:10.846602,series_1,8.594482113432521,0.6352711780305915
2023-01-09 05:24:31.152915,series_1,6.418993579379821,0.7744889791135126
2023-02-08 10:49:36.013035,series_1,0.7508871727830824,0.8402800493833258
2023-03-12 06:50:56.699943,series_5,0.8105776165540612,0.9176685441241514
2023-01-23 13:56:04.611265,series_5,6.478142946348315,0.4017685832494468
2023-01-31 21:49:50.739390,series_4,8.963777389479516,0.5558471469104603
2023-02-27 08:18:46.631787,series_4,5.648571635031621,0.4794915521250563
2023-02-19 15:44:50.214820,series_5,6.52851701633948,0.9139065802322888
2023-03-30 10:31:23.624833,series_4,7.725822734104754,0.5720135511055956
2023-03-21 05:50:00.557605,series_4,2.701914786894173,0.9720152597201424
2023-01-18 06:20:52.097888,series_5,7.839240582149559,0.797883346566582
2023-02-25 22:48:04.749831,series_1,8.41699381389444,0.4596798247513814
2023-03-08 18:58:00.891006,series_4,0.708249461890722,0.6449522359351728
2023-04-10 23:14:52.577506,series_5,4.09467805913784,0.8011461743952958
2023-01-22 00:39:22.292147,series_1,0.7509300385481466,0.4956452435454181
2023-01-14 02:53:18.596342,series_1,1.0252283549033148,0.6410613757235618
2023-03-30 04:11:58.276171,series_5,1.364725807545588,0.9194724089553036
2023-01-28 03:15:41.208080,series_1,5.84220123523253,0.8495288455751699
2023-03-21 02:51:18.372564,series_5,2.6257722440269173,0.7087785270494276
2023-02-20 16:43:51.875362,series_5,1.2931600430690893,0.6196863900940385
2023-02-06 18:10:43.516420,series_4,5.774094034589502,0.4384722493838595
2023-02-22 13:36:09.146268,series_5,8.046825986661894,0.8495716893959409
2023-01-02 13:53:27.215296,series_4,2.4190234144049905,0.6419800253524044
2023-02-12 15:26:16.606796,series_5,7.459945389030054,0.9162589650569426
2023-04-09 18:22:22.306837,series_4,8.449178224410476,0.4717936357521118
2023-04-04 22:15:13.230853,series_5,0.680638353521541,0.6741116925080863
2023-02-16 09:22:21.272575,series_5,7.151762709966576,0.5137602777497768
2023-02-17 09:53:20.054116,series_5,4.161976888263837,0.4173065876577994
2023-04-02 14:27:05.686229,series_4,6.513868470367573,0.9044171715531693
2023-01-06 18:34:47.837851,series_4,6.665196330350879,0.8627740086733208
2023-02-12 19:16:39.031395,series_4,3.110064006319324,0.9633507176299424
2023-03-28 16:41:35.891605,series_5,2.9039776777428736,0.8031820034953612
2023-02-03 12:31:31.525424,series_5,8.35728017572806,0.0
2023-04-05 03:27:02.903959,series_1,6.37716716973885,0.8057677802955145
2023-03-08 10:15:01.196288,series_5,7.798875348403645,0.4356502671431037
2023-02-12 15:10:02.555576,series_5,7.181603266573192,0.5787633763110429
2023-03-27 04:59:17.594042,series_1,0.115042277362487,0.589444824378548
2023-02-18 01:31:48.265555,series_5,9.116228600350064,0.7155424350826188
2023-03-11 03:30:51.181339,series_5,3.7294805919000784,0.6908145194758992
2023-02-07 14:16:09.267885,series_5,5.859627692247356,0.7874153905621278
2023-02-19 00:31:50.646814,series_1,6.3196137117863564,0.4962836407013739
2023-02-09 18:51:17.038632,series_1,6.285897985320759,0.4718577441274623
2023-01-06 23:24:22.619958,series_5,6.067630639834434,0.6554647697519773
2023-02-15 12:00:56.763986,series_1,9.197193096145424,0.9681533337872889
2023-01-26 14:53:41.052632,series_4,7.340304772890805,0.0
2023-01-11 21:35:27.026965,series_5,2.8939764441298186,0.897443998305782
2023-01-22 10:27:35.774314,series_4,1.7809781466446306,0.9664691124174112
2023-04-07 08:48:43.874853,series_4,5.505081668406642,0.7613296866775991
2023-03-30 17:19:25.069643,series_4,4.8758794209117005,0.4059189173255624
2023-01-24 05:50:11.436210,series_5,8.541905393599203,0.805892251258301
2023-02-21 20:05:19.853499,series_5,6.124323910156784,0.9182639448291788
2023-03-20 04:32:30.405834,series_1,0.0429924596445685,0.8709142845062829
2023-03-11 22:06:44.088958,series_4,5.655185472416763,0.8608954424366535
2023-02-14 08:54:13.511823,series_1,4.290114820750311,0.7019718916558921
2023-01-31 22:59:10.552675,series_1,5.145800814892864,0.5711381879504496
2023-03-16 09:33:24.287619,series_5,1.3041738983424556,0.9834087257727356
2023-01-17 19:04:25.221180,series_1,6.908993849313529,0.7516307623931422
2023-01-25 11:18:58.707535,series_4,4.759758229175627,0.5629647413508136
2023-04-10 10:19:58.329652,series_4,1.5813976434337296,0.5476111232105931
2023-03-16 15:08:16.379071,series_4,3.49433709952761,0.4813623018465745
2023-01-08 20:59:04.875212,series_4,2.6041483511643526,0.8261039881825376
2023-01-30 07:18:48.722229,series_5,0.1939492512695795,0.5500352997910712
2023-04-06 03:47:57.021867,series_1,7.623617974390258,0.6944679949194119
2023-02-20 18:16:02.411523,series_1,7.664089442062004,0.6186406015471231
2023-03-02 05:59:06.377961,series_5,5.811167992896751,0.6843618628323969
2023-03-22 06:48:18.001425,series_5,8.867142691385165,0.8528554569900003
2023-01-31 03:58:36.166006,series_5,2.0272271685104397,0.6888853450737537
2023-04-03 01:58:40.588171,series_1,4.156061925664977,0.9106829663304722
2023-02-13 09:41:12.015328,series_4,8.452013710319793,0.403390748382194
2023-01-15 05:26:34.831593,series_5,0.2379689238244586,0.7007895654801101
2023-02-05 14:28:39.261260,series_5,1.1661699731515585,0.6055283737467059
2023-01-10 13:52:19.217285,series_1,4.94520331779711,0.4143267724910916
2023-04-09 05:54:30.322537,series_4,8.107053400059073,0.7902019026579572
2023-03-19 05:00:12.613986,series_1,1.8926425331576011,0.6576381885830989
2023-04-10 04:52:26.764208,series_5,6.496049347145877,0.5135989913787244
2023-01-29 09:43:39.591708,series_5,9.446426714159168,0.6127997339728264
2023-02-03 13:58:09.348545,series_4,0.0755199858709942,0.6971908783467817
2023-01-02 11:46:58.967134,series_4,4.134200257370713,0.6035644659964261
2023-04-01 19:02:10.246798,series_1,0.4745174002702779,0.8502127779226318
2023-02-05 15:06:06.101695,series_5,10.223947879085166,0.0
2023-01-02 10:46:02.287222,series_4,1.6568666035774715,0.7007315660208353
2023-03-09 23:28:22.608643,series_1,6.084056952449145,0.9181593019690718
2023-02-22 12:21:42.257242,series_1,8.444774284500408,0.5800482444061088
2023-02-21 11:15:44.330012,series_4,7.755934750073777,0.56467793091309
2023-03-01 16:09:22.974474,series_5,0.6517955354222738,0.8838011354054625
2023-02-11 14:37:39.346727,series_1,3.909972256869701,0.9068065745825288
2023-03-20 08:43:23.148176,series_4,5.252610308823741,0.774019487339493
2023-01-04 09:51:39.560023,series_4,9.529848020476283,0.6551576069177312
2023-03-30 10:13:18.523841,series_5,9.580423011517093,0.6821432332904036
2023-01-28 05:50:40.177817,series_1,7.339995590752074,0.4746997633369119
2023-02-18 05:16:53.387072,series_1,9.81269346100054,0.76890197288028
2023-03-25 12:13:53.722971,series_1,2.168354946189167,0.9490662696697956
2023-03-12 00:42:59.953400,series_5,5.989802372492884,0.5532717837601705
2023-02-12 07:41:56.482695,series_1,5.207316056675861,0.420389209535093
2023-02-09 21:24:37.266599,series_1,8.169222264335316,0.6536792304322447
2023-03-16 03:42:12.525706,series_1,3.777204855866356,0.6158027343698689
2023-03-11 13:41:43.402954,series_5,9.913451192888976,0.6919381132512152
2023-03-19 04:20:03.696283,series_4,5.862118051516365,0.5480529961278967
2023-03-05 06:45:12.709677,series_4,2.231944651440542,0.4768446540012699
2023-03-30 01:16:22.543663,series_1,8.587619928059912,0.5665954798664704
2023-02-10 18:32:17.785446,series_1,6.387789500491707,0.7152117750008274
2023-02-22 15:44:50.613619,series_5,9.291566583753545,0.6123457552346563
2023-04-11 11:32:25.221803,series_4,8.561819328494076,0.8476641409912378
2023-04-09 10:35:43.974984,series_4,7.499763874481482,0.794725410798089
2023-02-20 23:05:13.369013,series_1,8.922708896037378,0.9662895193144552
2023-03-22 19:20:53.205458,series_5,3.743884830447177,0.8288997353151817
2023-04-07 17:06:26.080428,series_5,2.2058603870538,0.9746206575509272
2023-02-13 11:44:34.329515,series_1,5.991597338419451,0.9130202622374808
2023-01-07 17:59:53.700044,series_1,0.8340295954460042,0.7847039478709474
2023-01-06 16:37:34.752312,series_1,4.117474165698541,0.556199079734819
2023-04-11 01:28:04.374848,series_5,0.948629908508537,0.4426125820084272
2023-01-10 08:06:02.432455,series_4,6.0967147630716525,0.6000750267185335
2023-01-13 10:14:31.639698,series_5,0.9752645211075606,0.7683705653848476
2023-02-11 10:20:15.575175,series_5,9.02158385685733,0.4575509588669269
2023-02-03 00:16:42.090999,series_5,3.5007089841925767,0.88264228689498
2023-03-07 06:45:21.915029,series_5,5.566632579883643,0.6688315841103432
2023-02-27 19:22:07.056501,series_1,8.096023552928472,0.7452383371954752
2023-03-01 11:35:29.269946,series_5,3.275609966185212,0.9986194236212574
2023-01-24 12:05:12.363579,series_1,6.2571500346925415,0.7167696082878283
2023-04-05 18:45:57.837796,series_5,0.4679507487931833,0.8376278657099883
2023-02-13 09:34:35.457625,series_1,0.4728274839638935,0.4210373272381417
2023-02-07 10:05:01.714346,series_4,9.29069633967668,0.5484799741738158
2023-03-13 05:13:26.847290,series_1,0.0282659214911773,0.8602902356980237
2023-03-22 21:04:54.612441,series_1,5.869446819982782,0.8384581719807018
2023-02-02 22:26:26.440678,series_5,7.536036655166011,0.0
2023-03-12 23:33:17.233801,series_1,7.517267968161302,0.4029818782417085
2023-01-02 13:10:23.582484,series_4,6.807595196497368,0.9795601782318965
2023-01-10 16:45:43.015842,series_4,1.506454366468134,0.9458011944634894
2023-03-26 02:45:06.178776,series_1,1.3181816113913023,0.6078601637438438
2023-04-06 16:57:46.101465,series_4,2.7911941734699464,0.8967749728525773
2023-02-26 12:44:54.343003,series_1,8.471786584879347,0.6677532289911727
2023-03-15 02:27:01.076764,series_5,7.896699114859484,0.578882991316346
2023-03-26 20:47:16.391640,series_5,7.999697619896917,0.6938542085114967
2023-01-09 12:41:51.467315,series_5,6.967603497026179,0.6587413065404824
2023-01-18 19:41:19.142853,series_4,1.3242596544633278,0.7037414668906758
2023-02-03 18:36:36.610169,series_5,0.96595005159015,0.0
2023-03-14 18:42:33.936896,series_1,4.299265056131031,0.9937586219847944
2023-03-31 20:06:31.271916,series_1,4.062795749323089,0.7607249985525837
2023-02-05 13:27:43.768297,series_5,1.8590647275766736,0.800201514020751
2023-04-02 17:48:04.307848,series_1,9.841195990338012,0.4457834347277696
2023-03-17 09:24:43.934609,series_4,5.01906127974747,0.7227401138377936
2023-02-20 05:06:31.311826,series_5,6.425437888754706,0.7301690652468951
2023-01-23 22:06:17.727736,series_4,3.914071106431737,0.5287166221075003
2023-02-02 01:08:14.409390,series_1,2.659664525649408,0.7427325998388054
2023-01-13 03:52:59.897113,series_5,2.503878569700614,0.7822306886133454
2023-03-05 11:25:07.423636,series_1,4.215584431671365,0.5439092872402613
2023-01-03 23:35:10.344828,series_1,10.110546942269192,0.0
2023-01-19 09:32:01.386702,series_1,1.3470141881110442,0.7233840874542037
2023-01-15 02:30:12.305400,series_5,0.9543491936101024,0.6601821612216986
2023-04-07 05:55:01.817802,series_5,9.430494444309142,0.499872317331739
2023-02-02 17:19:19.322034,series_5,1.6701963259564243,0.0
2023-04-10 08:00:00.059274,series_1,5.670585338152165,0.8326474053190083
2023-01-05 18:14:44.305899,series_1,7.290969049657562,0.5285151036966321
2023-03-31 03:46:08.411673,series_1,5.762083190844213,0.8568131499981763
2023-02-13 01:10:06.165477,series_5,2.9565845017690773,0.6534343177524158
2023-02-27 19:29:16.491687,series_5,4.555825413120847,0.6097611691381621
2023-01-29 19:12:06.147442,series_4,1.8447579143144957,0.8519798695022898
2023-01-05 15:01:20.812070,series_4,7.969696778862132,0.4922275468955765
2023-02-05 07:20:28.695098,series_1,1.882707978857048,0.4852129850064367
2023-01-20 12:54:57.896440,series_5,7.385530031863343,0.7193186101483597
2023-01-02 15:10:59.225298,series_1,4.754230631504698,0.6897945258568546
2023-04-03 13:16:37.465390,series_5,8.25483867452298,0.8724773198837485
2023-01-26 11:44:51.332291,series_1,3.3218333450767834,0.8316032155958538
2023-03-20 08:25:46.598863,series_4,4.469503202444432,0.6493402514100197
2023-03-22 02:58:36.961727,series_4,7.074065108003751,0.6519058604173497
2023-03-12 07:44:00.267172,series_5,0.2061679325329768,0.5337068652465692
2023-02-14 22:35:30.924808,series_1,2.819112169190139,0.6956581519000599
2023-03-25 13:45:18.079999,series_1,5.474405896397724,0.6108307722795242
2023-02-20 23:45:10.769923,series_5,4.680585839930014,0.6997523287920372
2023-01-30 17:51:01.371241,series_4,0.9350480843962804,0.7080210419630779
2023-04-09 20:42:19.065407,series_4,1.125410190684012,0.5950322764036782
2023-02-05 04:33:47.319249,series_5,2.1835188950724294,0.501474748235877
2023-02-12 12:24:09.712506,series_1,6.147653744166899,0.5885520417450767
2023-01-27 18:20:13.105452,series_5,5.590076188509123,0.5173530650398535
2023-03-12 04:27:33.005714,series_5,2.086382632277587,0.4749330427310057
2023-02-04 08:41:41.694915,series_5,5.789294868077973,0.0
2023-03-15 12:36:15.625717,series_5,8.809206720458631,0.5445748028604751
2023-04-04 21:10:03.857178,series_1,2.2386234131501768,0.6915733027488242
2023-03-21 20:35:19.607362,series_5,6.646466371489433,0.6640012767306629
2023-04-10 12:48:55.289815,series_4,5.757514129042809,0.9692139998819445
2023-03-10 13:20:58.073323,series_4,1.410671819993332,0.440203134227296
2023-03-16 23:51:58.111860,series_4,3.722441747608103,0.9588686301518782
2023-03-10 23:45:08.482207,series_1,8.567884302906428,0.948247757580642
2023-02-02 01:08:18.027458,series_1,8.735097630390204,0.8099452107549221
2023-01-26 10:34:12.688653,series_1,0.4921984041532212,0.8983936420063483
2023-02-20 15:16:43.275156,series_5,4.392150326297667,0.4787267393022924
2023-02-23 19:18:54.332039,series_4,5.529666193807565,0.4690691789474862
2023-02-16 03:33:09.250256,series_4,9.591318625605648,0.826816461754866
2023-03-07 01:44:57.250926,series_5,6.684986953054805,0.4355377481534619
2023-03-29 15:32:27.892247,series_1,4.490190937196187,0.778057836799559
2023-02-12 12:21:09.199269,series_5,3.448049543854545,0.452997642958009
2023-01-07 00:54:31.982684,series_5,1.8740885067381152,0.4228955455943599
2023-02-24 06:52:12.336645,series_1,3.018960695814582,0.9056374292639522
2023-01-16 03:08:13.888483,series_4,5.49484281737835,0.6211395634322783
2023-02-06 13:45:41.217054,series_5,3.5724344997786304,0.8070014266117133
2023-04-10 06:47:23.579686,series_1,6.301041122405354,0.4479166064549926
2023-04-01 08:59:46.502658,series_5,2.9720107899215584,0.4158326504771743
2023-03-14 05:54:28.162271,series_1,5.663175394448209,0.4352606342637275
2023-01-04 00:00:00.000000,series_1,4.1137975851642326,0.0
2023-04-03 09:14:29.169654,series_5,2.854436289399487,0.4819336015756132
2023-01-26 14:03:57.678327,series_5,7.079326717569811,0.4484816669692156
2023-02-22 06:27:43.730008,series_5,6.629928142666525,0.5625931591135177
2023-01-05 17:20:41.379310,series_1,9.804138164014416,0.0
2023-04-06 21:18:26.507088,series_4,3.664762048519149,0.7081870473560324
2023-02-18 16:10:31.595121,series_4,9.917714188764682,0.6420764323196251
2023-03-24 18:20:10.076883,series_5,9.766303075769947,0.4440352671378653
2023-03-23 10:33:13.766316,series_1,4.162522985336693,0.4409701204030394
2023-02-13 21:05:54.248788,series_5,0.2771039237288464,0.4012174398139836
2023-03-08 10:00:35.029847,series_1,1.524449466828618,0.6985742325823969
2023-01-04 12:54:45.022023,series_1,1.5494578231152978,0.891087766640815
2023-02-16 15:42:58.398862,series_4,3.893912445324037,0.4899785109251411
2023-01-02 23:45:31.272948,series_5,2.4540074121012587,0.4394343142400544
2023-02-06 18:56:56.949153,series_5,3.5889184025021774,0.0
2023-03-15 19:24:52.481588,series_1,5.718333304485416,0.7928009721456678
2023-03-17 08:03:41.780188,series_1,9.49932637312706,0.6213837703380228
2023-02-10 19:31:11.800953,series_5,5.910802767413443,0.941420348098784
2023-01-24 12:14:56.216527,series_5,8.064293812852664,0.9883969707825996
2023-02-18 15:26:49.421585,series_1,5.24963786702282,0.5587518111811343
2023-04-09 00:18:00.901287,series_4,8.056783934523594,0.9137691752433784
2023-04-05 09:02:38.344012,series_4,8.76784177910795,0.8808614177229854
2023-02-12 13:03:18.569198,series_1,8.872878677756583,0.6198916522253192
2023-02-24 03:23:58.497538,series_1,3.441514928453835,0.7041440795544605
2023-04-09 22:47:25.562722,series_4,0.4295900867787572,0.6167797350117283
2023-01-21 04:59:38.100391,series_1,4.497103581958757,0.6024451619400308
2023-01-28 20:32:55.479604,series_4,0.1427745592760043,0.6348710787348298
2023-03-19 20:52:37.509243,series_5,8.802393820773641,0.7085030882027752
2023-04-06 16:31:31.645141,series_1,1.2933818505004524,0.4379503462826248
2023-01-03 11:39:18.620690,series_1,10.357391124198754,0.0
2023-02-04 13:34:34.576271,series_5,0.32364712608849,0.0
2023-01-14 22:59:53.097720,series_4,1.425983167217535,0.5610472578217637
2023-02-16 21:44:32.074147,series_5,0.2309592000484617,0.5291335774898316
2023-02-26 19:09:13.270967,series_1,0.7116855930949617,0.644680483301199
2023-01-24 07:17:04.430846,series_4,5.816575393112035,0.9983592494817376
2023-03-05 09:07:40.992576,series_5,9.554216259687248,0.6792539238540566
2023-01-08 09:13:07.457560,series_1,7.99394292078845,0.4871226433399548
2023-03-07 07:17:35.186450,series_1,2.5437470143430216,0.9742380757906508
2023-01-22 13:16:15.774201,series_5,9.533854735213508,0.8824775700680374
2023-02-07 04:33:16.116006,series_5,5.0396127814063725,0.5274549467198122
2023-01-22 07:32:49.285164,series_1,5.622772308610743,0.6513714773869892
2023-03-08 22:49:19.779982,series_5,8.81346961382981,0.8397874502889529
2023-01-18 20:12:45.698828,series_1,5.853252806456127,0.5316224640710452
2023-02-09 13:38:08.654098,series_5,3.656794353058941,0.7311385198012239
2023-04-03 04:16:00.970293,series_5,5.685297463097813,0.8172553530821863
2023-04-01 18:09:13.089742,series_1,4.097298569202552,0.9688771569657542
2023-02-13 16:42:36.973256,series_1,1.7982894119412685,0.8927952067219468
2023-02-13 10:00:24.088516,series_1,1.3604600294596425,0.7140576220886817
2023-03-09 11:28:44.317576,series_5,3.293212298445716,0.6755499015130924
2023-02-19 16:41:36.012822,series_5,3.5815557411349364,0.7631765135172246
2023-03-19 10:34:47.073589,series_5,7.849895086645277,0.8459052380946522
2023-03-24 02:58:30.212056,series_5,3.789414411234693,0.7366473745258857
2023-01-05 23:10:20.689655,series_1,9.795205043330093,0.0
2023-01-26 05:01:41.246394,series_1,0.2400168305756778,0.981986706927932
2023-01-23 09:37:21.415622,series_4,9.05393273248681,0.7341667007411148
2023-04-01 13:52:07.419146,series_4,1.506817392250307,0.9697006447255948
2023-02-08 09:29:02.158739,series_1,7.274909283177414,0.4485060238374574
2023-02-18 21:42:17.221545,series_5,9.663732297597106,0.8214619539325705
2023-03-07 04:49:28.142765,series_1,6.486000473844228,0.8605303770489142
2023-02-05 00:46:59.595825,series_5,7.921944688760973,0.7551057750122563
2023-03-12 11:14:17.811304,series_4,0.4442439268690434,0.4851119900246036
2023-01-03 10:54:27.252868,series_5,9.993149930041032,0.5677855802050453
2023-01-13 16:10:28.498577,series_5,2.6365611646003764,0.7592918778661717
2023-02-12 16:12:41.478639,series_5,0.919863656665344,0.5682497202361396
2023-01-11 19:11:10.172599,series_1,1.3141739919024908,0.7120737979071619
2023-03-09 00:53:35.626527,series_4,2.2236228520163315,0.9601286059905034
2023-01-10 18:49:42.774533,series_5,8.507879147342177,0.5784008036225524
2023-01-21 14:29:44.171694,series_5,6.174903572365563,0.7699679699498543
2023-02-16 15:08:22.213178,series_4,0.5487449233331176,0.7246902097307095
2023-03-28 11:34:54.565765,series_5,3.053820300464776,0.7060315255552876
2023-04-02 09:04:27.003942,series_1,2.5222561217037143,0.4786454268391404
2023-01-13 15:22:07.622508,series_5,3.491206821638885,0.927876651941319
2023-01-02 23:04:02.881836,series_4,7.6515614816886846,0.6585173944387985
2023-01-02 21:18:50.644510,series_5,8.421696546672313,0.9195434176916474
2023-01-22 17:36:47.183284,series_5,9.445733516173728,0.555820536942725
2023-03-28 04:26:41.546869,series_5,9.629367173363493,0.7519366731427535
2023-01-21 10:39:35.449132,series_5,6.652644680198253,0.6389408607729953
2023-03-19 21:55:05.012909,series_5,6.290373054266578,0.4135318452006012
2023-01-13 03:32:35.689353,series_5,6.136766070546452,0.5603083580209532
2023-01-31 14:41:34.416342,series_4,4.829351731298753,0.7443777992786267
2023-02-28 01:35:49.893033,series_1,3.968354683435048,0.5446043228046695
2023-04-04 11:19:28.289786,series_4,3.134720212350373,0.7250157553825205
2023-03-02 11:43:06.521061,series_4,1.1335556848619344,0.4332807013907637
2023-02-07 05:02:02.033898,series_5,8.721368254839755,0.0
2023-01-06 19:12:27.615368,series_4,6.356354148787449,0.7063755355402715
2023-02-04 18:16:47.179753,series_4,0.4892408120200098,0.5041091322731185
2023-02-13 04:54:59.243629,series_5,6.019222483227208,0.828092160704162
2023-03-03 08:15:24.617859,series_5,3.0120290680084305,0.98466174016399
2023-01-04 18:58:44.631252,series_5,1.9759497541217497,0.7135478428447461
2023-01-27 01:40:52.638728,series_1,8.292632787359876,0.8282621387250926
2023-02-11 12:22:58.588119,series_1,4.366649809144781,0.438978582512218
2023-03-22 14:45:25.748155,series_1,3.71021592468169,0.569596112981229
2023-02-05 07:31:01.855048,series_1,1.6291984269834492,0.7234089909469064
2023-01-02 17:45:31.034483,series_1,9.721114380738555,0.0
2023-03-07 05:40:37.046770,series_4,4.992950603506903,0.4233458010744286
2023-02-13 23:25:37.782920,series_4,8.833781161831535,0.9169363717429456
2023-01-02 14:12:26.507513,series_4,1.3642491784695132,0.7754492433020805
2023-01-04 04:00:12.454247,series_4,6.831331262361705,0.4598233988605601
2023-03-16 14:32:43.558309,series_1,8.99493764963433,0.443877706458431
2023-01-04 13:00:00.000000,series_1,7.592253515590696,0.0
2023-02-19 00:31:15.484365,series_4,5.472963299535556,0.9589298417012998
2023-01-17 14:19:33.926242,series_5,2.7557836257007287,0.9085312733507892
2023-03-05 09:12:26.922694,series_1,8.019928678454297,0.6786467708366009
2023-02-01 12:24:19.638710,series_5,5.1220597858301,0.5486285056169844
2023-01-02 04:06:35.072510,series_1,7.0953135841842885,0.5419233366928475
2023-01-19 04:37:58.959387,series_1,7.621342264970448,0.6186785545113982
2023-04-08 18:29:09.913914,series_1,9.559203250673413,0.9744407056986156
2023-02-13 03:57:59.044857,series_4,8.457521780622205,0.4497187124881056
2023-02-08 20:28:29.609579,series_5,2.5951910551124,0.5363899159687953
2023-04-06 17:14:47.354753,series_1,6.613471087885976,0.9039460828466744
2023-02-12 00:07:36.392420,series_1,0.305749409365561,0.9115270820329529
2023-03-24 19:33:35.943377,series_4,4.631611201498114,0.4066828186586901
2023-01-11 17:11:14.046987,series_5,6.017191198933412,0.5482641785864333
2023-03-22 02:55:14.358808,series_1,4.786840506962033,0.6883847143434663
2023-02-14 05:34:26.845268,series_5,3.1945015855482706,0.8663740771450401
2023-04-07 09:19:21.163892,series_1,3.858480040316167,0.6649666223014623
2023-01-01 08:15:02.281723,series_4,8.110097573117764,0.5245742292486982
2023-02-09 10:27:25.792340,series_5,6.404697051353936,0.7183191933388859
2023-02-16 20:48:00.609371,series_4,8.92541621259375,0.5031324633524916
2023-01-04 06:00:00.000000,series_1,9.70795260872698,0.0
2023-03-13 09:53:45.739376,series_4,0.4655574676977692,0.6175176591560303
2023-03-02 23:20:51.409274,series_4,5.358374243639958,0.5312398902367876
2023-02-01 18:22:40.774646,series_1,4.335523283884446,0.6131431948359833
2023-02-04 17:01:01.016949,series_5,5.414868170392109,0.0
2023-02-23 05:03:17.816604,series_5,8.462734524856485,0.803958401251758
2023-01-03 21:00:05.653066,series_5,7.331287658869226,0.6810594162848254
2023-01-26 00:39:14.635967,series_1,1.595446731358069,0.5866452383267285
2023-02-24 23:56:52.071236,series_5,3.460894298662912,0.484108420060028
2023-03-09 07:32:21.834531,series_5,0.9329500782572386,0.531659052850961
2023-03-02 08:32:57.354406,series_5,5.028957274782238,0.9180804082812544
2023-04-06 08:37:30.127921,series_1,6.311760310910136,0.718357267778646
2023-03-01 01:28:07.060296,series_5,3.074933227751051,0.5767270727353466
2023-01-31 16:46:49.018680,series_1,6.568029532350811,0.7873341024827571
2023-04-03 11:18:48.085781,series_4,3.1224722901792368,0.4201953602730924
2023-01-10 13:52:29.320432,series_5,9.437765064941908,0.5136614699514076
2023-03-03 11:11:50.480115,series_1,9.997663462278783,0.9851127330471322
2023-03-31 12:25:17.301872,series_5,0.2149684313153754,0.4963483223112536
2023-03-22 03:21:38.175475,series_5,3.209556403609075,0.7123048585078947
2023-01-16 01:11:01.583017,series_4,7.861233713207959,0.6768154851879862
2023-04-05 18:08:52.131145,series_4,4.002843720259622,0.5384562123247882
2023-01-30 09:06:27.604582,series_1,8.910410755960212,0.9010749395981176
2023-01-24 21:41:08.090766,series_1,1.6557035631788886,0.54261159450589
2023-02-14 04:50:44.236190,series_1,6.807854315158149,0.8105854737801229
2023-03-24 22:42:11.904976,series_4,2.461868177511274,0.765674677101123
2023-01-15 19:30:20.474023,series_4,7.157637389722571,0.8406404993572554
2023-03-05 02:36:48.375776,series_4,8.852094093387905,0.911587598098204
2023-03-18 10:10:43.907673,series_5,1.866621096918698,0.7532521727218073
2023-02-26 14:56:48.788682,series_5,9.74054829952365,0.4498278207846529
2023-03-24 17:43:03.752576,series_5,0.4519792411078838,0.9369789365067674
2023-03-21 08:51:57.626542,series_5,1.504552856560489,0.5854201965553233
2023-01-03 22:37:40.649204,series_5,4.171001554730375,0.5353859965643788
2023-02-04 10:15:07.355911,series_1,7.537326760340815,0.7346024743441819
2023-01-30 20:36:32.585689,series_4,0.684275895381965,0.5076909762391134
2023-02-06 01:22:29.249264,series_5,8.298413525522422,0.8453237442343581
2023-01-04 23:00:00.000000,series_1,3.796962752832159,0.0
2023-01-02 23:35:22.567646,series_4,7.4578349282484035,0.410857013516106
2023-02-04 23:43:16.830720,series_5,3.609680533648091,0.935504632981798
2023-01-17 18:39:22.363308,series_4,2.421370084415768,0.6049278040045675
2023-03-22 15:41:45.772363,series_5,5.485117493279282,0.5639780163847017
2023-02-16 00:05:46.752418,series_1,6.190758582881241,0.8199921603247973
2023-03-25 08:49:18.154448,series_5,3.7375020583749095,0.9478166928498388
2023-01-31 23:00:00.000000,series_4,3.7598163715317776,0.0
2023-01-31 02:00:00.000000,series_4,4.94334312542586,0.0
2023-01-28 02:36:23.555036,series_4,3.7077939163853615,0.4683406143545536
2023-02-26 00:56:24.513070,series_4,7.314020618169148,0.9897791814916558
2023-01-29 11:30:28.039313,series_1,4.52570488607329,0.465853454951585
2023-01-14 12:13:24.510277,series_1,8.671318280254884,0.6555486048761121
2023-01-15 19:41:36.791536,series_4,1.6663677795706957,0.4806746874292953
2023-02-14 12:45:34.512875,series_4,1.6745915661938326,0.9669814699512218
2023-02-22 11:53:04.346008,series_4,8.056580734087524,0.9203884633007734
2023-02-14 06:43:26.689667,series_5,8.010486495668786,0.8416893820561302
2023-04-02 06:15:12.062802,series_5,2.1240225124459133,0.5022803867547818
2023-03-20 11:33:05.120194,series_4,8.502952555600384,0.6326229801751168
2023-01-09 07:17:34.573886,series_4,9.43509735089182,0.6555080475333475
2023-02-06 03:44:44.745763,series_5,9.590738262692083,0.0
2023-01-23 05:08:19.037414,series_5,7.810475500946551,0.90397738967705
2023-02-08 05:54:50.727062,series_1,2.95500803067698,0.9775772211325666
2023-04-02 10:16:03.735535,series_4,6.533311308629704,0.5809732421638505
2023-01-14 19:24:08.290661,series_5,6.625056274608467,0.7333647065536706
2023-01-14 00:17:57.645608,series_1,3.04014078697194,0.5194303931761763
2023-01-03 14:29:02.372566,series_5,3.992244309923732,0.6602433145546067
2023-03-19 18:48:14.280809,series_1,0.1058146019278938,0.777383449567459
2023-03-18 10:44:49.442878,series_4,0.6807415092006541,0.7136430709739413
2023-03-11 07:16:41.918216,series_4,1.9816370278710416,0.910204924913724
2023-01-26 14:34:34.259201,series_4,3.966226690123235,0.551892642546935
2023-03-16 17:07:28.501618,series_5,7.123940798589849,0.7847330446856038
2023-02-03 15:05:05.084746,series_5,7.3708454090158,0.0
2023-03-05 04:45:54.182058,series_4,2.1487096610771195,0.8583254234459905
2023-02-28 19:28:29.945440,series_5,7.848944323987591,0.7935383988715089
2023-03-30 18:44:22.245682,series_5,1.6662742001522568,0.7239863847076984
2023-01-06 05:13:47.886208,series_1,1.1498033357226525,0.938773463760129
2023-03-15 11:07:05.845675,series_1,5.129059823577542,0.9297940476500453
2023-03-14 18:18:20.092833,series_5,8.950579354563107,0.7200695007609588
2023-01-21 06:48:20.550167,series_4,8.81779827387724,0.7340463781408029
2023-01-18 08:25:53.109830,series_5,0.9443196757676986,0.6985477183632477
2023-01-09 22:52:56.825402,series_5,1.845573627367909,0.736827951620491
2023-03-31 17:07:07.154023,series_5,5.661041146689726,0.4476507114965875
2023-03-27 22:17:48.887356,series_1,9.535975530725336,0.8455914776526559
2023-02-12 12:43:28.200407,series_4,4.764770703901516,0.8910011541143132
2023-03-03 01:39:11.517358,series_1,0.2133776653902608,0.660605983951915
2023-02-16 08:08:35.929533,series_5,8.489656863418375,0.4371813520655074
2023-03-10 03:39:51.522135,series_4,3.4811741324056857,0.6319680083645387
2023-02-28 03:17:36.378282,series_5,5.004986563404266,0.8974941587504428
2023-01-18 02:05:22.056129,series_4,3.79933075687373,0.6801180934618374
2023-03-19 18:18:16.099608,series_5,5.749830148772801,0.9766624310495096
2023-01-08 20:06:13.678301,series_1,2.359529878919464,0.9496544936002956
2023-03-01 18:41:49.329270,series_1,0.3209184569654721,0.7383361698975166
2023-04-08 10:51:26.548069,series_4,9.976563826659588,0.7450638051320698
2023-02-19 18:05:52.213816,series_1,0.0442327779105,0.6739455209984065
2023-04-06 08:17:01.115296,series_5,5.703925172382872,0.5677963059269195
2023-04-01 20:41:02.829645,series_5,8.417699170352364,0.951773967100115
2023-02-23 19:44:16.154708,series_1,3.8976640102371096,0.7839033210404651
2023-02-17 08:25:24.280502,series_1,4.823785693493226,0.7391336801455957
2023-01-07 21:06:18.167017,series_1,1.3989692753276315,0.6380565440328447
2023-03-10 06:54:29.565574,series_4,6.887815622852581,0.4383729154989795
2023-02-15 06:06:18.757196,series_4,9.96634387700323,0.7200686085626793
2023-02-05 11:31:48.838377,series_5,7.036942764347395,0.9780141508263231
2023-02-02 15:13:14.513387,series_1,6.298222461339753,0.9041850435758008
2023-02-23 06:16:04.845533,series_1,7.161364305327336,0.7269267118544556
2023-01-11 15:05:08.790105,series_1,9.870851888006712,0.9675293630317192
2023-03-22 15:40:28.137098,series_4,2.4454875487952634,0.9672636111016584
2023-02-19 14:51:18.623753,series_5,2.6728538203719374,0.6844543899054788
2023-01-31 14:06:25.301489,series_1,4.625861935343036,0.8231127115702346
2023-02-27 12:13:31.957642,series_5,5.2656716602065945,0.4681859013176901
2023-03-19 22:31:39.017971,series_1,3.9282177904521767,0.6205924916758938
2023-01-02 05:58:24.669285,series_1,2.776035910782262,0.6243039806761523
2023-02-13 13:54:58.188506,series_5,8.943632407897015,0.9681078241108309
2023-01-31 06:25:15.789474,series_4,0.5157687504028279,0.0
2023-01-15 21:27:58.938979,series_5,0.3570710784275555,0.4011187449426934
2023-01-17 09:31:53.990035,series_4,0.857266124040974,0.9597953913989704
2023-02-23 07:50:27.239258,series_1,9.76749254292448,0.9839410310366138
2023-01-30 19:58:18.533951,series_5,9.282276339696212,0.6332871757452784
2023-01-30 19:50:07.724206,series_4,3.7941684352939866,0.7460363642563341
2023-03-29 06:47:09.596112,series_1,2.448973001790216,0.7370714876681571
2023-01-04 18:32:10.629137,series_5,3.8341732959597263,0.467575986277547
2023-03-21 13:30:44.372461,series_1,8.889557356784353,0.5944622895730306
2023-01-09 07:26:47.937475,series_4,4.819722478244052,0.9726549228324888
2023-01-11 12:48:47.917023,series_1,5.179720055792516,0.431552350500143
2023-01-14 22:15:27.473605,series_5,7.842232270865592,0.6070220426109546
2023-03-22 02:24:43.761562,series_4,5.420788545392648,0.5371001214953766
2023-02-22 05:25:24.608154,series_4,5.389209151813798,0.5983383937637691
2023-03-08 04:49:37.827918,series_4,7.421689641373059,0.7310423679427855
2023-03-06 07:00:17.367698,series_5,0.8295117211355285,0.8389166392743683
2023-03-22 16:14:07.075507,series_5,1.5670849842708434,0.97912567773025
2023-01-14 14:07:07.155774,series_1,6.1445128657152885,0.6717766710414736
2023-02-02 11:24:59.792580,series_4,1.229297367914487,0.573550853124809
2023-01-25 16:00:26.145374,series_1,1.3416089044482904,0.435271087798801
2023-03-29 01:46:33.285790,series_4,8.562707230869812,0.8081292409494149
2023-01-03 10:34:07.766855,series_1,5.592119494529264,0.937859163078824
2023-04-08 09:46:54.183859,series_1,2.974306035051426,0.4143313418354981
2023-03-19 08:47:03.289862,series_5,0.8852575256979522,0.9619699741708706
2023-04-02 06:59:17.983282,series_4,6.894453497198879,0.7406398914977432
2023-01-05 10:04:10.867754,series_4,2.334599631316804,0.6998171680454799
2023-01-13 02:40:20.202461,series_5,8.562873170250164,0.7091776778680146
2023-03-31 07:37:39.040004,series_4,0.4131805646973163,0.4480362123882421
2023-03-08 00:39:09.199403,series_4,7.400469713474233,0.5752612406708892
2023-04-06 00:00:17.080388,series_5,8.777635669872415,0.7107960934255009
2023-04-03 16:10:54.030835,series_1,8.594037171584693,0.7061791922909717
2023-01-19 20:25:03.365415,series_4,5.171337867348578,0.5289682541932742
2023-02-25 01:31:08.833420,series_5,5.060963132034612,0.4011102278715948
2023-01-18 03:17:09.743470,series_4,8.957159938922816,0.4987313657995837
2023-04-05 23:14:58.033185,series_4,9.831872777455288,0.7621626092373377
2023-03-23 02:57:07.419858,series_4,2.2101137403954,0.4450209389419611
2023-03-18 19:01:39.442648,series_1,4.897738574184198,0.7330976293620806
2023-03-27 22:08:46.440150,series_1,8.238261398672144,0.7930476040325047
2023-01-26 17:33:24.759269,series_4,3.010667174117561,0.739135335308318
2023-04-02 16:13:14.237762,series_5,4.354989684212473,0.9438337431421872
2023-02-16 16:31:40.144186,series_1,3.584502018072966,0.4087130816268196
2023-03-13 13:33:23.353917,series_4,3.2725234492026067,0.7204815227803021
2023-03-28 22:31:58.300876,series_5,0.95884220106917,0.610422887255053
2023-02-06 12:20:24.151093,series_5,5.670793575802891,0.7937046728849939
2023-01-19 07:14:14.489540,series_4,5.223591699922786,0.5513928878903336
2023-02-06 19:10:18.962310,series_1,7.921933410849519,0.7377403517384454
2023-01-22 06:40:33.884161,series_4,6.314802376920032,0.973315235737324
2023-03-07 03:14:16.371828,series_5,9.90874000311798,0.424387043764756
2023-01-23 15:08:14.620755,series_5,8.115715879928517,0.8858891436180325
2023-04-09 17:01:45.283445,series_4,0.3224588443340337,0.5615191850159941
2023-01-09 07:41:22.888758,series_4,7.427248260410185,0.5594200347628497
2023-04-05 03:56:59.377328,series_5,5.863062219406867,0.7190540847608577
2023-01-09 13:54:43.016546,series_1,6.857663847412651,0.964617351894492
2023-04-07 03:21:23.363283,series_5,4.063348746633575,0.6498248521287127
2023-02-02 11:00:00.000000,series_5,2.0554215119721424,0.0
2023-03-12 18:57:46.053157,series_4,5.324308506115555,0.8971779331692586
2023-03-09 02:30:13.990969,series_4,2.846380916458231,0.7735597327809374
2023-02-02 00:01:07.368584,series_4,6.807070936634998,0.5122689417838566
2023-03-04 15:06:42.971192,series_4,1.94462090942077,0.837321135258827
2023-03-15 14:01:14.599545,series_5,6.2934202422501055,0.5875999174235245
2023-03-01 01:43:02.709002,series_4,2.5524591018746854,0.6235335333711934
2023-03-18 05:38:45.818565,series_5,8.960709273656636,0.4674148901043713
2023-01-25 18:00:00.000000,series_4,9.74573049351165,0.0
2023-01-15 04:37:56.745714,series_4,5.617456056564688,0.6914129192799945
2023-02-21 12:05:32.558778,series_1,9.757887849131862,0.6017547289944136
2023-01-16 22:00:54.134957,series_5,1.501843234788539,0.6446741738375366
2023-04-10 18:19:41.606055,series_4,9.122261868171265,0.5431197698827644
2023-02-03 07:23:20.445661,series_5,9.68350374942089,0.688789514756035
2023-03-18 02:20:19.994397,series_5,1.480285269078484,0.655727231499076
2023-01-08 22:34:14.992564,series_1,6.454442374759312,0.9221870095041728
2023-01-25 09:00:00.000000,series_4,4.843901920283828,0.0
2023-01-03 17:58:46.658687,series_5,9.333280347375334,0.9793182327196712
2023-03-23 20:38:14.703278,series_4,1.0915963479805568,0.7317879634905473
2023-01-27 15:37:05.430817,series_1,0.9928080628861125,0.7648435811955898
2023-01-14 16:44:54.932169,series_5,9.644994983290465,0.9779431887942044
2023-02-17 19:24:37.013393,series_1,1.8349619851271224,0.7484796499677953
2023-01-07 23:04:16.747917,series_4,0.8253178588691612,0.8024892753636019
2023-03-17 14:28:35.144771,series_4,9.601647578024563,0.5386980377866321
2023-04-06 03:40:17.033192,series_1,2.9211612051070235,0.9188649426694236
2023-03-09 23:09:54.311647,series_1,6.945862655068051,0.907086027216269
2023-03-11 13:25:02.237827,series_5,7.209180977303712,0.7076585297289302
2023-02-09 17:06:38.797751,series_1,0.5682629138682438,0.6521548592753218
2023-03-25 12:07:25.789830,series_4,0.5760035262630525,0.846227329933523
2023-03-27 14:01:16.714886,series_1,5.637844796763493,0.5905068923176817
2023-01-24 02:37:30.698847,series_1,5.858029911703811,0.7200419482962171
2023-02-21 04:44:02.472833,series_1,5.913135381630528,0.6873559311254918
2023-01-25 02:00:00.000000,series_4,1.1428233721553895,0.0
2023-02-03 07:43:43.728814,series_5,6.767558397160096,0.0
2023-03-13 02:12:53.177636,series_5,9.96555012172476,0.9956178792995756
2023-02-13 17:22:47.740208,series_1,4.473200428767282,0.6064722005201648
2023-02-03 06:12:12.203390,series_5,8.270247500998058,0.0
2023-03-04 14:17:42.689780,series_4,0.2420110413156273,0.4035963357159856
2023-03-03 23:26:29.375973,series_5,7.494460866625479,0.8827008560665722
2023-04-02 23:34:07.440893,series_4,2.592415320777659,0.5030238557680303
2023-01-25 03:46:19.408431,series_1,8.416097258952037,0.7870329270798704
2023-02-09 08:30:43.181003,series_4,2.928994903612,0.5412416720845215
2023-01-08 13:41:34.680219,series_4,1.6202211572969771,0.7652687483117042
2023-01-06 19:44:35.739227,series_1,7.062263161583773,0.7780612830911933
2023-01-13 09:24:10.719840,series_4,7.099167189825174,0.9554356151332332
2023-03-30 13:57:21.649057,series_5,3.1837517724151865,0.7702181027105108
2023-03-07 15:50:43.868906,series_1,7.028014616647903,0.5298251877045611
2023-04-10 00:52:42.585263,series_1,3.694298086910365,0.6328849222569022
2023-02-22 14:50:28.831850,series_5,0.7794782459515592,0.7703948913060664
2023-03-03 12:12:53.831191,series_1,1.617922159341335,0.5293387726544718
2023-03-02 15:01:06.379656,series_4,1.6388828659011312,0.736608609788264
2023-02-24 15:26:05.875678,series_5,3.481860018169911,0.6434113181793297
2023-02-12 23:07:23.492209,series_1,1.3602319102679803,0.8973121136756129
2023-04-05 19:39:51.069023,series_4,4.172133987360128,0.8772088220707854
2023-01-08 13:33:55.406251,series_1,4.694995809265573,0.8705454659711944
2023-02-05 12:27:14.722303,series_5,1.493075355108544,0.807151205531168
2023-01-25 01:56:06.161550,series_1,5.675672641103159,0.4171259694098113
2023-04-03 17:11:38.759382,series_5,6.761197805815174,0.7381044003145656
2023-04-05 22:50:13.008114,series_4,4.104443787000298,0.9337310778226096
2023-03-10 20:33:05.794522,series_1,4.670537529592011,0.5483825015415975
2023-02-24 13:23:46.378754,series_1,9.17579602054986,0.9219121160401436
2023-03-11 00:53:45.007585,series_1,4.710605425565762,0.960868882900396
2023-03-24 01:23:06.018783,series_1,2.1041140252425707,0.7480254905755006
2023-04-01 13:03:55.323313,series_1,7.799466239193093,0.8434696988289101
2023-02-20 10:47:37.673975,series_4,5.523045341477912,0.6223148211116197
2023-03-20 00:53:56.721211,series_5,9.558243613746315,0.9322302350948508
2023-04-04 23:14:21.656896,series_4,0.2539217348853451,0.427555260749061
2023-01-24 02:54:29.952152,series_4,6.418767258037951,0.9112167842103106
2023-02-12 20:38:35.199814,series_1,0.1833153119801389,0.8405484402001961
2023-02-18 07:33:18.071815,series_4,9.488322230635715,0.8266947889852605
2023-02-10 21:07:23.981442,series_4,9.664750327199307,0.5260748855665102
2023-01-05 13:40:03.462953,series_4,0.6729542564649149,0.8253544856078945
2023-01-15 08:16:33.837568,series_1,8.565439270583347,0.4650783187767928
2023-04-07 19:11:43.901460,series_5,0.578661606133426,0.5152623489259207
2023-04-04 08:23:47.426774,series_1,9.7545718702188,0.4138976560600553
2023-03-04 10:07:34.830946,series_5,0.9857649455137596,0.5451011429826629
2023-04-10 09:39:16.481687,series_4,7.409801623897029,0.5219945714198309
2023-04-03 17:38:28.020192,series_5,6.0649795479866775,0.4105233484474259
2023-01-29 12:14:44.937296,series_1,2.005941819959664,0.8950328575485673
2023-03-17 13:05:21.727836,series_5,2.0145671314704936,0.8260618644016323
2023-03-03 23:15:07.552743,series_1,2.4841308874943224,0.80294586290794
2023-01-26 21:44:12.631579,series_4,8.634400769594476,0.0
2023-04-07 20:05:28.574222,series_5,1.0446229296920095,0.8019187863704205
2023-03-01 15:38:15.648806,series_5,8.180900970235035,0.6939669005286211
2023-02-13 00:52:08.030720,series_5,2.046749440105432,0.8301039959408525
2023-03-29 19:33:31.261854,series_5,2.9649211140198672,0.4801900395109662
2023-02-07 23:56:28.852950,series_5,7.37313833922596,0.6913363921732261
2023-02-21 16:54:02.697635,series_5,6.5626303199228255,0.665911057668477
2023-04-11 16:42:47.637323,series_4,5.225453173500805,0.8519416316275927
2023-02-04 03:40:33.186203,series_5,7.570795418850077,0.9040458547334578
2023-04-08 21:51:32.986072,series_5,7.927996437951265,0.9926462553816996
2023-03-05 11:25:51.303372,series_1,5.784026713813462,0.8640412778621063
2023-01-02 17:59:48.830548,series_1,5.546929508238319,0.7952065971192137
2023-02-16 09:37:45.526118,series_5,5.834317173087679,0.6244349288489404
2023-03-30 01:55:14.241732,series_4,4.437456202092229,0.4506203622040418
2023-01-18 01:10:39.881966,series_4,8.417275738935508,0.9205555858058548
2023-01-19 20:01:08.908356,series_4,8.457989669679646,0.5905372435179256
2023-03-12 18:40:41.423608,series_4,7.817254627038237,0.6202032943592913
2023-01-03 12:29:21.963864,series_1,8.356330760370657,0.6773732684107656
2023-03-04 19:35:24.474873,series_4,4.072977476848896,0.4706785329695421
2023-03-20 20:00:43.753485,series_4,7.207043126421464,0.7242442164581577
2023-03-01 09:44:29.698657,series_4,2.9861015748736355,0.6206146036069723
2023-03-19 08:14:40.930312,series_5,6.108412843150038,0.97546812583885
2023-01-07 09:00:20.078089,series_5,3.582925228459649,0.9682723739918648
2023-03-14 03:56:59.841726,series_4,0.6568163177477682,0.6342105454260502
2023-01-07 20:24:06.659020,series_4,2.503848237897356,0.4263463188504247
2023-02-23 01:35:05.570305,series_5,9.333106399281355,0.4506796790225906
2023-03-12 03:17:57.688959,series_4,7.708769333621163,0.8658159127198392
2023-01-09 01:40:39.886587,series_5,5.158433280385784,0.6097507850041582
2023-03-09 08:37:05.925315,series_5,0.1711550722079735,0.7550118225938365
2023-04-03 07:14:33.421407,series_4,1.916109088534548,0.4084175502098212
2023-01-30 17:17:56.852847,series_4,5.321376874300359,0.4660171955785182
2023-02-11 08:15:13.898094,series_4,4.912897703196606,0.7205100299553917
2023-04-07 01:29:31.532079,series_4,2.8992665736137324,0.7082739977430788
2023-02-22 21:14:47.130561,series_1,0.9881928127863582,0.5103437354810774
2023-04-10 10:17:25.848329,series_1,7.238234407065802,0.5962686340372183
2023-01-31 17:47:03.950724,series_5,0.6863622324944885,0.5766363364216666
2023-02-08 08:14:52.382999,series_4,7.310548719229645,0.831940388933089
2023-03-11 06:47:51.705125,series_5,6.676312945622367,0.4492082197736485
2023-02-11 01:15:19.734892,series_1,1.388184495333017,0.6526787253211883
2023-03-04 12:24:34.067564,series_1,0.4418052377255033,0.671697168625992
2023-02-20 20:48:40.543748,series_5,3.2043341366921907,0.8275238455316423
2023-04-08 21:01:24.050469,series_1,6.606496449267611,0.5696135713644535
2023-03-13 23:09:52.488286,series_1,9.4839765648504,0.9441652803383028
2023-03-16 17:27:30.129230,series_4,5.803368947629699,0.7555454108268072
2023-01-04 05:33:06.206897,series_1,10.11296146277495,0.0
2023-03-01 17:31:35.900059,series_4,6.034425529453617,0.6046404999362602
2023-03-28 14:57:31.025367,series_4,4.158515059928263,0.5258030193952983
2023-03-28 15:23:31.444623,series_1,9.699121336867965,0.5996663514950318
2023-04-08 02:02:39.437331,series_4,4.111228672838768,0.5458750431844019
2023-03-16 08:24:24.306720,series_4,1.6139605543763191,0.5582884875205124
2023-02-28 01:23:17.684407,series_5,0.2981622394951988,0.9619357016201222
2023-02-01 21:21:12.169167,series_1,2.319747969921302,0.6888751747850157
2023-03-28 09:28:38.525116,series_1,6.349583344329696,0.4978562509661181
2023-01-07 03:49:24.474239,series_1,0.9146959791343944,0.8906438985516905
2023-02-04 19:53:53.898305,series_5,0.3557293039874794,0.0
2023-02-02 14:24:43.817094,series_4,2.4837381257258797,0.6136632834727846
2023-03-25 16:44:21.834114,series_1,0.4198838524043258,0.4617820013106559
2023-01-07 23:29:09.685531,series_4,6.969647940383491,0.9250816493625036
2023-01-12 14:43:28.314925,series_4,0.2425235396207614,0.8281367651750227
2023-02-05 11:29:18.451375,series_1,7.030651991708883,0.4986302359391784
2023-01-12 20:49:43.738378,series_1,8.944879701313708,0.7122858699107426
2023-02-18 14:48:39.322353,series_5,7.93295622055545,0.8712957081321344
2023-01-31 11:00:00.000000,series_4,10.043729895033376,0.0
2023-01-05 05:24:49.655172,series_1,9.836420897983023,0.0
2023-03-05 04:14:27.146926,series_1,7.790837241040057,0.6528201477454414
2023-01-04 10:00:00.000000,series_1,8.515119762949766,0.0
2023-02-07 03:16:16.271186,series_5,3.4742158812962907,0.0
2023-03-15 22:25:15.227052,series_5,5.601020736710483,0.8546735709300943
2023-01-16 02:56:43.420950,series_4,0.2755148480616676,0.8544202482728057
2023-03-03 13:15:16.376131,series_5,3.317850318258968,0.799308409225518
2023-01-22 04:29:29.806680,series_1,2.9801019181341277,0.9204097199500748
2023-01-05 22:46:29.734291,series_5,6.985282801238705,0.7514034549391448
2023-03-08 03:39:05.614823,series_4,0.8104363812500104,0.6151316544745298
2023-03-07 01:26:49.403340,series_5,8.448536828408702,0.595057424154988
2023-02-01 19:01:07.977085,series_5,8.000305723446209,0.6234959425349496
2023-01-20 13:40:11.668026,series_5,4.510178425816619,0.9278470381652346
2023-02-16 08:49:14.539871,series_5,6.79023939435622,0.424064436312547
2023-01-10 00:04:00.414129,series_5,3.4373052466368725,0.7618577498995156
2023-03-07 00:52:28.790107,series_1,4.627577421922697,0.9474632945360062
2023-02-04 04:25:42.011569,series_5,5.705377940941218,0.9783034321671378
2023-01-12 15:18:12.614223,series_4,7.90284303676931,0.4244150298220158
2023-01-27 08:03:09.473684,series_4,6.172154917648456,0.0
2023-02-27 09:19:15.984065,series_4,0.6501938075027192,0.6176740708370447
2023-02-12 19:33:55.445553,series_4,9.925358943518717,0.6722085258932631
2023-03-10 21:55:06.929137,series_1,5.052985587331178,0.7307241649590528
2023-03-26 15:55:47.908002,series_5,8.352725041582351,0.8637168684336456
2023-01-14 21:33:01.974622,series_4,0.0726408133377431,0.5662615076363804
2023-01-30 15:29:25.322179,series_4,3.102133306331861,0.4541222151481017
2023-03-22 00:37:49.336861,series_4,7.528718800322085,0.8307456574243932
2023-03-11 17:04:55.215439,series_4,6.001234416282868,0.8973871626161429
2023-04-08 16:18:19.512542,series_5,5.593073119222337,0.6451233601932678
2023-03-04 19:23:29.743965,series_5,5.042582531860086,0.8313695541706017
2023-01-13 16:05:45.709708,series_5,2.579652815057881,0.6749352632932342
2023-02-28 10:18:56.350831,series_4,2.63986185348248,0.6000805829213812
2023-02-17 01:29:17.518633,series_1,4.2407975308950965,0.4049486303395284
2023-03-17 20:43:00.201029,series_1,1.1487069281963802,0.9008234717938116
2023-02-18 14:31:44.021578,series_4,2.666489459461852,0.6210753119472125
2023-02-13 16:16:56.234939,series_1,0.94189201103263,0.42770029759448
2023-02-06 19:19:47.345092,series_5,3.650737520862783,0.9103381883864228
2023-03-10 22:56:04.071711,series_1,7.0188867024410335,0.8448149479042997
2023-01-05 13:52:57.396654,series_4,5.651277619294126,0.596916497659608
2023-02-09 07:38:26.923633,series_4,7.026018235554056,0.7164806967586312
2023-02-01 06:34:06.335730,series_5,6.541140401449854,0.4333244304752031
2023-01-26 01:43:00.709190,series_1,8.09490416734674,0.4372786365847397
2023-02-07 04:42:16.879391,series_5,1.3127064428929858,0.7189843986178823
2023-02-04 17:45:36.668871,series_1,2.165466978594867,0.5999765510313297
2023-03-08 17:47:18.166476,series_5,5.727984737084613,0.7354127171414754
2023-01-11 07:38:12.105193,series_1,2.7432533129981937,0.6472534855279379
2023-01-20 03:49:18.529284,series_1,8.421102494250684,0.9676895398487848
2023-01-15 15:17:45.696048,series_1,7.000093091946347,0.6443229978796653
2023-03-21 15:39:40.838636,series_1,8.407320066633027,0.6792296738783643
2023-01-22 02:41:16.238903,series_1,5.84646090201142,0.6726411222025721
2023-01-20 15:32:51.681426,series_5,7.082895286149293,0.7067639778272659
2023-01-18 10:34:24.871366,series_4,5.908328771797576,0.7082431907084631
2023-04-04 05:53:50.214704,series_4,8.02648219535925,0.5248252821262948
2023-03-11 21:29:53.105337,series_4,7.097960886091686,0.857832069107745
2023-03-17 09:08:41.095589,series_1,1.8736768460725683,0.728494105932946
2023-04-06 08:09:05.183934,series_4,4.7151634137726015,0.9524762993180156
2023-01-04 15:00:00.000000,series_1,6.830458470113652,0.0
2023-02-05 09:39:39.661017,series_5,4.490206584090575,0.0
2023-03-26 22:06:41.696909,series_5,3.257084419493631,0.7046641363079897
2023-03-11 12:46:07.601902,series_1,3.103882463541651,0.4633403635015665
2023-02-14 22:30:49.510092,series_1,7.73750329336313,0.7713676662740444
2023-01-19 10:39:40.261193,series_1,7.257103229231596,0.6930542136576809
2023-02-27 19:55:02.709046,series_1,6.533263857384836,0.4220918045468592
2023-02-14 22:34:09.357968,series_1,1.3431715136718847,0.8775013823245892
2023-04-08 13:00:35.858685,series_1,0.9519848101588656,0.5313721746616942
2023-03-05 12:03:12.515932,series_1,8.173328588421336,0.603021478624355
2023-01-18 11:38:15.203170,series_5,9.892748046769498,0.5243531425426124
2023-02-06 06:55:23.478663,series_1,4.836257095284646,0.4152306594570048
2023-01-14 05:21:42.982852,series_5,9.27445667498008,0.5656931610618741
2023-02-12 05:02:45.133424,series_5,3.1924914650070937,0.4981297604056923
2023-04-01 09:23:24.130661,series_5,6.441275283129231,0.4659782874179218
2023-03-08 01:46:14.688868,series_4,6.971985959840891,0.6764420767003576
2023-01-19 10:14:27.572176,series_1,6.795977504114302,0.8329706902496039
2023-04-04 14:26:10.954771,series_4,2.6075241612732967,0.912340177421395
2023-01-03 17:34:37.755518,series_4,8.472005821725038,0.7803021940105981
2023-03-07 07:29:10.853221,series_1,6.937534196146407,0.418545614862268
2023-04-07 02:16:59.511904,series_1,5.224064023114108,0.7870756818515723
2023-03-27 02:38:38.690416,series_4,1.1048887604300328,0.7764142663088589
2023-02-16 07:51:22.942923,series_4,5.932255376113693,0.4245950421417769
2023-03-14 17:18:32.218551,series_4,1.4277800342720015,0.6916982818982524
2023-01-07 00:23:06.755771,series_1,6.64751537140936,0.7942961468480851
2023-03-19 23:40:28.354490,series_1,6.224669090798828,0.5434204831222322
2023-02-20 19:50:56.359356,series_4,7.026748980430959,0.8898328419846364
2023-01-01 21:57:10.743881,series_1,8.63373239210051,0.8751616059554387
2023-02-12 23:05:23.652207,series_1,2.553534409552035,0.5163926622411077
2023-02-20 18:22:58.627308,series_5,7.2699353327188305,0.5544441424760249
2023-02-19 12:37:20.375134,series_5,4.433245907266427,0.4490857494641376
2023-02-18 20:21:34.258071,series_4,2.1215577875501443,0.8060073654294388
2023-02-28 21:26:08.943070,series_4,8.347609068330371,0.4563852440604318
2023-01-02 11:48:42.375875,series_1,1.0711820171162434,0.9695724953700876
2023-03-09 13:50:26.914438,series_5,8.172231477767673,0.9160556569160004
2023-01-28 05:39:39.557800,series_1,8.978671186123123,0.431341041193382
2023-02-02 14:37:47.991934,series_4,2.9250310289923407,0.5879747071486147
2023-03-21 17:25:58.319621,series_1,4.371921968913107,0.954230810732822
2023-04-01 02:00:25.359637,series_1,1.6473666689411892,0.7329318784553808
2023-02-22 20:13:37.968514,series_1,4.264594937467912,0.799437873527424
2023-01-11 18:00:00.449394,series_5,5.176533800815281,0.9506120900523266
2023-03-22 19:55:50.441941,series_1,1.894184239561565,0.8926546060633256
2023-02-01 11:56:59.981000,series_5,5.337378577380411,0.5104468541065534
2023-02-28 11:08:24.258885,series_5,8.307349535545015,0.8726061342980969
2023-01-25 11:00:00.000000,series_4,5.783003805629802,0.0
2023-02-01 00:43:45.764451,series_4,4.9766963112554095,0.9837574240949636
2023-02-24 09:05:51.470081,series_5,8.91693069288429,0.8749659088945242
2023-01-18 05:36:51.415555,series_4,7.929984302882048,0.9690338462905348
2023-01-29 02:56:50.526316,series_4,3.497537902901329,0.0
2023-02-25 20:39:56.003461,series_1,3.387847456150981,0.7342381992058888
2023-03-04 12:23:38.757162,series_1,5.394243106533705,0.8137860250661848
2023-02-19 20:38:12.408096,series_5,3.325172118092443,0.6682504121646189
2023-03-25 22:00:47.401340,series_4,5.1527479146270885,0.9213076878582972
2023-02-11 07:36:52.343918,series_1,2.040199151152221,0.9374469563031238
2023-02-03 16:03:03.050847,series_5,6.014863929785714,0.0
2023-03-27 20:59:34.683438,series_5,8.565877578798446,0.8951388699049551
2023-03-26 21:29:18.845837,series_1,3.3927981589729197,0.5687300894588935
2023-03-02 22:51:27.842831,series_5,1.4376745511048084,0.7823131483687097
2023-02-17 04:11:49.048845,series_1,6.142168824340526,0.592668597436617
2023-01-21 06:57:58.995148,series_5,3.991730737454009,0.6355535692812001
2023-03-09 06:20:06.155340,series_4,3.143250415899278,0.6486443020957087
2023-01-31 21:30:56.494478,series_5,8.625288637125646,0.5338901804900841
2023-03-26 21:56:46.370247,series_4,2.7191771931155584,0.6146272048549646
2023-01-09 18:10:19.887595,series_5,3.049239301161517,0.9657077830693468
2023-02-06 21:11:11.186441,series_5,0.4347827037618365,0.0
2023-04-08 18:17:56.304371,series_5,1.892176508508373,0.5780338031249497
2023-02-18 10:13:09.736999,series_1,8.952076127303515,0.62497842840564
2023-02-06 11:35:35.802563,series_1,6.847616767567529,0.7238151297487978
2023-03-28 11:47:46.419145,series_4,0.773055871564412,0.612951058267808
2023-03-29 13:54:35.193842,series_5,5.555057100370828,0.6504128094576027
2023-01-29 20:24:11.111033,series_1,2.7740665604278334,0.5186127642375267
2023-03-15 21:12:11.563735,series_1,0.9360363617375056,0.9826086985891443
2023-04-01 16:53:26.242133,series_4,1.7743652014585545,0.7120369937759186
2023-01-24 17:41:07.726910,series_1,7.952023942718166,0.7934136580118663
2023-02-11 08:19:06.208971,series_1,3.016129213616942,0.6522493366855282
2023-03-16 22:34:05.441679,series_1,1.104267290757086,0.6968600297641228
2023-01-16 23:04:28.841406,series_4,6.885158276404355,0.4966534055778249
2023-03-28 03:43:21.241927,series_1,2.1833669061179872,0.5947717446576017
2023-02-27 02:28:20.517324,series_5,9.62119023457604,0.6872680119492514
2023-03-13 02:04:23.534046,series_5,3.0682338477701023,0.4809015016076167
2023-04-08 21:35:58.624352,series_1,0.8455755370964646,0.8557954397434765
2023-02-03 23:24:24.406780,series_5,6.996607298125785,0.0
2023-02-15 20:21:48.669148,series_1,3.845623734164225,0.7555503711994391
2023-02-12 13:05:05.109684,series_1,3.382592314836184,0.7113357388086203
2023-01-05 22:33:33.356056,series_4,5.004665768350492,0.8605392121932435
2023-02-17 00:47:48.947116,series_1,4.388430993852792,0.6078657475824272
2023-04-08 10:33:03.974665,series_4,6.670094820205622,0.7725622063445226
2023-01-12 18:44:48.358460,series_5,4.076249911931015,0.5000297447596821
2023-02-20 07:30:11.054676,series_5,0.9154589549600168,0.5201166428488981
2023-03-01 07:50:46.085764,series_4,8.86371310499697,0.8187964430641893
2023-01-25 16:33:14.664110,series_1,2.596051604691202,0.6296880063154954
2023-01-13 16:54:21.206306,series_4,9.887078851197217,0.7495326845898302
2023-02-05 04:48:40.179036,series_4,0.6058731112322124,0.5472588381462318
2023-02-22 00:54:33.502390,series_4,4.446378694653812,0.7600169150272971
2023-02-10 07:33:19.558770,series_1,2.597968938284506,0.7159226211051024
2023-03-19 13:38:26.985807,series_5,6.516550382013494,0.8998462626374395
2023-03-24 14:57:28.067110,series_1,5.153391540413088,0.9456686322483324
2023-02-07 13:52:47.308246,series_5,8.040414449220098,0.7948510646012061
2023-01-15 19:15:41.122186,series_5,9.895719695475744,0.6601306650474481
2023-03-10 19:18:36.236839,series_5,6.605761867567992,0.4534004590192981
2023-01-21 07:15:00.184135,series_1,5.421142294166486,0.631226219800384
2023-03-19 12:43:48.947107,series_4,4.409037261853412,0.7278950567332887
2023-03-24 08:16:39.852937,series_1,6.070883802209516,0.538622126188083
2023-02-26 10:26:41.138521,series_5,9.59786699152011,0.8912175718938724
2023-01-29 18:52:18.430002,series_4,7.811238340024147,0.9350821350776012
2023-01-14 01:51:34.347549,series_1,7.068196962047338,0.85368153110739
2023-02-04 18:59:47.450869,series_1,2.2256114648495062,0.5674763791548308
2023-01-04 09:00:00.000000,series_1,8.81751857672204,0.0
2023-01-01 16:38:42.941028,series_4,4.114084856836769,0.9942182815398284
2023-01-22 14:21:55.378215,series_5,8.318892883266892,0.5845552092746611
2023-02-23 09:47:11.160275,series_1,9.67605696460792,0.4478667229075579
2023-03-20 13:11:09.011472,series_1,8.573099094763695,0.922001440923921
2023-01-09 04:57:16.282946,series_5,8.345730442299338,0.8270962831568827
2023-03-13 14:48:12.808474,series_4,2.279927924766441,0.4824129911110336
2023-01-24 12:26:51.705451,series_5,4.524747511158732,0.6967863870346558
2023-01-04 13:32:50.674563,series_1,1.8471245034253323,0.6392783472771638
2023-02-10 15:20:51.301296,series_1,4.073125402648606,0.6549583379793024
2023-01-05 11:06:15.854428,series_1,8.398349813420102,0.6317446709358627
2023-01-21 15:53:25.875252,series_5,0.9675637689977944,0.9692016778608762
2023-01-12 05:58:22.940338,series_1,1.4125666975425957,0.6365939758665078
2023-02-22 13:42:01.834561,series_4,4.743041996188885,0.7475291001082662
2023-02-09 07:06:51.184345,series_4,3.7972862464788593,0.7900161348779275
2023-01-29 11:31:32.674083,series_4,0.8368161072616509,0.4916410717887932
2023-02-26 00:47:47.173418,series_1,3.4117738593127123,0.6436997595741177
2023-03-07 02:51:50.669564,series_5,5.14550583155793,0.5927877100362038
2023-02-22 20:18:41.254602,series_5,1.1079354512834982,0.7673825667441211
2023-01-04 19:00:00.000000,series_1,5.377934146663487,0.0
2023-02-20 14:32:31.311612,series_5,8.546541478254134,0.5495613628643043
2023-02-27 12:22:12.056852,series_1,1.8509331320864677,0.5918972018425661
2023-04-05 08:38:17.829788,series_4,7.254498229872098,0.8159306939861803
2023-01-04 11:31:02.068966,series_1,9.975101465799382,0.0
2023-02-01 12:20:43.307370,series_4,0.1151828996505499,0.8156783895291666
2023-01-29 11:31:34.736842,series_4,3.167763420758142,0.0
2023-03-23 05:31:31.331819,series_5,6.694594010874921,0.9467701941839124
2023-02-12 10:14:35.824184,series_5,4.529957550871146,0.5337216655465974
2023-04-07 03:22:22.744377,series_1,0.509919738058191,0.5497221724101277
2023-04-01 01:57:01.314710,series_5,6.252677385835056,0.4350831677932951
2023-03-03 01:41:02.299200,series_4,3.8089189172954487,0.8520621004208714
2023-01-18 20:45:52.340819,series_5,3.4247468659223523,0.7185154548234054
2023-01-13 17:48:24.157665,series_5,6.41100123411206,0.5180749812194556
2023-02-11 20:36:14.518474,series_4,8.702077188955176,0.5813608270365633
2023-01-25 14:00:00.000000,series_4,7.427705481872041,0.0
2023-04-02 07:58:36.433111,series_4,9.14600574080005,0.4811203344177263
2023-02-05 03:36:50.590452,series_1,3.6048385628514943,0.9108282795657588
2023-03-31 21:46:06.496056,series_1,5.121413435906415,0.4851392159055142
2023-01-03 00:39:28.869273,series_1,3.366091228388689,0.5772903247201602
2023-01-16 08:43:34.538168,series_5,9.186526926593698,0.5346531269541518
2023-02-24 19:53:15.482230,series_5,3.5411021889952288,0.8775316689716648
2023-03-31 01:39:17.813753,series_5,0.6141505192663732,0.6892338634009458
2023-03-07 23:30:57.664932,series_1,3.8312545561624303,0.4723514536332141
2023-01-16 17:27:45.529807,series_1,8.577703989384096,0.7569065200759792
2023-01-13 18:32:40.959743,series_5,8.630301091505196,0.4455908235307415
2023-04-01 06:25:55.781882,series_1,3.0540638876193995,0.8092556481705866
2023-01-16 10:25:02.919351,series_1,1.618251727065605,0.7446710658881752
2023-01-20 01:07:52.263622,series_5,3.558197921940235,0.4186375963427523
2023-01-09 11:15:45.668808,series_4,8.362229703628572,0.5431456860384222
2023-02-14 16:48:16.004706,series_1,4.470126643712388,0.6402418395701129
2023-01-03 16:26:15.980428,series_4,0.1576593382579116,0.9516547112081424
2023-02-01 17:31:25.813996,series_5,5.252312312306179,0.9644215676110378
2023-02-11 11:57:57.371223,series_1,3.2457265241995747,0.7693994841629872
2023-01-26 17:47:51.536766,series_4,6.65908213069498,0.9106115765234044
2023-04-05 08:38:32.640843,series_1,2.8398821674574792,0.7436460356178787
2023-03-18 01:38:47.238816,series_5,7.670581195269966,0.6916558364740006
2023-01-22 23:46:03.518247,series_5,1.1063416218177446,0.9899112531884092
2023-02-21 14:59:37.542563,series_5,3.1594856868064856,0.8563849408250279
2023-01-09 10:26:14.230348,series_5,9.97438206494878,0.4453589681440834
2023-01-05 07:13:39.483573,series_1,7.682445707993029,0.996794454168064
2023-04-05 09:44:26.068020,series_1,0.2587806971106876,0.8638974712857448
2023-03-13 21:25:05.035344,series_4,4.5542170033933616,0.5432426736962972
2023-04-04 17:13:13.219869,series_4,2.6990728129314223,0.9040515460756308
2023-01-27 23:03:17.923011,series_5,4.90762724166183,0.4878220845579374
2023-01-03 08:23:48.173736,series_5,1.040134235907202,0.7037065337609405
2023-02-28 07:32:30.085690,series_4,8.80818837535409,0.5323244819549799
2023-04-08 10:06:56.837515,series_5,8.958532302108608,0.545699796694304
2023-04-10 05:33:52.426485,series_4,2.4611368012574277,0.7191239611362886
2023-01-16 22:46:30.626862,series_5,2.299565041766756,0.6231564189545549
2023-02-05 05:25:05.598114,series_4,4.45769683021238,0.7729974334683428
2023-04-06 14:56:24.250626,series_1,8.853984862049973,0.6164428609607504
2023-02-02 07:47:19.686540,series_1,3.844085377175324,0.5195196720865887
2023-04-03 22:02:32.448865,series_1,8.031443164801672,0.7013635484110705
2023-01-23 22:02:48.811126,series_1,6.134302026663799,0.4013316457269505
2023-02-11 02:57:16.527414,series_5,2.9705189723492555,0.818423579923818
2023-02-03 06:49:34.128746,series_4,3.6860823499435735,0.5455941515524753
2023-03-28 04:45:22.808795,series_4,3.004208771288408,0.8572428397622373
2023-02-25 20:14:45.824673,series_1,2.467247049955381,0.881423957013471
2023-01-05 11:22:45.517241,series_1,10.24896532894931,0.0
2023-02-27 01:44:31.984999,series_4,7.883736051302304,0.8934241937016745
2023-03-03 20:04:14.066941,series_1,3.3137935908895475,0.759984884928105
2023-02-18 21:32:36.158715,series_4,4.363006934738552,0.5853211853488489
2023-01-26 22:05:01.595996,series_1,9.43557308137622,0.5570017138355979
2023-01-10 01:29:05.352424,series_5,1.683129343961205,0.7352135498653349
2023-02-21 05:03:29.193675,series_4,6.854326866010449,0.5322093748243253
2023-03-19 21:21:29.724858,series_5,5.161225857763578,0.7371567571628528
2023-04-01 00:12:58.759474,series_1,3.104746980167408,0.825906803186417
2023-03-23 05:09:55.521497,series_1,0.9555059488490458,0.8477826167715663
2023-01-25 03:37:44.653965,series_4,3.870874939061487,0.6130952021347583
2023-01-26 09:58:30.029001,series_4,9.91426978659228,0.5419358808208179
2023-02-17 06:40:49.286707,series_4,1.3586574553419806,0.5994519503891512
2023-01-04 14:45:04.331029,series_1,0.1582796122413443,0.605138835320596
2023-01-04 04:33:30.362065,series_1,6.212964453166245,0.9495446542499834
2023-02-11 12:29:43.119024,series_1,6.405808453029238,0.570557041179657
2023-02-25 23:49:14.580027,series_5,8.43551895665612,0.6663481105753548
2023-04-07 18:51:18.233206,series_1,6.504514981308297,0.7916894148580166
2023-03-05 17:19:54.337582,series_1,4.697463337342863,0.9084163618731902
2023-02-10 21:45:12.518830,series_1,0.1889380502543203,0.5248566891032439
2023-02-22 00:25:46.512761,series_4,4.093199710366585,0.7800963860155903
2023-02-26 22:48:18.767438,series_5,9.343025659908475,0.4056159499554454
2023-03-19 21:57:13.477653,series_5,2.16492859158172,0.6740275247507219
2023-02-04 20:08:08.135593,series_5,9.884332973658935,0.0
2023-01-14 18:17:25.750130,series_5,9.22921748914953,0.5596154349550859
2023-02-01 16:25:36.036265,series_4,0.7304922491031673,0.9669335185142072
2023-01-03 17:37:14.482759,series_1,9.816533987609567,0.0
2023-03-06 13:59:34.558027,series_5,5.696456189775942,0.8591443953041932
2023-02-27 15:01:02.990458,series_5,1.9496548172802144,0.4757927958401932
2023-03-23 03:30:51.993051,series_1,3.811281689033024,0.4640852176135661
2023-03-15 21:32:18.361921,series_5,2.2282162798849225,0.7407048176870472
2023-01-25 16:00:00.000000,series_4,8.591324571131596,0.0
2023-03-06 15:34:42.540552,series_4,4.139107062143057,0.403306037239031
2023-01-31 03:00:00.000000,series_4,5.786957530922995,0.0
2023-03-04 00:44:34.809539,series_4,7.285950440106581,0.9684101753617944
2023-03-27 04:45:02.825812,series_4,5.891715928847642,0.6618416646476641
2023-01-25 15:42:57.706484,series_5,7.3679916957378,0.8958565861215618
2023-01-18 23:58:23.994383,series_4,8.760609760729352,0.8140666712547628
2023-02-12 09:05:20.965033,series_5,2.403702770725761,0.7184659036229688
2023-03-13 01:50:01.012494,series_1,9.698780549106878,0.7132879950410731
2023-03-27 16:30:03.302283,series_5,4.851596317199354,0.6504456916083834
2023-02-08 20:04:20.971969,series_1,0.4142554014726474,0.4400056642453471
2023-01-19 23:20:28.592279,series_5,8.947550225091488,0.9448757059535676
2023-03-16 20:10:07.806647,series_4,8.34796095301207,0.5926617725412383
2023-02-14 07:45:31.198727,series_4,6.201375714247814,0.852597206773207
2023-04-08 03:17:35.883243,series_1,4.875663092215689,0.8574784309376584
2023-01-08 19:01:26.516370,series_5,6.761149469164521,0.6481965314450947
2023-01-03 22:30:23.094208,series_1,6.684581559281567,0.4805129524786628
2023-04-06 21:10:45.046970,series_1,4.401394489051711,0.9384114603374952
2023-02-07 11:35:35.593220,series_5,2.984541042444157,0.0
2023-02-19 02:22:25.240758,series_4,9.914248854766202,0.4489176465250179
2023-02-25 19:58:45.556847,series_1,5.020669435242492,0.5952520719965766
2023-03-24 00:32:02.253345,series_5,1.494093096279202,0.8976410194166128
2023-01-25 07:00:00.000000,series_4,3.444009570425652,0.0
2023-01-25 23:27:44.430201,series_5,0.8395251647415447,0.949799716893244
2023-03-29 09:48:26.129076,series_5,5.269568814632227,0.9439456302732768
2023-02-18 10:10:41.897494,series_1,4.966447912344999,0.8223252464205522
2023-03-05 09:44:39.460476,series_5,1.8581454106407704,0.5613406022112233
2023-01-03 12:26:12.867625,series_4,6.107138782498144,0.6533033169187625
2023-01-07 12:23:06.019631,series_4,8.340177954554735,0.5973458348761143
2023-01-24 01:18:57.211265,series_5,9.53587705014474,0.6613542367536822
2023-03-21 14:12:09.695605,series_4,7.928574350835916,0.9578592572362368
2023-01-06 09:45:53.749088,series_5,1.3841226514247529,0.5315338082439237
2023-03-25 04:11:26.953892,series_5,9.698698403063606,0.537925187131415
2023-02-14 18:11:50.421014,series_4,3.2515941304937312,0.4233830671442802
2023-01-19 07:18:04.887798,series_5,7.64590073569345,0.9731123275529376
2023-01-04 02:44:23.578242,series_5,7.743547339776642,0.4819530799284568
2023-01-10 00:48:38.765597,series_1,9.069017011900756,0.5463576273449346
2023-04-01 16:01:22.657930,series_4,1.376564991296897,0.6543639166745838
2023-01-20 21:38:34.406164,series_1,9.741605620384174,0.9779813497890084
2023-02-01 20:22:00.584007,series_5,4.996858766790906,0.9674235249593328
2023-01-24 06:57:12.215726,series_5,3.082950811963749,0.5494641636980921
2023-02-18 16:15:29.607346,series_5,6.287057321373793,0.6367960373471999
2023-03-20 17:41:39.257425,series_1,8.25903367258697,0.6946337422225297
2023-03-28 12:00:37.601433,series_1,6.8566207991947135,0.4144980089595841
2023-02-09 11:19:22.112656,series_1,9.00894821976033,0.9937074198826856
2023-01-11 10:04:47.589453,series_1,1.9060785268203195,0.5659451157431598
2023-04-01 23:54:52.740179,series_4,6.442526217848956,0.6488148202183294
2023-03-20 20:10:26.835587,series_1,5.288676728917529,0.7211026483277682
2023-03-03 11:33:39.350479,series_4,3.861687088765703,0.4257600349336325
2023-01-10 03:04:34.122486,series_5,2.5150125221979702,0.6281983005458817
2023-03-27 08:45:26.311191,series_1,9.74693975714065,0.4937948740793786
2023-01-18 20:07:24.277955,series_1,7.867150729384623,0.8006517509754625
2023-02-22 10:15:06.853928,series_4,2.1438553053834286,0.6206593793260123
2023-04-03 03:36:53.513467,series_4,1.4437831919024713,0.6845140088718631
2023-01-06 17:48:42.502252,series_4,2.3139392425278773,0.8435845070014351
2023-02-20 09:15:05.338369,series_1,1.463461121923506,0.6144891090664963
2023-03-10 18:42:54.620981,series_1,1.439399596052029,0.4960423501052379
2023-01-15 02:20:29.602576,series_1,3.257030703016089,0.8036802701610553
2023-03-09 00:09:35.010567,series_4,1.9371427350000825,0.7021670633488892
2023-03-11 20:02:52.377627,series_4,2.4178344233404347,0.4072517684746359
2023-01-02 18:03:11.752434,series_4,0.6519440669735643,0.6340018207248014
2023-03-19 16:40:14.945076,series_1,8.699108002601202,0.8873273126255763
2023-01-23 22:41:05.495504,series_1,2.8457769669370823,0.8852063077714639
2023-03-01 15:37:24.305701,series_5,0.520174636766878,0.9770470451361845
2023-03-30 22:23:16.151319,series_1,1.3375102514582615,0.8451020179630407
2023-03-04 11:11:52.115475,series_1,0.5264875513695666,0.5385850139395658
2023-03-27 11:53:10.555164,series_5,5.308054045255507,0.8304136507784214
2023-02-16 19:00:16.076687,series_1,5.681880085573178,0.7907363197458712
2023-04-06 20:58:27.176666,series_5,2.617503322128172,0.8753427409411889
2023-03-22 03:06:48.149564,series_4,9.354740998615512,0.5240044000213298
2023-02-05 15:14:52.942716,series_1,6.013628791349262,0.9060196650161044
2023-02-07 20:22:48.138062,series_1,2.412749305686072,0.9759058377073484
2023-04-09 23:46:16.658667,series_5,5.561975872063323,0.6126372417306016
2023-02-10 17:37:39.979422,series_4,6.213213570150524,0.5675585373299432
2023-03-17 07:45:51.538918,series_5,7.757512928765516,0.5328606837418721
2023-04-04 02:49:52.405457,series_1,4.21755063046078,0.7311654530771596
2023-01-06 00:08:44.518602,series_4,4.564906184300704,0.8710261432800024
2023-01-20 13:37:43.535799,series_4,0.1070414950756315,0.6530118567104057
2023-03-19 02:05:32.366950,series_5,9.263534739561628,0.6253057743360891
2023-03-06 05:37:56.348554,series_5,4.901900520795782,0.8863002414383587
2023-01-15 09:09:17.536744,series_1,9.914829636698649,0.9701145282629832
2023-02-01 22:38:28.696671,series_1,7.572930075421336,0.6396711506149501
2023-01-30 17:39:34.554455,series_4,4.469935100949445,0.7921975282075961
2023-01-16 15:51:58.159943,series_4,7.4825168316321475,0.4703621125539048
2023-02-09 04:57:52.827544,series_4,9.514708469728246,0.4637950205488869
2023-03-25 22:26:08.412295,series_4,7.170137136520005,0.8620521955735865
2023-01-07 15:12:19.566638,series_5,0.4000008496956442,0.847115681779171
2023-03-22 17:34:57.761236,series_4,4.902152473224577,0.6067650863133224
2023-02-26 10:26:04.097907,series_4,7.329609921821129,0.7735020386973803
2023-03-27 07:26:11.852535,series_4,2.9808842074133834,0.880504905652268
2023-02-04 06:24:20.471941,series_5,2.4118417637208847,0.5546134383695637
2023-04-02 02:18:34.251473,series_1,5.787199081084811,0.9465547907727796
2023-01-30 02:11:47.168848,series_4,3.964933687265483,0.7416111814489401
2023-02-17 10:51:54.864928,series_5,0.2070246120531149,0.9461494506850312
2023-03-29 18:25:30.352592,series_5,5.455505929821598,0.8494861629082879
2023-03-01 03:11:06.791460,series_1,5.626327953788781,0.4909487684766436
2023-01-25 01:00:00.000000,series_4,0.6919255108327259,0.0
2023-02-21 19:55:46.701953,series_4,7.666989086486549,0.6578419253770247
2023-03-07 16:30:44.548693,series_5,0.1611140584169867,0.6180482437689687
2023-02-03 07:46:27.818816,series_5,4.446243193684487,0.6335647554322472
2023-02-11 07:25:48.776713,series_5,3.361791150452186,0.534458136877538
2023-03-15 00:39:46.088901,series_1,9.642494274473462,0.9209103615893128
2023-03-11 04:25:22.474891,series_5,6.671456444990518,0.7266934970770609
2023-01-12 18:36:30.373988,series_4,7.22094611299309,0.9071894253246848
2023-03-01 09:25:52.029342,series_4,6.035988015812936,0.7361206971454255
2023-01-29 19:27:54.604022,series_1,4.156263666707288,0.6669962818033703
2023-04-09 16:59:26.180981,series_1,3.218380752299177,0.7686842457313086
2023-01-11 21:33:07.640060,series_4,1.7073778560502706,0.8194853171308991
2023-03-03 22:43:50.380013,series_1,8.272713929329422,0.6941676797354099
2023-03-24 09:39:56.663293,series_4,2.2328045975622968,0.7525224262930761
2023-01-14 17:22:24.515970,series_1,2.066501699501824,0.7814166676196495
2023-01-07 12:29:17.408130,series_5,5.181051553227366,0.7132242951581854
2023-03-13 12:35:16.886212,series_4,1.9767767575493589,0.8932571671508523
2023-01-19 06:25:17.090403,series_5,1.6169078382988822,0.7324550598170869
2023-02-14 10:12:12.677522,series_4,0.2210108799633192,0.8367713829813684
2023-03-08 22:07:50.312990,series_1,0.3363013191903963,0.536853366401997
2023-01-18 16:22:28.326883,series_5,6.733668360141793,0.9346939787765466
2023-04-07 01:56:14.064558,series_5,4.307444305461164,0.7681004285598847
2023-02-28 02:23:58.165773,series_5,7.091516592325044,0.6736832356677759
2023-04-03 06:31:29.703636,series_1,4.667642008310377,0.9538473749533848
2023-01-28 12:51:10.260955,series_1,0.4276325967464411,0.9121273660203918
2023-02-21 22:55:17.274779,series_5,5.597256525701761,0.400068936949176
2023-04-08 01:11:53.289173,series_1,9.108468203568975,0.4823680941723881
2023-03-31 04:53:24.883103,series_5,3.6443205574851936,0.4456553809749973
2023-03-05 04:06:35.730104,series_4,2.391675553773441,0.7106593333019805
2023-03-30 09:53:57.328271,series_1,4.019456313405547,0.6596446379846171
2023-04-10 10:09:50.319663,series_4,7.518531836789199,0.4653189562713086
2023-02-19 20:37:11.956367,series_5,3.2295753565177154,0.8985739105838242
2023-01-25 15:00:00.000000,series_4,7.783689541471093,0.0
2023-01-16 07:19:04.529736,series_5,6.8313157570787375,0.7670287593384336
2023-03-31 00:04:44.703575,series_1,7.301124054956962,0.9703012757864036
2023-02-20 02:29:54.284022,series_1,3.7407304311382896,0.4916677251208011
2023-01-24 07:09:43.646509,series_4,6.4385733211678655,0.8561656201539833
2023-03-03 01:40:54.124445,series_5,8.184595501482699,0.4318173796261865
2023-01-15 17:26:46.489229,series_5,7.750015813303604,0.9466171778989456
2023-01-18 20:48:19.855773,series_4,0.2976230774159383,0.6327781917936711
2023-04-03 22:43:21.544624,series_1,0.9360602604412792,0.9248458553195248
2023-01-06 21:45:15.575742,series_4,4.211587768771766,0.8409395735278193
2023-04-07 03:05:27.817997,series_5,3.983651351999384,0.6629109639165224
2023-03-09 11:40:58.959773,series_5,4.253011469793559,0.4021222563587714
2023-02-28 10:17:46.874703,series_4,5.574883609079471,0.5640897988090465
2023-01-25 16:20:50.576343,series_4,3.180768339170996,0.998796032290198
2023-03-27 14:00:31.935233,series_5,4.97601105580911,0.6275204935851674
2023-03-23 01:17:48.834934,series_4,2.8997531506197536,0.7805666126033364
2023-03-10 09:16:49.180553,series_4,9.727637083624884,0.6208604996185881
2023-03-05 15:47:15.872727,series_1,0.4613071495365872,0.4009208381537626
2023-02-23 17:00:51.145360,series_5,8.08067197748199,0.791553243659032
2023-01-26 13:09:28.421053,series_4,8.825672294370044,0.0
2023-01-01 14:26:31.867848,series_1,1.0704235391903385,0.5153394702326088
2023-04-05 23:18:41.118099,series_1,5.366865440385471,0.78931919717916
2023-01-02 13:13:27.867533,series_4,7.917167031724512,0.9613109838389552
2023-03-22 06:43:26.330203,series_1,8.782187187770466,0.5640322814939509
2023-01-18 15:00:40.497428,series_1,4.750233090387891,0.7697984804875074
2023-01-31 03:04:01.816522,series_5,8.04416476854103,0.6319379549081541
2023-01-29 02:24:39.950718,series_4,1.0415930887885627,0.6288441347782874
2023-03-08 17:41:01.258946,series_4,3.79032199329852,0.7393663090264928
2023-01-12 00:14:42.775457,series_4,8.915440013527705,0.5519805540660642
2023-01-09 17:32:07.184253,series_5,3.85684956486204,0.9275798831979214
2023-03-03 00:56:47.159989,series_4,5.445411261065663,0.7548480554726179
2023-02-22 14:53:48.376478,series_5,9.14505054846048,0.4468481114157735
2023-01-25 19:16:47.131868,series_5,5.625709917594149,0.9483375269450476
2023-03-06 01:29:11.490936,series_5,5.346147537555735,0.7880515586563903
2023-01-29 05:17:53.107835,series_4,5.071137075842542,0.4686903514649658
2023-01-11 08:35:47.220041,series_1,9.559711418493428,0.6848591675880018
2023-03-28 10:26:50.118956,series_1,9.64091726643782,0.4770677361249706
2023-02-03 06:15:44.653581,series_5,4.907759688387454,0.4083184355309481
2023-02-05 02:13:13.220339,series_5,0.2728747988218081,0.0
2023-02-16 09:14:17.075370,series_1,7.720230902648064,0.9720653346892864
2023-02-01 16:48:37.419611,series_1,0.7017043607681583,0.4779501930392867
2023-02-17 20:22:10.241220,series_1,3.9898548752241223,0.8473222334242818
2023-03-14 02:56:47.300304,series_5,9.7508884354701,0.8115563280993499
2023-01-05 05:22:34.109682,series_4,6.477478099682826,0.5842005465122156
2023-02-23 09:06:44.909629,series_4,4.198261428438267,0.6367951879025003
2023-01-25 05:00:00.000000,series_4,2.4554274048966427,0.0
2023-04-04 03:31:49.820281,series_1,9.469132391444209,0.8858772464870448
2023-01-08 08:02:26.482500,series_4,7.508239519291734,0.7961761195021313
2023-01-16 15:46:26.877376,series_5,0.632014473633864,0.7226415501680037
2023-02-23 21:33:27.565022,series_4,2.883309306228875,0.7644160042229047
2023-04-04 01:48:57.929003,series_1,7.052229835043265,0.6203558919322786
2023-04-08 00:13:42.491951,series_5,7.350146150935801,0.8761504326122077
2023-01-24 01:41:31.180512,series_5,3.6861561750211034,0.955486088961892
2023-04-06 22:15:45.472219,series_5,2.1241523542826117,0.6698794269849165
2023-01-26 13:18:04.749577,series_1,3.425053398917784,0.8801891022957427
2023-04-06 01:58:42.561233,series_4,7.999912560244314,0.8107540399233724
2023-01-20 10:30:26.011456,series_5,9.668079976223565,0.7993969374488508
2023-03-15 12:34:45.559204,series_1,6.364807621275678,0.9792490750607638
2023-01-10 17:32:23.444841,series_5,4.359550645668961,0.7381432582634921
2023-02-18 18:14:14.937699,series_4,9.38932965461117,0.5662008608932958
2023-03-07 04:03:48.162106,series_5,7.481861174737528,0.8932257154286327
2023-02-13 05:11:20.388736,series_1,4.43509701967958,0.7088065037734721
2023-04-01 18:49:38.930430,series_5,0.5744281625745407,0.8821024295262976
2023-01-11 13:56:07.110208,series_5,5.701834698659019,0.9918657744894266
2023-03-22 23:36:19.907455,series_1,5.955300733140429,0.6010727386780662
2023-02-12 00:29:42.643104,series_5,9.063028570477943,0.5917826243294659
2023-03-14 22:51:44.539385,series_4,4.516975229947881,0.6471753885353437
2023-02-06 22:04:18.537639,series_4,5.449158535219274,0.6535822161691067
2023-01-01 23:52:08.157957,series_1,8.346642579469657,0.7386279667157991
2023-03-22 00:51:32.245655,series_4,3.386164044130365,0.7093457620926896
2023-04-04 04:08:54.958289,series_1,8.592637470271127,0.7051620378825626
2023-01-03 09:41:18.462083,series_1,5.957149880832699,0.9797060555754522
2023-02-02 21:39:11.075860,series_4,1.913365380873443,0.4359050427510101
2023-03-18 21:24:44.274742,series_4,8.512952949849566,0.960563328638142
2023-02-11 05:47:08.095775,series_4,0.8675673284728325,0.6185908585676851
2023-01-13 21:23:59.957145,series_4,1.511590288253536,0.8497429972150307
2023-02-06 00:05:18.752616,series_5,1.8675142913982068,0.4373940045550133
2023-02-12 10:07:26.934827,series_1,7.152644274037668,0.962503188140964
2023-01-11 11:56:29.694513,series_1,0.2260772427580892,0.9297302742163852
2023-01-25 05:11:29.571690,series_1,7.302012014503946,0.796295204006993
2023-03-11 07:55:58.916198,series_5,2.5148566211932377,0.682223008176164
2023-03-21 23:30:53.392072,series_1,7.36287910410814,0.673647124481243
2023-02-09 23:40:58.329791,series_4,2.603400895470519,0.911777267105615
2023-03-20 00:22:48.311756,series_4,9.840986132519705,0.6457370372012401
2023-03-30 20:11:29.138368,series_1,5.171394301651659,0.8454856244041449
2023-01-31 22:00:00.000000,series_4,2.9021075688284395,0.0
2023-03-08 15:29:42.112914,series_1,1.2476002189924107,0.6255466450023421
2023-03-02 03:54:14.161528,series_4,7.913185357142224,0.8191862697837315
2023-03-20 14:14:53.336775,series_4,8.819725084195516,0.9080135217770954
2023-03-10 21:15:57.308223,series_1,3.743319476172245,0.4450237851902908
2023-01-05 04:44:29.833403,series_1,4.643815668766528,0.8073600508462209
2023-01-20 09:40:17.875634,series_1,0.3208874923233407,0.8104117604447449
2023-01-23 22:27:53.323664,series_5,5.108258883859907,0.7374246779112239
2023-01-20 05:01:13.862676,series_4,0.8339810901778033,0.6827343759800887
2023-01-23 15:22:34.419999,series_5,7.509841945264048,0.892509611690732
2023-03-01 07:52:33.858489,series_5,9.122752009114215,0.5128529998550359
2023-03-19 01:55:41.196618,series_5,0.3292242045762483,0.73424906330035
2023-03-25 12:07:49.533350,series_4,3.049520066988104,0.5619127089114574
2023-03-13 23:34:57.507174,series_1,4.858067770427769,0.8686545578693721
2023-01-07 02:36:27.814646,series_5,0.1103119948203734,0.4021980800139866
2023-03-01 11:47:55.326683,series_4,4.752949347186771,0.4402124327867802
2023-01-13 22:14:00.944313,series_5,6.3467578324865865,0.4756330835475081
2023-03-07 19:10:49.294728,series_5,4.675815840569534,0.4029718822060338
2023-03-29 22:02:33.320563,series_1,0.0659369314362101,0.6462051335735286
2023-01-12 13:58:49.397012,series_4,1.2620344508587045,0.7893232221379747
2023-01-12 22:09:11.817132,series_4,1.6131524810310705,0.9066016082863612
2023-02-07 12:00:03.296533,series_5,5.7634221358980025,0.4652056462034905
2023-04-01 08:09:56.496697,series_5,2.0884538910672656,0.6115352052997158
2023-02-15 09:50:48.140802,series_4,9.83207824466196,0.4418884191708448
2023-03-22 17:27:42.571140,series_5,2.4889115077483845,0.9820114392765656
2023-03-06 15:06:49.949755,series_5,5.742252448984822,0.4155919587542181
2023-04-07 00:43:54.508549,series_1,9.60976499785128,0.4450194094182001
2023-02-03 17:57:53.882598,series_5,3.716986419157752,0.5115752175970235
2023-01-16 15:09:12.078731,series_5,5.991699525006224,0.6008265826083379
2023-03-03 07:41:13.147929,series_5,4.574556145921639,0.5961407207387937
2023-03-10 12:50:43.969283,series_1,3.8992727436393726,0.9271013922911352
2023-01-26 12:37:09.644029,series_5,6.113729473163703,0.653795167111344
2023-02-03 20:23:19.940503,series_2,8.178337186354248,0.5702408045427012
2023-01-12 08:52:40.487149,series_10,7.082360219748665,0.5527464370528651
2023-01-11 22:21:49.090909,series_2,9.763668071208912,0.0
2023-02-14 05:29:56.306820,series_10,5.454016399706587,0.6091851850853913
2023-01-21 08:59:03.785672,series_2,7.332726879618504,0.9386880978146556
2023-03-07 13:42:41.632537,series_2,8.377069707389165,0.7662452312227717
2023-03-24 20:27:15.041126,series_10,4.70072577560927,0.8659069264223835
2023-01-14 06:56:50.970354,series_2,6.305240763100722,0.5396474658178567
2023-03-10 23:28:03.811695,series_2,9.488181103644033,0.5520250404972163
2023-01-11 05:30:21.777977,series_2,3.7555293035292743,0.7122711320595758
2023-02-09 21:59:30.826340,series_10,9.200737131499457,0.6522903500174151
2023-02-14 09:46:31.854893,series_2,4.228240570745773,0.701020975167552
2023-03-22 01:57:04.587612,series_2,5.650804655638533,0.7031873868960736
2023-01-30 21:55:27.442957,series_10,2.2898497630161483,0.5345603968886259
2023-01-31 20:07:51.483026,series_2,8.876630468751525,0.8313164271897677
2023-03-28 07:17:47.395908,series_2,2.295333680587671,0.473293560934751
2023-02-07 09:44:53.528143,series_10,5.514131792358375,0.4992813887641883
2023-01-29 01:23:36.699082,series_2,5.671999739499554,0.7654561001184139
2023-03-21 04:47:54.100296,series_10,6.143129916291538,0.9490694405425548
2023-02-06 10:27:10.593941,series_2,3.655234830610415,0.8941175196770871
2023-03-24 03:48:58.426026,series_2,5.339706526200846,0.5903071099217142
2023-01-23 17:55:46.421183,series_10,8.679162574527282,0.8299108695655828
2023-01-19 16:41:54.049033,series_10,8.323340729311157,0.9945217034327434
2023-02-07 09:42:32.865808,series_2,7.158321259935974,0.907994845422145
2023-02-10 23:52:42.416679,series_10,7.995612495127028,0.5872856027745685
2023-02-23 08:49:24.606216,series_2,5.017705934607104,0.4382001641879578
2023-02-13 03:21:52.554340,series_10,5.492328365362821,0.7987037102760159
2023-01-17 04:27:49.492484,series_10,1.392982599688598,0.99913631371307
2023-02-28 07:29:19.155843,series_2,4.942210992136923,0.5996732674364481
2023-02-08 03:44:02.294483,series_10,8.055138050455337,0.7199062512254257
2023-02-14 05:03:16.506063,series_10,7.519066991214164,0.6377387860907009
2023-02-03 07:21:47.795616,series_10,1.6196523791280382,0.6359801508458935
2023-02-27 12:47:19.877376,series_2,8.052242479484716,0.8681669814505402
2023-01-25 14:02:02.593613,series_10,5.791089102760592,0.695457811782933
2023-02-22 18:49:30.461872,series_10,5.07970388338535,0.8416701128333877
2023-01-01 19:19:41.434931,series_10,1.8825235393788031,0.598303702544995
2023-04-05 14:37:36.530035,series_2,3.816064030787105,0.4876991761821099
2023-02-01 00:52:39.559366,series_10,7.139203229119707,0.6122444036095807
2023-03-24 08:35:23.527512,series_2,4.79292825424814,0.8434568816556576
2023-03-05 04:16:07.034452,series_10,3.1473802052720137,0.9804554791355586
2023-01-21 07:16:37.391952,series_10,7.924645984104272,0.8737549680386236
2023-01-14 02:43:01.518909,series_2,6.876208058777493,0.8628068602559269
2023-02-10 13:55:10.386132,series_10,4.966723198256572,0.915801224940844
2023-02-05 13:58:53.556207,series_10,2.823917241528695,0.6517416921670043
2023-01-28 05:22:02.973416,series_10,2.2375941304678912,0.570236892296242
2023-02-10 04:51:27.097260,series_10,8.450640100939294,0.4563259330601269
2023-01-07 06:44:55.874538,series_2,6.283320557112968,0.7308639573144455
2023-03-23 14:02:00.720149,series_10,2.794458299395602,0.6236550759021866
2023-03-03 01:13:02.674567,series_2,7.945692188577124,0.7846037550076232
2023-02-03 17:19:53.281171,series_2,0.0249324672738671,0.8088359652171482
2023-03-14 02:37:19.411113,series_2,4.645601303638157,0.788803234763434
2023-02-26 04:29:56.735660,series_10,3.3182917873699203,0.8646180413715501
2023-01-14 13:31:27.866647,series_2,4.364775917006737,0.4054979487010371
2023-04-03 08:40:11.097337,series_2,5.16313556891936,0.5348643361043792
2023-01-03 21:30:22.794199,series_2,2.798609268147766,0.8692514771704587
2023-01-27 08:43:26.548126,series_2,8.7326550674245,0.5116942732146404
2023-03-26 08:44:08.482415,series_10,5.56549809921046,0.4192322940210076
2023-03-17 20:25:42.857143,series_10,4.981035142681625,0.0
2023-02-23 00:47:25.341259,series_2,4.214231707815469,0.6374857503578614
2023-02-17 03:42:42.212396,series_2,0.4564020131609381,0.9185488461661744
2023-02-22 21:50:23.657556,series_2,4.6183071328598055,0.827461180992572
2023-03-22 09:23:18.086054,series_2,5.6460337917479775,0.7686997759978053
2023-03-18 17:07:14.017935,series_10,0.9442700002878212,0.6472469618856949
2023-01-23 13:41:11.596553,series_2,5.54919705895691,0.8206318544022051
2023-02-15 02:37:11.925808,series_2,5.635914129677482,0.8717364914841683
2023-04-11 03:00:51.924143,series_10,1.808213614217845,0.8605646012576567
2023-01-29 03:26:59.142214,series_10,1.6093314003395498,0.6557220147266145
2023-02-03 17:39:26.020780,series_10,7.733175107806335,0.59929561591402
2023-01-14 18:09:46.412972,series_2,4.868607169435509,0.8244232499858503
2023-02-21 07:41:50.302297,series_10,7.742761307463164,0.9454482157680688
2023-04-07 15:32:04.886092,series_2,2.220583935544742,0.531348357193278
2023-01-02 22:57:07.276627,series_10,1.1425289665713525,0.5047819566249182
2023-02-02 07:21:49.318262,series_2,1.1890649798910968,0.5152991342052158
2023-01-26 01:25:41.039953,series_10,4.319625976073189,0.9471051238486174
2023-02-08 11:59:09.058141,series_2,8.995937143842227,0.9337070068562588
2023-01-25 14:09:56.221433,series_2,5.493593387627234,0.7211609333930978
2023-02-22 13:38:52.973230,series_10,9.38851704936504,0.4320541930653279
2023-02-04 03:53:49.691699,series_2,6.530091478983855,0.987842578378366
2023-02-27 20:58:04.477043,series_10,4.512597431051661,0.417454993594078
2023-02-08 09:58:56.568605,series_2,7.85850081268184,0.626038260713915
2023-02-17 10:11:21.462192,series_10,3.184010556795891,0.5076282357199241
2023-01-25 02:13:13.647914,series_2,4.655276383510917,0.6888794091879611
2023-01-13 06:00:00.000000,series_2,7.297192105808612,0.0
2023-01-06 05:27:13.186228,series_10,4.134596064714971,0.7908063070072444
2023-04-01 21:52:01.830364,series_10,2.93365164482636,0.7576305527577822
2023-03-14 03:03:07.497946,series_2,1.214540403992559,0.7842245108352555
2023-03-24 00:11:01.146384,series_2,9.405904521488017,0.6933572735251079
2023-04-04 00:33:27.501962,series_10,3.1898703619903723,0.5442515792325746
2023-04-05 03:35:15.385884,series_10,7.549326736012173,0.6702926137982359
2023-04-10 19:07:19.069525,series_2,8.34495004363246,0.829410764340499
2023-01-25 09:00:55.082100,series_2,4.845463339337285,0.4224762273963875
2023-02-27 12:34:15.033868,series_10,0.1942179541780631,0.927829147870638
2023-01-20 09:31:02.536508,series_2,3.6709936190146566,0.5066586210704329
2023-01-02 07:29:52.221365,series_10,1.140054418961608,0.526755225636681
2023-03-23 04:11:47.399894,series_10,7.15117602307322,0.4572669893977992
2023-03-03 14:35:27.063352,series_10,5.510276864898536,0.8080508782102347
2023-03-14 07:54:16.031630,series_10,6.012691888824222,0.7636820013068448
2023-03-25 23:44:27.668708,series_2,2.561422169551897,0.4098932074691026
2023-02-07 19:09:24.030098,series_2,8.051146473664739,0.752667902119656
2023-04-03 00:04:57.479587,series_10,2.517402350391288,0.5086796670636373
2023-03-07 16:50:50.751051,series_10,1.396944986550468,0.7196051200081115
2023-04-01 04:25:12.588785,series_2,8.82743333573153,0.7102271226290136
2023-02-10 09:32:49.501872,series_2,0.3053218683170255,0.6173429125745628
2023-02-05 20:59:01.517801,series_2,2.2359648119552755,0.4046830575870702
2023-03-24 19:26:46.895055,series_2,4.846599993962473,0.9907339946219972
2023-03-28 15:52:52.873504,series_10,3.966849290877289,0.6517576652147372
2023-03-31 03:32:20.924076,series_2,0.8042982879126859,0.5761454236237519
2023-02-04 14:33:17.800308,series_10,5.281791512823075,0.6023210476323375
2023-01-05 02:59:35.284204,series_2,5.7057053442366525,0.7722229904702322
2023-02-21 11:59:47.418187,series_10,8.694885156844283,0.7447728407385832
2023-04-08 01:46:27.133626,series_10,6.356076915898804,0.787917965648383
2023-01-28 16:34:15.441725,series_2,0.3409616768120904,0.4515638255553885
2023-03-18 00:22:22.192559,series_10,6.527500929170963,0.6720399970431712
2023-01-07 03:38:51.303123,series_2,5.32718642239481,0.9379845409051424
2023-04-07 20:48:11.935068,series_10,6.73996222694882,0.4431895379235347
2023-02-21 17:05:40.974050,series_10,9.87512490380411,0.7736707671450758
2023-03-18 16:33:03.679127,series_10,1.846182746765307,0.7885159866447752
2023-02-14 09:48:36.171499,series_2,0.3956492081095086,0.6799423203166111
2023-04-06 16:49:49.271660,series_2,5.260249093491725,0.5585890946185994
2023-01-21 11:53:44.756358,series_2,9.423968084715389,0.8380746118660616
2023-03-14 19:08:14.872064,series_2,7.6086991728740925,0.5394022574970185
2023-01-11 03:59:55.688602,series_10,3.236522310153754,0.904402226991359
2023-01-30 17:54:45.339849,series_2,4.435873441033644,0.959905376416421
2023-03-19 12:25:42.857143,series_10,10.028854421221125,0.0
2023-02-10 05:47:26.018432,series_2,5.0392095498282,0.6887934000090494
2023-02-19 01:20:56.083719,series_10,5.902130192142657,0.8926623747073543
2023-03-14 05:38:00.172227,series_2,9.625611660490096,0.9026664913416304
2023-03-17 12:34:17.142857,series_10,4.81949346508598,0.0
2023-02-18 00:57:16.998995,series_2,1.9422782291368468,0.9004610185150371
2023-01-13 13:40:18.040043,series_2,3.3321678226587856,0.7016821975951596
2023-03-07 11:35:11.128059,series_10,4.121323998899889,0.6947462571081162
2023-03-18 06:28:20.667827,series_10,6.933410538115665,0.7025227675282746
2023-01-25 15:54:55.932165,series_10,1.9132596034768343,0.9640748820709292
2023-02-20 22:33:49.311348,series_10,5.067723877929808,0.8297978211356241
2023-02-24 00:19:30.114192,series_10,4.460098330711851,0.7457696744684277
2023-01-05 11:06:32.098649,series_10,5.490820771664904,0.4584602327154714
2023-02-27 22:11:34.920180,series_10,0.8426257475137233,0.7516671136287474
2023-02-07 11:34:50.519772,series_2,2.3827488443433897,0.4114636227891378
2023-02-01 16:41:02.038184,series_10,0.5191217032652584,0.630886380862588
2023-01-19 18:54:39.295926,series_2,8.251521060712347,0.6167097792937072
2023-03-30 02:52:04.078195,series_2,8.664838007863704,0.8117767625830937
2023-03-11 13:09:12.969994,series_2,9.95629605910972,0.593820760059236
2023-03-30 22:22:34.882536,series_2,6.25736575029746,0.5738313310255831
2023-01-09 01:00:00.000000,series_2,1.12639642655118,0.0
2023-03-02 13:00:47.941135,series_10,4.5982907054438815,0.7735424741817547
2023-02-23 09:34:12.124812,series_2,8.229044785390588,0.7855663808826369
2023-01-09 02:45:59.770582,series_2,8.802886210662718,0.9442886546406728
2023-02-22 15:57:24.888976,series_2,9.225341903661532,0.9427349371146522
2023-04-08 21:11:15.758618,series_10,4.900543098631585,0.9456128731193104
2023-02-09 15:55:19.444956,series_10,8.634165270360983,0.8584223080498075
2023-03-13 02:35:51.691654,series_10,3.764677089419832,0.5501554486306676
2023-03-20 21:08:17.458633,series_10,9.778007959146125,0.9163161955168544
2023-02-14 00:24:56.044687,series_10,7.972091274721299,0.4846299325965325
2023-01-28 18:03:03.027963,series_10,7.036097869264182,0.4503942706435554
2023-01-20 08:07:02.430203,series_2,1.6912852167423498,0.7484196924517966
2023-01-26 14:38:23.212853,series_10,4.015306094157087,0.5781855150120293
2023-01-14 19:38:59.182924,series_10,5.216217627711817,0.5117981763902323
2023-03-29 18:09:19.602994,series_10,4.1678009357548405,0.4808490434922257
2023-02-27 17:55:23.124168,series_2,5.370479432375368,0.4397009076670509
2023-02-07 11:57:06.088914,series_2,6.829053310594766,0.8671617269686106
2023-03-25 13:43:41.393701,series_2,4.812329312162662,0.7113292179529949
2023-03-13 07:34:07.338021,series_2,3.527962894356392,0.929161836681446
2023-02-04 14:10:44.383776,series_10,9.232446399770248,0.8968843820258204
2023-04-05 23:32:34.687236,series_2,0.4106708487434718,0.9310094896849106
2023-03-06 16:44:12.045641,series_2,8.910711332374744,0.554474296554138
2023-03-12 15:07:19.082111,series_2,5.396985174131572,0.4047479177455592
2023-02-04 14:11:12.938443,series_2,3.2114480728329187,0.7907849972663463
2023-02-25 21:46:31.539677,series_2,0.7449824391746707,0.4398476061747384
2023-01-28 08:46:49.116459,series_2,1.445998051358932,0.8527184352386808
2023-01-09 06:07:02.342349,series_2,7.26817420863389,0.9490863390719044
2023-01-20 17:10:10.643803,series_2,0.5600757339583684,0.890576570332863
2023-03-23 23:42:26.246225,series_2,3.288694985375938,0.9275658076825558
2023-02-22 13:32:11.234761,series_2,8.136496839178184,0.937516272505316
2023-02-15 20:48:22.610272,series_2,0.3423660701305786,0.5606896417165984
2023-03-05 14:00:00.015563,series_10,1.1881500851648883,0.9570982679480045
2023-03-25 05:14:16.911166,series_2,0.6948834920493663,0.9125677016579424
2023-01-23 08:37:14.079817,series_10,3.871396403033427,0.924437302439724
2023-01-16 06:52:30.046273,series_2,8.890369532328922,0.4625681288604302
2023-02-08 04:42:57.054516,series_2,9.274430423442183,0.9452756284769
2023-04-01 20:18:49.977806,series_10,9.106802580308209,0.4704277698893399
2023-03-22 05:48:05.970260,series_2,6.47967200968159,0.8472714106487687
2023-02-16 01:56:36.613874,series_10,6.637150661085254,0.4069810783332201
2023-01-07 19:25:28.612425,series_2,8.517521130495712,0.9250890625395792
2023-02-12 16:33:05.280009,series_2,4.244538457404852,0.4666759106374906
2023-02-06 03:59:40.987924,series_10,1.4136556606059447,0.6601992617509951
2023-01-03 21:14:02.220383,series_10,4.956449326809493,0.8762761463172493
2023-01-29 13:15:00.222670,series_10,4.25894839896869,0.572898427292431
2023-03-31 07:03:00.631664,series_2,5.999144381356702,0.941931283203573
2023-03-25 17:33:16.900857,series_10,6.752892119024584,0.5498092146180259
2023-03-15 18:08:34.285714,series_10,10.221880729776109,0.0
2023-02-13 06:36:38.581741,series_2,3.1984809551555715,0.7238269204173303
2023-03-28 16:17:27.488303,series_2,1.6474020350100904,0.4584041509952407
2023-03-04 03:36:57.355210,series_10,1.0856731898532035,0.4678728109351965
2023-01-16 12:16:06.517604,series_2,6.392447611713147,0.4581234102928805
2023-01-18 17:24:02.321118,series_2,8.948350108907881,0.9013501448412172
2023-01-12 22:11:52.051287,series_10,3.3458745194334973,0.7096735914623087
2023-02-19 16:45:06.527063,series_10,6.069227581422084,0.8564997105711603
2023-01-20 10:34:18.236869,series_10,9.611865680316471,0.6704401068913763
2023-01-19 09:58:24.901407,series_2,5.479758175698935,0.8915885471506723
2023-01-30 16:02:39.275186,series_10,7.499421686293783,0.5293465208395791
2023-03-17 00:38:43.567908,series_2,1.5880702965613849,0.6930533043068126
2023-02-22 18:07:18.541776,series_10,8.03106991066254,0.771942739331201
2023-03-13 02:55:47.906545,series_2,6.321719112758367,0.7157857468262347
2023-04-01 06:35:41.028401,series_10,9.714211273829337,0.7282730873501593
2023-01-31 09:25:10.187248,series_2,4.519940966045184,0.8746202231370115
2023-03-17 04:11:31.139498,series_2,5.801881557682328,0.9641061164047728
2023-01-04 03:03:30.816251,series_2,7.649209915138004,0.9411743500041808
2023-01-20 05:11:59.512763,series_2,4.684272465502679,0.997922792528804
2023-02-02 19:44:10.266839,series_2,7.1132624223722125,0.5469597939825869
2023-02-06 11:14:45.841898,series_10,3.402867556228077,0.6804673892047512
2023-01-08 19:24:13.043832,series_2,4.674534314937857,0.9382329842322948
2023-01-31 18:26:26.711109,series_10,8.43447492005299,0.6908532610437277
2023-01-16 17:10:49.662374,series_2,5.759624034379318,0.5114193441809187
2023-01-09 02:48:05.108759,series_10,7.711255364487995,0.6023690092938496
2023-03-20 18:01:26.428217,series_10,3.28347984419461,0.5938438472125361
2023-01-19 10:11:14.613716,series_2,2.089534477209595,0.6868950947321852
2023-02-20 05:03:32.979205,series_10,9.03593718971177,0.6722699319189503
2023-01-23 01:00:44.118011,series_2,3.742795373520932,0.975331209413416
2023-01-28 17:30:46.972467,series_2,4.124747075381993,0.914907691954453
2023-03-04 05:35:18.109651,series_2,3.383419726726728,0.488168162193048
2023-02-23 21:14:28.646324,series_2,1.0340366294818382,0.8688669616920008
2023-03-21 02:29:18.485924,series_2,6.844099049723375,0.7132624567933696
2023-03-20 12:33:59.824091,series_2,6.494141658972891,0.5045265632140163
2023-01-04 08:27:42.816644,series_2,9.055524938532695,0.4890479194524429
2023-02-16 15:39:04.705128,series_10,6.887214097394675,0.5300920454685975
2023-02-13 14:22:25.876990,series_10,7.489953986644487,0.5370903366929268
2023-01-05 13:01:33.931119,series_2,5.711265761568653,0.9427718368782976
2023-01-07 04:55:59.504980,series_2,5.131345083133768,0.5315404317622421
2023-01-12 08:12:55.657878,series_2,9.479670833408736,0.6554736652110189
2023-03-14 21:42:51.428571,series_10,4.981185212979666,0.0
2023-03-03 12:25:49.720382,series_10,2.3096923388486124,0.9261885712785148
2023-04-02 11:34:03.327025,series_2,7.455515626793195,0.916364177119655
2023-02-10 03:23:14.109507,series_2,9.03635522345128,0.949854922784692
2023-02-03 03:12:39.556841,series_10,5.012247994779882,0.8332815264715079
2023-02-09 08:02:26.119759,series_10,3.871232335801009,0.6510904224098673
2023-03-11 04:06:48.536376,series_2,5.32933329495494,0.8958476711304455
2023-03-09 17:18:24.714926,series_10,0.4749265574976402,0.9133945875917424
2023-01-29 15:41:22.991346,series_10,8.123515499041346,0.6390480931044407
2023-03-04 03:58:47.327199,series_2,5.787344035766903,0.7107758486441844
2023-01-20 22:20:50.559711,series_2,0.6889325263383617,0.7472469920409627
2023-03-07 11:53:40.401925,series_10,7.537953900349668,0.55377241159611
2023-02-23 06:37:28.221623,series_10,0.8930511268913555,0.5563852607240716
2023-01-25 15:50:50.575041,series_2,2.501046861140705,0.8110991949639321
2023-04-02 16:51:27.862856,series_10,8.37237448166504,0.885193154957266
2023-01-29 03:50:31.913648,series_10,4.016213127916752,0.4992475435051745
2023-01-18 09:05:54.815463,series_10,0.939817494124392,0.479125096805834
2023-03-27 12:37:36.131278,series_2,3.510442782632669,0.571803973850298
2023-03-20 00:32:37.837881,series_2,4.002523079172367,0.4788205016149634
2023-03-01 21:51:51.586268,series_2,4.837926183060086,0.5457868724113257
2023-03-26 11:08:29.826720,series_2,0.913766588116126,0.6436818231561555
2023-01-30 23:28:46.612952,series_10,0.2149382814834211,0.5815728461589298
2023-01-02 05:09:44.168542,series_2,5.120689716858506,0.4511253348253737
2023-03-30 22:18:00.856929,series_10,1.6335700157556154,0.89468232014203
2023-01-24 01:30:47.474021,series_2,4.909357808022067,0.6968630174880066
2023-03-28 08:03:10.536712,series_2,7.047990878052487,0.5546980066595492
2023-01-18 10:35:51.773603,series_2,6.254800162873765,0.4284450533435396
2023-04-10 14:01:46.809681,series_10,4.371009515285303,0.6271200035782947
2023-01-20 10:33:13.469147,series_10,0.0283616792254703,0.4262965489517503
2023-01-14 15:22:26.008991,series_2,8.17707917875188,0.8186357674978342
2023-02-14 15:37:55.376552,series_2,2.659977912040703,0.9470171963902098
2023-01-12 08:05:27.272727,series_2,10.013809973127293,0.0
2023-04-02 03:04:29.636155,series_2,4.939137334353783,0.9114713716443478
2023-01-09 10:03:09.183698,series_2,8.64989840159658,0.4035409231929455
2023-03-02 15:14:32.750639,series_10,5.797426899448485,0.597683056755575
2023-01-26 19:24:56.466101,series_10,4.474086403540668,0.4132760936784656
2023-03-17 12:53:47.671789,series_10,9.825100574180476,0.926705385221986
2023-01-11 23:49:00.011862,series_2,0.1380588815677819,0.5163923073092523
2023-03-26 15:10:32.707423,series_2,2.714643307845066,0.6517473646296248
2023-03-07 20:30:30.245293,series_2,8.479286924378302,0.6785337194464811
2023-01-21 22:47:51.803692,series_2,3.66627571765573,0.6703557660289613
2023-01-19 20:58:18.988860,series_2,4.142987628611026,0.7546680339802765
2023-02-14 16:09:21.994930,series_2,1.8795664219818675,0.8718639454038899
2023-03-15 08:17:40.440160,series_10,0.8168849648710685,0.6520929832779423
2023-02-13 04:05:34.468701,series_2,4.326180701337804,0.8267204159215198
2023-01-09 11:28:11.400845,series_2,2.0946268966636383,0.67640171571297
2023-04-10 09:37:49.891928,series_2,5.054427300964307,0.6136509535710114
2023-02-17 01:20:53.412298,series_10,3.100461475608025,0.9724859552544592
2023-03-17 15:40:51.760379,series_2,0.125558678540173,0.4253093398381901
2023-02-15 23:32:17.173526,series_2,2.731159973971909,0.8088213281182488
2023-03-28 07:28:07.625038,series_2,1.2565477305895634,0.6785913023905428
2023-01-25 20:25:23.854728,series_2,0.966187896929338,0.602400349396027
2023-03-14 14:00:00.000000,series_10,10.212210829604093,0.0
2023-02-07 02:56:59.821019,series_2,7.610831776870121,0.7353876045568049
2023-01-15 03:19:48.923199,series_2,4.1619925615748,0.8315568772750506
2023-03-18 20:00:00.000000,series_10,4.86250133711668,0.0
2023-03-19 22:50:25.880524,series_10,0.1416243913367287,0.7902616754740925
2023-01-27 23:22:37.499562,series_2,4.981410487238537,0.7995486660080524
2023-01-22 17:47:19.025786,series_2,2.62868589772863,0.9964148008305848
2023-02-01 18:34:36.170564,series_10,5.409069515580844,0.4404897765164369
2023-02-15 14:25:39.105269,series_10,1.9018462082907304,0.8799996754777275
2023-03-17 10:42:51.428571,series_10,-0.1818197817871382,0.0
2023-02-11 13:55:53.623558,series_2,2.3426648424233374,0.4796237744532283
2023-01-13 01:57:15.688826,series_2,9.770345104391987,0.8574788214941447
2023-03-22 22:16:34.937494,series_2,5.008900430008552,0.4663864369289325
2023-03-04 04:34:39.806217,series_10,2.625404988116772,0.9460599782455608
2023-03-14 00:42:33.016373,series_10,2.892648953980448,0.4413754320949999
2023-03-21 15:11:21.741075,series_10,6.209892168488987,0.5362275826082762
2023-03-14 23:42:38.098928,series_2,8.931133845536534,0.569003155820864
2023-04-01 20:00:56.701032,series_2,8.19342436123496,0.8764157198512583
2023-03-03 17:30:46.118952,series_10,0.6337370038591084,0.9910666429693844
2023-01-20 02:42:20.339364,series_10,0.2831813726065302,0.5067788037858219
2023-03-25 16:53:59.276785,series_2,8.335311346734361,0.7275687546866916
2023-04-02 01:49:44.433257,series_2,5.789957349765499,0.7592387101668984
2023-01-11 02:04:28.741086,series_2,9.042829886806896,0.6931666198578464
2023-01-11 05:54:32.727273,series_2,4.958865161057831,0.0
2023-02-22 13:03:08.592623,series_10,0.8150611499719895,0.4583507530384422
2023-02-06 10:35:35.012250,series_2,1.3503914301290176,0.9848700531490834
2023-03-22 18:54:38.981508,series_10,5.685201455891905,0.9501102981658758
2023-01-12 17:49:05.454545,series_2,9.920428927130391,0.0
2023-03-11 02:25:37.928153,series_10,8.931407756701997,0.4161087673124602
2023-03-13 15:55:07.095285,series_2,1.5406378313109126,0.5368064039361777
2023-01-13 05:21:07.490377,series_10,3.939862208083836,0.4743185516427745
2023-01-05 09:03:08.543550,series_2,9.372777734516957,0.5174673778209783
2023-01-13 07:00:00.000000,series_2,6.96121426223834,0.0
2023-03-19 11:42:25.477002,series_10,1.0049326055428232,0.710982738432256
2023-02-27 18:26:35.983718,series_2,8.752065528225842,0.7699174302147099
2023-03-18 12:35:39.800559,series_10,6.477727988827842,0.8839192300125158
2023-03-16 21:05:04.296196,series_10,1.216517298664318,0.5861107472099597
2023-03-26 06:52:02.113658,series_10,5.692650078202062,0.878072718374046
2023-02-21 02:41:38.116533,series_2,0.8486086631289436,0.9874629672914798
2023-01-30 17:26:23.860777,series_2,6.82142688118647,0.4722941360772551
2023-02-28 12:22:56.260744,series_10,6.103592587759133,0.9888466224454476
2023-01-12 01:47:05.440679,series_2,7.37180852279934,0.6972732471766596
2023-01-23 18:27:19.568012,series_2,1.8466441454192928,0.7698656409563549
2023-02-03 13:23:20.692609,series_2,4.313448457576468,0.4363315069969497
2023-02-06 12:40:10.027335,series_2,7.385097013054585,0.8329498461937749
2023-04-02 09:32:56.283232,series_2,4.141848964374505,0.5184334995784651
2023-04-11 17:59:53.163515,series_2,9.983901880971272,0.870813899190506
2023-02-10 01:13:59.733216,series_2,1.6298924735122056,0.48348777385788
2023-02-25 12:27:44.135966,series_10,4.320074245595091,0.9552823635626622
2023-03-18 14:48:12.058529,series_10,8.231322272823935,0.8140930012404288
2023-01-28 11:15:01.092822,series_10,8.135121079583264,0.6505071585585867
2023-03-04 10:43:24.568478,series_10,4.551814546745168,0.5122448702050203
2023-02-02 23:16:17.714034,series_2,3.862970920757329,0.4937357849045566
2023-01-15 12:03:57.445862,series_2,5.537771300141394,0.6832077663210379
2023-01-16 14:58:52.544504,series_2,5.864817238025479,0.9332590273094048
2023-03-27 13:15:27.484618,series_2,3.7581750634516817,0.9750178044978888
2023-03-07 23:07:50.798529,series_2,0.7617290519869158,0.6974687402041657
2023-03-08 17:53:47.742059,series_2,6.870148802626544,0.6314261282780129
2023-02-19 19:53:28.664064,series_2,9.577346333803163,0.4685950892516258
2023-03-28 11:57:40.358972,series_10,6.06911694158332,0.8669409643434054
2023-03-25 20:24:49.180816,series_10,7.262003596881643,0.6724302719082341
2023-01-26 17:52:43.967893,series_2,7.297094433857394,0.5738125569445405
2023-02-18 17:33:08.029698,series_10,9.048187710959008,0.5067557389731687
2023-01-27 07:45:54.703866,series_2,5.878667868497138,0.5267474445087953
2023-01-09 18:27:07.479341,series_10,8.027305157263294,0.6575589744600066
2023-02-17 19:50:16.060212,series_2,8.989664035717341,0.6134862772236509
2023-01-15 08:47:24.738866,series_2,7.037374964675987,0.7953278202431983
2023-02-15 02:57:59.476956,series_2,9.543927314680037,0.9468866619382078
2023-03-15 08:47:43.850282,series_2,4.271978834638813,0.7287067659692951
2023-03-02 12:06:21.624448,series_10,0.0390922483719569,0.7075107105169474
2023-01-22 21:17:48.863165,series_10,0.6772002293613166,0.9191833349554926
2023-03-10 08:31:27.270684,series_2,7.227262406472565,0.6139328743849725
2023-01-01 23:39:03.556655,series_10,2.8335839900635387,0.5885614782703338
2023-01-17 12:28:12.337882,series_2,1.550727211070465,0.6925505813812298
2023-04-05 08:45:15.304218,series_2,7.164832877785759,0.7085859342179537
2023-03-18 14:45:19.010618,series_10,2.2550751352240725,0.8582280016448073
2023-03-24 15:39:45.111265,series_10,9.257645916662552,0.959154838742595
2023-01-07 02:16:56.178285,series_10,6.988967626739765,0.6838643142584047
2023-01-14 10:21:36.452222,series_10,3.4601138737580506,0.8552499903217674
2023-01-09 07:00:00.000000,series_2,6.424264145449492,0.0
2023-03-03 21:04:59.677009,series_2,9.603179608425378,0.6089270052994782
2023-03-16 10:02:39.136458,series_2,9.523523715058072,0.9386048606256612
2023-01-13 05:00:00.000000,series_2,7.62516827252192,0.0
2023-03-22 20:45:50.751161,series_2,7.067103922193265,0.7145392441078056
2023-03-14 14:32:20.401173,series_10,5.974086721549955,0.6732055421255775
2023-03-21 13:19:21.133077,series_2,3.752544193101957,0.588100720922488
2023-03-30 23:25:20.152849,series_2,3.601187077539938,0.6590086417796741
2023-04-10 05:24:27.611348,series_2,8.423558903702105,0.8799785780318078
2023-01-16 07:29:30.276700,series_2,6.811523654735662,0.926542032120096
2023-01-26 00:48:58.664165,series_2,1.9302025941935883,0.4197532485335109
2023-02-07 10:31:42.087083,series_2,3.223176336024566,0.5415842909781416
2023-02-02 23:35:44.043019,series_10,9.606717659901785,0.9054946781544426
2023-01-07 02:48:50.022547,series_2,5.908974360098781,0.8416063611384959
2023-03-04 07:56:13.971774,series_2,1.622575276601389,0.4226277453325744
2023-01-22 06:20:55.664574,series_10,1.1343482870673929,0.8488633731239423
2023-03-06 01:36:36.479307,series_2,4.00875257764159,0.4963447470564056
2023-03-27 18:46:08.068942,series_10,4.699837013608812,0.8991865594506139
2023-01-04 02:26:18.764406,series_10,0.5597780230113747,0.6745006720975804
2023-01-27 17:55:47.669252,series_10,2.1689772961248446,0.667970624436016
2023-01-26 20:36:51.931651,series_2,9.337729709208936,0.5909149879076157
2023-03-01 10:54:58.398233,series_2,7.234764520347138,0.6458377672592344
2023-01-16 01:54:06.239312,series_2,8.999104607788968,0.6994566703157972
2023-03-02 21:08:55.618923,series_10,1.5934100361416947,0.5273434781407704
2023-03-15 06:51:25.714286,series_10,9.95225965556119,0.0
2023-02-08 01:31:38.999577,series_2,1.06955399736835,0.9753124836641852
2023-04-02 02:43:00.671491,series_2,6.997533664518403,0.4949372212135583
2023-01-15 04:50:48.655162,series_2,8.980030202950614,0.6106770445677766
2023-02-05 03:09:51.142926,series_10,1.8454959360251928,0.7122998041052022
2023-02-17 01:52:24.208742,series_2,7.1936245706420365,0.8774789612603681
2023-01-09 18:56:35.102820,series_2,8.294795033467777,0.6289793878043614
2023-03-04 04:47:18.438185,series_10,2.036063402977825,0.8654888234765443
2023-03-19 11:56:54.338335,series_10,3.2587223508289966,0.7050708765407727
2023-03-17 14:19:18.191283,series_10,1.8895228439955536,0.496803762970589
2023-01-16 11:15:08.355495,series_10,1.8729327200951,0.5967665638130518
2023-01-13 06:43:51.308433,series_2,3.4447688030255152,0.6378309208985515
2023-03-22 01:57:57.550993,series_10,6.595890614702578,0.7822364474201364
2023-02-18 09:47:55.322102,series_10,2.604141014992666,0.8832708264067031
2023-04-10 06:35:43.957838,series_2,9.404326248122915,0.5646241665648316
2023-04-08 04:24:26.891576,series_10,2.837485049846923,0.8623330241894579
2023-04-03 07:16:43.697309,series_10,4.637947174119324,0.4988235761508355
2023-01-03 18:34:20.860661,series_2,7.964262095350307,0.7409464636552214
2023-02-21 22:33:33.790501,series_10,4.743868627134572,0.6271194001876653
2023-02-12 13:05:34.365560,series_2,6.391308460544388,0.9878756336666767
2023-01-04 08:34:05.637356,series_10,0.728215797031958,0.7068993030557018
2023-03-17 22:00:00.000000,series_10,-0.1247365335638623,0.0
2023-01-13 08:00:00.000000,series_2,6.705982598650554,0.0
2023-02-26 20:09:12.595050,series_10,9.01675642247764,0.9343968690518976
2023-01-18 04:27:47.466377,series_10,4.178733372707862,0.7796847394946712
2023-02-03 19:46:31.827821,series_10,2.370291107569924,0.8756796342215585
2023-01-17 23:00:32.413117,series_10,4.754522915629358,0.7296683413501917
2023-01-19 07:30:30.851032,series_10,3.675987982136759,0.812965320320846
2023-03-02 16:42:05.587293,series_10,2.013168385822024,0.5266467735169077
2023-03-21 03:01:51.056516,series_10,3.2666299775757257,0.4102960063156736
2023-01-28 06:47:41.029655,series_10,8.77182455125756,0.4076170188754691
2023-01-25 10:06:10.070301,series_10,0.8709194260506226,0.6444150276356663
2023-01-06 03:04:58.980498,series_2,2.8748723177077373,0.6465668546489239
2023-03-29 05:46:19.101181,series_10,0.4505878013697906,0.8578496917650171
2023-03-15 17:25:53.935344,series_2,1.8088485908557528,0.5742811560128824
2023-01-29 09:23:51.099656,series_2,4.308316860319056,0.8829059080010089
2023-03-10 05:08:11.095010,series_2,1.2414052762940897,0.4843315729001736
2023-01-22 00:40:51.172324,series_10,1.6318938783393178,0.973796800976396
2023-01-04 14:44:51.560033,series_2,0.2201437649487259,0.9029746435410114
2023-03-16 15:18:01.275412,series_10,3.1014733662058305,0.4353794446583664
2023-02-24 16:53:46.737435,series_2,3.7571532174211866,0.5294837469290373
2023-01-26 00:16:09.376343,series_10,9.432792469814707,0.5430094566960653
2023-03-19 05:17:30.508712,series_10,0.8883260426703055,0.5205210575534456
2023-03-11 19:18:28.529943,series_2,9.24200901668019,0.4466465069773844
2023-01-01 14:12:41.585865,series_10,5.000272143154998,0.6505732683906237
2023-01-11 20:05:27.272727,series_2,1.5099288266975506,0.0
2023-03-29 16:09:56.779981,series_2,5.729877923924748,0.990474509281468
2023-03-13 13:54:58.225644,series_10,7.703729716995892,0.60232703845355
2023-04-03 19:21:05.210871,series_2,1.0454744749742606,0.4458257076298864
2023-02-20 19:51:44.071396,series_2,0.7868268995312089,0.8360647902470454
2023-03-08 03:43:20.633895,series_2,8.081129953467688,0.4812505144947604
2023-03-29 00:59:12.646331,series_2,9.034273094654598,0.994138408720303
2023-03-15 07:15:59.329869,series_10,9.188268006340056,0.6721805333631035
2023-04-01 14:07:12.151040,series_10,0.044977584917486,0.4408296498955579
2023-03-08 10:47:06.614362,series_2,5.453260518775806,0.7786062158885234
2023-02-11 01:27:11.442017,series_10,4.246410164060196,0.4063380880581468
2023-03-05 20:04:24.117089,series_2,2.5897926986108666,0.976400979902726
2023-03-25 21:18:27.319407,series_10,0.6592692163277658,0.6066577297047311
2023-02-08 21:49:41.273442,series_10,2.8331954199671374,0.5547451137199862
2023-03-01 11:49:33.021449,series_10,5.969080007652269,0.6713450802408855
2023-02-03 13:08:04.319573,series_2,7.69078273979587,0.8813775561184105
2023-01-03 10:47:20.114344,series_10,6.368806657633619,0.6787746814395516
2023-01-23 13:52:27.390655,series_2,4.938913865958071,0.9965126913601096
2023-02-03 04:54:01.336871,series_10,1.9039093506746696,0.7838248640861262
2023-01-18 09:58:26.533176,series_10,5.891547030551675,0.7264143235251157
2023-02-03 07:52:36.761179,series_2,7.368142459080646,0.4064180957439894
2023-03-02 12:50:50.419180,series_2,0.5577655964459449,0.4490212275598512
2023-03-11 04:00:08.591136,series_2,1.4552682444452436,0.6792321615117733
2023-04-01 18:29:17.696747,series_10,7.046392004022119,0.4394027979236141
2023-02-21 22:29:20.078181,series_2,6.976030910226873,0.8843485514512766
2023-02-24 01:47:53.266396,series_2,3.4938355372374152,0.5445980367344252
2023-03-11 11:27:51.787777,series_10,4.223104013943461,0.8399496675407341
2023-03-08 23:23:51.736998,series_10,3.71736575761822,0.637325465895267
2023-03-03 08:37:41.380421,series_10,5.084188078266187,0.8715768010865141
2023-03-11 12:58:51.417653,series_2,9.765945405083148,0.7787786004311217
2023-03-28 21:41:08.212250,series_2,2.797726171293482,0.7120593715291839
2023-02-13 05:56:59.400326,series_2,8.94102263229924,0.5381297531155963
2023-03-18 02:42:53.713494,series_10,4.21324301514069,0.5258930819886705
2023-02-17 19:44:52.381743,series_10,0.7005254078660184,0.5884141623366685
2023-02-28 07:45:18.388831,series_10,6.386951474925549,0.9340639394743988
2023-03-16 12:08:34.285714,series_10,0.2193164130111417,0.0
2023-02-05 15:46:18.914364,series_10,1.63001894586992,0.4423464735296554
2023-03-31 19:07:22.701289,series_10,6.937018194971435,0.8403234946837694
2023-03-05 15:30:15.794865,series_2,8.638196931208682,0.4464981368509491
2023-04-02 08:56:57.383782,series_2,6.810498641249264,0.9935345388429048
2023-04-09 12:55:32.778345,series_10,4.940687191401889,0.9275538388898396
2023-03-24 20:24:57.875460,series_2,2.423855764616337,0.7428884552848394
2023-01-30 10:58:54.633734,series_10,7.662874898942026,0.6764445612772865
2023-01-27 13:45:25.599721,series_2,8.279909569609142,0.6784250965834486
2023-03-20 02:36:13.601177,series_2,2.2674466788635605,0.7842672757931022
2023-03-22 04:50:22.393518,series_10,9.34237097748382,0.8475677174044738
2023-01-04 14:22:55.383460,series_10,8.52977143900823,0.5249226481336176
2023-03-04 04:19:20.339512,series_10,3.8282655060447466,0.5816744323979126
2023-03-05 14:33:50.875320,series_2,0.0478293107139726,0.6512884207843724
2023-03-07 19:04:41.514878,series_2,5.746174357636841,0.7712671098693538
2023-03-25 01:19:46.085902,series_10,0.2309687080188138,0.5258113358659721
2023-01-02 21:36:19.756728,series_2,1.0303217504227624,0.9438085073345942
2023-03-13 13:31:44.931338,series_10,4.039637485140154,0.9233833950144288
2023-03-27 19:30:51.635301,series_10,1.122735760543938,0.5895831423655946
2023-04-06 01:52:34.417997,series_2,4.069273302747824,0.4799930900193042
2023-04-03 01:51:54.320026,series_2,5.222106677018594,0.4745359254766923
2023-03-22 18:17:35.235885,series_10,7.192175545197804,0.5302729561419188
2023-01-17 06:15:03.113342,series_2,5.867904916813528,0.9315384069368612
2023-01-05 00:10:04.958731,series_10,3.519546976864578,0.6991250868759327
2023-03-12 18:11:14.657064,series_2,9.355693055072926,0.9561649940130068
2023-03-07 05:20:31.598220,series_2,7.956791841330868,0.6325827135145823
2023-02-22 18:13:06.442188,series_10,8.81764047772261,0.8521562972520071
2023-02-25 11:21:39.156005,series_2,5.728843773628367,0.5130557553815779
2023-01-19 18:01:16.558306,series_10,6.720251610483857,0.4807835439090401
2023-01-12 03:56:18.650835,series_2,1.3553467961102938,0.4636918188361936
2023-01-29 09:03:42.291934,series_2,3.7435602279260873,0.8404223028776813
2023-04-10 18:19:22.048236,series_2,4.671434329017334,0.4901817379336615
2023-03-13 14:38:25.961363,series_2,1.8756716245159888,0.9661146232136484
2023-02-05 14:45:58.568509,series_2,9.802332593453102,0.6541335667179844
2023-03-16 17:53:07.833558,series_10,7.588292181866669,0.8939567611991457
2023-01-05 14:20:17.646513,series_10,4.826281516610083,0.849475233470804
2023-01-13 03:19:25.421275,series_2,8.761240264935314,0.768477029520392
2023-04-02 18:34:24.759158,series_2,2.35201573582277,0.8544843364697077
2023-02-14 10:49:11.009948,series_2,5.4171037714113535,0.8257698229752748
2023-01-07 18:44:35.104128,series_10,9.905970045584317,0.510200166787439
2023-03-04 16:41:16.099299,series_2,5.73948018431243,0.4113529743869503
2023-04-10 12:20:21.638496,series_2,6.671782423388791,0.8912913157907003
2023-01-31 01:40:24.880575,series_2,2.4580969919169524,0.8112817651470694
2023-02-11 11:38:26.914465,series_2,3.3503829012712485,0.7822233137162127
2023-04-03 11:56:05.024256,series_10,0.3056680972446912,0.9485429244320762
2023-04-01 18:03:48.898141,series_2,0.3198970513619159,0.4163722930703223
2023-03-20 17:54:47.905445,series_2,5.259799929091748,0.5823468853022908
2023-01-05 06:18:15.352020,series_10,2.8685947424447944,0.4000923637820187
2023-02-06 11:18:36.622834,series_10,6.74564713340878,0.4723699486637007
2023-02-20 08:41:46.672241,series_2,8.71803121441399,0.4684614281359436
2023-02-03 10:11:31.922492,series_10,1.6322135665235704,0.5123210238491405
2023-02-02 07:41:02.989617,series_2,6.431289993557009,0.4156244378755165
2023-02-14 13:15:30.741903,series_10,5.827539057053826,0.8630406667504555
2023-01-17 16:12:19.986901,series_10,6.878990517681051,0.6835115272168821
2023-01-16 15:07:50.408179,series_10,8.871708731894385,0.5723572491809586
2023-01-16 06:35:55.850316,series_2,1.2330267549265106,0.7998521832191219
2023-04-01 11:48:05.147110,series_10,3.780140279064181,0.7067752798380029
2023-03-02 06:16:01.337559,series_2,9.80096589560423,0.454792457737313
2023-03-04 14:14:54.629036,series_2,5.237635379234159,0.7919606724522988
2023-03-05 11:16:20.657175,series_10,3.58771078420299,0.9283317914489678
2023-01-13 03:00:00.000000,series_2,8.522163732678175,0.0
2023-02-19 15:15:11.425797,series_2,3.978505501947041,0.4153369591950623
2023-01-29 00:21:08.978022,series_10,1.1626018334922728,0.6079742392630973
2023-01-22 14:51:57.851618,series_2,4.958453608973644,0.7477532933611473
2023-03-21 16:37:30.761021,series_2,8.761789034239062,0.5744558315872761
2023-01-03 13:37:08.851392,series_2,1.2252230812151732,0.9134172394567044
2023-03-01 00:00:33.395084,series_10,7.725638966528509,0.9825280322025518
2023-02-07 03:52:18.489112,series_2,8.018098654485534,0.4966729370215887
2023-03-28 03:56:32.514732,series_2,9.668637285256535,0.8180788439574032
2023-03-09 02:41:38.067549,series_10,9.69546391930823,0.4296850309393355
2023-03-14 06:00:00.000000,series_10,4.366205962860387,0.0
2023-01-31 03:34:02.577000,series_10,8.69238661684822,0.4734122386655355
2023-03-14 08:00:00.000000,series_10,5.713254075536979,0.0
2023-04-03 08:24:01.269888,series_2,0.1273513398810632,0.9362188440998632
2023-02-12 16:17:41.793180,series_10,8.321787412370961,0.5456111545289687
2023-02-03 15:03:57.373683,series_10,5.574843862156671,0.5574911101146023
2023-01-01 03:50:16.363611,series_2,3.732956481240469,0.7282818480138054
2023-01-25 02:08:03.942072,series_2,6.150616693586574,0.6732806709815415
2023-01-08 15:52:19.740245,series_10,6.515549025227375,0.7998093460434341
2023-01-31 03:47:29.525523,series_10,6.061837177039334,0.4294079601992824
2023-01-12 19:03:34.488154,series_2,1.690168584546594,0.8672006244286582
2023-01-27 06:39:15.749449,series_2,2.9009882221326864,0.6858864361366974
2023-03-14 13:26:45.453177,series_2,9.96302982005068,0.9435468620839657
2023-03-08 04:11:34.364052,series_2,9.917047153794488,0.5505256688655575
2023-01-14 09:40:50.373917,series_10,9.256746163187229,0.6891364470829109
2023-02-21 08:08:42.896325,series_10,5.60820454316782,0.9706725368316252
2023-01-28 01:21:14.517716,series_2,0.1576860637902899,0.5744836346126537
2023-03-26 09:50:50.805984,series_10,6.429994834587326,0.7026939897595097
2023-02-26 23:47:29.809939,series_2,2.7348116278290058,0.891784490207135
2023-01-03 23:36:10.593877,series_2,5.621539986188525,0.5549589621517302
2023-02-06 11:11:49.373096,series_10,1.745402977849524,0.90113553841267
2023-01-09 03:00:00.000000,series_2,2.6827511390408065,0.0
2023-01-04 07:23:21.719057,series_10,8.873449931650537,0.7694749737769528
2023-01-28 09:36:09.837990,series_2,9.977552149963904,0.5480784129277588
2023-01-08 02:05:17.647626,series_2,2.4114197424908266,0.7812341059673649
2023-02-01 17:27:13.005474,series_10,3.755537656016469,0.8072409457732881
2023-01-02 22:53:06.572918,series_2,9.578574378418036,0.9895075813943136
2023-02-17 10:56:04.045333,series_2,7.721315789850922,0.8020112364951132
2023-01-06 23:38:00.418082,series_10,5.064400025810508,0.976493687941477
2023-02-12 20:01:08.272688,series_10,0.732064852720089,0.9831255474826334
2023-01-13 00:00:00.000000,series_2,10.032452936563828,0.0
2023-03-30 12:36:46.163090,series_2,0.512967249713554,0.5322841278598377
2023-03-05 01:20:51.435597,series_10,6.855815866354751,0.9187858887373012
2023-01-09 18:46:16.568073,series_2,2.5618374442042637,0.8677390732562279
2023-03-01 01:45:51.174559,series_2,1.2479319180420956,0.6894181717073626
2023-03-14 01:00:00.000000,series_10,0.5361260825362676,0.0
2023-04-11 14:28:18.208510,series_10,3.5748086891016757,0.5170547571228488
2023-01-25 23:26:34.287815,series_10,5.574773430719717,0.5843972165988601
2023-03-04 22:59:37.973417,series_2,9.737187358939222,0.4621681147404677
2023-03-19 11:59:33.646372,series_2,4.865390393458182,0.6978611532845294
2023-02-26 01:06:30.984053,series_10,3.1783346678599966,0.519075713616806
2023-02-25 01:30:26.222719,series_2,6.209960878830293,0.8845958714317735
2023-03-12 23:37:38.357951,series_2,9.551041987493656,0.4329662019612067
2023-04-02 15:52:54.548936,series_10,2.03220491057998,0.7649748592790504
2023-03-14 20:24:24.933094,series_2,9.536945652578192,0.5395448396319398
2023-03-28 04:47:11.843244,series_10,0.513310413300252,0.8176688662244551
2023-04-04 02:49:57.786269,series_10,2.573097813765177,0.7807347019545721
2023-03-15 17:21:23.407152,series_2,8.600625191285857,0.7732140998666488
2023-03-02 11:10:24.862290,series_2,8.838995512457442,0.9051490573773012
2023-01-31 14:40:40.723505,series_10,1.036433674650603,0.8631395950315166
2023-02-20 13:51:21.306736,series_2,4.95015056985449,0.6872391902450282
2023-03-28 20:58:16.701057,series_10,9.988022191924532,0.9985341986715728
2023-03-04 20:10:34.122845,series_10,3.5513524815415343,0.8547012245005581
2023-02-21 06:34:46.211040,series_2,3.837084456839359,0.5607976703885033
2023-03-20 23:38:49.823203,series_2,3.048697860137225,0.8132704424453784
2023-04-06 18:43:16.426647,series_2,3.7453558161026033,0.4655723644687315
2023-02-14 14:30:36.885786,series_10,6.970738130811428,0.4216447595804327
2023-03-03 18:28:41.608096,series_10,4.081806448717873,0.5730941472203738
2023-03-16 02:15:19.335602,series_2,3.4316934015788814,0.5993968795748034
2023-02-22 18:47:27.265123,series_10,7.345900066036659,0.6903265472675253
2023-03-12 01:14:29.805428,series_10,7.069391470821906,0.6668099365646967
2023-02-28 23:18:26.347362,series_10,7.7281925467139345,0.9699807140270976
2023-02-27 00:48:25.223735,series_2,0.3344356524515057,0.7861205229052695
2023-03-13 14:41:30.901574,series_10,7.866205210270582,0.8861871259419518
2023-02-21 07:01:46.944622,series_2,4.286573546076571,0.7229972796678394
2023-01-01 21:59:17.316232,series_2,6.793450280671034,0.5262104237831216
2023-02-24 11:37:39.975192,series_10,3.128931402575086,0.9761396914771922
2023-02-08 16:31:46.314739,series_2,6.189623684909654,0.915744919146187
2023-02-11 22:11:17.991707,series_10,1.7177338542446774,0.4355355654639734
2023-01-02 01:20:38.736487,series_2,2.514821535747751,0.9088478010025968
2023-01-06 06:13:55.069539,series_10,1.4255652758575477,0.5756222009663015
2023-01-12 20:32:43.636364,series_2,5.009107560815373,0.0
2023-01-21 08:20:49.775019,series_10,1.1086409140954767,0.5385858784654737
2023-01-24 18:29:01.505128,series_10,5.45257561161555,0.467751429794801
2023-03-04 09:13:50.395644,series_2,4.1259924272412265,0.5908359012902085
2023-03-25 23:06:37.764735,series_2,5.0082712052766,0.5440022414717315
2023-03-31 02:24:29.734947,series_2,1.682361037857414,0.5119446914401309
2023-01-10 07:27:16.363636,series_2,10.062072147211843,0.0
2023-03-16 20:51:25.714286,series_10,5.2420254811963725,0.0
2023-01-13 10:05:13.787371,series_10,7.713966596212329,0.5768205780110522
2023-03-20 22:50:16.635109,series_10,0.7387486795764064,0.7333848168568033
2023-03-01 20:21:01.956541,series_10,4.340316003174534,0.9142135068528814
2023-02-07 14:57:02.787741,series_2,0.2181978457196098,0.6128316014075098
2023-01-31 08:30:51.893547,series_2,9.31980938025261,0.9933011513408526
2023-01-02 02:00:32.696159,series_2,6.127217318087767,0.5001117452399017
2023-01-11 12:55:53.092043,series_2,7.040388656329562,0.9271830265135828
2023-04-10 19:41:23.857700,series_2,5.94484913364409,0.972357262449974
2023-03-06 13:53:18.956244,series_2,6.899205784471195,0.8468967377059755
2023-01-20 14:43:53.962643,series_2,4.186728496098283,0.706854934809992
2023-01-12 22:25:31.546690,series_10,8.56783458885096,0.5360152196579584
2023-02-23 14:58:39.615229,series_2,8.499623374575721,0.8784924781695089
2023-03-20 23:29:44.284476,series_10,7.449875971875148,0.7218011203817993
2023-03-08 23:15:16.251699,series_10,2.327125049104178,0.5056089122944813
2023-02-14 00:41:48.440522,series_10,8.397006460051191,0.4393775598897273
2023-04-06 21:16:03.517770,series_10,6.409764898743035,0.7650752277177111
2023-03-13 00:03:17.196416,series_10,6.115745410807545,0.4888637733558977
2023-03-19 17:42:51.428571,series_10,-0.1947114527884169,0.0
2023-03-19 23:42:51.428571,series_10,10.03375061215377,0.0
2023-03-13 05:28:47.611578,series_10,3.788484771155491,0.7488233181688261
2023-02-07 18:47:15.487556,series_2,7.424682674527522,0.8465511625360613
2023-03-06 17:09:38.297991,series_2,1.4481705449077265,0.6817601373303652
2023-02-16 22:43:46.522862,series_10,3.3964868199404297,0.911676885428212
2023-01-24 13:05:43.544829,series_10,4.406798955331319,0.7177272566321594
2023-01-15 12:03:37.232193,series_10,2.4841365010073124,0.7043220168768163
2023-02-19 18:08:20.965883,series_2,0.4228044116835106,0.46457796309279
2023-02-05 04:38:59.070405,series_10,4.397405278217171,0.8299565819339763
2023-02-20 14:23:57.770275,series_10,2.360370768806334,0.606888157734341
2023-01-08 23:23:37.118994,series_10,5.481111658169144,0.907884316642873
2023-04-10 04:27:33.798108,series_2,8.215823985367885,0.4873938862405991
2023-02-27 10:13:59.996606,series_10,4.033981386121828,0.9749938217814222
2023-01-04 15:00:36.336872,series_10,0.957281580102175,0.9845447046258206
2023-03-15 14:30:51.287369,series_10,5.267914128707016,0.6061796619184773
2023-01-12 19:22:29.985011,series_2,5.874678795430137,0.7973732340288164
2023-02-16 18:51:46.799751,series_10,1.962995148027905,0.7593804271305153
2023-01-26 13:13:47.140704,series_2,7.922246486064766,0.9722397325077872
2023-01-26 02:17:58.865060,series_2,4.318927588172089,0.4542158236096758
2023-01-20 04:13:06.448635,series_10,7.624796333909942,0.4441675695364399
2023-03-24 01:08:54.162661,series_10,0.8557187163349922,0.9224842557739223
2023-03-11 02:12:31.537451,series_10,6.850309546614954,0.8194707582161245
2023-02-08 22:49:07.062462,series_2,3.817828432268052,0.4385099088612068
2023-01-09 00:00:00.000000,series_2,-0.1578453563955038,0.0
2023-02-27 19:00:39.021584,series_10,8.941988241438581,0.8728670285174398
2023-04-05 21:38:25.914510,series_2,5.587866113819628,0.8738421823295504
2023-03-15 10:00:21.794377,series_2,1.2143840643966763,0.5177496902280676
2023-01-10 11:27:15.684771,series_10,9.758871559778392,0.7940709363221483
2023-02-27 07:53:29.044673,series_2,6.800036568558618,0.6533312449071909
2023-03-04 17:36:30.528371,series_2,2.110526406798124,0.6121385457711458
2023-02-18 09:16:28.194397,series_10,6.6721681455657125,0.8498834719213364
2023-01-01 04:34:24.080634,series_2,3.1079159859092407,0.9752148070147122
2023-02-22 15:55:08.323097,series_2,0.7919952713772083,0.7160960231146115
2023-03-18 02:52:55.781113,series_10,3.766657385254032,0.640500023735121
2023-04-10 09:38:29.702190,series_2,7.817467221349204,0.892444948631091
2023-01-29 21:17:41.947115,series_10,6.9794280864877445,0.9911287157252648
2023-04-02 03:36:20.792932,series_10,1.3343747263158212,0.5273890714226266
2023-01-23 00:27:39.564884,series_2,7.193495816916117,0.5877943366114167
2023-02-01 05:17:13.542511,series_10,8.01467132869642,0.4596930551629652
2023-03-20 14:30:39.591419,series_2,8.606441373027732,0.632087004715288
2023-01-16 09:17:48.541249,series_2,4.827641046383909,0.8273740324930439
2023-01-29 12:41:40.580389,series_10,8.155135230277539,0.826339909131147
2023-01-10 21:43:47.520898,series_2,7.214456888194114,0.8482977620822714
2023-04-09 07:53:11.034199,series_2,9.265600587018884,0.6948000810875555
2023-03-15 06:43:39.987581,series_10,6.00619684213774,0.9694187754798704
2023-02-06 22:11:35.818393,series_10,8.22496984347879,0.6910649478434194
2023-01-26 09:58:39.763809,series_10,7.16176453095559,0.8138721618141587
2023-03-09 14:07:35.921957,series_10,3.1585206080212505,0.993273621170835
2023-01-12 18:00:55.411231,series_10,6.067394291011686,0.9599290456403118
2023-03-01 02:39:34.426259,series_2,4.46293643757409,0.6796276853250581
2023-03-20 11:00:00.000000,series_10,9.583319278170173,0.0
2023-04-04 21:57:08.590330,series_2,2.808352040919861,0.9988159240027844
2023-03-31 17:46:48.036120,series_10,0.4648692219131889,0.5186348479418155
2023-02-19 11:12:36.407317,series_10,5.401508052050596,0.5623316290095187
2023-03-27 00:46:03.730227,series_10,9.218157266699269,0.7019610727723987
2023-03-21 09:20:06.959759,series_10,2.210052997828187,0.8039350364380051
2023-01-23 15:26:50.577952,series_10,5.890748618129162,0.5904666455111544
2023-03-05 07:32:04.503390,series_2,1.468928441138212,0.9499833204711832
2023-02-10 23:36:18.961002,series_2,3.9332363736440983,0.8019148241093845
2023-01-14 12:41:28.059784,series_2,8.350148453418644,0.5310259903018085
2023-01-29 20:12:01.333608,series_2,1.3806882299892032,0.496536056046663
2023-01-21 11:19:43.288930,series_2,1.983919650751681,0.5700875122214393
2023-01-16 22:57:01.917788,series_10,7.676294010765719,0.7566736725400831
2023-01-03 16:22:44.490834,series_2,2.497486044344017,0.7442684599548788
2023-01-26 08:45:51.333183,series_2,1.7698883959814649,0.4197198100568145
2023-02-21 19:16:45.272045,series_2,2.901329337310928,0.6253604589504066
2023-03-23 06:53:28.083584,series_2,0.4118309028120004,0.7736964137050766
2023-03-12 14:37:34.285542,series_10,3.2905019779842,0.4752129785980881
2023-04-02 12:35:02.302633,series_10,5.322367793730916,0.6888267000319668
2023-02-21 15:20:39.983839,series_10,2.1354111495782844,0.6480110173068466
2023-04-01 11:52:00.967285,series_10,7.446514252725941,0.4809493025469221
2023-01-14 17:17:31.559001,series_2,5.988736728645159,0.7234132488586626
2023-03-03 10:34:13.856567,series_10,6.538369406143297,0.6810878660855765
2023-02-27 16:13:18.716155,series_2,5.484402027981271,0.5654354651947677
2023-03-26 02:25:19.627399,series_2,3.013152187822248,0.7879920115110708
2023-02-17 06:37:39.965286,series_2,4.226119528309828,0.8098529371998896
2023-02-05 07:34:31.067314,series_2,8.849674454484962,0.4452643600586272
2023-01-13 04:16:21.818182,series_2,5.33967796914536,0.0
2023-01-25 01:29:56.255156,series_2,2.282927363526357,0.4597131835825074
2023-04-03 05:10:34.483143,series_2,3.101038403280171,0.5534733566310055
2023-01-22 09:14:56.057803,series_10,3.787726511128752,0.8170394770655531
2023-03-26 10:50:17.998754,series_2,7.713621597506226,0.4392951348267873
2023-02-03 16:14:40.348513,series_10,0.2366736249689272,0.9437862759961404
2023-04-01 03:06:26.821258,series_10,3.615587714558453,0.6260650636314349
2023-02-17 02:44:39.885140,series_2,4.015128443085839,0.6271033606829867
2023-01-29 03:10:23.082743,series_2,6.88525574518394,0.8999928332286881
2023-03-30 00:16:11.566066,series_10,8.412472225106017,0.9694119668093564
2023-02-14 02:04:26.456693,series_10,8.619556409239049,0.8433124359863919
2023-02-24 12:15:37.658907,series_2,2.2633728229711614,0.4899601017373103
2023-03-13 01:12:23.704745,series_10,0.1624318886565823,0.4460993193192242
2023-03-06 14:48:18.341185,series_10,5.188784633313103,0.8727544464932235
2023-02-24 22:14:11.936347,series_10,6.523673938609146,0.6249226455669904
2023-01-09 05:00:00.000000,series_2,4.39546195937136,0.0
2023-03-15 07:29:44.612466,series_10,6.833658812263513,0.5741504239531513
2023-02-28 00:18:57.229218,series_2,2.3209844323567386,0.5699736467573765
2023-03-08 09:46:14.793359,series_2,2.102506607264558,0.7481753340548936
2023-03-03 09:11:24.131293,series_2,5.565252562960712,0.5418983753728541
2023-01-26 02:00:17.046957,series_2,4.517339881462592,0.9201829117589372
2023-01-22 07:24:31.987307,series_2,9.863976240520406,0.5038763663376157
2023-01-07 13:38:14.362090,series_2,9.50897842649143,0.860548519429257
2023-02-07 16:44:47.365952,series_10,5.32133167337591,0.9673600311700112
2023-02-01 05:17:01.447990,series_10,4.979870833791962,0.6927667005060245
2023-01-21 03:11:40.870501,series_2,1.522827794609548,0.6108641112585
2023-01-06 13:37:13.945185,series_10,2.100211954948742,0.4068767366271242
2023-03-30 18:34:17.242498,series_2,7.1691966162012495,0.6005615744195737
2023-02-01 23:24:43.469570,series_2,4.595047051418799,0.9482238491155373
2023-01-20 09:16:12.030641,series_10,7.521620967971364,0.5111514333772702
2023-02-05 21:28:58.328128,series_10,0.2295707282432268,0.4043924812151428
2023-01-13 04:00:00.000000,series_2,8.553103459531872,0.0
2023-03-07 12:23:13.917773,series_10,3.110991831313168,0.8841017784720608
2023-03-07 09:11:32.745991,series_2,0.2980900040406753,0.8596574405675854
2023-01-03 05:02:13.023783,series_2,0.8951797164122088,0.9631448506476726
2023-03-24 00:06:01.615646,series_10,2.181704423122527,0.6476141527667559
2023-01-08 12:55:51.416502,series_2,8.267482557645838,0.5607917684258322
2023-03-02 15:27:29.725501,series_2,1.7587340096075876,0.9478423417644728
2023-01-19 17:44:37.295063,series_10,7.149478437125639,0.8853903554054017
2023-01-28 14:12:13.688792,series_2,6.432336794600114,0.6118002845227837
2023-03-20 18:31:45.678300,series_10,7.254641936786832,0.8431214716189535
2023-04-08 04:44:37.653916,series_2,5.397103468819453,0.6405187095854399
2023-02-13 15:31:02.101191,series_2,0.5438104528846077,0.6231770358830302
2023-01-26 18:09:08.898829,series_10,0.4632953249565175,0.8607582126284591
2023-02-27 19:19:08.974696,series_2,5.425165599912299,0.8210160038834795
2023-03-21 18:52:27.961097,series_2,2.242952629791507,0.635633351834568
2023-03-30 06:42:46.252158,series_10,4.367193529757765,0.9698393754604412
2023-01-29 19:49:19.359790,series_10,8.020501374988577,0.865083931578716
2023-02-22 00:08:21.958298,series_10,7.335686964492685,0.7971174426808472
2023-04-05 06:31:06.233964,series_2,7.677050219347335,0.4103984943371325
2023-01-18 19:33:55.186431,series_2,1.6632382603478046,0.7559424753114006
2023-04-05 10:54:30.976366,series_10,3.6440405850516298,0.8101257034993634
2023-01-12 19:04:47.891460,series_2,6.012269179301464,0.5472117950650074
2023-01-31 22:42:31.300143,series_10,7.634160575392133,0.8327924373167717
2023-03-06 15:16:11.936728,series_2,0.1686851315350956,0.425570571645873
2023-03-23 01:18:21.485188,series_2,7.421905962373993,0.6684213332965498
2023-02-10 05:22:50.239950,series_2,9.451834322581576,0.4660857706230667
2023-02-04 06:38:24.827461,series_10,0.8871093420153664,0.5299265791870639
2023-02-28 05:25:39.152558,series_10,3.4088192264719464,0.91486141163401
2023-02-05 00:04:42.163220,series_2,5.482023714265725,0.7024708472941648
2023-01-23 22:19:59.773416,series_10,8.698112856741298,0.7389020460142821
2023-01-13 11:14:47.535003,series_10,3.396482684841169,0.972923477336706
2023-02-18 22:18:29.476920,series_2,6.368903283072824,0.4111907933944386
2023-02-06 12:17:02.243903,series_2,3.429200634896292,0.4518364129544534
2023-02-07 12:23:54.266822,series_2,1.850619768215066,0.9871186913291176
2023-03-07 18:00:25.428692,series_2,0.7293499513149249,0.7227609891859434
2023-01-15 10:57:27.170181,series_2,6.630146587221251,0.872769748847545
2023-04-08 10:32:20.095634,series_10,0.052427496831725,0.8243796783630506
2023-03-23 06:09:39.274637,series_10,5.774401929391143,0.6145821688917363
2023-01-17 03:27:25.038252,series_2,0.1377836498362017,0.4483326686673836
2023-02-16 10:04:04.877721,series_10,8.761621756202146,0.9571888540395644
2023-01-11 02:25:14.353205,series_10,6.991704456354509,0.8528254775655302
2023-01-09 12:08:07.526785,series_2,9.075750543930926,0.7633799276564993
2023-01-23 13:04:40.857217,series_10,8.882791915702834,0.8880871747417183
2023-01-10 14:45:01.865477,series_2,7.581752024773252,0.9123442326944542
2023-02-23 02:39:12.367271,series_10,6.890609058732707,0.9042851677720596
2023-02-15 14:10:02.263139,series_10,1.1829119893462223,0.4474200702660706
2023-04-09 21:50:35.972867,series_10,4.011785457473125,0.5050526648830785
2023-03-18 04:17:08.571429,series_10,5.174848195261843,0.0
2023-02-24 10:17:36.364538,series_10,2.878982983493769,0.8773202990020399
2023-04-10 02:48:23.338131,series_2,2.579944083285186,0.7878824698401328
2023-03-03 10:39:51.657646,series_2,5.636393143746769,0.5090023320714031
2023-03-15 02:17:08.571429,series_10,0.1631516721024175,0.0
2023-03-28 07:50:36.430689,series_10,6.872701712490581,0.7941024112455974
2023-03-04 06:27:21.066291,series_2,6.519902376904372,0.7610178273977366
2023-01-04 13:08:04.370281,series_2,2.32858781454094,0.6023899520126715
2023-04-01 00:37:11.334232,series_10,8.407882790800368,0.6651347710378622
2023-03-02 04:27:29.657692,series_10,1.7123495064402472,0.4701376269859016
2023-01-17 07:42:56.620233,series_10,0.4113662704961518,0.8747761835442656
2023-01-05 03:49:12.073221,series_10,8.086831077620024,0.5794191865901193
2023-04-11 01:20:32.062897,series_10,1.994745671770416,0.5168954386697616
2023-02-12 15:42:24.962852,series_2,3.171156217457152,0.4960614670598261
2023-04-03 21:23:42.260430,series_10,4.337260564823247,0.7125775852652253
2023-03-30 15:23:00.967192,series_2,7.280900404568634,0.5325939716913933
2023-02-14 12:57:42.776286,series_2,7.601652425744147,0.5462541768542617
2023-01-14 18:31:54.103494,series_10,1.2586166154422485,0.8105232221124057
2023-01-11 10:18:53.544404,series_10,9.57559952154184,0.6969142841406186
2023-02-10 01:02:44.098226,series_10,6.366048924082409,0.7242986979263139
2023-03-21 16:40:41.037538,series_2,9.838790306125752,0.8977897700888976
2023-03-12 11:10:07.451553,series_10,9.268629399689136,0.4554976602012742
2023-04-07 12:05:57.955983,series_10,0.6293489318608747,0.5833727455499749
2023-02-01 04:13:21.732193,series_10,9.031226287939994,0.5785981614089577
2023-01-17 05:29:18.914485,series_2,2.38589669085684,0.9209669486564273
2023-02-08 15:31:14.866138,series_10,9.773860516780717,0.4097266917360477
2023-02-08 08:14:41.534383,series_10,2.1384166824889594,0.6235273591112478
2023-04-05 00:24:03.463365,series_2,1.8223961491456475,0.6842006537612881
2023-03-16 23:25:42.857143,series_10,-0.0409417856254417,0.0
2023-01-22 07:44:12.060325,series_10,0.0129298005868605,0.5971691533614543
2023-03-03 11:30:05.995152,series_10,1.1259693472495758,0.9300800551304766
2023-01-03 22:30:31.894366,series_10,7.666844953588279,0.5218990053231013
2023-02-24 14:20:27.563084,series_10,7.042313103182417,0.675311755590318
2023-01-05 12:02:04.847142,series_2,4.21817032508533,0.93616398531664
2023-01-09 11:00:00.000000,series_2,10.037318930209985,0.0
2023-01-11 21:21:49.090909,series_2,4.974964762296669,0.0
2023-03-21 12:40:06.850773,series_2,4.495785463179951,0.7879166000740863
2023-02-24 13:53:56.452301,series_10,4.948004899866337,0.8925747463222093
2023-02-14 06:13:58.193894,series_2,4.564817140521181,0.7888511637461622
2023-01-26 18:33:58.377858,series_10,6.557856897269479,0.6048523939274429
2023-03-08 06:56:43.856278,series_2,4.0068947112372175,0.7487340953889182
2023-02-03 08:12:34.533508,series_10,3.6358091851489815,0.5019911006751129
2023-01-03 02:10:25.770530,series_10,6.170483134862367,0.5269797062752496
2023-03-22 14:14:36.661988,series_2,2.6232490190014257,0.651343148861291
2023-01-31 02:11:53.052050,series_2,9.313030935256783,0.9494744765273524
2023-01-31 17:33:53.089608,series_2,2.6495413737212714,0.8356766648443885
2023-03-11 18:26:27.732176,series_2,6.2525987753780505,0.9007056330489477
2023-02-26 03:15:56.491428,series_10,7.151113763184618,0.7757920755234231
2023-01-09 23:43:34.118750,series_2,4.920174710508892,0.4037692586439814
2023-04-04 21:28:14.762852,series_10,9.258368235462134,0.7258828948295828
2023-01-30 08:07:44.956607,series_10,8.278455123380196,0.6016488270605587
2023-03-11 11:02:21.483155,series_2,9.12863910176686,0.938294073211106
2023-03-04 05:05:28.637887,series_2,3.2482686115448467,0.9606626748794408
2023-02-18 15:16:20.360093,series_10,7.513933183912037,0.7095012115414998
2023-03-26 04:15:48.848746,series_2,4.756744410789771,0.5393838217788532
2023-03-12 00:13:43.408967,series_2,6.045165354164678,0.5744128218936133
2023-02-27 05:26:31.729324,series_2,6.518175907027909,0.5231417548080425
2023-02-23 18:48:46.464201,series_10,3.5410103106292325,0.6024555319378467
2023-01-02 11:15:49.968398,series_10,2.8343656007311715,0.8468334789547882
2023-02-26 12:52:15.992545,series_2,8.364511577902755,0.7384252848478043
2023-02-06 06:17:56.674110,series_10,7.831985725021058,0.9238209240349116
2023-01-28 06:28:31.921305,series_2,5.582945838269015,0.4202237332211692
2023-01-19 15:41:49.550156,series_2,2.1249482198583136,0.5837687205072777
2023-01-31 16:07:07.620596,series_10,0.4718336858683403,0.8076918052469506
2023-02-09 17:03:06.918323,series_10,5.5313634797324,0.6368153850801428
2023-02-13 08:09:54.912959,series_2,4.915331656758819,0.4575943518264208
2023-02-06 13:58:03.902925,series_2,3.2118238343987304,0.94485704878687
2023-02-15 00:16:35.661398,series_2,9.00376020285411,0.7476406490816732
2023-03-06 18:40:59.911387,series_2,4.707095445635191,0.4232844936439633
2023-03-14 21:00:00.000000,series_10,9.955336043145495,0.0
2023-02-18 22:24:11.299098,series_10,5.269705117449711,0.583945120560705
2023-01-30 01:25:28.041106,series_10,4.387225631672962,0.7727349404108923
2023-02-03 20:48:28.223762,series_2,5.682220314673419,0.8863504085284915
2023-01-18 12:33:32.779082,series_10,1.1495167629839242,0.8294725673724348
2023-04-07 16:29:02.360718,series_2,3.7931915858838616,0.7887874805288229
2023-04-02 21:28:03.017943,series_10,6.307726382312005,0.5996787157135979
2023-01-12 23:48:14.741858,series_10,2.066873133729686,0.9166736488526208
2023-02-02 10:13:16.635226,series_2,8.865661922024806,0.588658184444049
2023-01-11 11:22:57.972685,series_2,8.063352984859701,0.7763483517963038
2023-01-29 13:30:12.409912,series_10,0.7660818627846999,0.915686135872092
2023-01-06 06:33:06.488637,series_10,4.948798361834359,0.5098566906057083
2023-03-03 03:31:09.949522,series_2,9.05951656349914,0.7751562067173632
2023-03-19 01:08:34.285714,series_10,10.21713131777077,0.0
2023-01-10 07:20:54.848262,series_2,8.22903363923052,0.5610868725321128
2023-02-14 05:17:45.112435,series_2,0.7265715919303006,0.8074950136582337
2023-01-11 15:40:44.236738,series_2,1.9255938868601647,0.7468014825842173
2023-04-07 19:41:04.346195,series_10,1.2293990503595198,0.9186298054408631
2023-02-25 09:01:48.541177,series_10,2.296547418833975,0.6606031101837465
2023-04-03 12:42:53.034266,series_10,7.865198941795379,0.5382172357062728
2023-01-22 19:20:03.743841,series_2,2.9358824862840005,0.868060283335394
2023-03-24 05:23:02.363545,series_2,7.102885969696409,0.719113917730495
2023-02-23 08:31:01.053808,series_2,8.417461146692544,0.99927462073827
2023-01-24 21:30:37.900189,series_2,0.1885214629536635,0.7502048929020892
2023-02-07 23:43:12.787512,series_2,9.31996882737561,0.6371396692365364
2023-03-12 06:53:39.560831,series_2,9.846876710336636,0.7665340280307932
2023-03-18 08:57:03.075700,series_2,1.511231936619989,0.8562339610682521
2023-03-12 08:05:58.220613,series_10,6.691022267861964,0.9774744744411578
2023-02-25 03:48:23.713648,series_2,2.789553443011528,0.6990777643484931
2023-03-20 21:00:57.141007,series_2,4.870805529973941,0.6571272471748402
2023-01-27 12:07:22.701373,series_2,0.1810288308622398,0.509793210453524
2023-04-11 00:24:41.789207,series_10,9.851202859431972,0.8753812069621709
2023-04-02 19:22:29.214607,series_2,5.4745761726904885,0.5399466112819284
2023-03-04 05:39:21.130542,series_2,8.445997365442143,0.6000793305429633
2023-01-05 07:49:00.602448,series_2,2.9514312624981462,0.614351025743255
2023-04-02 01:44:44.051096,series_2,0.3322898118452133,0.6454755538390511
2023-01-29 08:28:01.564970,series_2,2.8813968996265418,0.7704244803174867
2023-02-24 19:30:57.234309,series_2,0.0981182642308475,0.420104266525369
2023-01-15 21:59:37.703871,series_2,4.487533210537189,0.663230193476953
2023-02-07 14:32:33.111694,series_2,4.286530302779022,0.9446293138556487
2023-02-24 03:40:54.849382,series_2,7.533594566626646,0.6548763901324697
2023-03-10 18:02:49.435008,series_2,6.954249159949224,0.4718856651082863
2023-03-24 17:32:53.851808,series_10,6.335906663770063,0.6017367816858297
2023-02-06 19:22:55.305140,series_2,7.003055585125651,0.7159261451863541
2023-03-31 13:32:32.287023,series_10,1.40328539309037,0.8389121052445914
2023-01-28 13:37:51.990819,series_10,8.106769436903505,0.4347159793487738
2023-02-28 18:21:45.390068,series_2,3.452719577361869,0.888058564022713
2023-01-04 14:30:34.775184,series_10,8.977952762467433,0.8138920090768464
2023-02-28 03:40:19.185875,series_2,9.270293546256282,0.6528416021793721
2023-02-01 03:42:30.907485,series_2,2.373735400345204,0.9279034538609752
2023-02-16 23:08:45.066105,series_10,9.673458801116778,0.7707434673757774
2023-01-09 00:12:53.797745,series_10,5.383321374854657,0.8461002614937876
2023-01-26 16:14:28.958375,series_10,8.69617222249002,0.8341450080968551
2023-01-25 14:19:49.939984,series_10,3.087424435132773,0.8094078277921328
2023-03-09 14:38:49.026686,series_2,1.040368595590846,0.7715851975197713
2023-03-03 21:39:37.347668,series_10,2.2778032348680344,0.8377664094855335
2023-01-07 03:54:25.732230,series_10,4.385634471417777,0.4039744745551611
2023-02-07 23:44:42.850404,series_10,8.605941029414012,0.7091983818845853
2023-01-17 11:48:17.986403,series_2,6.348431758488456,0.990424440754394
2023-01-03 16:34:56.528020,series_2,9.442033416569316,0.6843887265445875
2023-03-17 17:41:26.992720,series_2,8.919762673028075,0.7804047233710563
2023-03-16 00:51:25.714286,series_10,-0.303050251695886,0.0
2023-02-12 09:16:40.141376,series_10,2.6132829942924864,0.62444216705888
2023-02-04 11:23:52.547792,series_2,6.5784528656400525,0.5103210615326577
2023-03-23 19:08:13.867021,series_2,7.078355372778418,0.9549430349009552
2023-03-11 01:22:54.006667,series_2,1.8664853033586384,0.9883323023709908
2023-03-14 08:15:42.660583,series_2,0.6989647798592413,0.6523671855044901
2023-01-20 23:29:17.139429,series_2,4.651053665456449,0.6228137851394709
2023-01-23 16:06:27.299072,series_2,0.339160186379307,0.9675519946938512
2023-03-22 02:24:00.708188,series_10,7.930298375640271,0.5363069847347665
2023-03-14 05:10:02.272213,series_2,9.683550435192114,0.542932959614177
2023-02-06 08:39:56.498771,series_2,0.7784942665665062,0.9868609021731186
2023-01-31 18:35:20.149434,series_2,1.3673105112827255,0.7437271254720624
2023-04-03 07:52:01.987728,series_10,3.6701394280163457,0.8448193662662755
2023-01-27 19:18:02.162675,series_10,5.370580388840556,0.6212471711950899
2023-01-23 03:05:41.276943,series_2,7.774226162001115,0.7588376291586747
2023-03-31 17:57:55.103607,series_2,5.4057688092349725,0.7097522379423957
2023-02-04 23:23:05.223168,series_10,5.496572045017186,0.6710177585678028
2023-01-13 01:53:02.411871,series_10,3.03698265283853,0.5851079664996578
2023-01-08 13:03:07.121759,series_10,2.4057007335656238,0.4893348962748812
2023-01-25 09:36:21.962277,series_10,9.981125673972407,0.4093952972572938
2023-04-08 02:06:13.397265,series_2,1.3873613931168085,0.743812571853224
2023-03-19 14:59:32.257542,series_10,1.196979974079151,0.8958568560448642
2023-03-01 07:44:58.463675,series_10,2.175130284280236,0.4286985465195032
2023-02-13 01:11:19.025628,series_2,6.797195733353839,0.4380412090554183
2023-03-31 03:02:30.666072,series_10,1.710359727502294,0.6907119948881735
2023-01-25 10:20:39.262707,series_2,4.54277021135432,0.5539170599860905
2023-02-21 04:51:29.475006,series_10,9.546423028649082,0.9683316895186038
2023-01-04 20:56:58.142727,series_2,2.1485700025086727,0.476773322617025
2023-01-21 05:18:43.598545,series_2,3.849036634072728,0.5551967132157152
2023-02-25 01:05:53.028866,series_2,7.221945484086945,0.580421593022051
2023-04-03 15:45:02.980834,series_10,0.069304879895814,0.6393010073037859
2023-03-15 21:17:08.571429,series_10,5.1048382361782805,0.0
2023-03-16 23:52:43.969081,series_10,0.8282348275582141,0.6926479220416155
2023-03-29 18:17:35.427647,series_10,8.218542454043869,0.6681982365206902
2023-04-10 06:00:36.429069,series_10,8.869613433225414,0.738929899083633
2023-04-09 21:54:06.943292,series_10,5.483941270534231,0.7757033115809434
2023-02-02 12:46:17.467595,series_2,7.258424943949132,0.5492084754383241
2023-02-25 23:25:17.340681,series_10,8.181319228320485,0.9727650110807712
2023-03-26 21:15:39.398253,series_2,3.590936792881858,0.6710346062988806
2023-01-24 19:24:23.892012,series_2,5.9647363758119685,0.4675402059756706
2023-01-29 12:38:18.331249,series_2,1.5693174573250634,0.7185164149784607
2023-03-26 22:20:45.380489,series_2,8.77300342680836,0.8987042283843694
2023-02-08 17:53:30.190564,series_10,4.004911719982161,0.596756372492617
2023-02-24 20:55:16.693423,series_2,9.760971463535617,0.7536937769316855
2023-03-30 01:41:41.021952,series_2,2.890701009863778,0.498015893292635
2023-03-30 13:54:15.924837,series_2,4.803039473029935,0.4738520696333896
2023-03-24 04:18:50.155797,series_10,9.190065689552911,0.8810402468435297
2023-02-28 10:51:30.187289,series_10,1.6543029592474623,0.6391457155747451
2023-02-07 07:24:38.089896,series_2,0.7804302587694156,0.673674168146728
2023-03-11 12:24:45.518840,series_2,1.7495334309855948,0.931606128978746
2023-01-15 10:00:32.698193,series_10,4.94222885551315,0.9055941612663856
2023-02-02 06:02:33.757707,series_10,4.079498053791959,0.6195477352626974
2023-02-06 11:22:30.252236,series_2,5.641310722333227,0.5890860101898341
2023-03-14 17:29:38.931813,series_2,3.820421171911805,0.883157344277582
2023-04-10 20:11:27.927160,series_10,4.352724088962535,0.6737927365873859
2023-01-26 16:00:18.135457,series_10,4.349840908372364,0.5231181951634536
2023-03-18 04:19:20.792662,series_2,6.502017634770146,0.5598942656647969
2023-03-05 07:57:19.800287,series_10,4.403665339071163,0.4429972816644761
2023-03-17 13:20:47.707396,series_2,3.535993123310457,0.7868479422770343
2023-03-21 14:28:47.722950,series_2,9.963161286950523,0.5337461129936585
2023-03-07 19:04:48.805727,series_2,1.6429652750907553,0.5810379084807749
2023-01-02 01:58:23.749794,series_2,7.084265135398483,0.4454338681719909
2023-02-28 23:03:59.706020,series_2,0.0459788639521374,0.5756467099722715
2023-03-17 14:37:24.358717,series_10,6.97336104400224,0.9179810169948888
2023-01-15 12:21:16.710447,series_10,0.9231005128179304,0.4161658852879769
2023-02-15 17:16:30.450135,series_2,3.428323894476298,0.646235871657771
2023-01-13 11:00:00.000000,series_2,-0.2058517886892628,0.0
2023-03-31 23:31:50.194516,series_10,4.986079152419732,0.5160136984924273
2023-01-29 14:13:09.591919,series_10,1.0451571098267043,0.6110531375748527
2023-01-31 14:33:09.840695,series_2,4.809122593917646,0.6590199968749413
2023-03-05 12:28:38.138227,series_10,5.461969014585035,0.8791797601453925
2023-02-06 16:09:54.136749,series_2,5.776236802812429,0.9369003743793134
2023-03-31 20:48:13.522895,series_2,8.39857461732273,0.5274541918387123
2023-02-05 01:37:38.285469,series_2,9.228576871561158,0.7130010887457685
2023-03-23 19:21:31.483999,series_2,2.181813897403945,0.785332348001589
2023-01-11 17:40:13.695655,series_2,3.630182313727484,0.9524781309868176
2023-02-17 08:01:23.116304,series_10,0.2378097663298128,0.9597083540412772
2023-02-25 19:46:08.739798,series_10,7.195978898144172,0.4210390155218419
2023-02-17 16:47:16.510661,series_10,1.7882080465922223,0.8411316858573147
2023-02-24 11:20:45.569142,series_10,8.429462589191788,0.5299036488738347
2023-03-15 08:11:09.528981,series_2,0.3512840918804383,0.6269077538971516
2023-03-29 21:46:11.907983,series_2,0.3602349780419767,0.831698160742875
2023-01-10 22:10:54.545455,series_2,4.992119570766119,0.0
2023-03-01 02:12:24.214530,series_10,2.175592277575429,0.6555139544010284
2023-01-20 09:57:45.957403,series_10,5.760004746531137,0.4227120536496903
2023-03-05 18:02:13.780580,series_10,5.622215175959719,0.7198707166552576
2023-01-12 13:48:41.763896,series_10,8.801684390422126,0.7410704494140542
2023-02-08 09:05:23.572040,series_10,6.250486220570158,0.902753179789854
2023-03-27 05:43:36.943178,series_2,4.317600245699255,0.8536412730106402
2023-02-17 01:19:58.096175,series_10,9.556613794728106,0.5174464893383146
2023-02-05 18:33:29.051804,series_10,7.270896310250637,0.4311726633711312
2023-03-24 12:05:17.250485,series_2,0.9372113701846764,0.5833983684839943
2023-03-25 01:06:36.998546,series_2,7.748421702004623,0.8010627073143047
2023-02-09 04:28:58.977237,series_2,8.57089031593596,0.7014469466616371
2023-01-11 20:47:27.363804,series_10,2.358443250093312,0.943748480576534
2023-02-17 04:45:13.818852,series_10,6.374615082882525,0.7017115030184362
2023-02-18 17:50:02.203232,series_2,3.7017579233749554,0.8561496717504591
2023-01-09 08:00:00.000000,series_2,7.598286709284946,0.0
2023-01-27 01:52:36.270648,series_10,0.152598374999846,0.7431478607126714
2023-03-29 15:32:37.440229,series_10,0.7418172488718444,0.4508257688053497
2023-02-17 18:56:31.550000,series_2,9.466343557338796,0.8965856379362852
2023-04-08 02:42:11.576958,series_2,7.969697176194069,0.538160988075738
2023-01-16 11:37:30.561216,series_2,8.29389150480765,0.449584089993491
2023-03-15 13:25:42.857143,series_10,5.083381261391956,0.0
2023-01-17 08:48:04.921599,series_2,6.624672828467317,0.9500695410528572
2023-04-07 14:11:40.881354,series_2,6.321738317296316,0.7522518953357513
2023-03-18 07:51:25.714286,series_10,0.0572137199277476,0.0
2023-04-03 11:36:22.438630,series_10,4.035838222845085,0.4669890191738345
2023-02-24 12:54:04.803433,series_2,2.425206424168329,0.4398527729334694
2023-04-01 02:24:42.145864,series_2,1.6928385790943323,0.6017741760275965
2023-04-02 03:24:52.666191,series_10,2.8176370161504383,0.922378917945082
2023-01-14 06:56:53.783179,series_2,6.263764322361184,0.4038789229854244
2023-02-11 19:07:15.982333,series_10,8.23878106245458,0.7940461670758518
2023-03-31 09:31:55.607375,series_10,5.640783556600906,0.9825875809748704
2023-01-23 13:19:06.775213,series_10,5.631217260153065,0.4171446508866738
2023-02-16 05:36:05.947056,series_2,7.813305677291171,0.8247006266261119
2023-03-27 22:50:10.300519,series_2,4.030993152949583,0.6627385586714108
2023-03-09 14:05:09.282217,series_2,2.6975259317110387,0.5390529732358627
2023-02-05 14:28:31.914605,series_2,6.134892145471333,0.4220890671983547
2023-02-05 10:42:59.244207,series_2,0.989428220419908,0.9932007144412988
2023-01-25 13:02:35.224493,series_10,4.353643655715124,0.7694589745401963
2023-03-28 01:23:32.017735,series_10,7.829124404598209,0.5298048462328715
2023-03-16 14:10:56.609444,series_2,7.204734620332114,0.5572782062885868
2023-03-18 02:34:17.142857,series_10,9.99403661055087,0.0
2023-03-28 03:15:18.493795,series_10,5.189530583422949,0.5845319233923856
2023-03-15 06:24:25.986337,series_2,9.249894958697668,0.8395740289106531
2023-01-12 07:36:13.142089,series_2,4.623601204171179,0.6123757276304542
2023-02-01 09:07:34.872372,series_2,4.991604193435952,0.8334536915364942
2023-01-15 14:38:05.904592,series_2,3.151253298417944,0.783451113832621
2023-01-30 07:31:36.070973,series_2,9.677219851448136,0.6294434118238349
2023-03-02 13:08:35.286009,series_2,5.059076283929299,0.6108198970515917
2023-02-26 15:57:53.251219,series_2,7.13594267412121,0.8641351495143879
2023-01-20 23:03:59.425499,series_10,2.5369915885566874,0.4954079287929874
2023-03-09 15:19:27.479134,series_10,8.120828611051929,0.4582596757934781
2023-02-02 03:47:31.530121,series_2,3.4270376218997223,0.9888740113599944
2023-03-24 08:08:52.528376,series_2,4.121173132249933,0.5501923447944961
2023-03-20 17:03:00.694567,series_2,9.57617651158208,0.4280720812323674
2023-01-27 13:41:12.710314,series_10,8.810417984401406,0.4397269718080104
2023-02-20 14:17:41.761323,series_2,7.477688318414792,0.9503096928865886
2023-01-12 05:05:27.272727,series_2,5.188045278752777,0.0
2023-03-22 02:41:46.632371,series_2,0.7228254474763307,0.9527054881900304
2023-02-13 19:02:48.355708,series_10,4.131085716977574,0.4562844412564922
2023-04-08 19:06:54.557635,series_2,5.839929913736746,0.8581632000528588
2023-01-13 01:24:25.577391,series_2,8.112413038709501,0.9964376340842452
2023-04-11 20:25:04.664233,series_10,4.291075779383318,0.4973773375559617
2023-01-06 01:27:14.316413,series_2,9.308093379282347,0.9909985688444864
2023-01-14 20:57:33.071689,series_2,3.219449411037848,0.6479587649974852
2023-03-21 10:17:32.643464,series_10,9.960388162896978,0.446907266279092
2023-02-03 13:19:02.450950,series_10,9.71644392529249,0.9470067678620678
2023-03-23 06:24:22.328736,series_10,7.218980567446161,0.6178261240314689
2023-03-28 20:08:56.916374,series_10,4.266046803155802,0.7431812543659275
2023-02-04 17:23:17.605466,series_10,7.607242036765216,0.5896571943792885
2023-02-21 01:58:33.007866,series_2,9.126665605421922,0.6440569124732265
2023-03-26 14:53:34.137647,series_10,5.483136108953737,0.9252108956693936
2023-02-17 20:21:29.126908,series_10,9.109475340230771,0.435694572866555
2023-04-06 20:29:11.449660,series_10,6.899236687302826,0.6253293717378245
2023-01-11 10:21:49.090909,series_2,2.0805109103248878,0.0
2023-02-12 12:11:39.155272,series_2,4.066477410960415,0.633171766811413
2023-03-14 07:32:35.800239,series_2,6.032758574595412,0.8975238779478336
2023-02-14 06:02:07.615257,series_10,6.620935416075482,0.5696927243494981
2023-03-22 11:47:44.372709,series_2,5.302534967527068,0.90156795037452
2023-02-01 14:45:02.121280,series_2,7.704042923319978,0.6721086582977571
2023-03-01 14:06:14.807861,series_2,2.82829920164275,0.7682435365624926
2023-03-23 06:47:38.229921,series_2,5.288755052969432,0.6653760876061895
2023-02-21 03:57:44.343717,series_2,9.477990548640983,0.5881139481486829
2023-01-08 01:52:11.372826,series_2,5.669426369722013,0.5388477614401679
2023-03-02 12:58:57.393021,series_10,7.228294271559507,0.4114284110225027
2023-01-20 20:29:26.621771,series_10,5.097761396054402,0.5334720588721572
2023-03-06 19:39:08.401151,series_2,2.472504173172511,0.9809129192777633
2023-03-06 07:39:47.770362,series_10,6.346626895483308,0.5079821941072955
2023-03-16 09:53:30.492562,series_10,8.327099171816418,0.8131166742128834
2023-02-20 03:08:57.793464,series_2,4.196993888071471,0.8480290283403895
2023-02-28 00:20:50.788155,series_10,4.693636701550683,0.9247969383867212
2023-03-22 06:20:14.436814,series_2,4.0281814477107964,0.5452524114969945
2023-03-03 12:37:54.179076,series_2,9.423625145265229,0.9164647887773034
2023-02-26 18:47:01.248465,series_2,0.664177689363491,0.6081621833213393
2023-03-25 14:34:05.869594,series_10,1.245997589183976,0.5538422500157768
2023-03-10 15:04:57.105335,series_2,5.6506837364670695,0.6166382071550858
2023-03-23 05:32:52.904973,series_10,8.617648912705667,0.4931378310048774
2023-01-13 02:00:00.000000,series_2,9.375038258424064,0.0
2023-04-02 10:42:51.702058,series_2,2.737016422256464,0.4336410563028854
2023-02-03 19:54:25.352639,series_2,8.282008932057126,0.6718508372303326
2023-03-01 10:20:06.542821,series_2,9.87272251258362,0.6827787315235343
2023-03-14 03:00:00.000000,series_10,2.2828371958820277,0.0
2023-03-11 22:51:18.909808,series_10,7.57723325767235,0.9403287091023484
2023-04-11 13:04:20.303763,series_10,4.899808385294337,0.8999686012632606
2023-01-23 22:22:11.935849,series_10,2.570451958101867,0.5509685769184773
2023-03-31 03:42:55.869655,series_2,8.571048630093815,0.5085057690157043
2023-03-04 21:11:20.273716,series_10,8.504802877654317,0.6140928976637116
2023-01-26 15:16:21.190960,series_10,1.8556778862234324,0.518314094412919
2023-03-05 06:49:16.903479,series_2,1.849614650901139,0.7773170268661912
2023-02-17 14:11:27.591498,series_2,8.676918571031788,0.8726174739647052
2023-01-02 17:24:06.508696,series_2,7.145439527876879,0.4961596953300337
2023-02-13 06:56:34.995254,series_2,9.51405451153229,0.5445928693625555
2023-02-28 01:48:12.552684,series_10,7.049512770646036,0.752576216752646
2023-01-13 12:00:00.000000,series_2,4.936975394110232,0.0
2023-01-10 18:15:35.217843,series_2,7.711353204799742,0.839841066330234
2023-02-22 00:10:52.312283,series_2,4.682222272066072,0.7310429438279
2023-03-24 04:45:01.820120,series_10,8.530076912716117,0.4678907447851256
2023-02-05 06:47:35.165849,series_10,3.8700862331202814,0.6600976153976398
2023-01-26 21:35:47.712551,series_10,8.919952497225616,0.8125604934933295
2023-03-18 09:07:22.001516,series_10,7.291322031789605,0.5395844966864294
2023-03-05 01:49:15.191591,series_10,4.35578549640304,0.6207437614650808
2023-03-22 18:06:54.036434,series_10,6.884279006623192,0.8398537207525416
2023-02-27 22:45:31.512149,series_2,3.878377176113311,0.7565973515080371
2023-02-09 05:29:51.030665,series_2,9.554877498806508,0.5916358980885722
2023-02-15 04:31:30.357745,series_2,3.5977882389499207,0.6593125390651853
2023-01-07 04:18:14.510564,series_2,7.150524064324719,0.6226142171765369
2023-02-04 10:20:22.366960,series_10,2.6969871542325308,0.4544337098141557
2023-03-06 02:52:33.135823,series_2,3.1449089491938667,0.9321454650779682
2023-02-22 14:38:18.818346,series_10,1.9775693175154108,0.8884909526155662
2023-02-05 20:34:28.108426,series_10,9.154972037117798,0.7849974171258125
2023-01-19 05:28:54.424268,series_10,4.75184288391873,0.4641266067970303
2023-01-23 14:56:05.071340,series_2,4.759227635429299,0.9740444068001136
2023-04-05 23:06:57.191780,series_2,7.465996980254025,0.5009671786116828
2023-01-09 12:00:00.000000,series_2,10.222705827846513,0.0
2023-01-06 04:22:56.627519,series_10,8.860840575116132,0.9779446432310052
2023-01-05 17:07:28.942629,series_2,4.113286908486189,0.4158554776795959
2023-01-13 16:25:07.301117,series_10,3.623655362909357,0.7416841217859408
2023-03-08 19:05:59.354838,series_10,1.6138454987824091,0.7800899307900193
2023-03-26 01:23:33.036349,series_2,1.228712009518177,0.5671753977039773
2023-03-08 04:48:42.855776,series_2,5.662689110930318,0.8389102852106058
2023-01-28 06:13:02.352717,series_2,7.000710985901188,0.8585231186452951
2023-01-14 13:44:23.285785,series_10,8.300953116448985,0.4134291509343077
2023-01-27 04:40:37.463606,series_2,6.406771629832738,0.9684028397502048
2023-03-23 05:02:09.562722,series_2,3.194655193856224,0.4545051800077115
2023-04-04 10:25:56.382878,series_10,6.348760124832298,0.9602566740479918
2023-01-08 21:10:53.289444,series_10,1.1300131317765283,0.4560440492431284
2023-02-09 06:57:45.198848,series_2,4.8605304228839366,0.6884647642868553
2023-03-19 13:32:06.815974,series_10,9.153633079910634,0.9716899942469676
2023-02-08 09:06:53.913000,series_2,7.370019094848366,0.9417892515618476
2023-01-27 21:04:41.761894,series_10,2.561902338972671,0.9708886454794328
2023-01-28 15:38:07.510414,series_2,8.62149873271504,0.8640488627370149
2023-01-19 14:14:46.328465,series_2,9.19416254329107,0.6223169589987199
2023-03-27 10:50:52.887445,series_2,2.766019348005964,0.4603434249388591
2023-04-07 00:08:18.998163,series_2,5.54500140028575,0.7273382136144424
2023-02-22 06:48:33.415382,series_10,8.225069893647666,0.5349842685599797
2023-01-08 21:53:44.213400,series_2,2.189255621877255,0.6815668706999218
2023-01-02 07:33:01.717835,series_2,1.9788254642006364,0.4380708821339654
2023-03-14 22:03:06.578643,series_10,7.633462346159698,0.5094071405119364
2023-02-17 01:55:27.785292,series_2,0.9190023020684834,0.8047949426259713
2023-01-04 19:10:57.109516,series_10,7.440378727519691,0.4909807032317664
2023-02-19 22:05:08.464308,series_2,2.013025374660937,0.6885284868774386
2023-03-28 03:33:04.641489,series_10,0.2078741874541767,0.7160604809204241
2023-02-09 02:12:00.570762,series_10,3.094226386819623,0.4539817785086124
2023-02-22 15:27:41.094959,series_2,5.676400375879309,0.6961558144599396
2023-01-03 15:01:56.305274,series_10,4.098394584716773,0.7725963099428381
2023-04-09 09:02:18.341893,series_2,4.7590203674413925,0.7901537936861676
2023-01-18 12:39:26.635718,series_10,7.760379238711223,0.990129244684886
2023-03-10 12:32:20.236717,series_2,4.814407756610514,0.7408392579686457
2023-02-23 16:12:03.795020,series_2,0.6548833720571412,0.6611903389117049
2023-04-11 04:57:22.208115,series_2,0.0728474643612342,0.4956661410355706
2023-02-07 14:19:35.728268,series_10,1.2917293289628518,0.6378497204915243
2023-03-19 12:07:08.297588,series_10,3.015873926522437,0.9514382454963136
2023-03-07 21:24:16.977769,series_2,8.073680517187391,0.5904053243391365
2023-04-09 02:49:10.011305,series_10,2.2539059840135787,0.6562651650326388
2023-02-07 11:03:29.007796,series_10,5.45718928250725,0.9708331620997764
2023-03-30 12:12:01.772761,series_2,7.046479294935319,0.7147820037978838
2023-02-05 23:57:03.548825,series_2,9.212070124602596,0.6351567710067134
2023-03-25 21:03:12.449766,series_10,8.430449237419355,0.604227629115469
2023-03-19 19:59:05.286560,series_10,2.474054460598678,0.4825359190051478
2023-01-22 04:20:25.456652,series_10,3.010464179888268,0.4031364522318046
2023-03-26 12:47:32.967374,series_2,5.017904834769132,0.4006659628231375
2023-01-02 08:47:41.967046,series_10,8.016708716114941,0.9578377295628102
2023-01-09 21:43:38.181818,series_2,9.77804218916314,0.0
2023-03-23 07:12:13.742992,series_10,1.909455904481172,0.4847755143082424
2023-01-23 03:13:38.875218,series_10,9.07699489798894,0.9031157964402996
2023-03-25 14:31:06.324624,series_2,0.2608532610107483,0.9628235443229392
2023-03-28 11:42:07.233316,series_10,3.9436945718025607,0.8833258317987949
2023-02-27 11:50:27.520813,series_10,7.778679439612176,0.7252071475974904
2023-01-08 03:31:59.202753,series_2,2.188052553004404,0.4794642926494595
2023-02-05 00:27:21.548520,series_2,4.590561699319762,0.8961499566408583
2023-02-03 18:51:52.999599,series_10,4.398103400759798,0.9849345634021742
2023-01-06 11:07:35.197248,series_2,2.0319761979800752,0.6457271762728667
2023-03-03 17:24:45.851532,series_2,0.0845804249041692,0.5173855856326097
2023-01-12 05:49:05.454545,series_2,1.2940443913541255,0.0
2023-01-18 09:22:38.234110,series_2,9.609293664932924,0.4038348184977348
2023-03-13 10:05:09.703979,series_10,9.074882865692256,0.660344216823628
2023-03-26 14:16:44.258892,series_10,5.037490350689984,0.4100702899097757
2023-03-05 20:06:35.243532,series_10,0.6972915168613325,0.5042320415733326
2023-03-05 05:42:21.136859,series_2,5.931603983187873,0.6385138248624007
2023-02-25 14:23:49.444505,series_2,3.427480854427106,0.7300192791619609
2023-03-17 14:59:40.397063,series_10,4.842312687735173,0.4640258166719163
2023-04-08 19:09:44.722048,series_10,9.869982797571424,0.801605610805942
2023-03-19 07:14:56.750727,series_10,0.1657760840155209,0.9692832925490508
2023-01-17 23:08:48.671902,series_2,3.1532986174719566,0.5935562596282622
2023-01-25 02:05:55.202175,series_2,8.18185710152407,0.6295294771446356
2023-04-10 00:49:08.084560,series_10,7.369834881870172,0.4399065451469391
2023-01-23 15:09:50.037855,series_2,4.997740075470034,0.7287201586383445
2023-04-07 16:27:55.223551,series_2,9.987139231969586,0.5226865370290504
2023-02-13 10:02:43.910352,series_2,9.422182546845258,0.8636939016163234
2023-01-22 09:45:59.489053,series_2,2.163418645405155,0.6320937836275133
2023-03-17 05:18:52.173885,series_10,6.914010602080522,0.9101976397098788
2023-04-09 04:59:19.236878,series_2,4.363715638972325,0.5872556603669523
2023-01-06 18:48:48.066525,series_2,1.107193746553835,0.9104810632854992
2023-04-06 13:14:33.795704,series_10,8.922548986130947,0.5473817426639218
2023-01-09 23:00:00.000000,series_2,4.751602251326805,0.0
2023-02-28 21:14:41.134745,series_10,4.505782370912258,0.5429302382831206
2023-02-14 16:39:52.449746,series_2,1.5353094293429992,0.9244790736501848
2023-04-03 09:20:41.471388,series_2,0.7533551775901315,0.7447518851003176
2023-03-09 15:58:58.917831,series_2,3.2412945487262856,0.6069547577393526
2023-03-17 20:34:17.142857,series_10,0.3171641565915784,0.0
2023-01-09 09:00:00.000000,series_2,8.126766919885586,0.0
2023-03-06 19:31:00.403139,series_10,4.11857355012094,0.7155683849047692
2023-01-11 05:28:17.346769,series_10,5.616796439984675,0.7095842921245555
2023-01-26 00:27:40.879631,series_2,3.066951228998853,0.7811304747972367
2023-02-25 11:29:36.569233,series_2,8.350291614637644,0.9187789355563224
2023-03-06 15:26:35.559402,series_2,3.962165811863077,0.9372338993261335
2023-04-03 19:29:28.112496,series_2,7.588439072009383,0.7791031078093128
2023-02-02 21:15:54.645750,series_10,0.9768179520809684,0.7573889776312344
2023-03-08 20:28:34.639151,series_10,0.0865082237983672,0.7569294871227535
2023-03-11 09:51:32.973236,series_10,7.04610047226894,0.5848652971414562
2023-03-09 09:31:53.936814,series_2,0.1837781407358996,0.6980208674077057
2023-01-30 05:25:40.573132,series_2,7.311794075265277,0.9143015890537848
2023-01-21 23:00:34.017062,series_10,3.268467179227672,0.9626105750795813
2023-01-09 22:56:26.073494,series_10,1.451166068146963,0.7634314578295505
2023-04-02 11:48:10.164449,series_10,9.180861975809046,0.5066259786229627
2023-04-11 02:23:22.767272,series_10,4.666374749204874,0.4408050745083542
2023-01-20 23:22:06.929126,series_10,7.848017463166167,0.924462536362292
2023-02-16 13:05:47.761632,series_10,4.795604595250875,0.494603233907409
2023-01-23 22:41:07.265086,series_2,8.523187985181087,0.52116209003131
2023-01-16 08:35:22.662071,series_10,8.518559741343498,0.541759807321857
2023-02-06 00:44:16.919650,series_10,4.43875299799501,0.6531964168347195
2023-01-28 04:43:16.859048,series_2,2.8545012452515417,0.7019049629715349
2023-03-20 06:26:49.156498,series_2,9.923650435376,0.8736078509855052
2023-01-30 06:54:52.402282,series_2,8.640058385763377,0.4985651240597175
2023-02-13 13:23:32.298896,series_2,0.1784675991313566,0.797771306067237
2023-03-27 05:52:06.922684,series_2,0.3392587635243771,0.6276724227605939
2023-02-05 05:51:12.706147,series_10,0.2466077668414357,0.7287095155843547
2023-03-05 17:15:25.301662,series_10,9.1327273052895,0.7251317359506744
2023-01-26 09:33:23.644693,series_10,7.143923580972492,0.4718411042043177
2023-03-10 14:26:51.693779,series_10,0.2617889121326899,0.7016142548392206
2023-03-14 16:03:12.362257,series_10,6.434883185639036,0.7039431015715205
2023-03-23 01:11:12.707342,series_10,2.7233412068664964,0.7721994330150468
2023-04-08 03:19:13.613207,series_2,9.543912475763516,0.4922501255524889
2023-01-31 16:34:31.130511,series_10,3.2123785145578765,0.7331717682514085
2023-01-18 14:45:43.491943,series_2,8.088328747847571,0.4581849979613482
2023-03-15 06:44:24.256985,series_10,0.787080947487655,0.4201689407645796
2023-02-16 10:16:03.610271,series_10,5.864714761740887,0.7072447161688258
2023-02-03 03:15:52.042794,series_10,5.988928362776351,0.5471215553733176
2023-03-11 01:16:49.384862,series_10,4.0348081112100775,0.5418459354153269
2023-02-20 15:19:18.153171,series_10,1.9873828810883265,0.8975996487007807
2023-04-09 09:59:34.505421,series_10,2.0416005658890777,0.7069813970675098
2023-02-15 21:18:34.189048,series_2,1.4628168617200763,0.8506985769233488
2023-02-07 13:10:33.559195,series_10,7.295290414612148,0.6162331457957598
2023-01-27 11:49:16.425799,series_2,9.648187748377886,0.4245728483667733
2023-04-08 14:08:12.866848,series_2,8.720928884128082,0.9867997384584928
2023-01-07 21:53:28.615707,series_10,7.7105034067458975,0.4164843217315142
2023-01-06 00:50:55.751903,series_2,8.258464873550993,0.6139210281583992
2023-01-13 13:47:59.238059,series_10,5.161036744286802,0.6187498452306706
2023-04-10 06:02:20.754831,series_2,2.5677865379070357,0.6170201268505462
2023-02-16 02:11:44.456343,series_10,4.870325125430192,0.9781580405029536
2023-01-06 20:45:46.271452,series_2,5.566521655830793,0.5228622148751759
2023-02-04 10:22:13.878860,series_2,4.314336491124254,0.7688037499026621
2023-03-12 03:12:04.461071,series_2,8.111652590359231,0.4415448952757627
2023-02-08 00:56:59.719209,series_10,4.058241375094825,0.4484635369056788
2023-03-18 19:40:49.386078,series_2,3.6353764341506665,0.6938796597646681
2023-04-10 19:32:46.006346,series_10,7.579921616398892,0.8505614446655665
2023-03-27 05:17:30.361840,series_2,0.4561525195974314,0.7553567040151329
2023-03-05 00:38:27.068328,series_10,6.799542590095876,0.7413034620313586
2023-01-13 23:00:00.000000,series_2,10.304508785910272,0.0
2023-01-26 15:59:55.046915,series_2,4.644900665217401,0.9315390028830728
2023-01-25 05:23:07.736452,series_2,9.064970840503952,0.4429080350698274
2023-02-09 03:04:28.652363,series_2,6.685634844996892,0.5950094483160604
2023-02-11 16:06:57.832901,series_10,0.1343976604767405,0.5013871145824993
2023-03-03 03:48:04.676233,series_2,4.077811736222724,0.8318275193518091
2023-01-15 07:46:39.515118,series_2,5.414015255284851,0.7755441946577117
2023-02-18 23:00:28.917177,series_2,9.186261562414744,0.478056479874497
2023-04-04 16:36:59.810695,series_2,6.168108782742041,0.6347829140597723
2023-03-22 17:43:33.772121,series_2,7.402372513318389,0.4935090860069089
2023-01-29 13:59:03.554367,series_10,1.95413234536608,0.7922393566804321
2023-02-08 06:18:37.040014,series_10,3.612336440842323,0.8149147780175965
2023-01-21 10:47:46.255076,series_10,2.8552181304160773,0.8823379201745291
2023-01-27 23:30:51.915345,series_10,8.695046452019312,0.4525421069390969
2023-03-22 12:50:28.519640,series_2,9.448887195734418,0.6496028577781471
2023-02-01 19:01:50.123100,series_2,1.395238274928008,0.9665164012871674
2023-01-06 15:06:18.201418,series_2,4.8550623500633705,0.5333868131126496
2023-04-01 04:50:01.536538,series_10,0.9797359376866176,0.7135130797105933
2023-03-30 16:09:47.871693,series_10,3.2359027515555585,0.8617061494668667
2023-03-14 16:19:09.310268,series_2,9.7555028535761,0.5307323714817669
2023-04-04 17:22:28.756518,series_10,3.127929744878284,0.8252374948317636
2023-02-20 05:05:39.849800,series_10,1.3962135399079856,0.5419907714246773
2023-01-19 22:14:05.279731,series_2,9.902497840936377,0.5100676991620967
2023-03-19 05:05:07.248282,series_2,5.606291072201147,0.8586742680602135
2023-01-20 00:45:03.297175,series_2,1.4993194804176435,0.4314552800888141
2023-01-27 15:55:46.207167,series_10,7.7891020528009856,0.9784952305295596
2023-02-22 00:07:05.670561,series_2,2.630307919576289,0.9923031611315862
2023-01-07 07:43:13.351932,series_2,3.600256234112237,0.6881320441735063
2023-03-18 12:08:34.285714,series_10,5.263373256106545,0.0
2023-01-31 06:24:23.508452,series_2,7.221811117926974,0.5637467064104887
2023-03-27 20:34:05.214697,series_10,1.9624572268392213,0.5323432697862238
2023-01-11 17:25:02.494392,series_10,0.8150988117494196,0.7100267594744245
2023-03-04 17:07:55.891770,series_2,9.106504130847968,0.4097193670444808
2023-02-28 07:16:54.626430,series_10,1.975764708384058,0.5431162322981009
2023-02-23 23:12:22.959813,series_2,9.674245388528668,0.648806954968399
2023-01-18 23:21:18.420194,series_2,1.0313673175432936,0.8900581183783982
2023-02-16 22:08:58.719116,series_2,1.7295133097970083,0.7724558238268351
2023-04-05 15:02:41.218179,series_2,5.112887132542166,0.9338014451804008
2023-01-12 05:23:31.813531,series_10,6.178054630447693,0.7143700929500535
2023-02-06 03:19:38.676577,series_2,9.487712718014558,0.5013183680798372
2023-03-25 20:21:17.941079,series_10,9.086149653243645,0.7705818616788592
2023-03-11 14:41:35.751635,series_10,9.374465657954724,0.8435017084234603
2023-02-28 18:44:25.249194,series_2,3.876697460084576,0.7165726465148059
2023-03-27 07:31:18.290252,series_2,3.965391613829033,0.9398555610867778
2023-01-10 05:10:54.545455,series_2,3.9726085459990106,0.0
2023-03-04 21:07:47.029817,series_2,9.949165704240762,0.4745903178791007
2023-01-19 20:40:56.567374,series_2,3.43520224174509,0.7571861297873094
2023-01-30 19:16:06.182900,series_10,5.115345439082009,0.5882456650992395
2023-02-04 19:21:26.242180,series_2,7.573633332374348,0.6887972611703175
2023-02-07 13:19:06.487114,series_2,4.761880757366611,0.426335318253256
2023-04-03 15:25:43.669840,series_10,8.727792184848408,0.883001653117589
2023-01-02 13:25:05.616837,series_2,2.0893294852368207,0.7683189123405965
2023-02-14 09:19:47.629183,series_10,8.403558590222081,0.5250414786617867
2023-01-21 05:46:21.558649,series_2,1.9513225249101815,0.4402484770731427
2023-01-13 01:16:21.818182,series_2,0.2577496470275429,0.0
2023-01-08 03:11:56.038290,series_2,2.273968088281525,0.7191017496635279
2023-01-28 18:24:13.305673,series_2,2.8256822155898558,0.7949937592446672
2023-01-03 12:23:25.761195,series_2,0.0172142488811144,0.695693941007704
2023-01-09 00:00:00.000000,series_2,5.018728207271466,0.0
2023-03-29 15:05:01.585271,series_10,4.787225604024121,0.9266360311676196
2023-02-24 19:47:16.874747,series_2,5.426787881462025,0.7090414965010381
2023-01-11 01:41:52.200627,series_10,4.75674771480147,0.9136417622942552
2023-01-12 00:55:18.526728,series_10,5.851427786401838,0.7407975536031577
2023-03-26 11:02:24.161291,series_2,3.5916801798558176,0.6048034873590401
2023-03-22 21:52:42.862592,series_10,1.3947118699619188,0.923835270234197
2023-04-11 02:23:04.173563,series_2,5.9929949348593725,0.701474919645491
2023-01-05 04:57:44.064727,series_10,5.51972622312073,0.6930811531411991
2023-02-05 11:10:06.880010,series_10,0.8193656040387787,0.543293167701099
2023-04-02 13:31:06.278750,series_2,7.76775032426641,0.7439456664466073
2023-01-10 17:10:54.545455,series_2,9.851092267878556,0.0
2023-03-14 13:00:00.000000,series_10,8.991909502775828,0.0
2023-01-06 15:59:31.681771,series_2,3.3251181264026606,0.7757988214428548
2023-02-11 22:17:37.176853,series_10,8.614168453008293,0.4653336238999754
2023-01-20 05:13:55.874998,series_2,6.144988103652813,0.8522884192060176
2023-03-13 06:11:08.360746,series_10,3.643288369066244,0.8196355625053606
2023-04-03 22:41:44.634012,series_2,3.9096913505927615,0.766306317927673
2023-04-04 19:31:54.300313,series_10,5.994023459065824,0.604926622773239
2023-02-27 16:34:15.319326,series_2,8.430451499372882,0.6740452853117884
2023-02-27 22:03:38.814159,series_10,0.5614227482603107,0.5497529083421799
2023-03-14 20:09:04.124451,series_2,1.4241974865811768,0.982781164591686
2023-03-14 04:00:00.000000,series_10,3.0271891337487324,0.0
2023-02-08 04:35:16.621046,series_10,6.601310259861871,0.6080931983740423
2023-01-12 15:43:57.113178,series_2,7.162834246106348,0.7895140460767226
2023-02-12 07:40:53.680803,series_2,1.8093604686387927,0.4148070621772621
2023-03-21 18:31:17.422791,series_2,6.546193270399239,0.7680292558335133
2023-04-04 15:23:03.885642,series_2,7.293275705416318,0.4001579728736404
2023-01-09 16:27:15.231573,series_10,1.206910041423166,0.9831476353304888
2023-03-09 21:56:21.962267,series_10,4.601524442628861,0.735867101084184
2023-02-02 09:22:18.532596,series_10,7.703517224532939,0.7857029603984957
2023-02-19 16:46:16.501543,series_2,1.4138323171594414,0.764950700439146
2023-03-19 12:38:39.172910,series_10,1.288413352078811,0.5670784895667136
2023-03-31 13:50:18.023829,series_2,2.004966001894233,0.7146991493777317
2023-03-19 00:18:16.260978,series_2,7.61745464734949,0.4156116564913015
2023-03-19 15:51:14.662730,series_2,3.686521803600823,0.829388826717208
2023-02-04 11:24:11.987357,series_10,6.040205064472794,0.9268360469367498
2023-03-09 22:11:55.008056,series_2,8.094774467702777,0.5415597957135634
2023-01-10 20:09:38.101666,series_10,0.2211726113478596,0.7841821726618305
2023-01-21 09:44:15.347113,series_2,3.387219894478386,0.959223745149224
2023-04-07 19:26:09.036668,series_2,9.065726968734404,0.974962051581483
2023-04-07 02:44:04.975457,series_2,8.199785302058329,0.8174190140546069
2023-01-10 06:43:38.181818,series_2,4.688417116511581,0.0
2023-03-23 12:07:51.327502,series_10,6.75809986768591,0.7170372410081923
2023-01-28 14:44:17.464847,series_10,7.1496706997299695,0.6739494460079609
2023-01-08 06:09:11.320888,series_2,2.1968330780071845,0.6913374926216546
2023-01-13 01:38:24.876601,series_10,3.097574920882434,0.5160153005289925
2023-03-10 14:45:02.925681,series_10,9.911160261350592,0.8999909285900338
2023-02-18 07:24:01.928443,series_10,4.177090405562368,0.9984001049860776
2023-01-14 11:25:20.867406,series_2,4.857061793110105,0.636272623035333
2023-03-30 07:04:49.687423,series_10,5.875043095804991,0.4218918953914849
2023-03-23 09:53:42.703241,series_2,4.32793633115609,0.7482933874487904
2023-03-10 07:11:31.171850,series_2,9.786637345025646,0.5309095188937729
2023-03-07 01:46:50.720112,series_2,4.031257221990999,0.5936158836780048
2023-04-04 07:17:11.700470,series_2,7.2579600791880114,0.6274902868994168
2023-04-06 09:03:41.536640,series_10,0.7013444169159666,0.629931169585924
2023-04-06 21:28:20.935330,series_2,6.511195862811043,0.7958951861937452
2023-02-22 15:20:48.911917,series_10,7.958309529725211,0.925430311272354
2023-02-02 21:15:46.676122,series_10,6.653664529742393,0.4705207044459087
2023-04-07 12:20:54.119796,series_2,4.7752524670593495,0.8140664552938606
2023-02-15 22:02:55.609604,series_10,9.88632709543857,0.4868738183352591
2023-01-31 19:54:43.089731,series_2,2.301536674687493,0.7903819223528332
2023-03-07 00:45:06.022984,series_2,8.971161144429121,0.949365709529375
2023-04-07 17:42:55.871340,series_2,6.675628953670509,0.5743719879841235
2023-01-02 01:45:00.633020,series_2,6.08795099865824,0.8978700413556874
2023-02-25 02:33:50.881270,series_10,4.24012774493725,0.577643354591023
2023-04-11 14:52:30.950619,series_10,9.831786442149976,0.6933219020512731
2023-01-18 20:08:20.291872,series_2,5.213556031482819,0.604127535668115
2023-01-09 19:27:16.363636,series_2,3.977416398887478,0.0
2023-03-31 23:06:42.393659,series_10,2.8879090332619803,0.5550511414987448
2023-03-04 07:25:43.976930,series_2,3.201871809968484,0.7936241932045156
2023-04-06 08:10:37.940331,series_2,7.139195063403674,0.6971177682028814
2023-03-16 21:53:34.972576,series_2,0.3425318849775793,0.4292637720292716
2023-02-06 08:06:14.201197,series_10,1.257438575014358,0.5262081981005248
2023-04-09 07:14:30.673880,series_10,6.083682338218958,0.6130953509091571
2023-03-30 16:16:17.172508,series_10,0.0435262514168466,0.8462704133357256
2023-01-19 19:45:58.830165,series_2,5.466367251852828,0.603756070022632
2023-01-28 09:57:27.254041,series_2,7.414542421392109,0.9431086322906588
2023-01-20 17:37:41.168858,series_2,6.15720636714289,0.9389785900055356
2023-01-21 08:01:26.586587,series_10,1.2918396812018729,0.5025777954252866
2023-01-28 06:10:26.716981,series_10,3.726265467302129,0.7773019258845018
2023-01-13 10:00:00.000000,series_2,5.247525230724355,0.0
2023-02-10 11:32:14.988718,series_2,4.584201183769952,0.9132345640480104
2023-01-22 20:01:09.951680,series_2,6.82269536971233,0.4195523056940781
2023-01-09 06:00:00.000000,series_2,5.252699070413938,0.0
2023-02-05 01:21:51.715483,series_10,1.9372519829905188,0.9853122523473566
2023-01-17 02:47:47.204926,series_2,6.240833568346189,0.7346820444538447
2023-01-07 23:46:40.934775,series_2,7.276747832872696,0.4038609000819264
2023-02-28 16:35:09.347715,series_2,1.873446752946384,0.4639684945987478
2023-04-03 14:54:19.128790,series_10,0.8777580097810234,0.6348756042276036
2023-01-01 19:41:21.989073,series_2,6.608873633916453,0.7007930210160451
2023-01-31 23:35:05.742516,series_2,7.378690728985262,0.9134030023652434
2023-01-12 12:49:05.454545,series_2,4.976646582952411,0.0
2023-03-20 04:34:49.205230,series_10,5.833793753350575,0.9685045347241998
2023-01-26 08:25:13.790905,series_2,1.358430493960735,0.8885744194935927
2023-03-01 04:04:52.805097,series_2,4.32027956595446,0.7372606482862942
2023-01-16 08:22:37.042352,series_2,6.436591844623861,0.6537174085675419
2023-01-11 02:54:32.727273,series_2,10.017260422489914,0.0
2023-02-04 23:01:57.340772,series_2,3.9856438863893375,0.675669469186682
2023-02-01 19:19:57.841910,series_10,7.247203362004581,0.7558575491923372
2023-01-31 14:44:18.657826,series_10,7.629041089613626,0.576357962217698
2023-02-27 12:07:40.577723,series_10,5.686444434603171,0.4495694650511374
2023-01-17 08:46:56.274959,series_2,3.1239247698308183,0.7666402547112441
2023-03-16 04:40:37.143374,series_10,5.25825327197242,0.7920757377905401
2023-03-29 21:42:51.663025,series_10,4.138917324363768,0.9816401428648248
2023-03-02 14:04:13.984333,series_2,0.3773681452598398,0.6973171440748644
2023-03-20 21:03:53.576565,series_2,4.07064641673514,0.5028175938591009
2023-01-29 02:48:20.008664,series_10,7.525526948995504,0.8925682108452656
2023-02-15 01:33:00.478259,series_2,7.088418127433423,0.9153962831941804
2023-01-08 20:58:34.616184,series_10,1.8284132808061784,0.7620786609599703
2023-03-05 23:57:41.889962,series_2,4.7582336905831815,0.5034350432763773
2023-01-30 06:45:11.525873,series_10,0.8177162625211831,0.6483516088532396
2023-02-15 07:54:34.194930,series_2,1.5418907038537222,0.9120119593914592
2023-02-12 01:12:23.120237,series_2,7.78514705127375,0.7851064973674691
2023-01-23 09:39:36.239634,series_10,8.496496763571976,0.9915083376712726
2023-01-06 13:52:48.601503,series_10,1.916080276015294,0.4149744019645653
2023-02-01 04:12:37.163403,series_2,7.912433522733292,0.9108570532582928
2023-02-20 00:33:34.906104,series_10,1.545671336084935,0.6908023908011154
2023-02-14 02:48:39.537334,series_10,2.2039105812251902,0.9240801612536392
2023-02-28 09:41:59.078548,series_10,0.8384114699346046,0.5121629003064585
2023-02-15 18:43:49.756206,series_10,7.1430546916159,0.9059286728816622
2023-04-02 12:56:23.095720,series_10,5.7989883966870615,0.7840523766192478
2023-02-03 07:58:30.475629,series_10,3.324308266359413,0.5848610911620439
2023-04-08 09:26:15.176461,series_2,9.616524808568968,0.4937555652736503
2023-03-06 12:08:21.151474,series_10,9.485928764890003,0.4086505948154347
2023-01-25 18:18:14.971695,series_2,3.6857772361418095,0.5114984509382473
2023-01-27 00:11:04.231436,series_10,3.331673970280388,0.5251383122689534
2023-01-13 11:00:00.000000,series_2,4.928493016277053,0.0
2023-02-21 07:24:57.143024,series_2,6.502887057958247,0.7668842979630975
2023-01-25 04:20:11.415592,series_2,6.66938023378713,0.8393435694924003
2023-01-29 12:36:01.452715,series_10,5.985006327358939,0.6266689841027507
2023-01-28 06:16:02.049672,series_10,4.088722534571241,0.9382405278410324
2023-01-29 22:18:59.381697,series_10,6.935800179076567,0.5411585523893612
2023-01-30 19:54:33.192857,series_10,7.395105489987197,0.739213558199284
2023-01-26 00:22:03.461603,series_2,5.660610750132559,0.776524150528751
2023-01-30 18:16:25.315069,series_10,9.565423400745717,0.8370550389911723
2023-03-17 05:55:58.201425,series_10,1.412412424753281,0.57212650348361
2023-02-11 06:47:31.381234,series_10,1.1939631783708082,0.6978883357002363
2023-03-25 23:00:05.159921,series_10,3.649918723684338,0.4693345614551756
2023-03-21 23:22:37.192001,series_10,0.1547911576499938,0.6642465592239553
2023-02-25 17:39:35.873052,series_10,7.602980032592721,0.4288309441676192
2023-03-15 10:06:20.371554,series_2,4.91896705396988,0.4011870647168886
2023-03-26 15:26:56.758547,series_2,2.839207330933112,0.7218766919584045
2023-02-18 19:12:10.198775,series_10,1.452405808033712,0.5507878293751769
2023-03-11 23:49:04.683031,series_10,4.28192073376838,0.4596150259992723
2023-01-16 22:09:18.927279,series_10,1.1719332907684576,0.717641485919119
2023-01-30 14:46:06.262467,series_10,0.5736196596627319,0.6384059988735656
2023-03-15 19:34:17.142857,series_10,10.228993422035217,0.0
2023-03-22 07:51:43.817855,series_2,7.6017186953986275,0.715527299455966
2023-01-06 23:42:09.213933,series_2,9.071766037605746,0.9672731470667908
2023-03-04 03:13:29.489839,series_10,8.809614866421127,0.5320033984929681
2023-01-09 02:00:00.000000,series_2,1.904109397291042,0.0
2023-03-14 02:13:20.733744,series_10,2.6049465453358254,0.8255327692481216
2023-01-28 07:39:45.481446,series_10,4.920203272470983,0.4490543286223392
2023-03-02 00:47:19.242341,series_10,9.468014838305583,0.7769512163908601
2023-03-04 05:01:07.807514,series_2,6.115344238081112,0.6084549420509141
2023-03-14 04:25:45.643867,series_2,8.22952760483364,0.6299792588039008
2023-02-05 05:23:33.238207,series_2,9.364708405782476,0.6345136915738299
2023-02-06 06:38:49.644471,series_10,8.729359212127788,0.9776590190276196
2023-01-27 23:53:22.870658,series_10,9.138726570677555,0.681488980697559
2023-03-23 06:45:30.433154,series_2,0.7054085096025287,0.7244440975129594
2023-02-13 16:11:16.364319,series_2,2.8087229511409757,0.5657706502640144
2023-02-17 06:06:17.210879,series_10,4.339353925908768,0.8706520897042771
2023-04-07 15:10:26.161285,series_2,4.287490041141385,0.693610842040101
2023-01-01 12:22:40.229108,series_10,0.7455911837471874,0.5687035867629747
2023-01-10 15:06:13.647412,series_2,6.014136675322925,0.9501888279245884
2023-03-29 20:02:03.125951,series_10,6.738944226704755,0.8004673350992727
2023-01-24 07:19:44.979924,series_2,7.147240244154456,0.6260377281823624
2023-02-07 05:04:44.566304,series_2,0.2654335816016862,0.5486166165317219
2023-03-05 19:00:19.073256,series_2,6.23981534797101,0.9737336974126086
2023-03-24 20:41:46.370059,series_10,2.5523038462414416,0.819201966763724
2023-01-20 10:25:01.237544,series_10,0.5432289413362623,0.6141578854487079
2023-02-03 22:03:49.013955,series_10,9.717427196879932,0.4473407398585134
2023-04-05 16:58:15.786925,series_2,4.005307399022876,0.7253833803769538
2023-04-05 00:13:51.465813,series_2,4.976565329356005,0.8960312125262433
2023-02-02 10:28:40.649014,series_2,0.2108955206522889,0.4330947054931825
2023-02-10 06:29:49.528595,series_2,6.501406906574395,0.4035666374061705
2023-03-13 00:43:34.822496,series_10,0.158237757129166,0.444470942029374
2023-03-01 23:20:48.248785,series_2,2.5862490451865714,0.7683813115159837
2023-02-23 12:58:06.751123,series_2,1.8588163049147175,0.8677021691977449
2023-03-07 22:20:56.938104,series_2,2.4651117953398094,0.6164743729339537
2023-01-27 08:00:04.231591,series_10,6.0682721906022055,0.9798214008786617
2023-03-04 19:34:45.986763,series_10,8.080956509298852,0.9121261186469484
2023-04-04 17:05:54.918964,series_2,4.830691924222844,0.9700693374653802
2023-02-24 19:30:36.796403,series_2,7.342460307995831,0.805804809132839
2023-03-15 08:17:08.571429,series_10,10.06004279534094,0.0
2023-04-10 21:07:31.579672,series_10,8.08142471396132,0.9648636114120346
2023-03-15 21:38:18.482796,series_10,9.397461703530492,0.991194522238321
2023-01-23 13:59:05.220493,series_10,8.473916920981909,0.8695665234449019
2023-02-03 09:17:54.914114,series_2,4.785039384854336,0.8242531651022729
2023-01-17 10:47:18.826047,series_2,1.792453827213939,0.9507609494756604
2023-02-23 21:07:56.345531,series_10,1.290643430140891,0.6676603655412774
2023-02-15 02:38:31.902181,series_10,3.408441314447186,0.4197185042982679
2023-03-27 02:43:59.510746,series_2,3.3602357100965974,0.4721859525458112
2023-02-19 19:00:34.172452,series_10,1.9185059182858533,0.5613747692909974
2023-01-10 06:06:17.576933,series_10,8.89049171718092,0.8016115556953098
2023-02-07 18:12:43.858573,series_2,5.064289014082776,0.7335702805168807
2023-03-05 06:42:52.366850,series_2,4.27520769059698,0.8647288464722825
2023-03-18 11:24:53.967842,series_2,6.523132352962704,0.7968961079880682
2023-01-20 12:27:58.158844,series_2,8.2573224985979,0.4131631321700649
2023-03-12 13:41:06.076930,series_2,3.1304615000161453,0.8981127843008485
2023-01-02 12:50:01.864997,series_2,2.242920528993867,0.7662649342057817
2023-01-11 23:52:08.825607,series_10,2.503191505225004,0.6401604194654968
2023-02-28 20:16:22.064435,series_2,5.709015193409358,0.8406901785350953
2023-02-01 18:16:43.271121,series_10,9.804839128768116,0.7656868378263275
2023-01-15 14:40:00.012013,series_10,1.807526418982773,0.6667767914360934
2023-01-31 17:02:08.227953,series_10,1.1762760247073922,0.8516038173640188
2023-02-05 10:11:27.466004,series_10,9.855615046946191,0.655787141883476
2023-01-17 22:03:37.657646,series_2,9.656461376158893,0.589834745801112
2023-02-09 05:50:05.117414,series_2,0.9869223511155534,0.7732149263251908
2023-01-05 05:27:51.215884,series_2,3.5185070395607507,0.7630579723989659
2023-04-02 20:03:27.830236,series_10,0.5212141894771916,0.721648908703157
2023-01-25 08:45:03.387572,series_2,6.614495091398523,0.6298779877695349
2023-01-28 14:38:48.413852,series_2,4.967196138770959,0.9769497620781484
2023-03-29 09:46:35.647323,series_2,0.91355151621881,0.5613120755092363
2023-03-17 05:52:36.582719,series_2,0.4583088045645522,0.4444819036661747
2023-03-26 19:06:58.736780,series_10,5.930768761758939,0.8020230432069173
2023-03-19 01:51:34.566662,series_10,2.3431759551925104,0.8161620355063953
2023-04-08 13:54:06.296539,series_2,2.952058912858321,0.9301289271407396
2023-03-04 00:30:25.695975,series_2,5.781912505488279,0.5914333833623263
2023-01-13 01:00:00.000000,series_2,9.440724968577236,0.0
2023-02-27 08:56:34.385510,series_2,4.698513622102255,0.8736686804091474
2023-01-16 22:32:16.441561,series_10,7.507944490697352,0.5237203860108672
2023-03-24 14:29:53.404840,series_2,2.458477241503089,0.9138890653813836
2023-03-26 09:15:39.238408,series_10,5.890216849913602,0.9035718275797834
2023-03-14 05:00:00.000000,series_10,3.809111591340813,0.0
2023-03-25 01:35:26.757245,series_2,5.127609326747544,0.9045861438505508
2023-02-25 15:29:26.096909,series_2,3.2108357657419697,0.5737605810271698
2023-01-09 04:00:00.000000,series_2,3.673081296699443,0.0
2023-03-19 06:25:42.857143,series_10,0.0147401368967361,0.0
2023-02-18 00:13:28.215736,series_10,5.327270112069757,0.4799827033906181
2023-01-01 08:21:30.757224,series_10,5.218023311383798,0.7161171018660589
2023-02-14 08:20:34.834493,series_10,3.989324338330501,0.73299111010824
2023-04-04 20:35:49.821353,series_10,6.395458557130604,0.612877608444321
2023-03-02 10:55:15.937419,series_2,5.382130935439138,0.5256196451132895
2023-03-23 02:29:44.754674,series_2,6.134913365038145,0.4507491486950323
2023-03-07 21:00:54.469726,series_10,5.58493206003989,0.8316280554230253
2023-03-27 10:29:36.003490,series_2,0.6137170004649084,0.418672841447571
2023-03-01 23:31:44.092353,series_10,6.213158115930652,0.5807707724959
2023-02-15 00:35:17.627649,series_10,7.371621964833936,0.8263467107668635
2023-01-11 09:23:39.138564,series_2,1.0449793025751464,0.7503149872307222
2023-01-21 17:49:30.312584,series_10,5.836062721366403,0.7640992752365936
2023-02-13 12:39:01.136970,series_2,5.447251869249906,0.9279649520349292
2023-03-07 09:03:01.248290,series_10,4.79848195069793,0.6150969081817043
2023-03-01 02:26:53.710006,series_10,5.7253457824310106,0.9738910839016328
2023-01-21 05:59:51.826635,series_10,1.5047268389612634,0.8350193367968615
2023-03-20 23:55:43.009924,series_2,1.89162193326169,0.6763079875989072
2023-03-04 18:13:55.188578,series_2,3.726273518417607,0.6455460579633464
2023-02-04 19:04:36.075545,series_2,9.515906730812135,0.8288005232940852
2023-02-11 13:10:19.751948,series_2,3.027144517163416,0.9242069444979648
2023-03-06 08:09:18.397273,series_2,5.531587477968094,0.5719284959108397
2023-01-14 12:38:15.007566,series_2,5.811713539320972,0.6042573142251207
2023-03-18 17:59:10.032957,series_2,9.058916910355808,0.4221439098363225
2023-01-26 16:48:18.187000,series_10,7.849594796904843,0.5119372790695582
2023-01-06 18:00:07.110848,series_2,6.5509214654315615,0.963783761145424
2023-02-04 10:54:21.922407,series_10,6.340708313560648,0.4720458438087355
2023-04-02 04:32:02.166180,series_2,1.5510708496241954,0.5488792128318982
2023-02-07 23:11:34.199869,series_2,2.082927637278292,0.5121523495956429
2023-02-04 02:00:52.139124,series_2,8.98474685256624,0.6517533727898406
2023-03-17 09:38:23.126121,series_10,1.3430753059214673,0.5036361754183851
2023-02-27 13:03:53.194836,series_10,5.728800903449067,0.4665947814212776
2023-02-21 01:53:53.565282,series_2,3.079216317293996,0.5408845689918353
2023-03-27 15:00:02.320717,series_10,2.775455862493329,0.6172228505885708
2023-02-21 22:32:12.595059,series_10,8.174719192245126,0.5339365601049643
2023-01-23 04:45:31.720266,series_2,5.73372329502567,0.4774852066829229
2023-03-19 05:36:15.741442,series_10,4.127848899757284,0.8328267604829349
2023-01-16 18:58:43.298282,series_2,5.652365607535691,0.7228510906207275
2023-02-04 20:48:08.093489,series_10,2.894952702375252,0.6754057038018879
2023-03-28 13:00:26.809162,series_2,7.591793696657455,0.8728798903496597
2023-03-11 04:22:38.049250,series_10,3.050979149643501,0.5752834727076019
2023-03-15 05:34:17.142857,series_10,4.637347655876727,0.0
2023-01-19 09:46:22.846610,series_2,3.89268922872264,0.5295826480515289
2023-01-11 13:38:10.909091,series_2,4.900883951693343,0.0
2023-03-14 13:51:25.714286,series_10,4.652816223952829,0.0
2023-02-16 15:08:04.114226,series_10,0.4061362405279267,0.7087060818566018
2023-01-21 09:04:19.899611,series_2,9.236485671855482,0.5927604126704425
2023-03-19 03:47:46.153966,series_10,9.11426086873583,0.4286450282108569
2023-03-06 23:48:33.876904,series_10,1.4745123068934984,0.4918409497898759
2023-03-14 15:00:00.000000,series_10,-0.0579979491893709,0.0
2023-03-23 02:39:31.641297,series_2,6.221287430933003,0.9000257279905226
2023-02-27 15:52:29.590043,series_10,9.37605289850588,0.4734814912882593
2023-01-24 23:42:47.692023,series_10,7.9136502189292255,0.9801936120714524
2023-04-07 01:05:25.148930,series_10,3.8319899664870616,0.7403805359400455
2023-02-15 21:21:38.628369,series_10,5.201403231637681,0.565809204177911
2023-01-12 00:13:37.742633,series_10,9.534658367621471,0.8057675984467896
2023-01-28 06:14:18.285455,series_2,8.149291938189183,0.6478104766026205
2023-03-15 20:33:45.551175,series_10,2.3382770340826653,0.4146216956889298
2023-02-27 22:42:30.041414,series_10,5.400900401846838,0.7205398457186971
2023-02-08 18:37:59.990587,series_2,1.0079608309841548,0.5702217866411665
2023-02-03 14:22:11.450159,series_2,9.755972816243505,0.7063884157789513
2023-01-24 00:53:39.888246,series_2,4.050206428129495,0.5417083966646126
2023-01-18 18:33:19.728083,series_10,6.648627188673916,0.8682597850814111
2023-01-12 15:32:43.636364,series_2,0.832920850035167,0.0
2023-02-22 00:07:16.867533,series_2,1.2130578380995127,0.4953001320074114
2023-01-30 03:43:49.622412,series_10,0.677860236536979,0.488160066822651
2023-02-11 19:31:19.720432,series_10,0.0974422618651671,0.9749129467309838
2023-01-15 00:15:08.097662,series_10,8.438324134575968,0.4178575888011177
2023-01-09 21:05:55.506580,series_10,9.363984036543876,0.9692063986462716
2023-03-09 07:14:44.842564,series_2,7.511041181746304,0.6113608431895454
2023-04-02 05:16:28.579061,series_2,6.061640212188268,0.5874318987585131
2023-01-08 00:00:40.108205,series_2,6.747770748733682,0.5905856468044675
2023-01-10 07:29:18.540389,series_10,4.784601368817847,0.6259117292614842
2023-03-22 12:28:38.576383,series_2,1.8382973046045703,0.752864624467394
2023-02-13 18:48:08.233379,series_2,5.203983309797611,0.8315794805185823
2023-04-09 03:35:46.013314,series_2,9.817500778419138,0.895267550177421
2023-01-08 22:47:04.800059,series_10,8.924998251525412,0.8476117489723427
2023-02-02 22:49:06.858381,series_10,9.04475986669068,0.5127507367701036
2023-02-18 09:16:03.693149,series_10,6.710149411238165,0.5288739848594761
2023-04-09 11:33:32.293230,series_2,1.5330975486922405,0.826450915246441
2023-03-12 02:57:26.525126,series_2,6.2783444142228895,0.9518792786440288
2023-02-07 13:20:30.942690,series_2,1.7226652298040446,0.8618871150014839
2023-01-04 20:24:10.872157,series_10,8.48600870954341,0.8725889743082648
2023-02-28 01:29:53.455217,series_10,2.292405920734999,0.4739371572281349
2023-02-12 08:29:41.793617,series_10,2.5931708967597467,0.5879249128318169
2023-02-04 04:03:13.920447,series_10,6.180183907559757,0.6451556433631356
2023-03-09 13:19:01.970463,series_2,5.035262118980257,0.7340632668760072
2023-03-23 18:20:17.099132,series_2,0.8616259945108518,0.8177404485788796
2023-02-22 01:36:07.143067,series_2,2.040536082141414,0.9354388266463388
2023-03-17 07:43:03.780099,series_10,9.59798210903093,0.6022387397760074
2023-04-08 23:04:25.045595,series_2,5.769284056909573,0.5970091948048447
2023-01-06 07:28:23.879352,series_2,1.6465137261290874,0.5595757534266581
2023-03-11 19:54:02.556025,series_2,2.383826768248052,0.5131730855425883
2023-02-06 21:11:58.190960,series_10,9.830698935017464,0.6083635521990443
2023-02-28 03:44:51.282947,series_10,2.591112432860255,0.6327157343027157
2023-03-01 16:09:11.208954,series_2,7.132054350027806,0.5852536560999034
2023-03-03 04:26:54.509061,series_10,9.898811378676514,0.6027842124793462
2023-04-08 09:15:05.808706,series_2,5.6878865584717255,0.7174081229515632
2023-02-10 20:54:33.186177,series_2,4.151934207676461,0.9264536244225464
2023-02-15 10:41:48.200494,series_2,5.116593396529981,0.7442826664712994
2023-03-02 21:27:23.481886,series_10,3.369280426820207,0.80870379154515
2023-04-01 17:47:21.114683,series_10,6.621903771373619,0.7225387218112658
2023-01-05 09:59:46.623707,series_10,1.017712042001201,0.5094966840789847
2023-01-02 17:40:21.741176,series_2,6.238277504146802,0.9525503694624566
2023-01-26 07:28:48.589149,series_10,6.296205267899451,0.7372660862809974
2023-02-15 21:00:11.523319,series_10,7.039653480911846,0.9001360317872847
2023-02-24 12:24:28.728124,series_2,6.943305920834739,0.6707611811056925
2023-01-27 16:34:17.757978,series_2,3.171929606826076,0.8173145418899208
2023-04-05 15:08:47.124086,series_2,5.37590654280899,0.6737213978118324
2023-02-06 19:22:20.755172,series_2,9.67695914441507,0.7400876777249419
2023-01-04 20:55:58.915170,series_10,3.0238281871451864,0.7831740247694143
2023-03-20 14:30:06.153723,series_10,9.46595170811535,0.9861772469601784
2023-02-26 15:46:57.410513,series_10,5.033264021128957,0.4522394190184572
2023-01-20 23:55:16.724813,series_10,1.5888146082277257,0.7418844342598426
2023-03-12 23:25:24.149229,series_2,2.050013600542704,0.8123361657779025
2023-02-02 09:31:41.778452,series_2,1.06239082758114,0.7916381079910896
2023-03-05 07:57:54.922886,series_2,5.688052549972744,0.4783703890499264
2023-04-11 02:55:29.933255,series_2,3.53867617731002,0.711497714837603
2023-02-14 17:23:05.675204,series_10,5.866957066535933,0.7547615198541606
2023-01-18 00:20:53.948127,series_2,1.260120854550667,0.4983969299709661
2023-01-14 01:26:33.450776,series_2,9.697989399517027,0.5850975315565922
2023-03-05 13:57:33.722263,series_10,8.784410073559553,0.4651577862004976
2023-03-06 13:42:49.491851,series_10,1.5707019108733666,0.8109357909772488
2023-02-02 04:04:39.535894,series_2,4.798763093014195,0.5313643337216585
2023-04-04 01:03:37.361771,series_2,5.875307062593204,0.8863761380676145
2023-01-20 10:35:53.784068,series_10,3.42581913023431,0.5049374338527193
2023-01-18 05:10:30.135160,series_2,9.811393245166755,0.569134715527809
2023-02-10 05:43:18.612224,series_2,9.640013603768354,0.5914355286638944
2023-03-12 21:44:49.492468,series_10,8.225934926203168,0.7636976030012159
2023-04-03 23:53:56.074723,series_2,8.23569803989075,0.4779631844271167
2023-03-28 06:45:04.231145,series_10,7.791477018382115,0.5503186610885707
2023-01-12 18:18:08.906129,series_2,3.941700762323613,0.9679929032206466
2023-02-09 14:47:29.871429,series_2,6.458551695363434,0.7232247285160156
2023-01-25 02:29:36.363947,series_2,2.060232186161892,0.753814447783768
2023-03-28 08:40:26.224640,series_10,4.764567951376247,0.421785179736666
2023-02-18 02:32:48.399153,series_10,9.960511859531126,0.7273175156891717
2023-04-01 07:28:57.573898,series_2,9.335063697280784,0.7995968801450131
2023-03-24 19:07:21.746503,series_10,8.764075979183417,0.8581437442637525
2023-02-23 12:03:38.199274,series_2,8.524584407782447,0.5720822932776868
2023-03-22 05:30:08.672845,series_10,2.323166677590325,0.977495680162918
2023-02-04 01:43:28.062812,series_2,8.949505902016949,0.7440825118194414
2023-02-25 18:41:01.134414,series_10,3.579674582797503,0.7372030977205809
2023-04-09 20:23:26.666774,series_10,1.9035826578536064,0.5880076666430465
2023-01-10 18:25:09.880552,series_10,0.7044617189714941,0.5150340517243841
2023-01-17 17:28:05.754562,series_10,7.54442049107075,0.6870579424497809
2023-03-15 07:23:52.875935,series_2,6.26093758259192,0.6832848943762939
2023-01-21 17:18:20.490466,series_10,3.4569110475700704,0.4869379731854643
2023-01-29 22:42:03.352347,series_2,7.854367919779028,0.5287154056602669
2023-02-15 10:22:48.304012,series_10,5.0932764450724735,0.5570290996318896
2023-01-11 12:38:10.909091,series_2,9.722481480448998,0.0
2023-01-15 05:10:23.892370,series_10,1.4547490154761589,0.9482141661769112
2023-01-04 19:29:11.797681,series_2,9.920630713427803,0.839469050543227
2023-03-16 05:13:49.492487,series_2,6.613435977085174,0.6857559969559194
2023-03-25 08:11:48.916088,series_10,3.35911701022832,0.9436188397992714
2023-01-26 03:38:50.812478,series_2,9.745689997308368,0.6293660488882984
2023-03-28 22:56:22.739785,series_2,6.095473418144659,0.6021376061074419
2023-03-13 09:34:46.276350,series_10,2.1022844441945763,0.9217669254179998
2023-01-27 10:16:33.648579,series_10,5.554056230022345,0.6821459356095392
2023-03-06 05:59:05.915727,series_10,1.4920231415627982,0.9517668685757888
2023-02-10 18:02:18.639291,series_2,4.370572125723301,0.4141945654447994
2023-01-10 15:20:11.394194,series_2,7.598849293391245,0.5901364466775398
2023-03-18 22:57:37.689087,series_10,1.8525292685449,0.4240301109531224
2023-01-01 16:26:53.781217,series_10,3.542218149663351,0.7491720081420568
2023-04-05 20:06:32.387569,series_10,4.993241154263788,0.8831605771580043
2023-01-13 20:29:35.572088,series_2,0.4120158205402446,0.6552863808720685
2023-02-24 19:30:50.208396,series_2,4.859724578751415,0.6690225863397121
2023-02-25 01:32:39.590767,series_2,9.857354576344695,0.9084422193620464
2023-02-02 07:54:10.651199,series_2,4.31873912269348,0.7728632081951581
2023-03-06 16:09:37.127010,series_2,1.3100260502914562,0.771006931808772
2023-01-17 03:12:43.647014,series_10,8.577443020787161,0.6346519823621397
2023-03-19 11:39:44.790730,series_2,4.996405165466904,0.5776685094919448
2023-03-01 18:42:26.093417,series_10,7.109608350641274,0.8991266591415168
2023-04-02 17:41:01.619038,series_2,0.7791388410495648,0.7000181801357364
2023-03-20 05:00:00.000000,series_10,0.3157480588412542,0.0
2023-03-14 00:00:00.000000,series_10,-0.2353969493687614,0.0
2023-03-06 00:55:51.367264,series_2,2.91583731489541,0.5635015248237647
2023-01-10 01:35:26.726414,series_2,5.4072342650286735,0.70549290472723
2023-03-11 19:37:25.524181,series_10,9.62867854390521,0.8717373362268874
2023-03-19 21:13:09.910501,series_2,1.012360010081944,0.9020721544068312
2023-03-04 08:53:54.938163,series_10,0.2623549295723348,0.801409166386446
2023-01-09 09:43:38.181818,series_2,4.422838527071531,0.0
2023-04-03 00:20:16.766701,series_10,7.135280385061412,0.6866569751942377
2023-02-24 21:06:48.277571,series_10,3.120704953003991,0.9065064116323778
2023-01-17 10:23:15.938279,series_2,8.603220191801261,0.989407694219538
2023-03-15 20:05:36.571246,series_10,0.7864786483136654,0.9562121444282056
2023-03-19 12:00:49.325450,series_10,6.597653003337078,0.4239604542986704
2023-03-17 08:54:13.711738,series_10,9.8837294734363,0.7503424648389011
2023-03-25 08:41:28.088835,series_10,6.278589140027188,0.956994771477649
2023-03-14 10:00:00.000000,series_10,7.691367845512461,0.0
2023-04-04 03:39:47.927222,series_10,3.742811824421701,0.6214649740126585
2023-02-20 04:00:12.615931,series_10,8.137291624852647,0.990905847728281
2023-02-18 05:16:48.291599,series_2,4.17156371369572,0.8599488695463493
2023-02-09 21:06:53.549689,series_2,3.2335510844129924,0.7283452194437035
2023-02-15 02:46:33.946264,series_10,8.4405648930928,0.4230233355012338
2023-03-24 05:04:05.185902,series_2,5.332893122607588,0.9756901898986196
2023-02-16 16:53:13.325995,series_2,1.4926363750723437,0.4783096701429644
2023-03-12 05:17:52.303932,series_10,6.730123623986055,0.7900491397869656
2023-02-15 18:35:34.348616,series_10,2.187681920782195,0.6178638585984253
2023-01-05 23:16:41.986773,series_10,3.0462386628507323,0.8270585434338731
2023-03-14 12:00:00.000000,series_10,8.497076490330018,0.0
2023-02-02 06:18:26.763852,series_10,4.408797710257462,0.8066210056884344
2023-04-04 06:36:05.833806,series_2,4.269440713019325,0.4325217336449402
2023-01-12 13:19:59.535903,series_2,0.908255762112442,0.976261726475293
2023-03-12 16:05:03.921505,series_10,3.605679173796616,0.9616585239973726
2023-03-11 14:15:45.027229,series_2,9.177748559170777,0.6983737431442703
2023-03-01 06:33:15.253951,series_10,6.749516211797334,0.9490218482693554
2023-01-03 07:08:48.110027,series_10,3.827668724943409,0.5669927248485449
2023-04-09 14:02:45.742007,series_10,7.341700688737421,0.4560813511946403
2023-02-08 13:41:07.389884,series_2,5.738818503079845,0.615648073906098
2023-04-02 16:22:25.305360,series_2,0.4317547758116691,0.7919974504339589
2023-01-27 19:28:05.778162,series_10,4.839559128550369,0.8485532793722435
2023-03-01 04:21:47.180665,series_10,6.448804077127443,0.4785013653397476
2023-03-07 11:45:40.352154,series_10,0.2485534903017983,0.9684905854198425
2023-03-28 04:06:37.212859,series_10,3.3426239067057963,0.5656678813809618
2023-02-10 02:28:34.721111,series_10,8.308789122729484,0.901559793042528
2023-01-30 00:56:46.887382,series_10,4.092819651361812,0.68967745718092
2023-03-13 13:18:58.125534,series_2,7.516670403847105,0.7369489493157686
2023-04-03 23:03:59.997908,series_2,8.594204314670737,0.7322975672991816
2023-01-21 04:21:36.139765,series_2,8.769955142474466,0.8742414491141312
2023-01-02 15:18:10.650536,series_2,4.444392772103074,0.671256100548629
2023-01-24 15:10:24.381575,series_2,2.600873455959003,0.6506250258666846
2023-02-18 20:47:59.016037,series_10,4.774148139994829,0.4212641427674701
2023-02-06 02:13:50.153145,series_2,4.299860734149222,0.78384982793821
2023-03-18 19:51:08.098404,series_2,6.147750755985496,0.6992451716077781
2023-02-07 12:33:25.084225,series_10,5.1849845075232,0.6731095177155656
2023-03-31 00:19:23.064070,series_10,3.046235382089764,0.7548533496505626
2023-04-02 14:39:05.643828,series_2,2.393821792538412,0.6095730366059557
2023-02-20 14:36:34.101599,series_10,4.812936847919008,0.5221865812397275
2023-02-08 16:19:57.521909,series_2,8.767474379913455,0.9388492728960682
2023-01-15 09:06:07.424004,series_2,6.756650230004746,0.5814488290026288
2023-03-16 10:47:01.775400,series_10,3.412275397615432,0.6495193984073064
2023-02-19 13:18:43.220798,series_10,4.359204115348919,0.7903968182567982
2023-02-03 13:16:57.807359,series_2,1.4046661208489208,0.8859232120329205
2023-01-13 09:00:00.000000,series_2,5.976448177437108,0.0
2023-03-12 13:19:24.319628,series_10,5.294429660238988,0.5722925766010847
2023-03-14 18:22:41.303081,series_10,0.0386912426334562,0.7648390419410471
2023-01-09 01:34:25.582524,series_10,7.308962284032933,0.8948750706221138
2023-04-08 03:48:19.073746,series_10,9.114187631018565,0.8694899270609434
2023-03-11 01:42:17.250804,series_2,8.507390388056738,0.4544208355619094
2023-01-06 21:56:34.662586,series_10,1.713912545130486,0.8471691806467319
2023-03-27 23:51:06.770781,series_10,1.4516766406601134,0.75391378565106
2023-02-21 15:34:08.528967,series_2,5.778142930324019,0.979771542266623
2023-03-27 00:39:58.745411,series_2,8.693341944610626,0.6408630101112236
2023-02-28 17:00:29.745048,series_2,8.681579180347258,0.8569002000007772
2023-03-14 06:00:00.000000,series_10,4.955139680500811,0.0
2023-01-13 13:16:21.818182,series_2,10.236763095393965,0.0
2023-03-16 16:36:22.062696,series_10,3.906265747794064,0.9688068995515652
2023-03-08 14:05:39.147353,series_2,9.164430742214712,0.6088875600247259
2023-02-20 15:05:56.653537,series_10,6.153793018190509,0.93815565392882
2023-01-28 11:46:38.959576,series_10,3.9697882547441568,0.8830175216103378
2023-04-08 09:47:52.274248,series_2,7.267808812940176,0.4418530186873423
2023-02-28 04:00:47.852806,series_2,1.625645145978859,0.5044492209293322
2023-01-10 14:27:16.363636,series_2,4.9910999858786855,0.0
2023-02-23 19:17:09.264658,series_2,8.815645101258236,0.5868084373224384
2023-01-04 23:54:01.786302,series_10,8.614379281336536,0.435356398191113
2023-03-27 11:54:36.668744,series_2,3.455775123425897,0.4161985236363045
2023-01-21 09:16:46.610872,series_10,1.9040024155098267,0.725825733905682
2023-01-27 23:47:55.134676,series_2,9.882992580102549,0.9266474699775692
2023-01-12 19:41:21.928900,series_10,2.047530861615401,0.6475334498807331
2023-04-05 05:57:55.092459,series_2,4.627231983653472,0.8383313329258997
2023-01-10 21:14:51.754223,series_10,3.0627753887977183,0.5134961644211246
2023-02-23 13:17:15.007749,series_10,0.9735171332020344,0.6263959820209954
2023-01-24 11:34:24.342229,series_10,7.183288404587094,0.5853394323551374
2023-01-06 07:49:11.124881,series_10,9.988228386921936,0.6852136301802787
2023-03-02 01:24:28.969845,series_2,9.61126346726548,0.8316087371793721
2023-04-07 11:27:26.533119,series_10,4.70187017938885,0.517302011857989
2023-03-04 08:43:00.463070,series_2,8.083641433932407,0.4766987039866265
2023-01-26 22:44:03.863411,series_10,1.171528953880735,0.5864302095270343
2023-01-07 00:45:50.862398,series_10,4.321620839615043,0.6200591392585918
2023-02-04 07:22:22.045611,series_2,9.336590617909115,0.4848054762527112
2023-03-01 00:18:09.367712,series_2,8.495733738959778,0.98011700262649
2023-03-08 11:18:39.680685,series_10,6.04936593609621,0.6993635645011247
2023-04-05 15:14:44.195276,series_10,0.440998362128272,0.6895800385638375
2023-01-10 22:36:28.615701,series_2,1.06556987121027,0.5650620931935859
2023-02-25 12:20:21.860289,series_10,1.1435301864653324,0.9298858686410488
2023-01-25 15:48:10.302809,series_2,7.571255396312532,0.9967369792467012
2023-03-16 16:42:51.428571,series_10,9.860443200209591,0.0
2023-01-21 08:00:19.128188,series_10,9.485038170321154,0.9483067387092698
2023-04-07 07:02:17.347473,series_2,2.137916255947243,0.4623962852742279
2023-01-14 20:16:24.154603,series_2,4.226810351686764,0.8071574605468592
2023-03-28 16:40:12.024017,series_10,7.317379274944499,0.5399719781632346
2023-01-02 12:59:03.156419,series_10,0.6766218604400709,0.5810661130675528
2023-01-15 21:26:44.340001,series_10,3.479723720278676,0.5397397206466066
2023-02-08 12:11:38.042248,series_2,8.169847140435973,0.5394629327230012
2023-04-11 08:51:53.767100,series_2,4.744139391214749,0.8255466312281097
2023-02-09 12:02:06.942864,series_2,2.534269986716412,0.5480289990880215
2023-03-18 23:58:50.589838,series_10,6.567460631503348,0.7496624704454891
2023-01-15 08:39:26.260755,series_10,9.810406370170025,0.5864112556171085
2023-03-25 02:20:26.159054,series_10,4.479710735913337,0.6667344216991367
2023-02-21 10:13:44.414046,series_2,8.370064004345176,0.4654080260468743
2023-04-01 00:57:38.460771,series_10,1.6804727324603463,0.4484213725079487
2023-03-31 23:07:54.482523,series_10,5.1376786701184285,0.7231322542072371
2023-01-01 22:54:36.097218,series_10,6.463316319937412,0.8389024943603096
2023-02-21 01:19:15.295981,series_10,5.16857587774534,0.8604629977068056
2023-02-11 20:47:02.537705,series_10,1.1277254288299643,0.5531101527472849
2023-02-20 13:36:10.390249,series_10,6.2812578106072445,0.6941710240000089
2023-04-06 20:43:46.294588,series_10,1.2032729382471197,0.6077258558823797
2023-04-06 01:32:59.759495,series_2,9.294659916037912,0.5732389628499588
2023-03-09 15:51:24.037983,series_10,2.6595595105729464,0.7198899240347656
2023-02-20 18:36:51.265468,series_2,6.893720368077356,0.4934289290649269
2023-01-16 14:40:25.550923,series_10,1.5850712255722343,0.5419616247125116
2023-03-17 04:00:00.000000,series_10,9.80153843189698,0.0
2023-03-30 14:57:18.916005,series_10,3.627058978082908,0.8781128737598457
2023-02-01 13:41:36.451938,series_10,4.212381558699553,0.6685487618081407
2023-03-23 02:03:02.597054,series_2,9.480027318716717,0.7743635223820102
2023-02-03 05:04:30.947602,series_2,3.8267604047391295,0.9151365197329696
2023-03-20 11:57:32.732727,series_10,1.994068762932395,0.6316925078124097
2023-01-20 16:49:58.356851,series_10,2.1773787237193085,0.7881262212912223
2023-02-26 14:35:20.419689,series_10,4.254698932993416,0.453608646575273
2023-02-24 17:35:12.032136,series_2,7.610534720372773,0.6189160224785966
2023-01-07 00:48:22.147592,series_2,7.933314539085589,0.7433440797092754
2023-01-03 19:57:18.547320,series_2,4.57185298046516,0.9356307311390912
2023-03-16 04:16:26.189513,series_10,7.452242056347902,0.8560018732542354
2023-02-22 00:06:59.442214,series_2,2.9999667793938887,0.9710218240152364
2023-02-26 15:02:12.176668,series_2,0.1143974762620547,0.4079015340943381
2023-03-05 16:22:51.838366,series_2,7.4521869000989716,0.8297901215917151
2023-01-23 19:55:42.014317,series_2,4.543509194076246,0.9295358624925836
2023-03-03 06:40:31.372724,series_2,7.587149015888098,0.9325132559218532
2023-04-05 15:09:47.110766,series_2,9.012016853666864,0.4780990628490529
2023-04-05 22:23:55.613767,series_2,8.356760693527583,0.8209056079406325
2023-01-03 07:58:39.008859,series_2,4.502581668517989,0.7134579437281121
2023-04-05 15:33:14.058321,series_10,5.988027648492633,0.903472785070388
2023-03-14 07:00:00.000000,series_10,5.083623071592222,0.0
2023-01-25 09:52:02.540966,series_2,5.22451188183883,0.6917519806754058
2023-03-18 17:38:59.614915,series_2,3.7764961167666646,0.7951361336247278
2023-02-13 06:12:09.230650,series_2,2.2747920605490526,0.8976296623438793
2023-03-14 02:00:00.000000,series_10,1.332164075573878,0.0
2023-01-14 12:48:25.709913,series_2,6.400645983765424,0.5494930527522489
2023-03-11 09:54:36.545339,series_10,5.36410558819704,0.9052356672052932
2023-02-19 01:00:22.038664,series_2,0.9847822607228628,0.8685308773797208
2023-01-31 06:25:37.635575,series_10,4.218587449732274,0.4002250940741022
2023-01-15 07:20:47.487673,series_2,4.417320257153174,0.8392996667350278
2023-04-09 13:44:31.700932,series_10,5.747442801093538,0.7548115235468806
2023-01-23 01:15:16.372654,series_10,5.284532350672119,0.8210317476356603
2023-01-13 03:32:43.636364,series_2,10.10290346696986,0.0
2023-04-08 18:19:44.545893,series_10,2.5106802431223563,0.9192266027003486
2023-01-26 16:53:01.971595,series_10,3.989310815867211,0.7589031983354282
2023-03-09 04:16:02.826618,series_10,0.2384236764396685,0.5645302475829234
2023-01-28 21:53:20.266578,series_2,1.50606338352694,0.4933086432072233
2023-01-28 14:55:31.818852,series_10,2.713100111962503,0.4405606618415313
2023-01-01 05:31:21.280903,series_2,1.7700177019993355,0.8200209126217752
2023-02-17 05:07:04.618777,series_2,2.095611260819732,0.8401952392694154
2023-02-24 04:48:27.054289,series_2,6.298043532690101,0.7385103600720523
2023-02-01 11:37:46.811753,series_2,7.344850749219722,0.5712734225428959
2023-01-11 08:09:29.885030,series_10,6.368054164817877,0.518316481800958
2023-03-22 22:19:57.754335,series_2,4.24897241710723,0.9160814699517956
2023-02-11 04:13:54.216641,series_2,6.084660709719868,0.7279437496324832
2023-03-09 06:46:01.351241,series_10,7.549072151966831,0.7760661534172624
2023-02-25 08:10:11.894886,series_2,7.921258307874421,0.9180889323064144
2023-03-22 17:07:48.225923,series_10,3.414977261377339,0.90832627420817
2023-03-16 05:08:34.285714,series_10,4.351701323339277,0.0
2023-02-13 08:33:53.557016,series_2,9.643158846536233,0.6129074496924144
2023-02-01 10:31:34.850283,series_10,1.1843095177367613,0.5557716588984821
2023-03-31 18:27:35.916121,series_10,2.6555653402057837,0.5932922400135873
2023-01-17 21:15:52.851231,series_10,0.5591535354211519,0.4882602311457852
2023-03-28 02:29:23.702925,series_2,8.770779179691903,0.9825627612992602
2023-02-03 14:41:19.449826,series_10,8.24257273516888,0.4119504226199134
2023-01-30 03:38:11.769434,series_10,3.724588251557035,0.7334570487146825
2023-02-27 16:20:30.533406,series_2,7.616104587886959,0.8382169040833334
2023-01-28 13:36:30.621166,series_2,0.0937079262954465,0.7359755106108498
2023-04-02 08:39:09.673351,series_2,2.6295640802611064,0.400828968869991
2023-01-29 15:15:46.985658,series_10,8.936656572692046,0.5546646854318972
2023-04-08 05:12:10.795000,series_10,0.6943168836072044,0.6607714358268786
2023-04-09 21:22:37.415903,series_10,2.4351441653293104,0.9571474358988684
2023-02-10 15:23:10.562789,series_2,8.790896367175074,0.8981187990607733
2023-04-01 20:35:14.043718,series_2,5.963673736264498,0.9154775950597516
2023-01-15 02:10:02.731870,series_2,1.0515146336403425,0.9473949421614112
2023-02-13 00:17:42.594951,series_2,9.528038384096677,0.768769006564112
2023-03-18 09:17:08.571429,series_10,-0.0593406698244475,0.0
2023-01-13 18:30:08.229091,series_10,2.711320955614424,0.6514896549606212
2023-03-08 08:30:26.854182,series_2,7.333605666038826,0.5590495468406863
2023-01-27 02:23:29.482915,series_10,9.7866694644213,0.8910470934420717
2023-03-09 22:23:07.214524,series_2,1.7825570616336128,0.785550659309094
2023-03-16 23:30:49.480481,series_2,1.0795694450154625,0.8214992849325593
2023-02-22 13:43:41.010507,series_2,1.4669580936278703,0.4089778793934409
2023-02-23 15:22:56.030759,series_10,7.451023896246366,0.4430806576034128
2023-02-09 04:59:14.162963,series_10,5.76903309461818,0.4494980059694979
2023-01-30 04:50:29.130939,series_10,2.648909257834956,0.4993534578756845
2023-03-16 07:39:41.212115,series_10,6.702196778887077,0.7006400356695672
2023-02-21 19:31:03.496800,series_2,1.4559028234038252,0.4628621979105687
2023-03-13 05:56:42.137516,series_2,7.578921916550215,0.8177412312187986
2023-04-03 01:30:56.720304,series_2,2.9119531224862216,0.4917691854473133
2023-03-08 22:36:58.658016,series_2,0.7329936434616224,0.4181382126625365
2023-02-02 06:02:17.791333,series_10,9.983633398967374,0.5198801685628726
2023-03-14 11:43:48.745904,series_10,4.7228505810679415,0.8974226421274318
2023-03-29 02:18:49.423345,series_10,9.610495590494622,0.6417150369494196
2023-01-15 02:08:28.471226,series_2,5.581578121534982,0.5148764635228953
2023-02-07 01:57:19.057589,series_10,7.528619248122458,0.6278779120911961
2023-03-09 02:28:24.465483,series_10,0.925424277354744,0.5911808482037345
2023-02-20 23:38:29.526061,series_10,3.703279522150196,0.7847194983822154
2023-03-15 02:39:29.426602,series_2,1.684754118270958,0.7373580271977986
2023-02-06 17:23:24.926926,series_2,0.3900373401889445,0.4069700919141726
2023-02-15 05:45:08.776575,series_2,9.47780803156762,0.7551327755879698
2023-02-19 00:12:22.172343,series_10,8.064546261093513,0.6450785327763775
2023-03-02 15:28:38.314472,series_2,1.4594624005487444,0.5643151023834702
2023-01-29 12:34:10.565533,series_2,1.6124516150940171,0.7163271262335225
2023-04-07 09:53:56.988874,series_2,3.1388476411158948,0.8540234944872628
2023-01-12 09:09:50.437233,series_10,6.328620409796137,0.7495771367976802
2023-04-09 08:20:55.840309,series_10,4.845256246100348,0.8856397871433831
2023-02-13 09:49:40.009805,series_2,7.247081325723017,0.7493157850380946
2023-02-17 13:19:27.706697,series_2,9.651185786206211,0.7522476936801668
2023-02-27 03:09:47.544037,series_10,0.6314542760691999,0.5413352687005882
2023-02-28 05:36:01.152001,series_2,0.5535462032744853,0.4397582130293581
2023-01-22 08:23:22.374741,series_2,4.448314853012931,0.8015706153070421
2023-01-30 03:22:46.968884,series_2,3.1208200537811392,0.4173701593032702
2023-04-01 08:21:28.814482,series_10,7.843127086379997,0.7423188692468561
2023-01-24 19:25:58.515586,series_10,9.070516109232935,0.9512427014096796
2023-01-17 09:04:46.338257,series_10,3.6750792872514007,0.5477791982458421
2023-03-14 18:05:08.833339,series_2,1.864581406879201,0.9901735519334756
2023-03-19 05:53:57.017721,series_10,9.864092127119635,0.4299077441435798
2023-01-12 09:36:33.688950,series_2,9.287836400010622,0.404355203478371
2023-04-07 12:04:35.593971,series_10,9.924598854821843,0.9186114581739816
2023-02-05 09:42:32.496842,series_2,6.879018212812883,0.8827092780726227
2023-01-19 09:09:31.790692,series_10,2.098458444267701,0.9057043737892448
2023-02-19 21:22:18.551353,series_2,0.4240661397156953,0.5663254742630347
2023-03-12 06:03:34.865557,series_10,8.678454246321799,0.5377708044254006
2023-03-14 09:00:00.000000,series_10,6.695636169625862,0.0
2023-01-03 03:03:33.012239,series_10,3.054104589628126,0.5092791188716299
2023-02-08 04:11:07.210003,series_10,2.269940462405291,0.8477366977899845
2023-01-21 09:54:24.084658,series_10,7.607448716899596,0.6406814339444536
2023-01-20 18:42:23.518521,series_2,7.245507820706056,0.7018040726664931
2023-01-18 09:59:09.715211,series_10,7.580399256377387,0.7435386140269452
2023-03-17 15:17:08.571429,series_10,9.865015542819794,0.0
2023-03-04 08:01:19.150607,series_10,8.044761333052099,0.9423272275707124
2023-02-10 09:54:01.392398,series_10,7.576034345711207,0.7979052087993758
2023-02-14 05:06:33.190850,series_10,3.561522163185357,0.5501491929208011
2023-01-03 18:04:31.673305,series_10,2.1120229253585423,0.5354425986720378
2023-02-20 17:21:16.961553,series_2,8.358047583408904,0.5429763243015578
2023-04-01 10:15:45.260795,series_2,4.3177518641889945,0.8836921288651561
2023-01-28 13:39:01.567755,series_10,1.7280946410333498,0.8254030308673426
2023-03-09 14:16:41.486214,series_10,2.770975343146398,0.9815893098132948
2023-03-22 22:42:34.728175,series_2,9.42937595134676,0.9973579725807754
2023-03-04 16:36:56.849245,series_2,2.980811183693032,0.8011376157942696
2023-01-27 12:26:39.057568,series_2,2.767484883247863,0.8109828904048021
2023-02-19 14:16:52.224315,series_2,1.8079609197919853,0.4139718376298335
2023-03-21 16:31:53.492385,series_2,4.601173860834606,0.5040863844092927
2023-03-05 18:51:17.251264,series_10,7.802537252758288,0.4644573329543313
2023-03-23 12:14:07.394926,series_10,2.5049469133440647,0.6707789569543612
2023-04-06 15:17:48.655267,series_2,4.862151796463073,0.4140172995031997
2023-01-02 02:09:06.644720,series_2,0.3031024737403853,0.407086117772513
2023-02-04 03:03:12.939259,series_10,0.3262986568089154,0.9670659923164154
2023-02-18 09:51:12.628380,series_2,7.966021079543043,0.4103433376685476
2023-04-08 12:10:41.296606,series_10,1.3651971424551557,0.6827192307429533
2023-03-14 11:57:21.308365,series_10,9.150462062651233,0.8323599406689893
2023-01-23 05:50:53.183919,series_2,6.689144759470349,0.4870709189573037
2023-03-14 05:49:25.503487,series_2,1.2049812736617782,0.7352667192743259
2023-03-16 04:00:10.138107,series_2,7.796403607580641,0.7911000582663517
2023-02-16 00:57:46.303093,series_10,1.3689074212764307,0.8913970969011362
2023-01-29 21:03:09.204600,series_10,8.70702103060615,0.7287820641759982
2023-01-10 14:54:32.727273,series_2,3.3618046908821246,0.0
2023-03-08 19:10:16.224891,series_10,2.887641464650498,0.525757399371828
2023-02-13 04:58:46.914904,series_2,9.892371149855046,0.8908527230678392
2023-01-18 08:02:46.479132,series_10,7.431373306307677,0.646490635201574
2023-03-28 12:28:11.721375,series_2,8.655056192834017,0.8164727646908663
2023-03-17 20:17:37.996082,series_2,0.0544881759804272,0.7201203223695938
2023-02-28 08:36:28.131981,series_2,9.08285849057712,0.4334664654371147
2023-03-17 04:42:51.428571,series_10,5.129830884536644,0.0
2023-03-07 13:35:22.769252,series_2,9.467741016479858,0.8828142482846386
2023-03-10 22:34:25.332669,series_10,9.477740925743952,0.4099574441782917
2023-01-08 14:35:21.166692,series_2,1.965397937469917,0.6471626558184386
2023-02-12 02:25:54.823777,series_2,8.541250126196791,0.8893992108984063
2023-01-09 00:22:23.024525,series_10,9.551509274497148,0.4448490880367759
2023-01-02 00:25:30.670973,series_2,5.014856224396365,0.9397393197023358
2023-02-25 22:41:00.274245,series_2,0.0284148070972634,0.9004443659036353
2023-02-21 21:25:58.313822,series_10,5.138057063827,0.4995385322144401
2023-01-20 13:26:43.999410,series_10,4.196565832721008,0.4693115958480642
2023-02-01 04:32:07.887522,series_10,8.697351749575255,0.976646093950052
2023-01-10 19:59:40.488454,series_10,0.9093658634190682,0.8890566553685907
2023-01-11 00:38:10.909091,series_2,2.738660138253678,0.0
2023-02-22 15:34:46.946935,series_2,7.600510903668526,0.4819815071191132
2023-01-03 10:44:10.050410,series_10,0.7103000983971586,0.6688066252462201
2023-03-11 02:58:07.772375,series_10,6.65357845047602,0.9516313760917012
2023-04-05 00:23:22.659208,series_2,7.043404725057099,0.7135592601049576
2023-01-03 21:17:16.837381,series_10,9.98536715556229,0.694915901520399
2023-01-21 14:45:00.888924,series_2,4.180580865816976,0.4313164263550847
2023-02-08 17:28:42.251694,series_2,9.910249177166945,0.879460134585182
2023-04-02 06:52:09.486654,series_2,2.0563429008138536,0.5330499279234852
2023-02-25 18:15:12.001705,series_2,3.967060590051668,0.4168195894206186
2023-04-06 03:27:31.233397,series_10,0.6229765167100176,0.5740537703636841
2023-03-13 11:15:23.130723,series_10,5.6058665663526135,0.4311378821574722
2023-01-16 15:27:15.342394,series_2,9.143169704961,0.8452860048989619
2023-02-11 00:52:12.030396,series_2,5.4193710169072205,0.7962476119299127
2023-01-27 04:14:40.444024,series_10,9.548906267067924,0.8427836721647292
2023-03-14 11:00:00.000000,series_10,7.942906295422189,0.0
2023-02-27 13:45:23.164147,series_10,7.394857740805718,0.9279221513606924
2023-02-19 09:59:56.579076,series_2,3.2811830655441465,0.8088067056150341
2023-01-09 10:00:00.000000,series_2,8.94867572948795,0.0
2023-01-03 09:00:47.385089,series_10,0.6365595152749115,0.5688912732834097
2023-03-02 10:40:30.777029,series_2,8.132794751432131,0.8537674371429095
2023-01-05 10:50:17.210606,series_10,9.154851045808682,0.4322481561577513
2023-03-08 19:27:08.795267,series_2,7.9174531846913,0.5564595925881676
2023-01-05 22:35:44.991069,series_10,8.961829260062476,0.9641986166194252
2023-01-19 09:04:21.422299,series_10,4.345481776173474,0.6508653842879126
2023-02-09 19:36:07.011885,series_2,1.267615768014947,0.5520792852618106
2023-03-16 12:44:08.645387,series_2,7.262280487489728,0.5737989977576787
2023-03-03 03:02:57.546796,series_2,8.472595056572334,0.8516534699723162
2023-03-14 04:41:41.470409,series_10,9.078054214555888,0.7296073741385491
2023-02-04 00:22:34.125555,series_2,5.201280226917229,0.5098998622775269
2023-01-06 12:56:08.356286,series_2,6.874248017789255,0.9903639880175712
2023-02-28 15:34:18.996685,series_2,0.0802686971092281,0.7015583671711897
2023-03-11 15:59:16.147158,series_2,2.808165287817584,0.705159161811482
2023-02-24 12:26:31.704531,series_2,0.4366439723114201,0.7011247092597708
2023-02-01 01:00:13.506853,series_10,4.58229606402253,0.4475102682838148
2023-02-21 05:46:59.336458,series_2,6.4974707473424935,0.7385190287469043
2023-02-27 00:08:02.836975,series_10,2.0544106366270807,0.4769287490721668
2023-02-26 18:22:55.011687,series_2,0.1066466543704403,0.9583487144626144
2023-02-28 13:51:48.635776,series_10,2.043882565703737,0.9916144290302394
2023-02-19 12:00:04.234474,series_2,6.3290845522457335,0.4865730223468631
2023-03-20 08:26:40.382652,series_10,3.887225915608612,0.4973293482537784
2023-02-24 21:03:46.325682,series_2,9.699325093283594,0.8735274163003064
2023-01-09 22:45:39.392045,series_2,9.06772097871701,0.6629827037121983
2023-02-09 05:39:55.408373,series_10,3.0889088705842878,0.4990834368906238
2023-04-01 17:48:23.857807,series_10,1.9499497292436407,0.6177748628139536
2023-01-14 07:45:15.905969,series_2,8.353690441726988,0.9771598452093696
2023-02-06 10:40:58.745526,series_10,1.2802035848693427,0.4066954216055939
2023-01-12 18:46:50.587155,series_2,6.138594477169363,0.5986564797392087
2023-01-16 18:21:43.721454,series_2,1.2131680931666122,0.4777490233921004
2023-03-24 09:45:13.866674,series_10,6.200156188602767,0.7564429074202229
2023-01-16 16:44:31.407739,series_10,8.824736539175772,0.7921988400140931
2023-03-18 10:03:44.178013,series_2,0.5814591839317818,0.8480573299779359
2023-03-27 23:59:19.444817,series_2,9.201244986962752,0.4228626751216368
2023-01-03 22:58:14.195383,series_2,2.272111705862754,0.6978162684676468
2023-04-04 12:09:17.876427,series_10,7.695989709093917,0.6113914135985941
2023-02-16 20:30:56.837699,series_2,0.2860694339122371,0.6384227874903137
2023-01-03 03:15:25.810304,series_10,7.939698937746451,0.6520977742380127
2023-03-28 08:25:36.277273,series_2,3.1770858151937453,0.8918850485579508
2023-03-27 06:38:34.463483,series_2,3.316865581300111,0.737474095709189
2023-02-07 13:24:22.149193,series_10,4.398498512254757,0.429477495366426
2023-01-26 21:13:03.300999,series_2,4.2989843000502335,0.8240657822492692
2023-02-18 19:48:48.283415,series_10,2.969492048483477,0.4118018233947185
2023-01-26 04:27:46.948809,series_2,2.749369457921574,0.982845186852837
2023-01-29 03:29:27.633402,series_2,4.412782811467583,0.8537820602115243
2023-02-08 21:25:40.175059,series_10,9.589291005398549,0.8516360472216128
2023-02-26 01:17:20.183015,series_10,2.271190525921725,0.9099924210144964
2023-03-28 09:06:54.017022,series_10,7.89068043925889,0.7585732992080985
2023-03-16 05:25:42.857143,series_10,10.079864907813455,0.0
2023-01-23 13:20:56.365348,series_2,2.539800752207189,0.4337655295376864
2023-01-18 09:10:46.204932,series_10,9.803924905742548,0.7764408197892867
2023-02-18 07:54:39.340012,series_2,5.914375121325861,0.8925607134788578
2023-04-01 01:53:33.615552,series_10,6.352872550280804,0.8252242228429467
2023-01-15 22:07:33.964111,series_10,6.299403907174482,0.8703000738698551
2023-02-16 11:05:52.757307,series_2,6.673554281474669,0.6752367485573876
2023-01-08 15:52:30.080530,series_10,4.476578360505361,0.6234576805200752
2023-03-26 03:51:06.458531,series_10,0.481935150567182,0.6488622170383777
2023-01-29 04:04:10.568766,series_2,2.271088646087601,0.4212738654818635
2023-01-12 22:06:57.516984,series_10,4.414650568035547,0.7043408719710378
2023-04-06 19:43:28.355486,series_10,4.600414552567087,0.4424663472745599
2023-03-16 23:34:24.192366,series_2,8.175372617812265,0.7276993417760399
2023-01-27 18:34:15.313846,series_2,2.043218763579944,0.7977982070500037
2023-02-07 01:31:24.222300,series_2,1.161752020481669,0.4952473913839024
2023-04-03 02:14:47.146159,series_10,0.8381192443443164,0.814680337514603
2023-03-26 09:08:00.280543,series_10,6.455993425408728,0.8897607309454578
2023-01-13 09:29:01.537415,series_2,7.437768317712987,0.4036748533220725
2023-04-03 06:14:50.111697,series_10,3.2190335297774952,0.7381892087020212
2023-01-01 21:36:55.193854,series_2,8.415090594814282,0.4924943140678631
2023-04-09 17:07:12.478485,series_2,0.2405091611306842,0.6553907226261881
2023-02-15 04:43:09.383617,series_2,6.731214797061469,0.7292151452688576
2023-02-22 03:32:17.178542,series_2,0.6134438333329284,0.8625550449152395
2023-01-19 01:51:05.472281,series_10,2.6190650044761368,0.7056254081896114
2023-02-15 00:09:31.395859,series_2,8.147042197158749,0.4317530143567293
2023-03-04 00:15:50.085228,series_2,5.103550172807116,0.7930854398641554
2023-04-01 18:41:30.950080,series_2,4.811556262260184,0.7928769950301362
2023-03-23 09:56:18.196646,series_10,5.567341616839289,0.4515965876936115
2023-01-29 22:06:27.431223,series_10,4.018581185288741,0.4047760483918164
2023-03-16 13:00:00.000000,series_10,4.864725580308476,0.0
2023-03-11 16:25:06.222375,series_10,5.317710926962772,0.97829071532979
2023-04-04 16:50:00.264681,series_10,4.630772761637508,0.5452684474757783
2023-01-04 10:32:48.575552,series_2,7.98450602240255,0.5218589740733856
2023-02-05 06:55:12.994188,series_10,2.4593967380615664,0.9415124273633314
2023-03-26 02:43:57.306865,series_10,9.750819494731063,0.4372189932418526
2023-01-06 11:19:14.430531,series_10,1.0398334389550734,0.6706809053473262
2023-03-10 02:02:36.729018,series_2,5.270350025145082,0.9921703970257968
2023-04-04 15:04:24.060817,series_2,4.462900320429028,0.8135243856225557
2023-01-05 14:52:19.136692,series_2,0.4276409653458179,0.4394165582978478
2023-03-28 07:52:16.848956,series_2,5.590545942938302,0.5156998945235892
2023-02-05 00:25:17.672562,series_2,5.835134696276729,0.7800370047399781
2023-01-17 02:13:02.348020,series_10,9.002720435076741,0.6916579374517707
2023-02-09 11:00:38.092375,series_2,3.928507689028671,0.8915040489494879
2023-02-02 20:14:14.296707,series_10,0.1125146272367905,0.4722368119181104
2023-01-20 06:14:19.211176,series_10,2.2463191001341407,0.7371903584386972
2023-01-27 23:31:02.997639,series_2,9.861997462865538,0.9341258967642144
2023-01-27 18:51:31.554109,series_10,2.952184336420036,0.8464100105705261
2023-03-07 09:28:01.995640,series_10,0.2652882998471362,0.6243930430702747
2023-04-09 19:10:28.172913,series_10,0.6028304186968592,0.9517049042030448
2023-02-17 15:03:13.545142,series_10,7.385583862076631,0.7131293506701032
2023-01-04 18:19:40.104423,series_10,8.98058289988141,0.6793979734879484
2023-03-06 13:28:08.495786,series_2,2.065461126876016,0.6293995072544377
2023-03-26 19:05:23.782380,series_10,5.007978639773043,0.919619988664023
2023-03-18 19:08:34.285714,series_10,-0.0128390939348807,0.0
2023-04-01 21:59:47.129742,series_2,8.151085253312354,0.6249865008051285
2023-01-30 18:08:20.029228,series_10,0.2042293450346388,0.9656822664550088
2023-01-28 18:00:51.945593,series_10,4.3424128503442745,0.8823675508343378
2023-03-15 13:34:17.142857,series_10,0.2666958974709791,0.0
2023-02-13 00:09:02.503634,series_10,8.237685301394922,0.8067178589515505
2023-02-04 23:34:03.044963,series_10,4.107368811400112,0.8978996856390302
2023-02-12 16:28:11.236057,series_10,2.5252399416420945,0.7513248151733671
2023-01-29 01:33:29.374606,series_2,5.827744669555845,0.6871939351113494
2023-03-18 13:51:25.714286,series_10,10.101720592299229,0.0
2023-02-17 13:24:38.446260,series_10,8.261346801807289,0.5793411555375176
2023-01-17 18:25:44.753839,series_10,3.9592255782502654,0.5635854924620326
2023-02-01 10:39:40.312588,series_2,5.203888630800115,0.9161969407443976
2023-03-27 11:56:42.189812,series_10,4.717766720658388,0.5442248177142868
2023-04-01 23:11:33.705064,series_2,9.96249873797874,0.5045469744015478
2023-01-12 02:25:02.713198,series_10,9.379863698096711,0.4567390896694717
2023-03-12 06:17:57.734461,series_10,4.284049856739514,0.9494367483803902
2023-02-13 23:47:41.764723,series_10,6.204264216531183,0.8985261548108028
2023-03-16 07:00:44.139174,series_10,1.4780666800907794,0.780960637336275
2023-01-18 00:47:34.153479,series_10,0.9465440859702156,0.6446098677059598
2023-03-06 14:07:30.113031,series_10,9.01271520249628,0.6032878660581468
2023-02-05 11:19:19.720161,series_2,0.1720154501789572,0.7691906072462167
2023-01-06 20:25:39.879267,series_10,3.0058057627631483,0.9859145914692712
2023-02-26 14:30:32.092966,series_10,6.284245001628159,0.7095641091110072
2023-03-08 00:04:47.346744,series_7,7.613411858537605,0.8408201605816021
2023-03-25 15:32:43.636364,series_11,0.7489006485560572,0.0
2023-01-22 14:53:55.439636,series_7,6.5473943111019,0.8637292697444403
2023-02-18 07:56:43.082873,series_7,5.572305865085502,0.6099541378922348
2023-02-16 14:50:40.015653,series_7,3.2645774975967354,0.7591604871168516
2023-01-10 17:43:38.505763,series_7,4.720225936013995,0.7008273309453337
2023-01-15 12:14:16.096048,series_7,1.8510771096770704,0.9977884443498694
2023-01-10 22:59:08.809704,series_7,5.297982315730194,0.4419008518971025
2023-01-18 12:08:37.553447,series_7,7.627951426543401,0.4495081645871412
2023-03-11 02:21:13.891818,series_7,5.879888909590699,0.6542028979806473
2023-02-21 22:52:36.172273,series_7,4.168395397062364,0.7749909128793482
2023-02-14 00:27:43.320442,series_7,2.0464933040899567,0.4800320112715439
2023-03-22 09:00:00.000000,series_11,8.134389951626325,0.0
2023-03-11 03:19:09.352012,series_7,6.601461862614839,0.598360290113316
2023-03-12 10:50:05.431726,series_7,8.323950230660627,0.4904764049525917
2023-03-26 08:00:00.000000,series_11,6.514117988309222,0.0
2023-03-07 21:18:41.269176,series_7,8.155453884682766,0.5717066327639472
2023-02-15 15:26:16.719194,series_7,7.953101433714669,0.9683164341460364
2023-03-18 11:48:46.719308,series_7,3.894480288362722,0.8511935234507757
2023-04-06 20:16:03.371223,series_7,0.006333643484323,0.9329198633000008
2023-01-28 11:59:34.393042,series_7,9.88855774330063,0.4312777082924975
2023-02-26 22:37:32.977540,series_7,1.2090921265806287,0.9652062495175792
2023-04-05 14:58:49.850594,series_7,4.880188877585724,0.7182276808875407
2023-01-03 20:21:26.326106,series_7,3.677253109994836,0.5922751998551526
2023-02-18 16:00:00.000000,series_7,5.6158884255572445,0.0
2023-01-07 15:35:03.996263,series_7,0.5737683480315303,0.4562012779374557
2023-04-03 11:01:21.317351,series_7,9.336428215347,0.5810029404416072
2023-02-25 13:25:31.065635,series_7,9.227199922088396,0.484419190050014
2023-04-05 04:11:05.468819,series_7,8.505371501039432,0.6696628558271366
2023-02-22 15:24:55.589033,series_7,5.642326013667836,0.890593595761078
2023-02-13 05:03:04.749939,series_7,0.2744764773942476,0.8577596560720253
2023-03-07 03:29:18.234726,series_7,3.3329516124274883,0.844145538711162
2023-01-04 17:33:17.063747,series_7,5.329091494926349,0.9454018662601098
2023-02-21 01:20:20.338983,series_7,9.737237322895709,0.0
2023-03-28 01:23:46.276558,series_7,7.294230135371023,0.5672487771593135
2023-04-01 09:38:51.973452,series_7,7.806028940740575,0.460209754069234
2023-03-23 14:27:16.363636,series_11,5.028305539326487,0.0
2023-01-27 23:57:33.860297,series_7,3.19437968239787,0.564806577194654
2023-03-31 01:21:54.776411,series_7,7.439866729509728,0.6172507137150999
2023-01-08 18:03:16.789475,series_7,3.874240454954495,0.4415999710587469
2023-02-22 18:56:56.949153,series_7,8.553656677029325,0.0
2023-03-22 07:38:53.823700,series_7,2.672999318919851,0.4471323853709045
2023-02-19 23:24:24.406780,series_7,7.924221754912554,0.0
2023-03-12 15:01:19.820910,series_7,8.4659295796197,0.6900030264962183
2023-01-24 19:49:08.919894,series_7,0.7947249079461305,0.8358955121188001
2023-04-03 06:54:03.830900,series_7,2.0166948707420653,0.5779021667685031
2023-03-19 19:25:25.929687,series_7,7.096890722664291,0.789082315533981
2023-04-05 03:12:28.621115,series_7,7.627051731329001,0.6969770144531393
2023-01-05 12:04:37.093690,series_7,1.9435401056398796,0.9613601997941054
2023-02-18 00:16:29.401645,series_7,2.493385959045168,0.7458165084436303
2023-01-03 23:54:28.566115,series_7,7.840616145370978,0.5822496373492998
2023-01-26 04:34:18.078114,series_7,1.3429166980689489,0.5601836255185026
2023-03-02 06:16:48.030559,series_7,4.272642310496063,0.8933690225050704
2023-02-21 15:54:02.793364,series_7,8.543169806209542,0.4842934994005226
2023-02-12 08:09:49.655392,series_7,9.583673176362378,0.9370296152451748
2023-01-24 19:42:10.845934,series_7,3.1535714519408486,0.7606148502500811
2023-03-20 10:43:35.533669,series_7,7.807162900424568,0.7065366149022758
2023-02-20 21:54:11.944423,series_7,5.558963050783491,0.5745326520549148
2023-01-08 20:39:07.815444,series_7,5.910728539066927,0.4254025167477535
2023-02-14 01:13:05.818698,series_7,9.364070885594488,0.813331387755456
2023-02-21 00:00:00.000000,series_7,0.2152497648534659,0.0
2023-02-20 03:15:04.116652,series_7,2.7818056334065835,0.637699218339092
2023-03-18 09:08:54.326237,series_7,0.8651740693946708,0.7902246481008645
2023-03-07 15:04:47.156329,series_7,7.596488357629941,0.5435802146242448
2023-02-18 09:21:45.814068,series_7,2.94362985808207,0.4078829860789991
2023-01-31 11:24:23.907774,series_7,1.9405080214477024,0.5791537129991502
2023-02-20 05:46:40.582169,series_7,3.710596271975249,0.7517330767175017
2023-01-08 04:31:27.640389,series_7,3.111461936500767,0.9037165990468032
2023-03-28 22:02:28.822575,series_7,2.1876924329243974,0.8058111625626201
2023-03-25 08:50:17.670328,series_7,2.865449401486914,0.6655496921842995
2023-02-24 03:54:43.880216,series_7,7.491126879723783,0.634734120095666
2023-01-21 22:53:54.339972,series_7,8.331332248683402,0.9619862279051854
2023-01-15 07:01:06.807664,series_7,3.746372343553781,0.7454740262563186
2023-03-13 15:22:30.915294,series_7,0.8213685303545848,0.4844820081532759
2023-03-22 12:26:51.007585,series_7,4.538095839622173,0.5105400791795485
2023-02-24 22:12:31.446650,series_7,0.7802627738138435,0.9383261804912066
2023-01-20 22:05:08.913742,series_7,1.9068786530246329,0.6730727562338416
2023-03-10 21:56:46.389987,series_7,4.86632975392924,0.5304043651766452
2023-01-31 22:10:25.262568,series_7,9.158325607510058,0.4478165126327619
2023-01-12 18:03:44.452029,series_7,7.087766669855103,0.8563092666045079
2023-02-18 07:55:58.860729,series_7,8.328670181222401,0.7337266464778351
2023-03-19 21:56:05.464673,series_7,9.441493376788223,0.4733270171160066
2023-03-22 17:49:35.370980,series_7,0.2692906171738418,0.8782721632756154
2023-03-17 06:22:41.622033,series_7,5.101108240351548,0.6922343242532043
2023-03-02 15:36:45.214105,series_7,7.403175294183999,0.5894006069331418
2023-01-19 21:25:09.402576,series_7,9.31887187270521,0.9600398307567072
2023-01-03 17:30:59.427307,series_7,7.027138139032655,0.7583438864427219
2023-02-14 02:40:20.040221,series_7,1.5911515868591275,0.7603100469694253
2023-01-16 01:37:28.647561,series_7,4.564362661454252,0.4063624842610968
2023-02-02 17:31:01.535209,series_7,3.0528173412519237,0.4010021115477831
2023-01-07 21:14:03.925451,series_7,1.649830199842065,0.5260552919573755
2023-03-10 15:16:19.591587,series_7,4.156567990926585,0.5696997940363546
2023-02-24 12:33:33.559322,series_7,7.162549082953889,0.0
2023-02-19 15:05:05.084746,series_7,7.743782426968333,0.0
2023-01-08 09:24:21.671335,series_7,8.39358722008964,0.9089373523047666
2023-02-16 06:53:13.586315,series_7,5.444305668943727,0.6204699254086208
2023-01-11 04:50:32.372053,series_7,4.47380502459001,0.8044372492154452
2023-02-11 04:50:06.618047,series_7,3.1692166551790324,0.5147896952064177
2023-04-05 11:56:14.521501,series_7,0.3698069583430863,0.5476262677820314
2023-01-28 11:59:53.106505,series_7,9.243939830287506,0.962965823590282
2023-01-28 19:58:48.996355,series_7,4.938709806433907,0.5599567679817956
2023-01-18 10:53:34.093654,series_7,1.7487071793552,0.6830954374978646
2023-02-02 23:38:01.693726,series_7,8.014510929304125,0.7532536506309734
2023-01-31 19:21:36.411651,series_7,3.0794939984685765,0.4428608515409498
2023-04-05 06:16:59.856645,series_7,9.953556705968769,0.9401926920490532
2023-01-18 16:57:45.700187,series_7,0.4753880813278488,0.8995550048333598
2023-02-04 18:38:22.868709,series_7,4.110538988012164,0.8631659459231208
2023-03-23 19:35:54.982231,series_7,3.073584508767474,0.4810458003542344
2023-02-01 15:56:35.239729,series_7,2.685711142089632,0.8078294107769468
2023-02-04 14:14:36.170514,series_7,8.312419828539365,0.6470645104050661
2023-03-30 04:41:18.880872,series_7,7.11560448410091,0.5976730009997412
2023-02-07 18:05:08.662050,series_7,7.432934428713157,0.9985754758560504
2023-03-04 00:22:15.672657,series_7,1.8366536172163628,0.7741056319890967
2023-01-07 02:19:38.920604,series_7,8.702667953283003,0.5808056462906721
2023-03-14 16:05:36.147490,series_7,3.917395780462869,0.6222872809256658
2023-02-14 01:15:38.691476,series_7,2.559200081448675,0.9078697029824024
2023-01-01 12:34:57.549279,series_7,2.185584473442199,0.4354348957307791
2023-03-07 05:37:45.325165,series_7,9.943598814749723,0.4209437888584232
2023-04-10 02:56:35.051528,series_7,7.255844824913056,0.4542860483580908
2023-03-20 05:08:50.862576,series_7,8.558979686548389,0.8641005947886954
2023-02-02 01:51:39.164994,series_7,9.615265649114818,0.6510155690972191
2023-03-18 16:55:17.997004,series_7,4.431312843906635,0.4885457685113082
2023-03-08 01:22:38.864724,series_7,7.702186133244053,0.752290122312
2023-02-11 05:01:06.332755,series_7,6.048987064488175,0.4391392208090572
2023-03-12 16:51:11.867423,series_7,7.799879486234353,0.494291247677791
2023-03-19 23:08:09.193578,series_7,4.746455127715402,0.6847111911687966
2023-03-08 23:57:47.388934,series_7,9.100579765888453,0.9781917685800768
2023-02-19 10:04:04.067797,series_7,1.8682362851669885,0.0
2023-03-02 08:44:44.640756,series_7,4.007617030574502,0.8185641985261454
2023-02-21 17:19:19.322034,series_7,0.3071307060586715,0.0
2023-03-30 00:05:51.482309,series_7,4.233695423142635,0.7263219876856266
2023-01-24 17:51:47.524915,series_7,4.652699613096677,0.779932371278552
2023-02-14 23:59:13.457190,series_7,2.342387808330766,0.7810788296146303
2023-01-05 16:22:04.179087,series_7,4.174066032725784,0.6775790897718018
2023-01-12 11:08:55.290650,series_7,0.9666153875008564,0.7046601527985447
2023-03-06 22:46:25.037860,series_7,9.253578750688131,0.544379307850859
2023-01-17 22:24:41.101965,series_7,1.675064031074163,0.6006494617515324
2023-02-19 04:29:18.258619,series_7,5.55736484618489,0.8501815727630337
2023-03-19 04:10:34.365598,series_7,3.885100023773036,0.5773063546128009
2023-02-23 03:16:16.271186,series_7,8.641245244292076,0.0
2023-02-14 13:11:59.933592,series_7,1.2976734210027197,0.7363742478444131
2023-01-22 03:57:39.904859,series_7,9.819740198790823,0.9990573042482492
2023-03-26 11:00:00.000000,series_11,0.1164566396982057,0.0
2023-04-06 05:39:57.472963,series_7,4.40121105344773,0.8274542625898395
2023-02-22 02:45:23.596417,series_7,1.3025992422739086,0.8440611026258948
2023-03-07 20:33:16.591257,series_7,3.1795568155875453,0.9803648227848454
2023-03-30 17:32:15.424405,series_7,8.989166685000233,0.5464151518343189
2023-03-20 04:48:34.030219,series_7,0.5353230252372021,0.699643990216781
2023-02-25 15:21:53.087629,series_7,3.408897709800275,0.6966433139159487
2023-03-03 02:20:21.938146,series_7,8.76639737317128,0.8847293450144558
2023-02-17 08:23:27.833688,series_7,4.753241551819744,0.7575359534176481
2023-03-21 04:52:25.071599,series_7,4.0613407750855774,0.6190199056864047
2023-03-18 16:50:57.757682,series_7,6.609241563164153,0.7909993464404405
2023-01-14 20:29:20.801583,series_7,8.592283130815023,0.6557907894748143
2023-02-17 01:01:57.280194,series_7,8.151958443015545,0.650533937379614
2023-02-25 17:29:22.564579,series_7,5.106536237442628,0.4694515455643824
2023-01-05 05:38:19.463434,series_7,2.0423921060609374,0.4226954547619099
2023-01-16 02:33:26.004373,series_7,2.2659039966458163,0.847751732869759
2023-03-26 06:00:00.000000,series_11,7.314010222473337,0.0
2023-03-26 15:31:05.678862,series_7,7.966572113520324,0.7254043170505073
2023-03-21 13:18:33.939130,series_7,9.331686070464254,0.8728493096439454
2023-01-31 00:56:08.310356,series_7,9.46368934964197,0.8827419968187068
2023-01-15 08:05:09.297040,series_7,1.4754718893310714,0.5082767124361828
2023-03-14 18:42:31.860937,series_7,4.364081871220468,0.552588866700717
2023-01-21 06:49:28.628435,series_7,7.494830715514831,0.4971816086911126
2023-02-03 00:12:03.709597,series_7,1.2328648512239004,0.8794208681999854
2023-01-20 02:21:50.738187,series_7,6.252260451172664,0.5315411668716573
2023-02-05 06:58:55.253974,series_7,7.509310227854041,0.6296005270756853
2023-02-01 10:34:23.351685,series_7,0.6039802174076203,0.6662852778595111
2023-02-13 14:01:40.468793,series_7,7.336718879955341,0.6004323403681552
2023-03-15 11:28:06.823304,series_7,5.627375556905616,0.961272600707989
2023-01-11 12:30:27.720070,series_7,3.8322765525745073,0.5569313657747041
2023-03-23 22:10:54.545455,series_11,5.297768218687106,0.0
2023-03-16 23:58:56.164405,series_7,4.2734288486869225,0.9180729610211308
2023-01-22 23:16:06.216236,series_7,7.973234674314884,0.5819856930216307
2023-02-03 06:45:44.614713,series_7,4.737832166081998,0.6606227053626301
2023-03-24 06:14:56.756647,series_7,2.254152493593984,0.8534154555667792
2023-03-25 08:05:27.272727,series_11,9.83243466266367,0.0
2023-01-06 05:49:46.267303,series_7,0.6204843687143025,0.6279829031198928
2023-03-01 19:56:20.195708,series_7,8.483690627064103,0.8300483503726583
2023-03-24 18:38:30.980025,series_7,7.577474360037597,0.6926621764177221
2023-01-05 03:50:29.340109,series_7,0.0754205894019899,0.6103473080692775
2023-02-17 13:26:32.892356,series_7,1.8037184681750484,0.6088686372770653
2023-03-01 19:29:09.279403,series_7,8.488793592796906,0.4931345880632389
2023-01-30 12:10:20.449192,series_7,8.899802156704904,0.4293824792188971
2023-01-11 01:38:34.246830,series_7,7.671199565991173,0.7496648827402852
2023-01-06 21:23:05.574483,series_7,3.7295470253998273,0.7886586816771788
2023-03-08 14:42:10.316413,series_7,0.616930375198983,0.8692555702215221
2023-01-07 07:02:52.313902,series_7,0.491656497435915,0.6158292587781259
2023-03-23 14:54:32.727273,series_11,3.3344342821885817,0.0
2023-01-19 02:37:48.921811,series_7,9.995931299663374,0.8303884655539631
2023-01-25 23:55:55.414270,series_7,1.651339318632995,0.8626146350940197
2023-01-30 15:13:41.261357,series_7,7.52325770101213,0.489406330044823
2023-03-16 05:37:58.574246,series_7,0.3741718710819852,0.5281532815987917
2023-02-26 15:39:08.838952,series_7,3.6279215201954775,0.5646093121120124
2023-02-22 12:17:17.288136,series_7,0.8535944038207137,0.0
2023-02-13 02:48:36.776391,series_7,8.394079375441276,0.4679145201548566
2023-03-26 01:16:21.818182,series_11,0.2157334747532594,0.0
2023-03-26 04:16:21.818182,series_11,5.071388491124906,0.0
2023-02-21 09:39:39.661017,series_7,9.817481701085518,0.0
2023-03-01 21:25:54.420513,series_7,7.569599273586908,0.6209650160371334
2023-02-20 08:41:41.694915,series_7,9.21905241581145,0.0
2023-03-16 07:03:01.300837,series_7,4.052923707853035,0.4466697561292166
2023-02-03 22:49:41.302823,series_7,8.271029954623621,0.9640051835911492
2023-01-24 21:14:47.787121,series_7,5.20230976795601,0.7549902167159164
2023-01-15 01:25:15.320385,series_7,2.352005342414893,0.5127547073160221
2023-02-17 12:12:37.573533,series_7,2.3666626274020377,0.8512985616754595
2023-03-18 18:39:09.078056,series_7,9.173683268867714,0.9822298518200736
2023-03-24 22:31:16.413639,series_7,2.130582274848498,0.7571133877886929
2023-01-23 04:49:19.572719,series_7,7.848632028002599,0.5889608358189018
2023-03-27 00:25:30.879847,series_7,7.241833708960062,0.6533519758757311
2023-04-01 19:54:44.388109,series_7,9.384874130918076,0.4452507437028866
2023-02-24 17:00:00.000000,series_7,6.382745045929407,0.0
2023-02-23 02:37:50.502032,series_7,0.5141663561241572,0.6159207935667332
2023-02-23 07:15:15.254237,series_7,2.254146771335252,0.0
2023-03-19 20:14:40.869278,series_7,8.088090153911654,0.4863538138821939
2023-03-20 22:42:06.834681,series_7,8.91810764863757,0.4483576359680531
2023-03-18 01:35:16.948798,series_7,6.373846333778705,0.8359343460738109
2023-01-16 01:20:40.461849,series_7,1.153489885715232,0.5388409753909802
2023-04-04 16:33:09.345240,series_7,3.624555996853923,0.8078725027976741
2023-01-20 10:26:54.704192,series_7,0.2070602181124381,0.6348208851449814
2023-01-31 14:18:24.440521,series_7,2.0331440377158527,0.7783509442272742
2023-03-18 14:17:01.691707,series_7,2.0659934076603026,0.4182769472539675
2023-03-12 01:16:21.629385,series_7,4.616861768781631,0.6631214482098551
2023-01-07 03:06:43.870103,series_7,0.4867339997293207,0.8197884516960239
2023-03-22 06:00:00.000000,series_11,5.458426117208341,0.0
2023-03-08 01:03:37.144064,series_7,5.882244083064898,0.7274654874791021
2023-01-10 21:42:53.077182,series_7,5.709620803220318,0.8992345845099379
2023-02-21 20:15:58.699723,series_7,2.494240666968719,0.9656010330091072
2023-03-22 07:00:00.000000,series_11,6.363397949225375,0.0
2023-01-21 10:02:00.189690,series_7,3.6171443013107742,0.673405218977891
2023-03-31 03:08:11.034358,series_7,1.0945096763497295,0.6248407795942436
2023-03-13 21:46:15.283424,series_7,6.822618680464946,0.4401061860498023
2023-01-08 20:45:06.386828,series_7,4.6211882544434255,0.5625456196139221
2023-03-10 00:06:28.762456,series_7,0.1472982031286007,0.7227809310974009
2023-01-29 16:43:03.975100,series_7,5.483583001236648,0.7699929507642416
2023-04-06 13:43:00.293681,series_7,3.31211154178641,0.8855584822201719
2023-04-05 15:16:12.202227,series_7,3.356924773668023,0.9450623302058018
2023-01-17 10:52:59.289197,series_7,8.371339899686417,0.6703587153525852
2023-02-14 15:17:22.853855,series_7,8.54281299849496,0.7209265831565796
2023-04-05 05:44:44.775765,series_7,4.252237557290982,0.486345662791797
2023-02-04 10:40:48.827701,series_7,0.8991666984378122,0.6394739201421428
2023-02-22 05:46:31.568545,series_7,9.39714883067278,0.7716778355904224
2023-04-05 17:38:18.574064,series_7,7.0541433767598525,0.7078612844022614
2023-04-03 17:22:24.784674,series_7,6.7858407197904,0.499759884600202
2023-01-27 19:41:21.534671,series_7,9.12846026196508,0.6498726749587307
2023-02-28 14:09:17.644371,series_7,9.002483877260294,0.9984506556786577
2023-03-24 13:38:10.909091,series_11,4.947000717478592,0.0
2023-01-04 04:23:14.826967,series_7,8.24304524875514,0.5954210626277776
2023-03-22 06:47:01.170456,series_7,6.917629637635273,0.4564424064390228
2023-03-06 03:22:12.384007,series_7,3.579842332990584,0.4374698355871499
2023-01-21 01:01:32.309094,series_7,2.45102850125936,0.8296720030457824
2023-03-31 14:14:25.819964,series_7,1.043438080038368,0.9910018053296226
2023-04-02 05:57:02.078826,series_7,4.206839415165488,0.6433403162469162
2023-03-28 11:04:32.919006,series_7,5.257929057455697,0.4022635732264336
2023-01-14 15:44:14.134777,series_7,7.50750311558646,0.5712806272398644
2023-03-27 09:34:32.339932,series_7,4.320389679720424,0.8885197620386613
2023-02-15 00:38:00.882476,series_7,7.252772772146702,0.4683213880238729
2023-02-24 16:00:00.000000,series_7,6.803370406085528,0.0
2023-01-26 01:43:19.240293,series_7,8.434398845373185,0.6318081876825284
2023-01-21 19:27:33.628266,series_7,8.752014725543331,0.9509443575874054
2023-04-10 02:02:35.129819,series_7,9.584146025193762,0.9210143469611316
2023-03-10 04:40:30.969450,series_7,8.205670558502945,0.6332725635271814
2023-01-31 14:47:21.705485,series_7,2.534306765147699,0.8895745814056675
2023-04-06 18:55:21.183538,series_7,3.721303216189619,0.9457635322561048
2023-04-05 21:43:16.785501,series_7,6.000287488067848,0.6319844906384907
2023-03-07 16:30:12.071522,series_7,7.786413823041897,0.5106985907041063
2023-01-30 09:47:38.992165,series_7,4.382285536741595,0.5277903896579658
2023-02-17 10:06:19.352466,series_7,8.935141860608644,0.6611278849413986
2023-03-24 10:21:49.090909,series_11,2.0340024522894846,0.0
2023-02-09 08:22:50.958582,series_7,5.5677083339588265,0.4705392332872928
2023-03-14 03:00:24.678905,series_7,9.817226202641193,0.9246449406190048
2023-04-09 08:10:41.956864,series_7,2.837394745335091,0.4253552623524108
2023-02-18 21:00:38.315639,series_7,1.6870395425855889,0.5552185834010296
2023-04-07 03:04:45.758958,series_7,4.108816203141536,0.5028330246353803
2023-02-12 09:04:10.667299,series_7,6.134857966798562,0.9797993849090408
2023-02-21 17:58:58.983051,series_7,9.603635216203738,0.0
2023-03-16 22:01:07.751949,series_7,7.181502134062184,0.4436476448162235
2023-01-28 08:48:17.808755,series_7,1.1659724332834387,0.4527006478020535
2023-01-19 23:05:05.193479,series_7,4.764875167338358,0.6842546091774646
2023-01-07 01:20:02.631955,series_7,1.7828180459423693,0.9757058792804776
2023-03-04 08:19:14.553725,series_7,2.679314569075255,0.5269206213046562
2023-02-23 12:56:11.608547,series_7,4.583294122554693,0.4524061692160421
2023-02-09 09:33:48.342860,series_7,2.3271745404249238,0.59888219489226
2023-02-23 11:35:35.593220,series_7,8.249657291134994,0.0
2023-01-18 14:39:01.069741,series_7,9.4496752135721,0.9070314975636256
2023-02-08 13:01:26.651906,series_7,8.993746354959946,0.5678410961271517
2023-04-05 00:48:23.010483,series_7,2.1905971694294624,0.7529237934658302
2023-01-13 13:17:18.243905,series_7,6.651132623830333,0.4107680883850596
2023-03-24 20:05:27.272727,series_11,1.763571581723766,0.0
2023-03-22 11:00:00.000000,series_11,10.164677512609504,0.0
2023-02-24 04:14:14.237288,series_7,7.473519505826466,0.0
2023-03-15 03:12:28.834976,series_7,5.348243641585046,0.4076913358911394
2023-03-23 05:15:39.803885,series_7,7.803312453768287,0.689050342131204
2023-03-21 23:41:00.434910,series_7,1.7971714916921278,0.6367859344146919
2023-03-26 11:00:00.000000,series_11,5.101783264655986,0.0
2023-04-07 10:20:47.517502,series_7,6.276953857059855,0.5357965020549338
2023-01-30 17:30:55.839911,series_7,5.495222815878069,0.9482974280464708
2023-01-21 17:57:19.827298,series_7,8.846324485038119,0.5090196476452277
2023-01-08 22:03:02.907277,series_7,8.665993459371945,0.6037682537382079
2023-02-13 10:48:10.005465,series_7,2.716597184927416,0.8418497088776471
2023-02-27 04:00:57.420965,series_7,9.018628349921071,0.955136790630079
2023-02-24 04:52:34.033731,series_7,6.091221630515148,0.4619469222000752
2023-03-22 04:58:48.480753,series_7,3.863720751334916,0.9630591255617778
2023-03-16 23:14:38.503825,series_7,4.593080554976349,0.6404094641471664
2023-01-04 11:19:29.985561,series_7,9.703314036035865,0.6411007194111029
2023-03-02 21:51:17.823723,series_7,4.90841225781976,0.6047168130948387
2023-01-22 12:10:51.875439,series_7,6.390415136730271,0.8644236901213254
2023-03-31 13:48:04.029084,series_7,4.328004778341099,0.7471833982341007
2023-02-26 13:58:15.999423,series_7,4.190827371215987,0.988156711244784
2023-02-16 22:22:08.643953,series_7,5.682287255762212,0.70052543872389
2023-03-19 17:03:05.062636,series_7,7.120474369045206,0.9644579243030004
2023-03-19 18:26:17.686380,series_7,3.142497921720071,0.9733148250305887
2023-02-14 12:59:11.207384,series_7,5.737220824937146,0.9277338732518124
2023-01-28 18:05:23.587349,series_7,6.115200422824985,0.6041118525045324
2023-02-22 05:57:57.966102,series_7,0.7390237702389061,0.0
2023-02-22 10:33:12.521118,series_7,9.228874216396736,0.8979401548068375
2023-03-23 11:12:21.912485,series_7,3.981205005039636,0.7314750138394573
2023-02-20 19:30:26.103819,series_7,9.755835069050573,0.5094411345701425
2023-03-09 04:06:19.974268,series_7,4.33699386636876,0.9585709400680684
2023-01-09 08:42:36.670446,series_7,8.408201768347617,0.9225341288672986
2023-03-22 02:00:00.000000,series_11,1.747808259627492,0.0
2023-01-07 13:07:45.263027,series_7,3.321277439046713,0.431320849063009
2023-02-22 22:11:30.822263,series_7,2.984296925605002,0.400204485639013
2023-02-23 04:44:02.730516,series_7,3.5230662436974725,0.9958240542859754
2023-01-24 10:27:36.630653,series_7,3.583751954863758,0.6644181436269084
2023-01-14 07:36:54.688127,series_7,2.679785790736673,0.4356600896047271
2023-04-01 14:08:29.863910,series_7,9.393251151667826,0.821528538168697
2023-01-03 11:48:37.691325,series_7,4.252620395676546,0.9444923523088516
2023-03-18 18:26:21.284048,series_7,3.357082468946604,0.9913938292540596
2023-02-14 16:53:37.211885,series_7,4.137705115477349,0.5000196689929598
2023-03-12 16:28:06.968634,series_7,1.9226608220778008,0.8082025233114841
2023-02-18 14:00:00.000000,series_7,4.768746609295841,0.0
2023-02-04 17:51:06.486662,series_7,3.322764781086769,0.6008004637750621
2023-03-30 21:18:53.154471,series_7,0.2425017775678173,0.4812607425426706
2023-01-05 14:10:30.960561,series_7,8.961219255452452,0.5801144470491295
2023-04-11 04:48:16.046115,series_7,4.279797590682129,0.8468497142024132
2023-01-15 06:56:48.474116,series_7,7.678870877891376,0.8787970510352963
2023-01-05 02:47:38.014088,series_7,7.777389111799309,0.5700892708767065
2023-03-21 11:47:25.815150,series_7,3.062358300867436,0.9064458458018452
2023-02-19 06:45:45.762712,series_7,7.232674591285793,0.0
2023-01-21 06:36:24.816265,series_7,7.328794241967214,0.5147097127943423
2023-02-25 14:05:27.156245,series_7,2.677132300579874,0.6478966719401706
2023-03-19 11:22:20.881138,series_7,9.81255714502704,0.5861084444009466
2023-04-04 05:09:21.726618,series_7,5.144492970847097,0.5939239855021208
2023-02-02 07:32:08.076342,series_7,7.651102207013332,0.5046947091470397
2023-02-03 17:02:24.982163,series_7,4.325353029956666,0.5560491669197067
2023-01-30 03:17:32.777308,series_7,2.56500057807182,0.8906576042626224
2023-02-21 11:00:00.000000,series_7,0.1108731387297272,0.0
2023-03-26 05:00:00.000000,series_11,7.83086869371733,0.0
2023-01-06 21:46:17.541095,series_7,7.48300676124932,0.4265813644576144
2023-04-02 22:40:30.532495,series_7,2.7455766287349226,0.4502445871919933
2023-02-04 18:47:29.506701,series_7,5.414435788250543,0.80561761935941
2023-03-16 15:42:28.123344,series_7,0.7123680175580405,0.7123420123046118
2023-02-22 10:28:03.923269,series_7,3.957684117046303,0.7596297640200522
2023-01-06 21:56:32.957700,series_7,3.97247769997104,0.7668217952179404
2023-03-23 05:10:54.545455,series_11,3.774040967676134,0.0
2023-01-15 03:23:14.967463,series_7,6.126368106342504,0.7251038403585625
2023-01-20 15:01:30.090837,series_7,6.316853728732848,0.476338626586535
2023-03-14 14:40:55.319486,series_7,0.4584609328202704,0.5895240992385442
2023-03-26 02:00:00.000000,series_11,8.870552707997264,0.0
2023-01-29 05:49:36.919150,series_7,6.946901588127759,0.8645372610059954
2023-01-19 07:47:14.043048,series_7,5.510728352934943,0.6818340600124722
2023-02-08 13:56:57.304707,series_7,4.316364372520733,0.5342829406926091
2023-02-20 05:53:07.858779,series_7,3.8709507488790527,0.9557251463460044
2023-03-03 08:14:29.834447,series_7,3.5402378246531,0.9638617741057512
2023-03-22 00:00:00.000000,series_11,4.950265964566163,0.0
2023-01-08 16:20:40.778547,series_7,1.6908718149299262,0.8227815489243764
2023-01-16 19:06:48.218551,series_7,1.367956942491254,0.8530531952498206
2023-01-07 10:43:15.054437,series_7,1.938963541265596,0.413988848237076
2023-03-01 12:01:21.047252,series_7,8.924005756368459,0.805106622227626
2023-03-15 00:05:26.535252,series_7,7.687644001991002,0.6891613779796346
2023-01-06 03:55:38.661203,series_7,5.276395211180053,0.8975603104315519
2023-02-19 16:19:28.276284,series_7,1.4739832267205988,0.9081789877463468
2023-03-04 01:09:17.861382,series_7,1.7562279627481336,0.8200492429466225
2023-03-23 02:50:10.743983,series_7,7.819113329871079,0.811863676529545
2023-04-08 12:50:58.777952,series_7,3.411026416067066,0.5577902201632767
2023-03-09 23:08:39.230381,series_7,6.5345415281505845,0.9147866533526982
2023-02-18 17:00:00.000000,series_7,5.353464223334807,0.0
2023-01-13 12:27:30.836462,series_7,3.41135718369151,0.601592572568964
2023-02-20 08:19:35.089722,series_7,6.433905274918716,0.4129537591221312
2023-03-14 06:05:04.838988,series_7,1.6557620474396118,0.934345022485954
2023-01-30 18:23:50.480743,series_7,1.045554427064963,0.4741142847006075
2023-01-09 18:38:37.915954,series_7,4.112430214375625,0.5770709626287198
2023-02-19 16:03:03.050847,series_7,8.289870731187433,0.0
2023-03-04 13:31:35.870791,series_7,6.3582446361134,0.9379067140404008
2023-04-06 03:32:41.392281,series_7,8.839341894715226,0.7331971153714099
2023-02-11 06:05:14.963050,series_7,2.045797147023398,0.4773566596368253
2023-02-05 09:56:27.092658,series_7,4.058011656897111,0.5439360588112112
2023-03-24 21:21:49.090909,series_11,4.905071656926901,0.0
2023-03-02 02:31:10.193712,series_7,6.827257486618466,0.7287189553362938
2023-03-18 03:06:51.821411,series_7,5.058023031493218,0.9024282670699106
2023-04-06 09:44:14.487550,series_7,2.061993755905691,0.9246408800535454
2023-01-25 12:43:46.208792,series_7,1.0866396207028428,0.9939413214292732
2023-01-01 10:51:06.821691,series_7,9.703728355244284,0.4319938826471859
2023-03-27 08:39:38.336521,series_7,2.798486842327104,0.91388244508625
2023-04-01 17:04:55.935281,series_7,3.320076278295583,0.9512519550767494
2023-03-25 05:05:27.272727,series_11,5.099155175094331,0.0
2023-01-14 15:51:09.502710,series_7,1.5775969030390724,0.611525955852418
2023-01-06 14:34:30.182759,series_7,7.762482216045022,0.9000487367645646
2023-03-21 10:17:38.213983,series_7,5.826984395056829,0.4031451008358664
2023-03-22 09:43:38.181818,series_11,4.376241191061284,0.0
2023-02-12 08:50:50.796093,series_7,8.214908339835995,0.8422513162279264
2023-03-13 06:15:32.932404,series_7,9.415286242794137,0.4193687660341305
2023-01-06 04:57:57.244801,series_7,0.1098820685265444,0.7116515737508569
2023-03-11 05:27:38.155783,series_7,4.706655881413032,0.4507029557532283
2023-01-13 06:27:35.299085,series_7,8.158521090724701,0.981812862992467
2023-01-06 20:58:37.453709,series_7,4.04336009574658,0.5854036875939421
2023-01-05 22:16:58.792092,series_7,0.4681076376438353,0.5540490185718858
2023-03-02 11:59:36.477352,series_7,2.3036566857940857,0.6085661327145945
2023-03-27 12:50:51.706603,series_7,1.8374681426397943,0.8115890042732685
2023-02-21 22:39:25.970481,series_7,2.355409145035376,0.5132766661352681
2023-01-21 08:09:34.501753,series_7,2.3944825607199727,0.8000658131779275
2023-02-07 06:50:45.498516,series_7,3.06728620277662,0.6028146510320512
2023-03-03 04:46:23.606307,series_7,9.436833991519936,0.5958489790515544
2023-02-03 21:31:35.843676,series_7,7.199100179432687,0.5659395324716605
2023-01-25 14:47:25.149052,series_7,2.9673050120174125,0.6756038779312752
2023-01-31 07:42:01.425061,series_7,7.0710928567948,0.6570527010344405
2023-02-19 00:01:20.232568,series_7,8.42364050354561,0.8561763492892961
2023-02-17 05:14:44.600969,series_7,3.4617166331553806,0.5990883412070281
2023-01-24 21:40:23.305866,series_7,8.863857044607188,0.8381757996477885
2023-02-21 19:43:02.053192,series_7,7.392459959808738,0.8295776281849803
2023-03-26 23:00:00.000000,series_11,10.04219512459895,0.0
2023-02-06 21:45:23.710154,series_7,2.6315005483557607,0.9102228395640144
2023-02-10 22:17:46.460849,series_7,1.5409892759228938,0.919799239501338
2023-02-05 07:42:03.826108,series_7,9.656404679709604,0.5882052896496651
2023-02-11 11:12:37.032428,series_7,3.046584896174464,0.5169141961305861
2023-03-17 22:37:53.840481,series_7,0.4994750981966522,0.5197851115190452
2023-04-01 18:19:27.692671,series_7,7.900359994342375,0.4635578915588154
2023-01-15 22:54:23.035480,series_7,9.969936321720567,0.4866522959916572
2023-01-09 19:01:29.897160,series_7,1.519978262517242,0.5473324850991116
2023-02-15 21:45:31.768877,series_7,7.882580255318212,0.9120801477564232
2023-01-21 00:07:47.674233,series_7,0.3879347546945855,0.6032095893873715
2023-03-28 05:35:13.400943,series_7,6.550277386126445,0.7582028666434946
2023-02-04 03:03:15.804616,series_7,0.0513109494823738,0.5267422387772868
2023-01-06 12:18:42.200547,series_7,5.968638062648481,0.7527318074362674
2023-02-23 16:26:31.231163,series_7,2.1729542370292,0.4538482776460945
2023-04-08 21:43:09.511952,series_7,0.7049912569672312,0.7944138833565388
2023-02-05 18:29:15.855866,series_7,3.042759517783563,0.5205297703717441
2023-02-16 06:38:58.998228,series_7,9.08843262909629,0.5231536724247602
2023-03-31 08:01:02.667036,series_7,1.70848804316181,0.4626172769299795
2023-03-01 01:27:48.987636,series_7,8.89919609474534,0.8439983043269954
2023-03-28 23:44:28.806839,series_7,9.621134932042576,0.8000363015479927
2023-03-20 22:56:59.220672,series_7,5.867218247049898,0.6777861092974367
2023-03-19 05:49:42.029767,series_7,5.213685469902028,0.7386748506355341
2023-02-09 08:33:51.116780,series_7,5.909495338295495,0.910211704450638
2023-03-26 02:52:19.102999,series_7,8.13405065537003,0.5778818514965699
2023-02-17 18:15:51.756085,series_7,0.1763162852700583,0.48113016444614
2023-02-17 07:34:50.969286,series_7,1.6915653933217525,0.663024299078244
2023-03-22 00:00:00.000000,series_11,-0.3732934993863894,0.0
2023-01-01 08:38:40.935190,series_7,6.997991501035016,0.6473165753780384
2023-02-03 04:28:40.473193,series_7,8.910164768045858,0.4048551807720164
2023-02-21 23:38:38.644068,series_7,0.6172931375853369,0.0
2023-02-02 13:34:29.466265,series_7,9.378884522184071,0.9724979528159962
2023-03-22 08:00:00.000000,series_11,7.264879306157551,0.0
2023-04-06 21:00:06.973975,series_7,9.487804882790623,0.6440292375004455
2023-03-24 05:54:32.727273,series_11,5.157723104982674,0.0
2023-03-06 22:53:35.890966,series_7,5.657130170011422,0.7792671678159553
2023-03-24 00:38:10.909091,series_11,2.5984881910345226,0.0
2023-03-03 06:42:28.517670,series_7,5.654209606516596,0.5273901593591797
2023-03-26 12:00:00.000000,series_11,5.347048822393246,0.0
2023-03-24 22:21:49.090909,series_11,9.926763766240333,0.0
2023-02-23 19:53:53.898305,series_7,2.7753515661322745,0.0
2023-01-05 09:46:10.087626,series_7,2.2956667206489656,0.5052675656676282
2023-02-06 16:30:42.025070,series_7,2.710617074019286,0.4290483181462325
2023-04-04 12:10:08.160601,series_7,2.2136663367865195,0.7703892944532176
2023-02-24 22:00:00.000000,series_7,4.285859030569567,0.0
2023-01-30 17:02:03.971737,series_7,0.3917574141765623,0.944814352224869
2023-02-27 16:56:25.120000,series_7,2.854521839934984,0.805545736780831
2023-01-05 02:47:36.241778,series_7,9.259731631943955,0.6673477587687363
2023-01-17 08:09:44.896537,series_7,7.499416621861716,0.5620946742687345
2023-03-25 00:01:41.997730,series_7,4.542661364138073,0.8896708794963886
2023-03-08 07:21:54.915197,series_7,8.033249951147157,0.6993974217525831
2023-03-08 03:25:11.893608,series_7,1.2192096917190554,0.8366174355741791
2023-01-13 14:03:42.904201,series_7,1.3680190678925308,0.4476827267208395
2023-01-12 01:20:58.242092,series_7,4.4489801004325855,0.4598911317952746
2023-02-22 18:36:36.610169,series_7,1.3321894559670495,0.0
2023-02-08 18:47:06.609400,series_7,5.011364330141419,0.7791522796920347
2023-02-06 11:32:39.542628,series_7,2.48351872086489,0.9936806443325495
2023-04-07 13:38:32.225976,series_7,8.430002455485702,0.9946766119066154
2023-02-12 08:27:18.632574,series_7,6.744388768603883,0.8379101570876142
2023-04-02 02:39:31.309053,series_7,3.255618695673869,0.524179753161973
2023-03-23 06:43:38.181818,series_11,4.954420166049373,0.0
2023-02-05 05:00:39.787994,series_7,9.1835876903546,0.6707904689008353
2023-02-19 21:37:32.344073,series_7,3.126392302392327,0.4151220519406337
2023-01-10 08:43:19.365758,series_7,3.3411997262331417,0.899903436681589
2023-02-03 07:43:36.799053,series_7,9.599424202668605,0.6272553488006007
2023-02-23 14:48:35.653021,series_7,0.7426415188810842,0.9341715257748682
2023-02-14 16:46:26.176122,series_7,9.660100853738308,0.4128049785905104
2023-03-04 22:23:39.449025,series_7,2.4389344549233405,0.5888347906513243
2023-02-27 09:28:26.130982,series_7,6.535115056348965,0.9690542711617725
2023-04-01 06:53:05.294462,series_7,9.624785961385388,0.7631916035512027
2023-01-31 19:43:58.524084,series_7,3.2425250594976407,0.4158987000743737
2023-03-30 17:57:55.791256,series_7,9.145567117682049,0.6791280557836905
2023-02-19 03:44:44.745763,series_7,2.2734102106444274,0.0
2023-03-26 10:00:00.000000,series_11,5.317990090738847,0.0
2023-03-05 20:14:28.336303,series_7,7.506563553547406,0.8653810456653982
2023-01-07 20:33:36.909572,series_7,2.5294759796922497,0.6016953184056092
2023-03-22 01:00:00.000000,series_11,0.6910909626438634,0.0
2023-02-19 17:44:40.789941,series_7,4.929046515463789,0.6669971676250034
2023-02-13 07:47:22.920308,series_7,6.572098924703732,0.9856844372296728
2023-01-31 01:25:31.273588,series_7,0.765118994914441,0.8641420885745932
2023-04-08 22:45:56.675482,series_7,4.612058501763634,0.7939502687990609
2023-01-30 03:42:20.623643,series_7,5.6450822510622665,0.6892185446476606
2023-04-06 00:08:40.758249,series_7,3.9261909959635712,0.6548533198314122
2023-02-22 10:37:37.627119,series_7,8.902662622902367,0.0
2023-04-08 19:26:47.307522,series_7,2.462817855453736,0.4212604766785786
2023-02-19 07:43:43.728814,series_7,8.338174182921398,0.0
2023-01-27 15:47:21.974900,series_7,1.1413575464770132,0.4358240458268721
2023-03-04 05:36:18.785731,series_7,2.042253732082396,0.7038830182420341
2023-03-30 04:41:32.382752,series_7,7.498334946535956,0.7013552654737938
2023-04-01 05:00:26.970545,series_7,7.303148573458758,0.6275838407542237
2023-02-08 01:25:15.960400,series_7,6.848058424181046,0.5576230875906654
2023-04-10 00:51:43.532849,series_7,8.423962046219268,0.9914658195830964
2023-01-20 14:59:23.261509,series_7,5.591728950917091,0.5883400123499619
2023-01-31 20:38:57.187281,series_7,2.881050305367766,0.7664596886856601
2023-03-30 13:20:51.606978,series_7,3.6352371595256,0.8047687702735772
2023-03-05 09:46:44.464589,series_7,8.721020532086298,0.5632459859176221
2023-03-18 11:48:45.614721,series_7,9.247000487248943,0.4768114508531522
2023-01-31 19:49:35.979819,series_7,5.371322637594876,0.7145708659541201
2023-03-19 04:29:03.650962,series_7,4.908930838228331,0.7966977138170794
2023-01-26 04:27:15.765031,series_7,8.101381101088872,0.4070509009377939
2023-01-18 01:15:10.812514,series_7,9.55904684359408,0.5896599656910497
2023-03-30 23:14:58.294979,series_7,7.231305856902867,0.8058680226742018
2023-04-06 10:19:23.243080,series_7,5.319414382159845,0.7389516156183866
2023-02-13 21:30:51.261422,series_7,0.5041668215230855,0.6223343357439395
2023-02-28 23:25:15.859804,series_7,4.352412043844172,0.763143850151732
2023-03-16 23:24:00.677546,series_7,7.840476575215337,0.5212103579580067
2023-03-07 03:50:44.662723,series_7,0.4809962655290789,0.8870932062279576
2023-02-23 15:07:20.318971,series_7,2.2981881225575007,0.7879887122245073
2023-02-08 03:22:35.220740,series_7,2.0000820875230483,0.94755675819685
2023-01-29 02:53:43.189644,series_7,9.40825883433942,0.4443681326471818
2023-01-23 04:49:33.289449,series_7,4.795052741129827,0.6233775786730297
2023-02-19 22:42:42.711864,series_7,1.03913453066551,0.0
2023-03-26 03:32:43.636364,series_11,10.216118333819974,0.0
2023-03-10 00:21:44.524366,series_7,7.99339077868099,0.7496589228212124
2023-02-14 03:24:13.267445,series_7,5.017893891523297,0.754003920057978
2023-01-20 02:50:15.837976,series_7,4.984269363594523,0.9033645120193424
2023-04-01 04:25:38.565717,series_7,1.5075340545805438,0.5580810245226728
2023-02-01 15:36:38.783771,series_7,2.9583474048295733,0.4335572328785995
2023-01-18 07:39:16.353996,series_7,5.602527612794997,0.4410103639259259
2023-02-24 00:00:00.000000,series_7,3.664700732011221,0.0
2023-01-24 15:40:23.562595,series_7,5.310226565378121,0.4692668397231755
2023-02-19 14:33:38.390895,series_7,8.63955570784024,0.577181326484357
2023-02-21 14:58:39.204837,series_7,4.127074581889151,0.5573447490552921
2023-03-02 20:30:31.412767,series_7,4.516159145323436,0.5080367473673953
2023-01-07 03:25:56.293604,series_7,8.528181880112182,0.6766769172653473
2023-02-05 06:09:59.382765,series_7,8.703895385307241,0.5775256807845329
2023-01-24 18:01:05.180161,series_7,3.755152194198205,0.9779671675918704
2023-03-20 07:55:58.814670,series_7,3.1657572629593838,0.7579125441750116
2023-01-09 00:13:18.537995,series_7,6.293659550247841,0.9404523397315732
2023-02-22 04:23:13.833181,series_7,1.158458511164715,0.5522188487911134
2023-02-06 12:48:59.804675,series_7,2.7632209621602266,0.4506138799037595
2023-04-11 16:24:09.039722,series_7,4.028167666150547,0.9891469152465916
2023-01-16 19:03:48.405758,series_7,2.554589409297935,0.9373792293511786
2023-02-09 00:30:41.329789,series_7,0.3493241057509666,0.6958436089664557
2023-02-25 15:42:40.228452,series_7,1.509519275221024,0.8350055573470544
2023-03-20 20:34:27.851326,series_7,5.793847084548198,0.4246392180177064
2023-03-15 00:57:05.715799,series_7,4.957802716713196,0.8617799743771326
2023-02-19 15:56:00.525733,series_7,6.813769923122762,0.8665086551429902
2023-01-16 09:23:07.341417,series_7,6.706377893000665,0.9405221463829492
2023-02-27 21:19:43.585114,series_7,2.5187907996374257,0.8787542780076061
2023-01-23 09:09:53.781489,series_7,5.536559837903127,0.6743774990192426
2023-03-12 11:11:21.147807,series_7,7.685009848076269,0.4308875070567765
2023-04-11 17:28:53.557156,series_7,3.727639978255789,0.926557444265933
2023-04-09 01:43:35.000021,series_7,3.964206482573873,0.8046595284784595
2023-02-25 15:15:28.672660,series_7,2.2903520627890286,0.7783734739980366
2023-02-26 07:20:14.494047,series_7,2.779648951021664,0.8305243462088843
2023-03-13 13:39:08.052719,series_7,2.227029287630946,0.6008154314858641
2023-03-22 12:00:00.000000,series_11,10.00344231209939,0.0
2023-01-03 11:47:39.179695,series_7,4.504837519703284,0.7407236906981989
2023-03-25 23:07:13.930533,series_7,4.939319638563982,0.4659328249611769
2023-02-07 03:25:21.904250,series_7,3.266041216871179,0.6325644946041596
2023-01-03 19:26:09.874406,series_7,6.69503060858026,0.6030749638497558
2023-01-16 11:24:15.420821,series_7,5.183892863740002,0.6942573541414796
2023-02-16 17:38:46.283949,series_7,8.164618707831613,0.8612490950704075
2023-03-02 21:41:01.340046,series_7,0.0809493024060459,0.4502629572018588
2023-01-20 21:46:49.421386,series_7,8.294313855915572,0.8381254177381916
2023-04-09 05:31:58.032000,series_7,4.474527992432446,0.6075930357535899
2023-03-19 06:47:17.007356,series_7,1.953863027760535,0.8791487765371029
2023-01-26 12:28:18.344962,series_7,0.59071427477147,0.7469577493624497
2023-01-04 18:46:59.313930,series_7,3.705319140371668,0.7515341277780209
2023-01-01 15:35:27.738779,series_7,6.430150895344497,0.4419367965845563
2023-01-12 12:58:22.159955,series_7,0.7739401526048006,0.6912558746196684
2023-01-15 01:20:59.842009,series_7,4.433658417921768,0.7311068842451245
2023-01-20 21:01:25.913352,series_7,8.557841622294411,0.8020245396714873
2023-02-19 18:07:03.341569,series_7,3.3522523202782217,0.8190511733679113
2023-01-17 15:43:38.537948,series_7,8.471554311440793,0.603055675018091
2023-03-22 21:57:32.716454,series_7,5.082430837427429,0.4958501964319845
2023-03-09 07:11:19.785596,series_7,1.408592795863468,0.6787969230804165
2023-02-05 16:09:22.080550,series_7,8.324021917476315,0.4197861606116506
2023-02-16 06:40:52.828914,series_7,6.024115115186963,0.5649590935416926
2023-02-01 09:55:14.963855,series_7,0.3439352337910206,0.7122311506615475
2023-01-05 01:34:45.916352,series_7,4.317025578968926,0.8929394737365258
2023-03-21 07:22:35.141833,series_7,8.142762792327666,0.507919914234472
2023-03-02 14:53:53.607291,series_7,8.384689536239092,0.8812318729145612
2023-03-14 03:33:07.200837,series_7,9.510130662310663,0.9148721025270986
2023-04-11 08:48:16.308455,series_7,8.079804390435113,0.4051886195294504
2023-01-17 02:06:20.062485,series_7,8.028986039058296,0.6701904541561468
2023-03-05 19:37:28.334494,series_7,8.634085743388013,0.5523129838346612
2023-03-24 02:54:32.727273,series_11,9.910752788265016,0.0
2023-03-23 20:27:36.066269,series_7,9.771810238522114,0.4591541588244343
2023-02-18 20:33:52.377216,series_7,6.23007764061187,0.5753946938440592
2023-03-18 12:45:54.551606,series_7,5.011027366544694,0.6807590852157261
2023-01-12 00:53:24.585501,series_7,7.937631507653007,0.9442409406916714
2023-01-08 21:19:34.573690,series_7,4.216104155497713,0.5901484652113363
2023-03-29 15:30:36.300272,series_7,7.816956437380279,0.4100843961679733
2023-04-09 20:32:43.387358,series_7,5.117155430074516,0.7739521460797204
2023-01-08 21:59:03.517564,series_7,3.695948618686196,0.8520747917289291
2023-01-13 12:24:29.175433,series_7,0.0658777619224215,0.8609981449059689
2023-03-22 23:00:00.000000,series_11,5.1769944373252805,0.0
2023-02-19 02:46:28.853030,series_7,5.049478695847878,0.9402972119552389
2023-03-16 09:02:54.992560,series_7,9.197179391728636,0.448264574609226
2023-03-19 18:09:17.092688,series_7,2.890433035345957,0.7301385020820284
2023-03-25 20:32:43.636364,series_11,5.210476190207959,0.0
2023-03-28 20:24:41.821854,series_7,0.4817137388337,0.4401252472844771
2023-02-28 15:12:28.697374,series_7,4.246160169819181,0.81948819192875
2023-04-10 18:29:10.740067,series_7,4.91057697237316,0.7821272754326012
2023-02-25 14:45:20.163517,series_7,7.053446031293625,0.4122627553345045
2023-02-02 09:33:49.023730,series_7,0.6091987573135349,0.9125271341374904
2023-02-04 07:21:49.303846,series_7,1.273876529832918,0.538587492808971
2023-02-14 11:19:20.684347,series_7,0.7053210435938284,0.9768224417301764
2023-01-21 21:34:15.376865,series_7,4.477450384219202,0.7343267553733475
2023-03-16 03:10:12.271146,series_7,8.969979750170957,0.4732747367090884
2023-01-29 02:33:22.598589,series_7,3.7493873217468607,0.4703453542135387
2023-01-24 13:58:40.426067,series_7,4.473617902970326,0.5721876202080857
2023-03-04 05:15:52.449456,series_7,3.557745718402722,0.8460245505111679
2023-01-24 06:19:29.190383,series_7,3.853722120066408,0.6349399483217952
2023-01-02 20:44:33.498025,series_7,1.4966651783923368,0.8404350486026504
2023-02-04 15:47:06.930904,series_7,7.453907634944623,0.620019326472192
2023-03-22 21:43:38.181818,series_11,10.252416265064737,0.0
2023-02-24 16:24:54.701801,series_7,6.498623599358032,0.563078525216482
2023-01-29 03:04:46.549812,series_7,7.404221861565567,0.4371126873301658
2023-02-15 10:08:56.640878,series_7,7.836823461963275,0.9767867219441104
2023-02-22 09:27:41.996713,series_7,8.97853108948675,0.9942068390935316
2023-03-18 00:11:26.872500,series_7,8.811253090695061,0.634380021129495
2023-01-28 20:14:52.899990,series_7,4.7289289961888645,0.8245236829021216
2023-04-06 07:35:06.582281,series_7,1.42276436775312,0.4770127103972745
2023-04-03 12:10:06.677785,series_7,7.7851752099616,0.9573178703342272
2023-02-11 01:49:26.100789,series_7,5.588266576408534,0.7138279570295452
2023-01-23 15:01:18.192295,series_7,1.5865649237620671,0.9049932975998998
2023-03-26 03:03:07.014211,series_7,2.1039347882115287,0.5773138053844449
2023-02-21 01:20:30.243604,series_7,2.9496440289985912,0.8749369463827804
2023-02-18 22:55:49.661871,series_7,5.678524299168531,0.663039438934981
2023-01-08 20:03:32.485871,series_7,8.985555389417414,0.9753831548579468
2023-01-19 05:43:46.017427,series_7,1.2145218758561482,0.4271975292260722
2023-01-05 23:55:11.853276,series_7,7.387811113229635,0.974773472866541
2023-03-26 09:37:07.339750,series_7,8.647955982217875,0.7207318838058854
2023-03-15 14:32:45.328682,series_7,8.466920007246335,0.8827017898381403
2023-01-26 20:54:30.502740,series_7,4.534373083565125,0.4381956892126932
2023-03-30 17:20:38.515994,series_7,5.833960052133259,0.4862352618386054
2023-01-05 19:24:46.578219,series_7,6.527789326953897,0.4898255999089039
2023-02-28 11:08:42.157518,series_7,9.703469226720536,0.5722050849327456
2023-02-13 08:12:45.388630,series_7,9.837931442688856,0.563309904605437
2023-03-01 16:09:34.745195,series_7,5.247605518330721,0.5718433039000322
2023-01-11 06:34:56.824439,series_7,4.013991869575265,0.6264309735183904
2023-01-07 10:23:44.256316,series_7,4.404311771265021,0.8535025309768247
2023-01-25 18:28:54.288865,series_7,3.991753444706045,0.4912646333857883
2023-04-06 20:06:50.910136,series_7,0.8033475638200493,0.6214562254916873
2023-02-06 22:38:11.323217,series_7,6.347927142641487,0.8666993490634463
2023-04-04 18:47:32.100201,series_7,3.827190338991716,0.4972179054584116
2023-01-12 09:57:43.723132,series_7,4.446767789935534,0.88477274073577
2023-03-17 07:45:35.144297,series_7,8.964141146643579,0.99667944720131
2023-02-28 13:38:44.782541,series_7,3.0211606404338784,0.5828458715503637
2023-04-03 03:14:06.212014,series_7,8.201049960842322,0.5986141665744376
2023-01-24 07:43:57.354743,series_7,9.436358439995727,0.7031908559947233
2023-03-18 23:28:58.324496,series_7,5.0627262558606025,0.9696285213296209
2023-02-01 23:32:57.246968,series_7,5.35405393616423,0.5048253207024795
2023-01-16 07:57:35.236923,series_7,7.16378688986576,0.5225117370948591
2023-02-10 06:26:42.559358,series_7,6.53614907658098,0.4231464519084215
2023-03-27 06:26:14.927825,series_7,4.966661533252377,0.9773526762969288
2023-03-15 23:20:57.416677,series_7,4.287535526825678,0.8418230805485933
2023-01-25 09:44:21.985446,series_7,2.8782641286775523,0.6179498699610986
2023-03-01 20:17:19.438018,series_7,8.531653644715673,0.4232128330370741
2023-03-02 03:12:11.395776,series_7,3.73223096787132,0.7393109343357831
2023-01-19 13:35:12.209262,series_7,9.506332206467931,0.6125674493683557
2023-01-07 21:11:07.153645,series_7,8.265330723687093,0.793645850675006
2023-01-27 12:51:42.390078,series_7,2.7289895600915277,0.5888717043542617
2023-01-22 15:04:33.658009,series_7,7.286541887881803,0.4052423720850871
2023-03-12 01:22:21.885365,series_7,6.863158476811963,0.7572551155828751
2023-04-03 03:16:19.610940,series_7,2.082289901392409,0.8690423149033082
2023-03-26 19:23:43.680600,series_7,1.8964063386872143,0.5232572418147069
2023-01-16 07:39:17.545555,series_7,3.3043669048976296,0.9008867755005014
2023-03-22 02:41:39.401127,series_7,4.7879948355484085,0.9582202290004994
2023-01-12 07:34:51.455764,series_7,6.140684208862554,0.8549361798469353
2023-02-06 16:17:35.344343,series_7,9.809138423745605,0.9769926578361892
2023-03-23 07:27:16.363636,series_11,10.307001808851506,0.0
2023-03-23 14:09:53.144606,series_7,4.808229220170687,0.8467272506399728
2023-03-16 02:08:26.829076,series_7,5.309685928798388,0.6703238613312081
2023-03-29 17:43:06.540880,series_7,1.6599941695054945,0.9848307457713846
2023-01-20 06:58:27.993020,series_7,5.216777123004345,0.5159927444944488
2023-03-02 00:24:58.274322,series_7,1.7876665182637952,0.8742567046674674
2023-04-01 08:48:46.535940,series_7,9.75287780838931,0.7384922638028666
2023-02-28 22:25:05.218561,series_7,1.986455692190077,0.6152668315525844
2023-03-04 22:51:07.440455,series_7,1.5846920659001873,0.7359633126299105
2023-03-30 19:38:40.056949,series_7,6.786027136463733,0.8614894704107511
2023-01-25 06:40:49.396676,series_7,0.8501469502318348,0.6200162094086715
2023-03-22 04:00:00.000000,series_11,3.804569215637045,0.0
2023-03-28 04:33:57.399100,series_7,7.878929414752608,0.8987718124198634
2023-01-13 06:10:28.296246,series_7,0.5752089091941404,0.9891176465937956
2023-02-16 23:58:43.532615,series_7,3.893637328751864,0.7841550715373947
2023-03-07 01:34:54.613647,series_7,6.388804440320076,0.4759572705553054
2023-02-14 08:00:46.104787,series_7,4.1061092163644926,0.9796601952383652
2023-03-10 07:00:36.176468,series_7,5.701835963344999,0.5203091859279303
2023-03-28 16:50:26.237915,series_7,0.6777382681450106,0.5373719319372305
2023-03-10 17:42:55.633435,series_7,9.79018214664636,0.7929145485456901
2023-03-16 13:57:48.077293,series_7,7.250293473309082,0.8319496079262753
2023-02-25 13:29:58.510403,series_7,1.0442228708305756,0.4299132298124407
2023-01-05 08:04:44.266521,series_7,4.197913879198575,0.6328986640331947
2023-03-28 20:22:16.400804,series_7,4.574296254068846,0.9296740678098068
2023-02-10 18:06:54.855847,series_7,4.307794138233781,0.8932160712904881
2023-03-05 17:37:42.438828,series_7,3.657328008763636,0.5578438043283415
2023-03-19 11:21:04.463965,series_7,5.3107786781757005,0.737141623725275
2023-03-18 15:58:42.050323,series_7,5.916620290159111,0.8600926317568678
2023-03-18 07:38:01.075606,series_7,1.3148892202882645,0.4832042558870826
2023-03-24 22:30:16.496158,series_7,2.4380553840779164,0.7705016864549468
2023-01-31 17:25:31.645419,series_7,1.8512934487835355,0.5742458322318147
2023-03-11 05:16:03.974543,series_7,7.130750237408096,0.7346425976609539
2023-02-28 20:48:15.648598,series_7,9.48129211115907,0.9075861755801544
2023-02-10 04:19:30.944614,series_7,8.410579793245155,0.469477609317
2023-03-29 06:10:52.548602,series_7,1.625629839860604,0.8614766851124382
2023-03-24 23:49:15.153764,series_7,8.005545723632878,0.7170721466494296
2023-03-22 02:17:21.460160,series_7,3.2042378889218903,0.476484702738247
2023-02-18 15:06:06.101695,series_7,3.1516176548252823,0.0
2023-02-25 13:41:35.157114,series_7,4.974269777065384,0.9609803861055344
2023-02-14 18:28:03.861810,series_7,5.963623049565582,0.9324874453383616
2023-02-18 18:00:00.000000,series_7,6.555398661198963,0.0
2023-01-06 13:28:01.629396,series_7,8.226513726465864,0.897368526766771
2023-03-25 00:52:59.267120,series_7,1.2110652971466884,0.8178726251646056
2023-03-26 08:11:14.716900,series_7,6.185055788534389,0.70502030292742
2023-01-06 19:48:52.437104,series_7,8.56194236897377,0.9144417610486002
2023-03-29 07:43:55.994208,series_7,9.035930494805871,0.5851369171362621
2023-04-08 08:19:16.508029,series_7,0.2867384410987528,0.6587690170835891
2023-02-20 17:40:40.677966,series_7,0.5882256406960051,0.0
2023-03-12 09:36:19.353655,series_7,7.658394750451654,0.5683714988921744
2023-01-03 03:42:48.296091,series_7,3.139933113947687,0.8368135020671803
2023-01-01 22:08:55.727025,series_7,5.1365015206696585,0.5607306141590284
2023-03-23 06:37:02.170562,series_7,8.638737973240696,0.6034016501009016
2023-03-13 05:24:55.738250,series_7,5.822822301842429,0.7447787425774197
2023-01-26 05:58:35.317601,series_7,7.047320463716527,0.5884241991304391
2023-02-28 18:21:27.019792,series_7,1.072947271929885,0.5799996496933897
2023-03-17 09:22:59.522010,series_7,9.31021896887234,0.4312134320881789
2023-03-15 15:11:06.321504,series_7,0.6133845736138444,0.4484522322342085
2023-01-31 18:43:04.183897,series_7,4.541756271758337,0.6360854948660958
2023-01-16 13:23:54.351471,series_7,7.519318575998673,0.6504424324686426
2023-04-06 01:02:04.220029,series_7,0.952257792921848,0.9472888214385152
2023-04-01 06:01:33.286401,series_7,6.673439975066668,0.6987250576228444
2023-01-22 05:32:13.350675,series_7,8.3786625459772,0.9812467078270104
2023-04-06 03:04:57.346495,series_7,3.638267647504556,0.6226336462702023
2023-02-18 23:26:55.217307,series_7,9.526530077382366,0.6971937840179578
2023-03-11 21:07:42.155199,series_7,2.3863463313451283,0.58987685381152
2023-03-10 17:24:48.294577,series_7,7.007210876305564,0.7057443130795578
2023-02-27 15:18:37.322458,series_7,3.749119405387805,0.7137227567868119
2023-03-31 03:18:06.588482,series_7,9.31674693532215,0.6223749627154925
2023-03-26 14:32:25.854787,series_7,2.963474718943263,0.6663648443692125
2023-01-01 22:27:39.070609,series_7,4.475534247570043,0.6147540537883853
2023-01-03 01:08:57.606481,series_7,4.135394224324571,0.5977268340051384
2023-01-28 03:45:23.944987,series_7,6.121498978099248,0.5795135618317734
2023-01-23 10:02:17.392864,series_7,5.312634030666668,0.7069816789377843
2023-03-06 01:26:53.144730,series_7,9.30758131225344,0.750925503406642
2023-01-25 13:20:11.530279,series_7,2.319924796001651,0.6468530665445237
2023-02-25 20:54:24.465282,series_7,0.0594966855023171,0.7658236949393806
2023-01-30 16:27:53.631705,series_7,6.5747389435229735,0.9766637929113556
2023-03-27 03:26:10.687939,series_7,2.1268251789628554,0.9137158826865364
2023-03-13 13:25:16.653744,series_7,0.3051271347051321,0.7966099556547255
2023-01-09 00:55:15.425748,series_7,3.9112710295130526,0.6451965357651938
2023-01-12 13:14:52.644508,series_7,9.387330697939934,0.8375403938304977
2023-01-20 10:05:33.052761,series_7,5.161378665034397,0.8180980274272192
2023-03-21 09:15:19.462434,series_7,8.110551723522072,0.8858256247289517
2023-03-25 06:40:17.583773,series_7,7.479811481730858,0.6506376000003754
2023-02-03 14:33:04.348408,series_7,8.97786092162936,0.7800963588321852
2023-02-27 05:39:08.216458,series_7,5.3517603564875245,0.9029290053818364
2023-03-04 03:14:21.341386,series_7,8.923375230223217,0.940488933283252
2023-03-31 03:43:12.442867,series_7,3.0017740111732016,0.6554275880015499
2023-02-18 22:26:26.440678,series_7,6.9014041342099,0.0
2023-04-06 13:42:46.058241,series_7,3.5623006137707947,0.873518638069042
2023-03-26 08:02:48.780902,series_7,0.2933881811852601,0.4550711694269587
2023-02-23 22:40:16.392129,series_7,1.9159385124768933,0.5886862343755106
2023-02-08 01:37:03.733334,series_7,0.6855832726203248,0.4442774919963812
2023-03-23 22:26:07.713611,series_7,7.642081527125351,0.8649625245503756
2023-01-26 02:40:14.165188,series_7,3.2305086947973427,0.5713235848690065
2023-02-23 04:25:11.225534,series_7,3.2900427219671746,0.8285675820530076
2023-02-03 00:58:32.220215,series_7,0.4263981142136563,0.6207516370313685
2023-02-19 20:22:46.639072,series_7,6.9768946051802025,0.4584972822612143
2023-01-14 03:57:36.775776,series_7,7.759553263500775,0.8619955790674734
2023-01-16 03:06:32.223429,series_7,1.3394269549582982,0.8023255155217157
2023-02-18 10:00:00.000000,series_7,2.9516167055346867,0.0
2023-03-14 21:19:52.800925,series_7,0.7485272956836198,0.7489294515961245
2023-01-14 04:36:58.357419,series_7,0.3360461632339206,0.9395834163500372
2023-04-10 18:58:55.357069,series_7,3.4953431877310117,0.975899839430568
2023-03-03 19:43:04.308689,series_7,3.701340342478373,0.7905786601185059
2023-02-18 06:17:39.681524,series_7,9.763034496329126,0.6174138878265124
2023-01-27 13:01:40.588675,series_7,1.5339695540341935,0.9133253283044056
2023-03-01 11:38:45.214821,series_7,5.995344989165911,0.9481737768635596
2023-01-01 03:27:36.431477,series_7,1.7142323137666893,0.69153886502478
2023-04-06 18:53:39.979825,series_7,5.922950068996506,0.4068390372950325
2023-03-02 20:57:52.164735,series_7,1.4145329851990418,0.906764491216428
2023-02-07 04:40:24.686177,series_7,1.0160985412350476,0.9518936708752032
2023-02-20 12:40:48.511470,series_7,1.001960742797413,0.5815909349164207
2023-03-06 13:05:13.032068,series_7,8.393258415032973,0.6041835021859256
2023-03-24 10:48:08.054477,series_7,6.716722685285948,0.7971313592879837
2023-01-16 18:52:43.005376,series_7,8.952749911474392,0.7973998980949444
2023-02-20 23:49:38.118374,series_7,5.836692156100444,0.5737986772926654
2023-03-22 11:04:44.371335,series_7,3.3401797637235644,0.8044781873380378
2023-04-07 17:46:34.483412,series_7,5.710690697203479,0.603733669489636
2023-02-04 03:36:02.187946,series_7,0.0450918391053944,0.5026170623334346
2023-01-12 22:00:30.426852,series_7,8.225962956116284,0.7185857516382641
2023-03-04 12:49:04.227610,series_7,1.942167138309452,0.4076451050917322
2023-03-30 06:40:11.524267,series_7,1.7361616169187988,0.5700469370315616
2023-03-26 01:00:00.000000,series_11,9.616911324110257,0.0
2023-02-19 05:09:40.237167,series_7,0.5470034773375954,0.5056598238103771
2023-03-28 08:55:44.146764,series_7,3.845358438324404,0.7921983938399362
2023-03-03 21:24:21.364205,series_7,5.653984741295727,0.5682741754652764
2023-02-21 16:30:25.356737,series_7,6.505314352121872,0.804276654175337
2023-02-22 13:39:48.524436,series_7,6.506461470301622,0.59432152594311
2023-01-06 19:10:08.088157,series_7,7.398690589181948,0.9309297299962056
2023-02-09 06:16:52.411760,series_7,4.1838612761194485,0.8202785974969018
2023-01-03 15:54:41.434454,series_7,4.310590293851886,0.9873956521732784
2023-02-11 19:15:20.085124,series_7,9.354915262565116,0.6063586147133434
2023-03-26 04:00:00.000000,series_11,8.109870731117148,0.0
2023-02-05 12:29:04.579930,series_7,3.1640015823475567,0.4512073428281442
2023-02-22 10:09:53.920317,series_7,9.330282834154474,0.8424580229693999
2023-04-07 17:20:44.726682,series_7,8.831722172131906,0.4793225884626777
2023-03-13 16:39:19.596319,series_7,2.40657234240755,0.8131060628711411
2023-02-18 21:45:08.951434,series_7,6.291870797253722,0.604975988389355
2023-02-17 09:01:33.818044,series_7,9.65701002782825,0.7652257280936914
2023-02-12 17:08:37.830479,series_7,2.077659070623914,0.8429075829290513
2023-02-18 05:37:37.066180,series_7,6.545735161164174,0.5243568300959194
2023-02-04 08:01:47.005052,series_7,5.278873901627456,0.7684585910258619
2023-01-04 12:56:34.758027,series_7,1.5941176373162946,0.8274779248477844
2023-03-31 00:28:10.866489,series_7,8.142845578511809,0.5415333096161374
2023-03-07 13:16:24.609712,series_7,6.763695669375364,0.402893759219456
2023-03-22 10:00:00.000000,series_11,8.892410186524678,0.0
2023-01-12 03:29:55.519627,series_7,7.101396933785178,0.9184961919088452
2023-02-06 09:43:50.720794,series_7,9.74487250391973,0.8039616581017168
2023-01-22 08:24:14.264412,series_7,2.702752875805545,0.6559138167789548
2023-02-24 19:00:00.000000,series_7,5.531031660535562,0.0
2023-03-28 17:12:29.855925,series_7,0.8024826955797904,0.5521060760863404
2023-01-08 09:37:47.961086,series_7,1.988432788139346,0.7851977853485641
2023-03-13 09:51:05.022219,series_7,7.354904554155157,0.6045788904433657
2023-02-04 16:54:42.148745,series_7,1.9327979384742688,0.5390653802620105
2023-03-23 17:10:54.545455,series_11,9.960024046259209,0.0
2023-03-21 03:47:51.450300,series_7,1.9605564033802136,0.7231473675949163
2023-04-04 04:52:41.893099,series_7,0.6338030826407703,0.586995461136364
2023-02-20 17:01:01.016949,series_7,9.711650149032026,0.0
2023-04-05 08:37:55.135279,series_7,8.853195363443737,0.8162728584789788
2023-01-14 11:18:24.207530,series_7,5.045203946737836,0.4952398277073863
2023-01-07 02:11:17.282604,series_7,0.1083754893863808,0.4607829265429918
2023-03-20 20:55:35.282014,series_7,0.9846608278731162,0.7170482924090691
2023-03-21 14:00:01.342662,series_7,1.211835222055344,0.5461211932351978
2023-01-01 08:44:43.869082,series_7,6.799998451609056,0.5575284112145894
2023-01-10 19:15:41.420719,series_7,2.622115557432619,0.7852155168290323
2023-03-19 07:45:36.105098,series_7,3.977827901180024,0.5863432666106667
2023-03-30 03:26:42.785929,series_7,3.078175491284909,0.88516153160017
2023-01-12 16:22:47.327805,series_7,5.265330402830882,0.6253641322823523
2023-01-11 03:22:47.349644,series_7,4.351275904828398,0.7601272169432631
2023-02-01 12:08:25.410630,series_7,3.2294841198023896,0.5257062320017365
2023-04-09 10:47:13.195278,series_7,5.6768694707889775,0.6829141813288289
2023-01-30 19:16:22.582980,series_7,3.5179127457499204,0.8981719433992464
2023-03-04 01:23:25.791148,series_7,2.574324998715647,0.9645084694741102
2023-02-24 01:00:00.000000,series_7,2.9695352335540366,0.0
2023-04-06 06:58:00.443078,series_7,4.699852386610436,0.7438492919616158
2023-02-24 21:14:12.935111,series_7,0.5904846318573254,0.4701922735623832
2023-01-23 04:22:48.837524,series_7,0.8646729455570423,0.9045173576818172
2023-02-17 21:54:21.626017,series_7,0.7391027509926795,0.8711913547659567
2023-03-02 16:19:19.749254,series_7,2.461932799526182,0.9472182772259122
2023-03-28 16:51:37.875069,series_7,3.037408349128317,0.5982438816205103
2023-02-02 15:52:28.128013,series_7,4.625097714951756,0.9566084434245894
2023-03-22 03:00:00.000000,series_11,2.428818930648413,0.0
2023-03-28 02:34:33.323767,series_7,4.370813345358959,0.8064898289339726
2023-02-03 05:07:33.511438,series_7,7.48817253841329,0.5586718613571251
2023-04-01 00:56:45.605710,series_7,3.184004547365942,0.9246590452657169
2023-01-19 20:45:30.391874,series_7,7.335320946192899,0.7004352155257061
2023-01-17 19:59:07.976824,series_7,3.5650879752863207,0.4369320704828467
2023-03-10 18:50:29.277098,series_7,3.3312026856530297,0.4814008071710659
2023-04-01 23:51:29.340512,series_7,0.3635299524872548,0.903867638372006
2023-01-18 09:29:12.781844,series_7,0.1193567457807742,0.7805638606901699
2023-03-25 12:49:05.454545,series_11,5.03847506459413,0.0
2023-02-27 20:13:39.667041,series_7,8.376810352937946,0.8280838263376765
2023-03-31 11:07:47.263664,series_7,1.7489247461488266,0.9247276034639004
2023-01-13 05:16:28.289899,series_7,3.576022130775481,0.4757481124081261
2023-02-24 23:00:00.000000,series_7,4.052350829275149,0.0
2023-03-26 13:16:21.818182,series_11,9.669012207975223,0.0
2023-03-23 22:05:57.570513,series_7,3.222741572705803,0.6112818866811708
2023-03-20 08:37:54.912251,series_7,7.80182824128448,0.6315736649333598
2023-03-10 21:28:27.196960,series_7,9.54235995192851,0.7627420092383465
2023-03-27 18:25:05.166054,series_7,9.032244706166372,0.519696109089021
2023-02-28 17:26:53.621600,series_7,7.568651690462753,0.6805806995368628
2023-02-03 09:15:40.365479,series_7,5.313079001536957,0.8985276229145459
2023-01-31 20:24:51.556915,series_7,2.7151190018578437,0.8768448176230292
2023-03-02 23:06:01.641824,series_7,6.57950866367905,0.4237372451051019
2023-03-31 02:18:47.926979,series_7,7.858912660562471,0.6081563859440323
2023-02-21 12:16:21.018377,series_7,6.485916996746118,0.527074469949326
2023-03-03 12:13:08.959843,series_7,5.909522599297395,0.9650765960498354
2023-03-26 07:00:00.000000,series_11,6.826828002396268,0.0
2023-03-09 15:58:59.387723,series_7,4.012398460995518,0.6364545888538797
2023-01-25 11:44:29.968155,series_7,9.243192181500696,0.6837695305444833
2023-03-26 23:49:08.606428,series_7,3.9593528956502455,0.8089695275423152
2023-03-26 09:00:00.000000,series_11,5.856540833496325,0.0
2023-03-22 05:00:00.000000,series_11,4.516411673911039,0.0
2023-02-16 16:45:35.130494,series_7,5.622121252892725,0.996143367051494
2023-03-25 03:02:56.925190,series_7,6.269754646039014,0.9747228713519742
2023-03-12 01:06:16.730768,series_7,8.999115155144953,0.6448139871542744
2023-01-10 04:36:21.787232,series_7,8.978043928006636,0.974159142550496
2023-03-26 17:11:05.677802,series_7,0.7444106522011817,0.6838003071906104
2023-01-12 05:36:10.375335,series_7,6.464292197480468,0.9016484356769318
2023-01-25 06:21:12.380701,series_7,1.2325659041057655,0.5638217312820337
2023-03-07 00:33:17.453728,series_7,0.2600826456398297,0.9924064886604596
2023-02-18 12:52:23.785343,series_7,4.763265010699545,0.7708880623222901
2023-03-09 23:09:38.598579,series_7,0.2138770911128118,0.7107459391911202
2023-02-18 12:00:00.000000,series_7,4.18753165616897,0.0
2023-02-20 11:21:21.355932,series_7,0.5812579022674519,0.0
2023-03-31 02:19:08.140927,series_7,4.8002735463694055,0.4016780913897904
2023-02-08 20:33:09.429712,series_7,5.263530661080491,0.6866838806287393
2023-03-07 05:30:29.905139,series_7,9.414545466397582,0.6559092633229826
2023-02-24 21:00:00.000000,series_7,4.944337005932206,0.0
2023-02-18 15:00:00.000000,series_7,5.145439151333807,0.0
2023-02-18 19:00:00.000000,series_7,6.786468667805185,0.0
2023-03-30 08:55:29.554787,series_7,3.714869462792368,0.8420144271391887
2023-03-30 16:05:51.207581,series_7,0.1699577558499476,0.8557390397947041
2023-03-24 12:38:10.909091,series_11,9.80554580652556,0.0
2023-02-04 14:37:53.634807,series_7,2.6574905119455936,0.9769167701518168
2023-02-22 02:18:18.305085,series_7,9.27781909508622,0.0
2023-03-25 05:49:05.454545,series_11,1.3412452065871183,0.0
2023-03-16 00:34:43.648409,series_7,6.268798660344682,0.4191792471449208
2023-04-06 00:56:49.630629,series_7,0.7120013566918104,0.5635661207891052
2023-03-29 15:09:55.984338,series_7,7.758491156439883,0.6095683533287822
2023-02-09 14:28:14.723586,series_7,7.955870800529574,0.9861266888742952
2023-01-28 01:12:08.043128,series_7,1.5427479473349182,0.5085314109581386
2023-02-20 00:22:22.372881,series_7,8.962053162009491,0.0
2023-01-03 16:52:37.340202,series_7,7.656244779407561,0.8548605617933436
2023-03-11 23:21:32.659229,series_7,7.380646175199288,0.4812008311089112
2023-04-01 03:54:23.677591,series_7,6.010021775099115,0.8343455413186898
2023-01-04 15:38:38.349069,series_7,8.594802896881088,0.8746461334624313
2023-03-03 01:17:34.916588,series_7,2.673676175676553,0.9943832425468117
2023-01-16 00:01:01.992525,series_7,5.278895775365664,0.5704233951003319
2023-01-03 06:31:08.739614,series_7,3.134897950418706,0.6284217856752098
2023-04-07 16:15:50.952057,series_7,9.550111949888228,0.8702632447598715
2023-02-15 20:19:57.268845,series_7,3.797933426471287,0.835480690926732
2023-01-19 16:05:17.077141,series_7,4.19810665468076,0.8485213412302091
2023-02-18 21:25:25.423729,series_7,2.4257129440987355,0.0
2023-02-05 14:26:10.832959,series_7,9.965580696361696,0.6342384820477768
2023-02-23 19:54:54.915254,series_7,7.832338166755752,0.0
2023-04-09 07:12:00.293128,series_7,9.19634887415229,0.8878525366174417
2023-04-02 22:34:28.039939,series_7,4.156938977628235,0.9440706959961188
2023-01-07 02:29:57.258557,series_7,8.194520258974071,0.7958966910553507
2023-01-04 11:32:07.065966,series_7,5.624343167192616,0.7394992597905214
2023-03-01 11:04:26.317223,series_7,8.80914179270902,0.6090654646025094
2023-01-18 00:47:55.698828,series_7,6.179033516957716,0.4677514553685392
2023-03-21 23:56:59.068414,series_7,5.772719445872285,0.8831608180747468
2023-02-20 04:26:49.877327,series_7,0.4346667871923237,0.8778387697132451
2023-02-05 11:14:50.556866,series_7,2.7477018025574607,0.6574282884447142
2023-01-13 08:48:23.295105,series_7,5.423530108765839,0.908589242853067
2023-01-23 01:02:58.734132,series_7,9.02301484622494,0.4006883463546353
2023-03-06 18:52:20.922717,series_7,1.5312154140394207,0.9589635479686588
2023-01-05 20:46:21.241972,series_7,7.618392596280493,0.4458256341159382
2023-02-26 03:12:13.710529,series_7,5.265788993957341,0.9948645923650448
2023-01-09 20:18:10.920353,series_7,8.025562062697382,0.8241013846522967
2023-02-23 17:34:58.863384,series_7,3.3121615196079555,0.7142593046860181
2023-02-26 07:46:38.162730,series_7,2.9389868095293625,0.95077380114577
2023-01-01 20:56:38.228534,series_7,2.403158229296292,0.656978654203926
2023-02-09 17:24:32.129427,series_7,2.6133315169341174,0.6203922201011436
2023-01-01 11:06:55.592245,series_7,8.98013979193504,0.460198628697216
2023-01-12 15:22:08.898232,series_7,2.0063986562510228,0.5124113785248748
2023-03-28 04:59:47.048531,series_7,5.256923035040389,0.9577867752954572
2023-02-20 05:02:02.033898,series_7,1.3372187433427456,0.0
2023-01-29 18:15:39.553316,series_7,7.705396382676413,0.5010728883358677
2023-03-17 04:23:35.248582,series_7,6.407274549393213,0.936993695942636
2023-03-25 15:55:17.477937,series_7,1.7822364863495943,0.9138743751361226
2023-01-26 06:47:46.584773,series_7,9.580162994345354,0.9419759357022246
2023-01-24 10:24:00.622101,series_7,6.1755261009614095,0.8691402956744916
2023-02-02 07:18:13.552963,series_7,4.963886366064537,0.8485923634084592
2023-03-19 16:09:44.047128,series_7,5.177302932515852,0.5908164030901729
2023-02-21 10:06:50.956910,series_7,9.093854093126556,0.4857314589798631
2023-02-18 11:00:00.000000,series_7,3.068151917108691,0.0
2023-02-01 17:45:52.780287,series_7,9.190623792701944,0.4331388390970246
2023-03-25 17:49:05.454545,series_11,10.110568985968715,0.0
2023-01-15 03:16:41.868923,series_7,2.421351543522276,0.6523008939308363
2023-03-22 18:37:04.695867,series_7,1.768543380776626,0.4579309854026463
2023-03-01 03:18:19.492212,series_7,6.253545795719546,0.7489621393343178
2023-01-26 03:57:36.106767,series_7,5.357504122909743,0.5833514268745267
2023-03-14 13:28:13.017491,series_7,1.7983634263540038,0.9544001111038508
2023-02-23 13:34:34.576271,series_7,2.4335241967069683,0.0
2023-02-20 06:20:29.519729,series_7,9.360430548512026,0.7810419074861771
2023-01-16 11:41:22.750257,series_7,3.7852332714537607,0.9499656383453317
2023-04-07 07:56:36.400614,series_7,2.477911086438688,0.966166497375196
2023-02-19 16:23:23.389831,series_7,1.359233304207641,0.0
2023-01-28 12:42:02.872778,series_7,5.126071607577092,0.6647796176911076
2023-02-27 00:32:21.213619,series_7,4.820712587587042,0.875492083615915
2023-02-28 03:50:52.090013,series_7,5.2456120308802,0.6188340365765261
2023-03-13 12:30:34.728415,series_7,3.241648882600199,0.4755884945727099
2023-02-28 17:34:50.439198,series_7,7.031732371903879,0.6279210167500522
2023-01-29 23:31:40.456968,series_7,2.741967552389938,0.8667363921867858
2023-01-28 05:50:17.437701,series_7,5.199913443212969,0.5890383910609852
2023-02-11 10:07:53.223527,series_7,8.375499709635218,0.5042974615292779
2023-01-30 07:16:27.416837,series_7,0.1219891630018144,0.7728425693567106
2023-02-02 01:46:50.262702,series_7,1.8230443731167656,0.8050838561552132
2023-01-24 15:29:42.594123,series_7,2.6361026609864915,0.4215781679161137
2023-02-19 07:52:34.607071,series_7,0.3579360843244306,0.8678669642267736
2023-03-02 21:59:01.963769,series_7,8.676108938987635,0.4289466950250987
2023-03-07 19:06:33.716267,series_7,6.334324532947141,0.6145635446416373
2023-03-14 19:38:37.956582,series_7,1.0050604059215906,0.4315041713612397
2023-03-07 20:20:18.591729,series_7,6.252388675719519,0.900015102457426
2023-01-31 04:52:03.978759,series_7,1.5247412905565116,0.7092170099728627
2023-03-19 16:32:04.040696,series_7,5.803815768029051,0.9868789347363084
2023-01-29 12:49:20.811713,series_7,5.353568339678123,0.8297479196535852
2023-01-14 12:09:22.044090,series_7,6.078400038273904,0.4812625082086841
2023-03-24 22:02:20.571080,series_7,9.602536215706838,0.5724475677433761
2023-01-19 21:37:24.878547,series_7,6.42649544838894,0.8993980523902032
2023-03-29 15:30:20.868922,series_7,7.501656026020105,0.5046343412853633
2023-03-30 04:55:59.681459,series_7,3.546550956440159,0.946513643359992
2023-02-26 06:21:46.948491,series_7,3.187096893213593,0.5425281440876
2023-01-11 14:51:00.146463,series_7,8.772477851682083,0.7217562691524739
2023-03-19 07:39:27.634459,series_7,8.768269477625498,0.4512395312558531
2023-02-08 06:15:51.674294,series_7,5.596726991231406,0.8458626890725829
2023-02-23 17:15:21.267057,series_7,4.446613388386541,0.9134244160429876
2023-01-29 12:14:32.528002,series_7,6.825199488297439,0.9358212852663352
2023-03-28 02:50:05.424418,series_7,6.78058392427913,0.7293505347407736
2023-01-29 10:40:18.698467,series_7,5.160754238234496,0.6332996122358235
2023-02-28 05:04:37.561494,series_7,5.596589614148208,0.7249533639913327
2023-03-29 11:18:34.437185,series_7,7.001948394464851,0.7376069737204609
2023-01-05 06:56:14.381298,series_7,8.037442296196067,0.9267868907876828
2023-03-20 09:47:53.201121,series_7,3.677922585745166,0.9351734262175648
2023-03-03 01:21:39.784536,series_7,0.5501527143192053,0.8967551904403137
2023-03-15 03:44:40.477598,series_7,5.229384194403485,0.8392899669108955
2023-02-19 11:41:00.235422,series_7,4.902256588056452,0.8482470400309357
2023-01-10 23:37:17.449216,series_7,3.606941154886428,0.5104222801402465
2023-04-09 22:36:59.249286,series_7,3.2190517917198544,0.5868982754679679
2023-02-12 01:44:57.098723,series_7,9.940913064854865,0.6555243091754638
2023-03-05 10:41:43.464224,series_7,1.2259979566961288,0.4136770985897374
2023-01-24 09:43:38.595809,series_7,2.5153152122364384,0.5192811239411311
2023-02-17 07:42:51.648058,series_7,7.185400206438981,0.8618609649512551
2023-02-24 20:00:00.000000,series_7,5.036805503144008,0.0
2023-01-23 03:51:25.108114,series_7,3.470451140582905,0.7349223636442868
2023-01-25 01:25:03.907950,series_7,1.4690700281594329,0.735924364861208
2023-01-29 02:03:53.366746,series_7,8.476870849263356,0.5702485673073392
2023-03-22 19:27:16.363636,series_11,4.040902838720674,0.0
2023-03-24 16:56:14.947063,series_7,0.416757042818302,0.8904804407491769
2023-01-13 20:53:45.586172,series_7,9.609226894807556,0.6333164619779472
2023-03-19 18:40:02.293824,series_7,3.252138857935174,0.8952943205673459
2023-04-09 18:35:16.949461,series_7,8.14031683255591,0.4361061989958025
2023-02-23 00:55:55.932203,series_7,1.9697469872665336,0.0
2023-02-20 09:55:23.897218,series_7,9.896606842465587,0.6725668884705721
2023-03-26 00:00:00.000000,series_11,10.117524917060292,0.0
2023-02-27 22:11:07.055291,series_7,6.717526179092928,0.9391230872801988
2023-02-14 14:54:31.687593,series_7,7.598873166737055,0.5534437212510226
2023-02-21 10:49:37.144652,series_7,8.907038805248073,0.6093739373748963
2023-04-05 13:30:16.359693,series_7,6.499477875059474,0.6405878248705091
2023-01-15 13:57:40.965709,series_7,3.898364901193422,0.9502192538654018
2023-01-21 06:20:28.301326,series_7,2.407665587294839,0.8151161435453902
2023-03-29 12:40:32.932580,series_7,8.259396120005194,0.5776779426377067
2023-02-24 18:00:00.000000,series_7,5.597651803840813,0.0
2023-03-13 15:57:13.891664,series_7,1.529448378779703,0.6989572563303621
2023-01-04 09:52:12.960612,series_7,7.772908940442762,0.4163730781317991
2023-03-09 12:44:51.876332,series_7,6.035148555582488,0.4008278182802464
2023-03-20 05:54:57.137215,series_7,1.9844852145140437,0.6000021142015061
2023-03-23 13:57:53.540185,series_7,7.1935433358030645,0.4568059676203959
2023-01-03 20:08:25.313854,series_7,6.637893599168383,0.5487599233206015
2023-03-31 16:20:39.653392,series_7,0.7761609999316588,0.498506148687635
2023-01-03 16:32:56.020358,series_7,6.683475701081695,0.7747359124073012
2023-01-29 16:32:15.346573,series_7,1.000879924385426,0.6903680479476251
2023-03-31 18:38:17.563845,series_7,4.770018844237778,0.4103109757761172
2023-03-02 23:52:23.438672,series_7,6.437323587968729,0.9597041221384972
2023-02-20 19:53:56.591143,series_7,0.8144075107151794,0.6381232977563918
2023-03-20 15:05:17.475706,series_7,3.002616181937352,0.8898367979612092
2023-01-06 10:00:26.469702,series_7,6.484437918732237,0.7557930519997181
2023-02-27 19:57:08.207545,series_7,6.963604283585967,0.7947675202037889
2023-01-10 08:54:09.118415,series_7,7.222719583704741,0.7336957713194383
2023-02-12 14:17:45.122412,series_7,3.3148350095164067,0.8084477669283596
2023-03-26 03:00:00.000000,series_11,8.226139182836528,0.0
2023-03-08 01:30:26.725520,series_7,4.358009733124452,0.9516179066365652
2023-04-04 01:55:17.448921,series_7,2.7622377554689903,0.4635038186397254
2023-01-18 01:03:57.542344,series_7,9.665769617447609,0.7059070547452684
2023-02-18 13:00:00.000000,series_7,4.251110872655593,0.0
2023-02-05 18:55:48.112711,series_7,3.112322480877024,0.5186081642724656
2023-02-20 12:16:02.889006,series_7,0.3738075942664332,0.7114003290023592
2023-04-05 11:54:12.680682,series_7,3.7441129874058503,0.8206684427623634
2023-02-06 10:19:23.368563,series_7,7.569380978511679,0.5718699641299588
2023-01-22 21:02:28.400217,series_7,0.3702956242945332,0.7224067783217877
2023-02-16 15:46:14.402386,series_7,0.7106818499784806,0.580077870695848
2023-04-01 17:27:19.969350,series_7,3.405706724880728,0.7036446586017756
2023-02-01 09:43:13.922861,series_7,8.620052845133015,0.8951315523450585
2023-01-09 15:07:34.138616,series_7,0.9346196411277564,0.6182559091691665
2023-01-10 18:33:31.301202,series_7,3.118614106576154,0.4741029747931224
2023-03-27 10:33:51.051551,series_7,7.302936164000418,0.4117836919118092
2023-02-13 04:22:41.775382,series_7,9.891942741831873,0.9711453132272728
2023-01-30 19:18:57.447178,series_7,4.740225358516211,0.8668290715891487
2023-03-15 23:10:36.049241,series_8,2.095596190562449,0.8518335690244436
2023-03-13 15:12:36.078630,series_6,1.7338138306062567,0.6513367447831057
2023-02-01 10:20:28.296876,series_8,5.518092407855397,0.5023298139672592
2023-02-12 04:31:34.736842,series_6,4.930929288865081,0.0
2023-03-02 03:32:43.636364,series_8,9.92981523230488,0.0
2023-02-06 00:30:33.207429,series_6,0.4905624553191279,0.5114893042905151
2023-01-17 15:25:52.002262,series_8,6.026030093143201,0.7435005630012959
2023-04-06 05:24:00.133377,series_6,3.438725891043241,0.8215996493436415
2023-01-29 02:32:11.070734,series_6,8.214715977439383,0.661743650299717
2023-02-23 01:45:06.278050,series_6,1.0252192060401444,0.6085748290880766
2023-04-11 10:51:05.090507,series_6,2.1214612083652207,0.990553519457674
2023-01-09 19:10:28.662377,series_8,8.837972397147183,0.6988986965273765
2023-02-09 15:32:10.259024,series_6,2.629779634881273,0.5540069497462324
2023-04-07 12:24:24.758342,series_8,9.33538332101205,0.8109238024158174
2023-02-21 16:12:41.201289,series_8,6.855766420990053,0.8271427836416398
2023-03-02 12:00:00.000000,series_8,4.926730883167331,0.0
2023-04-02 01:04:40.348672,series_6,7.89175039205011,0.7510595026512562
2023-04-11 03:42:57.142391,series_8,5.056395671101584,0.9971095583621784
2023-02-03 04:07:55.257624,series_6,5.66093587590017,0.4286925620699523
2023-03-26 14:48:30.583822,series_8,8.260671905292295,0.5768187137397528
2023-02-19 10:17:29.048324,series_8,4.207651911228849,0.5574610298452081
2023-03-12 05:01:39.327457,series_6,9.855536589722378,0.8726985410726744
2023-02-01 12:23:36.054154,series_6,7.519317527527065,0.6920846645834184
2023-03-12 00:36:52.119478,series_8,3.27279171844887,0.4288057942412453
2023-03-06 23:09:17.727989,series_6,6.290974163527748,0.4556343194715268
2023-02-26 09:12:09.641092,series_8,8.358565019905488,0.7386394879547449
2023-03-13 12:53:10.364085,series_8,4.188113183884065,0.4895788148444061
2023-03-24 18:55:26.096899,series_6,2.0247335592415427,0.4968995616230154
2023-02-06 09:05:42.820906,series_6,1.260543366834419,0.7560009753379886
2023-01-06 20:35:00.582776,series_8,4.200451934923468,0.9985288515299852
2023-02-21 16:17:45.064716,series_6,3.6493840870326686,0.5896233260038055
2023-03-18 11:44:05.102404,series_8,0.5550885046282039,0.78484921855745
2023-01-26 05:04:52.586378,series_6,1.577565533966062,0.5530197517951623
2023-04-04 04:22:52.621287,series_6,3.8907665918821097,0.6319060112847747
2023-02-17 04:18:55.771067,series_6,5.1060942147583575,0.8509382137301992
2023-01-29 10:47:44.084821,series_8,2.18101140992644,0.8332018796215647
2023-01-19 11:43:50.956165,series_8,3.721738308318574,0.6597762515977235
2023-01-10 07:38:27.420672,series_8,5.939479318984766,0.766869217835191
2023-04-01 20:39:43.094522,series_8,7.44696299865684,0.9789711595210308
2023-03-06 00:09:46.691328,series_6,2.1633596969301063,0.8960591382845793
2023-02-26 17:33:42.442029,series_8,1.111098612346566,0.81433954014157
2023-04-06 05:58:43.084959,series_6,0.0245166921063411,0.6459014991752536
2023-03-31 12:21:20.833806,series_6,3.0053565257495207,0.451302405895603
2023-03-14 00:21:09.545004,series_8,8.513597708836675,0.8177730273124875
2023-03-05 19:33:11.598611,series_6,1.7697802877752469,0.620333894545833
2023-03-27 01:16:02.165862,series_8,6.211055127320649,0.6255139017495142
2023-03-15 18:30:41.035302,series_6,4.4034805202098415,0.954616185597174
2023-02-27 01:18:39.554873,series_6,4.0798752350930965,0.949061551760238
2023-02-24 13:34:35.755655,series_6,8.269793834990118,0.4012788827146714
2023-03-23 18:23:42.181807,series_8,8.368398467768671,0.6500856892106672
2023-01-17 23:48:49.279605,series_6,0.3491257503492428,0.6471852255553041
2023-03-26 19:55:34.264180,series_8,6.8292943198329725,0.6177954707872254
2023-03-31 11:08:03.038054,series_6,9.77503310510863,0.5311160826793877
2023-02-18 03:16:08.231685,series_6,1.949475478869032,0.9617784007494272
2023-01-18 02:31:55.032781,series_8,6.207041307958535,0.9729919551259124
2023-04-04 17:14:59.621916,series_6,1.2639040049259187,0.7069796889514399
2023-04-03 11:30:59.095834,series_8,3.129396993806105,0.5851133261963513
2023-03-25 17:12:42.112574,series_6,9.317585433919152,0.8453081711441061
2023-04-10 23:52:52.594703,series_8,9.2627108327795,0.9432611513869116
2023-01-06 10:39:52.018781,series_6,1.5698182831323404,0.8181524118536363
2023-01-23 11:14:31.853325,series_8,3.9698481578636535,0.4614795534056345
2023-02-28 05:54:32.727273,series_8,5.06897120346014,0.0
2023-02-10 14:00:00.000000,series_6,7.420153690098236,0.0
2023-03-09 17:44:00.018869,series_6,2.6705753169435487,0.5875030114546619
2023-03-09 18:37:31.076618,series_8,0.8924484642695263,0.818118798493794
2023-01-24 14:08:40.457808,series_6,4.602547362684495,0.5512460048817813
2023-03-17 07:12:26.285908,series_6,5.0350125702678215,0.4309716636148213
2023-03-05 06:48:45.930496,series_6,5.822571172812754,0.702570028944433
2023-01-02 11:36:42.974909,series_8,4.519328302235333,0.512480930471881
2023-01-29 07:59:06.592231,series_6,7.427104355608384,0.9732480702547144
2023-02-04 11:36:58.372256,series_8,0.0586285098859196,0.5312603765789928
2023-04-02 16:22:59.514923,series_8,5.486722740326573,0.8940969163627761
2023-03-08 20:05:57.766209,series_6,8.43187472708442,0.7453201142245607
2023-04-02 07:45:13.936495,series_8,8.837938182897725,0.7732034373799372
2023-01-25 02:02:41.515427,series_8,6.552566788605523,0.6390919702173614
2023-04-08 07:57:02.736878,series_6,4.700131838459528,0.8075733918654784
2023-02-02 00:29:56.260978,series_8,4.756428528192437,0.4274432989789432
2023-03-12 13:38:36.319674,series_6,2.7788652682205486,0.8906043726665632
2023-01-19 22:46:02.605284,series_8,5.194630186110345,0.8871803510439445
2023-01-19 18:57:47.757328,series_6,2.346964412858642,0.4657568656506075
2023-02-09 22:29:10.444368,series_8,9.9406764163927,0.4175183903748316
2023-03-01 00:03:10.710578,series_6,6.4676459983914425,0.7837981079476927
2023-03-01 15:32:43.636364,series_8,0.8482060590204531,0.0
2023-01-04 09:41:54.803247,series_8,2.0594261197195483,0.9209438623670057
2023-01-26 12:25:23.727594,series_6,5.535075268990569,0.547514166121454
2023-01-23 18:51:50.078197,series_6,1.8317497439305552,0.5664865969131982
2023-01-03 08:13:15.926927,series_8,6.621495078423907,0.9792778130855168
2023-04-02 20:14:20.983729,series_6,6.488809077476879,0.6734037909079632
2023-01-31 04:41:29.580970,series_6,5.546623653766486,0.4172591630085974
2023-03-07 05:11:12.699162,series_8,3.3349919622192745,0.879137522572254
2023-01-15 14:27:50.142477,series_6,6.113795405420008,0.442640096539921
2023-04-08 07:49:57.264590,series_8,5.182937620733895,0.8422072717594
2023-02-03 17:22:44.296090,series_6,4.307899581042202,0.5502106327380464
2023-03-02 11:00:00.000000,series_8,4.78179643234288,0.0
2023-03-01 08:23:43.869761,series_6,9.453019432720666,0.7440864173453399
2023-01-18 17:05:31.405413,series_8,9.18155660426828,0.7884976395581067
2023-01-10 16:56:35.994502,series_6,2.615217531926985,0.976014730722495
2023-02-11 18:46:31.001328,series_6,8.486115759048687,0.4421517086327803
2023-04-10 11:00:26.821636,series_6,6.012401770681092,0.5149744176589285
2023-02-12 02:24:33.145730,series_6,6.796796142747658,0.610262735923131
2023-03-03 23:31:15.000588,series_6,1.726954977917724,0.5884606327870867
2023-03-23 16:22:10.120865,series_6,2.941066837301604,0.9659741728957412
2023-03-10 09:04:00.743429,series_6,0.8944007593503844,0.9155937488778768
2023-02-09 22:25:22.253031,series_6,8.584604724787821,0.8681642406002928
2023-02-19 04:45:59.664760,series_8,5.261488748910618,0.8960398021529923
2023-02-01 11:13:27.183863,series_8,6.334475896284801,0.7373604155806841
2023-04-09 16:51:37.169929,series_6,9.709600118240632,0.9191491764590466
2023-02-23 16:08:05.861694,series_6,4.735881787703413,0.624600068760121
2023-03-15 05:43:14.170354,series_8,6.939713730370325,0.8563648291975476
2023-03-08 16:18:46.915597,series_6,6.552015597844826,0.4127573818264616
2023-03-31 13:58:19.641669,series_8,8.731405318923446,0.5072182468353658
2023-03-26 02:44:04.864951,series_6,5.223226063533567,0.8162803954187647
2023-04-07 12:13:05.046064,series_8,8.291528034277876,0.8178765648467057
2023-02-17 17:45:15.197177,series_6,1.1039958285382825,0.7453279976792955
2023-03-14 15:06:22.581116,series_8,3.1875988400406587,0.6874659216848724
2023-01-30 02:39:32.458147,series_6,3.191216625763716,0.5121006208959417
2023-03-07 13:02:46.921585,series_8,3.4910435674574405,0.7949946546368367
2023-01-30 07:09:50.901345,series_8,6.615864179169295,0.8640732072964576
2023-01-09 04:05:49.187864,series_8,7.26902368030193,0.5029826152594954
2023-01-21 17:34:30.250500,series_8,5.881957128413894,0.6982664430413821
2023-04-08 23:11:02.163687,series_8,3.713975725013317,0.6472015530577426
2023-01-22 16:28:33.328825,series_8,8.67276727157215,0.9725595994987868
2023-04-02 06:10:07.594764,series_6,8.989438565281773,0.6469299731128045
2023-01-05 23:26:52.945000,series_8,8.127346919977072,0.6468879075906839
2023-04-01 20:56:38.359225,series_6,1.7025629399587117,0.9936927891225608
2023-03-05 17:37:18.704579,series_8,1.28973311218738,0.6591438743919871
2023-01-27 14:42:57.992314,series_8,4.021092702421939,0.5648725986997551
2023-03-29 17:48:45.990734,series_6,8.745192386452247,0.6330284053727735
2023-01-01 22:57:47.356644,series_8,5.560810105248675,0.960112805871289
2023-04-08 20:03:48.084146,series_6,5.424290056156591,0.9033548641794108
2023-04-09 03:09:44.862737,series_6,0.9891330646817076,0.8051863868703837
2023-02-06 12:53:53.735789,series_6,1.7917692728512802,0.8889432013925593
2023-03-29 00:18:40.440458,series_6,3.0396723488009103,0.8368899498526858
2023-01-18 23:22:59.503846,series_8,4.670993945689944,0.5300932415408196
2023-02-28 13:46:26.236944,series_6,6.385643742610457,0.6088794889286706
2023-02-18 20:20:20.378736,series_6,8.344281556261258,0.884481889836885
2023-02-03 15:01:13.143470,series_6,8.913906537781846,0.9695835243189546
2023-02-01 23:47:17.590773,series_6,8.985502433963662,0.7753490319250029
2023-03-23 16:42:56.729746,series_8,7.683148534416333,0.6220345672804781
2023-02-12 01:50:17.817300,series_6,0.7221365598899854,0.9769720387528662
2023-03-30 01:06:01.737201,series_8,7.034559230191128,0.5614732507705184
2023-02-21 08:14:45.353174,series_8,0.2102747101307367,0.4358444296913059
2023-03-01 10:21:11.302065,series_8,8.233734878991283,0.8133232413331111
2023-03-21 18:46:39.461638,series_6,9.290799975341882,0.9857244951755444
2023-03-20 06:24:05.025668,series_6,3.921144478938757,0.4631397128076575
2023-03-07 00:46:50.119836,series_8,5.223046914811732,0.404450479195984
2023-01-16 08:22:36.819251,series_8,2.4012971698574024,0.6218438658732486
2023-02-13 06:17:18.269394,series_8,1.6191294105641365,0.7484172420466526
2023-02-01 03:56:19.518824,series_8,6.467213150153915,0.7821993071771383
2023-03-06 11:01:13.047318,series_8,4.78423243614345,0.5243572349472081
2023-03-05 09:31:12.375124,series_8,5.311074734671059,0.4048471486734137
2023-02-17 23:53:07.983577,series_6,4.527085789022097,0.7435999800768986
2023-01-02 18:57:26.333712,series_6,9.30110128645336,0.7774690757178655
2023-04-06 12:42:59.467695,series_6,5.8619640943639295,0.873128287772966
2023-03-30 21:30:20.449439,series_8,9.61843586379643,0.64461690136605
2023-03-11 20:14:13.602846,series_8,0.446719345892298,0.7880953222197393
2023-03-08 23:06:25.490077,series_6,9.358462088408135,0.649443440408983
2023-04-03 22:47:21.057471,series_8,3.442961298088428,0.6636305459108831
2023-03-02 18:07:20.135671,series_8,7.34908234410662,0.4667638360533259
2023-02-02 21:55:34.203766,series_8,8.793258584004592,0.6325745205866758
2023-03-31 09:36:01.198081,series_6,0.2327207654144669,0.7854458403403929
2023-02-20 08:01:39.067187,series_6,7.560778238601193,0.4800280700524592
2023-01-25 18:07:50.883062,series_8,7.068357667285584,0.8342748678658791
2023-02-17 14:33:47.952645,series_6,6.675649802534075,0.8599530708650885
2023-01-16 22:42:14.622642,series_6,1.3100041732126533,0.5037097442392197
2023-03-02 21:32:44.625467,series_8,0.0604424008096815,0.6695599049921361
2023-02-23 13:24:40.398754,series_8,7.842613799371179,0.413986430940551
2023-02-04 08:55:39.907014,series_8,0.7118992265943158,0.4864338214194915
2023-02-27 09:24:04.336135,series_6,6.143982754916313,0.5978458651707231
2023-04-09 16:43:38.062582,series_6,7.157909811388446,0.5982493407776174
2023-02-13 10:47:22.105263,series_6,4.926972948075061,0.0
2023-01-08 22:43:43.818961,series_6,5.749503782147775,0.8938335462930556
2023-02-09 03:18:21.094075,series_8,0.0174161997107769,0.5093832652175678
2023-02-28 20:38:29.499496,series_6,8.29059765290874,0.4040338721791603
2023-03-09 23:34:00.765135,series_8,7.246313951415445,0.4528036335506459
2023-02-05 19:08:52.481247,series_8,5.409180659602457,0.4965586128775263
2023-02-12 15:37:17.369456,series_8,6.281354276742568,0.4689802935723321
2023-02-07 03:44:52.588848,series_6,5.234680925124322,0.652130307644629
2023-02-12 01:59:08.296473,series_8,5.444253203968405,0.7516087947572448
2023-01-22 13:23:10.044089,series_6,6.203616719368482,0.5270256625286294
2023-03-17 18:00:48.347001,series_6,2.8429074964530843,0.9453847789390148
2023-02-09 06:14:24.416416,series_6,4.658511969626948,0.9560116205264192
2023-02-27 10:49:16.436555,series_6,2.757623684723943,0.6505520714187443
2023-01-17 03:14:54.147330,series_8,5.735541783958798,0.4313976851091371
2023-02-13 16:22:42.143020,series_8,4.706860035414527,0.7981720865970041
2023-01-27 03:45:37.408371,series_6,4.453201413521683,0.787305658744351
2023-01-01 13:42:27.725417,series_8,0.1781994327058345,0.6373530585820777
2023-01-14 22:33:01.908258,series_8,0.310323673618551,0.7391466646177429
2023-03-02 16:39:29.626182,series_6,1.5997319962329482,0.717695484089595
2023-03-02 12:02:22.345984,series_6,1.183099807322454,0.907345859937051
2023-02-12 08:03:09.473684,series_6,10.171129970431542,0.0
2023-01-04 08:08:32.383147,series_8,7.077162219990893,0.4092275946073337
2023-03-12 18:55:35.792255,series_6,4.759691062942663,0.6543286319835087
2023-03-15 04:42:27.634071,series_8,6.154917900380823,0.8610706739492271
2023-02-01 21:52:19.577378,series_6,1.8476715988841463,0.5613812253952519
2023-02-26 09:01:35.956095,series_8,4.611320694509305,0.553416060871603
2023-03-20 13:56:25.355364,series_6,8.958334648602415,0.8334627572380893
2023-01-16 22:16:45.968912,series_6,9.306569884625429,0.5344526962055793
2023-02-07 01:38:59.995428,series_6,2.487403807628397,0.9704662243793089
2023-02-07 02:01:34.304844,series_8,1.6976536949929977,0.4337204720593716
2023-03-08 14:22:40.745093,series_6,0.6017164297089872,0.6294508312130688
2023-02-26 00:00:00.000000,series_8,-0.3811193811872951,0.0
2023-02-03 02:35:28.934820,series_8,6.827404534462669,0.9282998311882324
2023-02-12 16:37:53.684211,series_6,10.168278667707868,0.0
2023-02-02 17:26:07.899712,series_8,5.955731593870865,0.9982722409287634
2023-02-15 08:00:49.185247,series_6,3.814222307541476,0.5496720761694402
2023-02-22 08:31:20.127999,series_6,0.0424542046766418,0.5162018445145817
2023-01-11 10:56:32.350557,series_6,4.01713560149239,0.7221148040995116
2023-01-02 05:42:34.931142,series_8,7.051432159692299,0.8456635848696056
2023-01-14 07:21:08.359708,series_6,5.494292762777943,0.4172332665610854
2023-04-06 04:09:58.561536,series_6,8.081641566454081,0.57714784191699
2023-02-07 01:46:33.533871,series_8,5.405787338468592,0.8261118249204988
2023-01-22 07:10:05.649879,series_8,3.20553415429766,0.4427363101184072
2023-01-30 16:41:37.613231,series_8,3.270922160683869,0.6920292007274145
2023-01-11 09:39:59.845735,series_6,0.1817287861520056,0.8701059005118386
2023-02-26 09:43:38.181818,series_8,4.548022861105578,0.0
2023-02-04 17:33:54.549415,series_6,5.449590947616888,0.9531454726178148
2023-01-17 11:38:59.603317,series_8,1.6342587063706948,0.6360648636313263
2023-03-31 14:26:21.653026,series_8,2.53529515612167,0.7436444906876996
2023-01-28 23:08:23.581907,series_6,8.44614466473519,0.7476034784041758
2023-02-01 07:26:49.572240,series_8,6.306728537128739,0.420075712676367
2023-03-02 07:28:50.351352,series_6,2.144251630092694,0.4930340402265329
2023-03-13 19:25:54.171290,series_8,2.261837037178255,0.5176356471581564
2023-02-26 23:00:00.000000,series_8,5.290948361686942,0.0
2023-01-23 12:29:05.836018,series_6,9.759704718023608,0.9003312383009594
2023-02-10 17:00:00.000000,series_6,8.665532051591374,0.0
2023-01-03 17:44:08.086926,series_6,0.96364228200724,0.6461235993787937
2023-01-25 06:07:31.803184,series_6,1.6439594515862876,0.7956104736523477
2023-03-21 11:45:35.767871,series_8,6.155681425120455,0.6595877314641502
2023-01-07 01:56:24.375366,series_6,7.249570927528357,0.587200411869765
2023-02-02 14:10:18.693381,series_6,8.575937266073318,0.4145746375062015
2023-03-23 21:14:50.634127,series_6,2.097231180669372,0.835249998152332
2023-04-09 12:19:41.614075,series_8,0.5101855579103409,0.9180615778483336
2023-03-19 13:17:06.785103,series_8,9.871634155548277,0.52106447583873
2023-01-10 08:36:31.689655,series_8,7.084808219094738,0.6424926382185219
2023-03-27 16:28:59.900131,series_6,9.366279272989368,0.4180819646623074
2023-01-21 05:20:24.960567,series_6,3.5453515345791367,0.8220359726697585
2023-01-07 02:05:22.515246,series_8,9.68751857388962,0.9881406092337116
2023-02-09 21:29:05.924336,series_8,6.227204800937062,0.7419868597264963
2023-02-27 00:34:57.453782,series_6,1.552380978122636,0.9824741618604638
2023-02-16 16:48:48.867168,series_8,7.228468624135719,0.9689285497659936
2023-03-29 22:44:12.651846,series_6,4.639126087247011,0.8209048385523062
2023-02-06 05:55:55.438350,series_6,4.332180689581096,0.8196289285669378
2023-04-03 21:34:18.514465,series_6,6.410113695361501,0.9504566566030423
2023-02-19 12:54:23.604050,series_6,7.111195646888785,0.5737204253996839
2023-03-13 19:36:03.846607,series_6,5.091058310490898,0.5960786508647659
2023-02-10 10:00:00.000000,series_6,5.261268977703143,0.0
2023-03-05 17:10:00.448904,series_6,2.644592565997246,0.5581915670750576
2023-02-09 10:00:34.376565,series_8,9.054693040080393,0.7822332120312477
2023-03-19 20:11:12.070153,series_6,5.554421881299239,0.4304788443520203
2023-03-08 21:01:28.357368,series_6,4.331082424662826,0.515860946323218
2023-02-15 16:40:18.935168,series_8,9.686169024699735,0.8234599226186958
2023-03-06 15:06:32.719979,series_8,4.063951472389973,0.8883737624193655
2023-01-18 14:28:05.373682,series_8,3.014601789643523,0.4642132481485388
2023-02-07 15:30:26.909243,series_6,6.766458207953033,0.7484531136668393
2023-02-06 01:57:04.097196,series_8,5.8771948242322445,0.429371426715518
2023-03-25 08:46:21.884786,series_8,5.52446716241056,0.810865323222077
2023-03-15 01:03:48.149330,series_8,1.6625010315603872,0.5077511396340287
2023-02-14 08:44:37.017258,series_6,3.536702421788689,0.962850633629973
2023-01-04 18:36:07.693714,series_8,2.1184887133249752,0.7489243138849776
2023-03-24 04:01:21.172356,series_8,8.174766052571517,0.5044021719194003
2023-04-01 22:00:51.959615,series_6,2.312082948064673,0.6805547006198547
2023-02-11 21:44:12.631579,series_6,9.71692832301182,0.0
2023-01-30 18:47:04.791216,series_8,3.0437530570273843,0.8380442653499742
2023-02-07 18:42:10.577147,series_8,8.917523428639946,0.5753694788242548
2023-01-02 22:03:52.417114,series_8,5.951430326448555,0.7734496079938873
2023-04-01 22:15:25.191445,series_8,6.597133594086144,0.7221089081381623
2023-01-13 07:38:29.382331,series_8,6.837154994801219,0.994885476256148
2023-01-22 09:08:34.400934,series_8,8.5139384346891,0.7616026817299411
2023-01-17 09:11:02.989289,series_8,7.438309833634263,0.7146709924295185
2023-01-27 00:28:03.246733,series_8,1.010470938470709,0.4444157111046553
2023-03-25 18:39:55.718293,series_8,0.4169031783059507,0.9414144160765452
2023-01-29 20:21:21.877864,series_6,7.027463808183492,0.5070702701977872
2023-01-18 20:34:47.054525,series_6,2.943680886317414,0.7191410700670886
2023-01-28 09:50:14.102845,series_6,4.63607053272312,0.4749229647020701
2023-03-23 09:00:20.568408,series_8,7.304398420248816,0.8002013138020715
2023-03-15 01:10:53.981353,series_8,2.063363933570831,0.8379375086755059
2023-03-21 22:02:25.522697,series_6,1.178716952304968,0.519259984133866
2023-03-14 17:26:30.590628,series_8,1.7776517012969362,0.5639305730645612
2023-02-11 10:55:04.279566,series_8,3.233860758356668,0.8136257644827674
2023-04-10 14:36:54.421641,series_8,0.560316975201427,0.5793869377324893
2023-02-12 03:12:48.074851,series_6,6.072185188506918,0.5270372103271843
2023-02-22 07:01:07.871403,series_8,1.9057640576662536,0.7699426678298245
2023-02-06 14:58:59.542536,series_6,1.062345141696035,0.6722654001250399
2023-03-18 18:34:51.461166,series_8,1.5403113616563469,0.4090564257599085
2023-04-10 21:36:56.970277,series_8,2.704460326086488,0.5541424267876671
2023-02-19 18:53:43.907314,series_8,6.684522645902321,0.7770311164164123
2023-02-02 14:05:08.810567,series_8,6.392329998154209,0.8429931047309919
2023-02-12 19:44:06.349076,series_6,9.149418928660769,0.8218644975466747
2023-01-24 00:19:38.160509,series_6,6.801056016361962,0.8133045765702498
2023-03-19 17:20:10.974056,series_8,5.202408349957086,0.9346340176341932
2023-01-26 12:31:15.250131,series_8,6.609668494297379,0.4178926039797099
2023-03-16 03:21:10.905795,series_8,7.741416748442898,0.9904914322813326
2023-02-10 00:00:00.000000,series_6,-0.1280113916264373,0.0
2023-04-03 10:42:03.322839,series_6,8.723862867202621,0.6751938519413807
2023-01-05 06:10:33.512425,series_8,9.963374358264067,0.4508341402877659
2023-01-27 01:27:26.472982,series_6,4.928824035291996,0.5983072922606697
2023-01-08 19:29:19.750954,series_6,9.72260716861282,0.7653320802474983
2023-04-04 07:05:47.176081,series_8,8.084120993844342,0.8765995237818406
2023-02-26 03:00:00.000000,series_8,2.7303360756979287,0.0
2023-03-17 10:10:45.191774,series_6,7.8146465808498355,0.8760128127713973
2023-03-07 09:43:35.474028,series_8,4.904432421372342,0.6908798744196782
2023-01-16 00:32:36.896851,series_8,7.613871258435216,0.5545638539073863
2023-01-28 14:24:08.342938,series_6,7.415025404087264,0.5258947092274131
2023-01-11 15:16:04.362918,series_8,3.535049266844287,0.6003873638573288
2023-01-10 14:35:13.571493,series_6,5.98924360151443,0.8944092377189141
2023-01-26 07:05:57.508314,series_8,2.327874313387434,0.419148651664485
2023-01-18 11:50:01.990494,series_8,6.729749655162514,0.7657155631225099
2023-01-07 23:00:32.638927,series_8,3.724687244003242,0.5294311987376473
2023-02-19 00:21:28.739215,series_6,4.685020253418887,0.6051629699481768
2023-03-24 06:22:28.251339,series_8,5.365165366206547,0.4987346498382186
2023-02-02 15:53:09.260172,series_8,3.944509537930825,0.635682239163288
2023-04-07 02:04:34.520770,series_8,2.656923714386872,0.9465450584222768
2023-02-25 19:58:32.273839,series_8,3.829962311237227,0.5241216327734847
2023-01-08 06:45:40.730281,series_6,7.019266122936404,0.7075731398040335
2023-01-08 04:14:57.886750,series_6,7.484222457296482,0.671669624790945
2023-02-26 00:11:20.993263,series_6,1.3166231367305736,0.4020996178954944
2023-03-03 00:06:36.680723,series_6,9.121056548640205,0.5565353548283993
2023-02-24 19:44:27.342993,series_6,1.7280077637528946,0.4910091085510866
2023-02-02 19:09:11.644195,series_6,1.4865230791269202,0.4595387051523304
2023-01-27 14:16:25.810831,series_8,7.422049375756408,0.4296186851868413
2023-01-18 18:15:20.457658,series_6,8.096992921872832,0.8732160578551162
2023-02-13 22:53:41.052632,series_6,4.794075970280432,0.0
2023-01-19 14:51:56.181604,series_8,5.819623132629697,0.5979787360790123
2023-01-24 04:23:47.802154,series_8,9.318490047229115,0.4588326602805959
2023-03-14 06:51:05.069441,series_8,4.57134757374993,0.5245462044020807
2023-03-22 23:15:38.961685,series_8,5.831495223056934,0.9688076394824776
2023-03-22 07:29:43.428206,series_8,8.456786741178282,0.4929185237359637
2023-02-20 00:25:47.437232,series_8,5.334965592960175,0.6021877658972441
2023-01-04 13:05:26.324146,series_8,1.909453571745584,0.5465545704274996
2023-01-30 08:26:10.599976,series_8,0.2416844697427944,0.5113152928439626
2023-02-19 21:00:32.245833,series_8,4.506965798494951,0.725182859640191
2023-01-06 17:58:57.318983,series_8,3.789979749067848,0.5846704148122915
2023-02-18 10:37:06.440999,series_6,8.16699917833666,0.8180706239547413
2023-04-03 09:52:18.850487,series_6,9.70789288135246,0.6729426193128594
2023-02-09 08:48:11.596173,series_6,5.588942267834264,0.6868126129133576
2023-03-29 23:52:26.105885,series_8,1.307127636508396,0.7715446325954398
2023-02-11 19:28:07.663241,series_6,4.612078574607925,0.6436733406042777
2023-03-02 08:00:00.000000,series_8,6.292392905050889,0.0
2023-01-06 22:54:14.282094,series_6,1.3597588900239133,0.5258555081071538
2023-03-26 15:31:02.489575,series_8,3.920997625024613,0.8757875573463522
2023-03-02 00:00:00.000000,series_8,9.874170217849294,0.0
2023-03-15 15:45:56.930703,series_8,8.125532442868787,0.621071723612334
2023-04-04 15:46:41.922346,series_6,1.3230291281950746,0.5125298054245335
2023-01-08 00:25:38.251135,series_8,6.7445292699302986,0.8487770873462421
2023-02-12 23:28:36.269425,series_8,9.028325068731938,0.4142260725109691
2023-02-05 04:10:05.302839,series_6,3.821347763427248,0.8220474867803229
2023-01-16 03:48:25.832477,series_6,9.287736890660767,0.5378126246936514
2023-02-02 08:26:34.678948,series_8,3.502141706059617,0.8270615667812324
2023-03-02 06:00:00.000000,series_8,7.250209289580755,0.0
2023-02-17 20:28:13.613994,series_8,5.380498510941346,0.7952258368341412
2023-03-22 11:22:30.200626,series_6,5.896546560993107,0.4732832183588891
2023-02-08 04:55:01.181704,series_6,3.3909593464185592,0.4000377465291684
2023-02-27 15:15:15.487409,series_8,7.900755816099215,0.4856879013240864
2023-03-30 16:49:48.250340,series_8,2.752010517450719,0.9945214373813394
2023-03-09 20:30:47.594915,series_6,7.91086407390143,0.5438782490070954
2023-01-31 16:39:20.305482,series_6,2.8241794166502743,0.5594995206460467
2023-01-26 13:34:27.080930,series_8,9.691289938425172,0.7828983523530293
2023-02-22 20:12:09.343881,series_8,2.801767016297036,0.6501678978368763
2023-03-02 12:31:23.766100,series_8,5.980194024034734,0.535925974580893
2023-01-31 11:10:11.644745,series_6,2.006980900196944,0.5784969142923835
2023-01-04 01:51:22.291898,series_8,2.8439164541062323,0.6746304891286383
2023-01-03 21:41:59.965008,series_6,2.6211595903727347,0.6596931275473692
2023-04-10 12:00:27.429576,series_8,8.215028879867738,0.6946542333289437
2023-02-10 11:11:22.425465,series_8,9.337698040483296,0.6607517887808223
2023-01-06 08:52:19.646390,series_6,0.5430340445214477,0.7486870133784045
2023-02-26 10:00:00.000000,series_8,9.026721059246311,0.0
2023-04-06 16:05:56.765136,series_8,9.628404315958075,0.5027745985192141
2023-01-29 18:02:10.354597,series_6,1.4554900571423537,0.6216620182017427
2023-02-14 17:36:25.288673,series_6,7.680709850421513,0.549736029269571
2023-01-04 13:51:10.824751,series_6,3.70213667665434,0.9423521881845456
2023-04-11 02:18:17.551573,series_8,9.555024629876772,0.956269776574195
2023-01-27 20:15:34.028012,series_8,2.0477860042980955,0.9724092441121992
2023-03-15 06:35:17.922998,series_8,3.229504544487264,0.6709718548733082
2023-03-02 13:22:00.227742,series_6,0.4671531819314145,0.7979697472837652
2023-04-01 03:21:20.182680,series_8,3.0904589292182862,0.4261855624866643
2023-03-18 12:35:13.516402,series_6,5.390648739331483,0.6739033827483949
2023-03-07 04:17:12.075997,series_8,1.540988680012524,0.5790346643751856
2023-03-15 18:57:55.988501,series_8,7.912886553083974,0.520267137004628
2023-03-31 08:39:35.733752,series_6,8.672189602082614,0.6666454775841576
2023-01-05 21:28:30.476254,series_8,5.326140271149828,0.9986565932614464
2023-01-03 01:57:16.491138,series_6,1.8314873845874104,0.8762265056978613
2023-03-22 17:58:28.499454,series_8,3.4838136091116336,0.58041998620207
2023-01-26 05:59:00.117635,series_6,8.708108404179214,0.7240026534495414
2023-03-08 16:58:00.072001,series_8,6.741351814680571,0.5895980896835878
2023-02-16 06:25:15.789474,series_6,9.945326400686367,0.0
2023-01-31 23:25:38.869556,series_6,3.9477668626774607,0.7352927092965238
2023-02-27 09:48:35.808444,series_6,3.311675570752004,0.6196519636390585
2023-03-13 21:35:22.758075,series_6,6.968143590682482,0.7159755004892276
2023-01-02 09:35:03.646840,series_8,2.0772453477007105,0.7685965339388625
2023-03-25 12:07:24.867977,series_8,8.84346981597688,0.461351639442532
2023-01-02 09:01:23.029560,series_6,1.9632026601625263,0.9828628227728868
2023-02-28 07:43:42.589855,series_8,9.638657551849516,0.9619343029707912
2023-01-25 00:27:04.732814,series_6,1.4916168699938226,0.5638689087230961
2023-03-12 03:20:30.492887,series_6,3.5043558365718663,0.8315309737930489
2023-01-12 00:59:13.311820,series_8,6.13704241763855,0.9341087973430424
2023-03-03 00:41:59.648141,series_8,3.484466307989877,0.4882515794992851
2023-03-21 05:54:49.818817,series_8,3.2592354062647697,0.4447744184573571
2023-03-03 00:20:31.740866,series_6,5.522388544385257,0.5806843253064313
2023-03-30 06:58:13.033057,series_6,6.23119374196849,0.5772261899813595
2023-01-12 23:50:51.967418,series_8,1.7478217807332708,0.6288913465221887
2023-02-12 04:56:06.667443,series_8,3.294609127655397,0.565697638727007
2023-03-25 15:33:01.805786,series_6,6.993262700734853,0.6677205019452659
2023-02-08 17:59:11.474589,series_8,1.797326234741078,0.5946926334109877
2023-01-27 04:19:34.536189,series_6,2.9537203041446625,0.6115128772201065
2023-01-25 12:39:31.603254,series_8,1.8205413625567723,0.5248476588445837
2023-02-26 11:00:00.000000,series_8,10.090498148466612,0.0
2023-01-22 13:53:28.161160,series_8,0.4550837555996789,0.4925466358198357
2023-01-15 04:19:24.976532,series_8,6.193586779608693,0.7319104089561235
2023-03-13 11:16:18.647081,series_6,5.481691486657832,0.4931227469135961
2023-02-07 22:47:57.396680,series_8,5.761900521571274,0.7777649306730787
2023-03-10 02:25:26.391927,series_8,7.628274870759633,0.8278425896186636
2023-03-17 05:23:10.525764,series_6,3.6987354817024474,0.9615348955809356
2023-03-19 16:31:38.803772,series_6,5.670880989645186,0.6852835135686057
2023-04-08 21:01:05.270239,series_6,9.656634153383282,0.7191453511317981
2023-03-10 10:38:02.243764,series_8,4.759939229869947,0.4718916689784497
2023-01-06 17:37:43.046620,series_6,6.428642157502594,0.7483473961054674
2023-02-01 19:02:38.264463,series_8,5.681555932450073,0.6631435051113521
2023-01-07 17:15:59.891306,series_8,1.7957508579777626,0.4436457914428422
2023-01-07 18:25:20.664173,series_6,5.758501137808624,0.5683757605646809
2023-01-01 19:47:43.296113,series_8,3.3603248852464693,0.7831345042013336
2023-03-22 01:27:09.212354,series_8,3.3856765711506087,0.5220956087500291
2023-02-28 14:35:38.520741,series_6,4.081010613305236,0.6311509631899115
2023-03-01 18:11:56.225660,series_8,9.662305268206628,0.5463752861123824
2023-02-03 04:07:20.657068,series_6,5.76352782312441,0.7145503328174267
2023-01-03 07:26:59.521356,series_8,1.0997966059700317,0.8379897702768033
2023-04-07 07:55:10.907470,series_6,0.5067165032935594,0.8431329579821959
2023-03-07 03:50:05.826553,series_8,5.51050933093924,0.8855490705800316
2023-01-05 22:23:19.664752,series_6,3.778632795055636,0.6439706833595775
2023-03-25 08:45:03.144099,series_6,4.460762604522337,0.7389666038067566
2023-03-08 18:04:16.483915,series_6,7.853629960345289,0.7379324666143303
2023-01-02 22:16:02.092691,series_6,9.837789229976933,0.9012360517545944
2023-01-22 23:46:29.201331,series_6,3.9587219202980393,0.6695527179944413
2023-01-28 04:09:54.679958,series_8,6.954127199325512,0.8148663807983447
2023-03-05 01:09:38.944604,series_8,6.006341166524926,0.7607728620026923
2023-02-25 15:43:10.092908,series_6,1.3465296361455592,0.6920765975261675
2023-03-21 13:19:54.011532,series_8,5.992365005754039,0.6013169396257574
2023-02-11 13:24:19.382711,series_6,1.995817872871172,0.9636190606538624
2023-01-11 02:50:15.375781,series_6,2.6055398610058047,0.4858307255128949
2023-03-31 01:35:53.951755,series_6,1.4421695252210875,0.4582199948601742
2023-03-26 06:50:21.723564,series_6,5.279698646987594,0.7071368774706059
2023-02-18 20:23:50.419307,series_6,5.368641337807052,0.8230361921886882
2023-03-01 17:02:10.027050,series_6,0.9254774094789452,0.6247130054679485
2023-04-04 08:51:35.319378,series_6,6.739641685997891,0.6777348717199335
2023-03-18 15:49:43.477376,series_8,8.043096549182119,0.8191263506084285
2023-01-09 12:51:24.955850,series_6,4.018529926282948,0.8113735952698571
2023-01-05 00:39:53.777330,series_6,2.2767482201105405,0.9337762745427574
2023-01-16 16:02:47.255745,series_8,0.5392607789363912,0.4685764967361445
2023-02-20 22:37:52.650218,series_6,8.889573607471991,0.5883117813321994
2023-02-07 16:54:32.737645,series_6,7.770329122721017,0.7540354876103721
2023-02-02 23:25:57.134681,series_6,5.444027484669094,0.7413058159462462
2023-02-21 03:17:46.079093,series_8,3.857541870404965,0.9659762089622348
2023-03-13 02:36:24.282916,series_6,3.5028235148308395,0.8721422293636374
2023-03-21 19:43:09.752156,series_8,7.869841390999369,0.4774220179093733
2023-03-25 01:21:18.609910,series_6,9.251586864117517,0.4212553692786118
2023-03-29 14:52:58.375304,series_8,8.948802222562405,0.927715698360316
2023-01-05 15:56:27.623732,series_6,2.779922134966708,0.5662446203993413
2023-03-24 03:20:43.799516,series_8,2.8184446307393705,0.7119578027113587
2023-03-05 20:11:10.779500,series_6,8.557776263120513,0.5396332571236154
2023-01-28 00:11:36.624755,series_6,1.201661468397064,0.5698360931977219
2023-02-18 11:46:05.916368,series_8,3.704564226734126,0.4377145965163477
2023-03-25 22:11:00.561516,series_8,0.0512366564599398,0.6923164208013566
2023-01-23 07:26:36.793184,series_8,6.454378142322701,0.5700993771556836
2023-01-13 07:50:33.562846,series_8,0.6446138185087025,0.7255126765153992
2023-01-21 01:33:46.867495,series_6,5.230144237263222,0.6762863829629742
2023-01-13 20:10:17.297278,series_6,3.120113132487632,0.7162240041392651
2023-01-08 10:35:50.807341,series_8,7.672171976836079,0.4544179491213989
2023-03-21 07:20:24.920018,series_6,0.3946693392882061,0.6712117111641753
2023-03-11 23:37:33.276826,series_6,6.824941819126837,0.7169819416979231
2023-03-07 19:48:40.654039,series_6,3.266933936148825,0.500499082866424
2023-02-24 23:49:26.981239,series_8,1.34646566306154,0.683705191258291
2023-01-19 10:15:14.627332,series_8,0.9595169251693992,0.9372612197500394
2023-03-29 14:52:51.673803,series_8,8.858919924496593,0.5672094599518279
2023-03-10 21:17:59.475146,series_6,2.248882406871445,0.4342826622807104
2023-02-07 07:14:03.038048,series_6,6.513662489561445,0.9451432430319656
2023-03-14 07:55:53.043406,series_8,0.1827442554018232,0.9260807150249346
2023-02-12 18:29:05.926372,series_6,6.002313508862987,0.926779683886144
2023-01-03 19:23:37.293666,series_8,0.9420800202481028,0.6259581173531513
2023-01-02 06:14:57.810884,series_8,6.139688492630032,0.860721591051465
2023-01-07 11:49:41.119232,series_6,4.612212274432757,0.9789542564124016
2023-02-16 19:32:04.395750,series_6,7.566318366907926,0.4246413784869669
2023-01-06 05:42:06.150698,series_8,9.049157573100986,0.5872514172381842
2023-01-22 12:35:31.409917,series_8,4.919667489566657,0.5645839543978615
2023-03-10 20:31:46.133379,series_8,5.70853284889902,0.6727748516985484
2023-01-13 04:34:39.804644,series_8,8.349829645706494,0.8715021591051719
2023-02-26 00:12:52.302239,series_8,0.4083394588379374,0.8789084298542333
2023-04-08 13:33:05.510073,series_8,9.706073418705564,0.9144295809396468
2023-03-18 14:43:56.684841,series_6,5.247263343875658,0.8883613988001333
2023-03-07 15:28:46.449923,series_8,0.3000838636612646,0.8538097902213284
2023-01-05 10:03:30.930004,series_6,7.811835081003248,0.8155601770832366
2023-01-03 15:19:23.061917,series_6,3.986978893188713,0.7335418907526857
2023-03-03 17:56:57.962213,series_8,9.675987846862668,0.9563234197920067
2023-01-16 07:55:35.041246,series_8,5.996527699279187,0.9050133194705976
2023-01-13 07:03:14.538022,series_6,4.3702101125017965,0.888437866652048
2023-02-26 02:00:00.000000,series_8,1.7868821092123677,0.0
2023-01-14 03:22:24.629593,series_8,0.7436772313288476,0.9169056399440814
2023-02-17 23:38:59.384907,series_8,6.112741481735807,0.7223575272064211
2023-04-10 14:54:23.535034,series_8,1.5804531589172377,0.8469405607642904
2023-01-06 17:34:04.318147,series_8,7.048353346569394,0.5253059531729388
2023-04-03 20:55:47.406767,series_6,4.431341179637503,0.5952832677850957
2023-03-09 00:34:47.330760,series_6,8.035036577467762,0.982578563821926
2023-01-13 07:26:01.601578,series_8,9.530692012387943,0.7241467362699028
2023-04-06 22:34:54.095366,series_6,5.25136360484874,0.7901171271895002
2023-01-27 20:02:32.309778,series_6,8.3188747405242,0.8454523886895575
2023-03-14 20:39:06.464169,series_6,8.35143159486356,0.7374688594171936
2023-02-19 19:17:27.772388,series_6,2.037876257604272,0.9951599930543376
2023-01-20 14:36:50.323792,series_8,5.357126261302231,0.7612140746471756
2023-01-12 07:38:15.121799,series_8,4.79832848156446,0.5019855501051077
2023-01-18 20:42:06.388816,series_6,0.0082995982931977,0.5511469175179243
2023-02-17 05:05:37.772746,series_6,0.0593000669548293,0.69230025730844
2023-02-19 21:35:52.450098,series_8,7.661669140437891,0.8765778704552419
2023-03-14 23:41:19.293035,series_8,2.3526414187265554,0.4209825825677155
2023-03-29 23:26:53.822427,series_8,6.973028538593962,0.5865588875146244
2023-03-02 23:00:00.000000,series_8,10.112710191086675,0.0
2023-02-27 05:44:54.992428,series_6,0.1866004070267835,0.4084319044498823
2023-02-20 19:14:42.925354,series_6,4.490355006201684,0.7219658347697571
2023-01-11 11:27:40.964927,series_6,7.459605325301718,0.7879546083707151
2023-02-09 12:20:55.009193,series_6,2.2063900639367864,0.4264688736922891
2023-02-15 23:38:42.089201,series_6,6.416107104097396,0.960760575999177
2023-02-09 13:31:13.584047,series_8,8.616545167347105,0.5215463137653333
2023-02-04 17:18:28.470073,series_8,8.512501804905924,0.5877247508420098
2023-01-28 04:35:09.619488,series_8,6.017863893253238,0.9026736674019172
2023-04-02 19:52:45.846678,series_8,5.176208952087142,0.7131805155964395
2023-03-04 04:18:41.882000,series_6,7.123978856104306,0.5870670508000848
2023-03-20 16:55:40.426600,series_8,6.305514742264291,0.5036913276596526
2023-03-31 14:21:54.165054,series_6,6.5452802905538245,0.5414714897427856
2023-02-21 00:25:49.956966,series_6,3.876788110929204,0.5035877733318318
2023-03-20 19:38:55.169447,series_8,1.818931019417871,0.854805329577984
2023-03-10 05:05:51.319578,series_6,6.529849344216019,0.8662157512813355
2023-01-22 18:52:11.510968,series_6,5.995023253583086,0.675579725897901
2023-02-19 20:08:46.566891,series_6,3.2131682402359427,0.7902795605840203
2023-03-11 00:07:16.453105,series_6,5.660749210968695,0.627176450001157
2023-03-06 01:12:57.561493,series_8,3.301635074139311,0.8620186741819273
2023-03-10 15:02:00.488613,series_6,3.7912084972112,0.986487178919898
2023-03-06 15:14:40.749946,series_6,5.119381444969774,0.5017091363027725
2023-02-13 12:16:48.059998,series_8,4.23751444301352,0.4777004705910868
2023-01-17 21:41:09.089687,series_6,7.8945084531448275,0.870920808349708
2023-04-10 13:49:52.347731,series_6,4.523112013098226,0.649161866813066
2023-03-24 01:33:20.992034,series_6,9.926830456686908,0.5048210614144122
2023-03-15 01:55:39.659671,series_6,1.494360932678579,0.8654857118432093
2023-03-10 05:06:19.851358,series_8,8.845483108318247,0.9321460839353464
2023-02-27 13:01:25.289680,series_8,9.017313872033274,0.6678654570154055
2023-02-28 06:42:44.765548,series_8,5.867024226691841,0.6558713650869672
2023-03-30 20:44:37.441336,series_8,8.074670863583366,0.57748894988674
2023-01-15 14:06:36.802346,series_8,0.6364426799199907,0.9183670006588892
2023-01-02 22:58:03.430321,series_8,6.693700384613561,0.7769835410629979
2023-01-29 09:53:07.944007,series_8,5.050365666906707,0.9368718082492692
2023-01-24 17:16:19.925579,series_6,1.3610713616537629,0.8726065019514387
2023-02-08 06:44:50.230964,series_6,9.044177896038493,0.59781009163686
2023-02-11 19:20:23.867016,series_6,8.826843995430986,0.6280398222067438
2023-01-11 07:07:31.363999,series_6,6.4637885735270455,0.5716382430136412
2023-03-22 15:16:28.410928,series_8,4.3191487713051,0.811228654679214
2023-02-03 05:32:31.811886,series_6,3.372691463671167,0.8185493280269863
2023-02-28 04:48:43.466070,series_8,3.928232689294696,0.5291466028147612
2023-01-08 05:14:06.908739,series_8,3.374187520603671,0.4473382654830108
2023-03-10 13:24:36.177270,series_6,1.2949419718715394,0.6506953584893092
2023-02-11 16:25:15.789474,series_6,4.913770170008597,0.0
2023-02-19 12:18:29.579182,series_6,9.146817081828903,0.8768142277368914
2023-01-28 16:47:27.466453,series_6,3.4122001304124847,0.7727719157627837
2023-02-25 11:33:48.774419,series_8,1.9488809518836223,0.8424238445894608
2023-03-07 22:14:15.281822,series_8,7.117911737501993,0.9699002210323318
2023-04-10 06:58:46.117245,series_6,7.721420008588433,0.9815970796924628
2023-03-13 00:31:21.246147,series_8,5.260542404533463,0.8971143696079416
2023-02-18 05:56:03.643625,series_6,4.098015161217468,0.8691745391758008
2023-02-15 07:00:51.465935,series_6,1.870310737940114,0.7225831278522449
2023-01-06 09:10:37.081909,series_8,0.8321451256086698,0.4870688967322258
2023-02-13 03:11:58.277472,series_6,2.9566456321030845,0.669684057113995
2023-01-02 00:08:53.206646,series_6,3.4809858011687576,0.8829156004980945
2023-01-04 09:13:31.021958,series_8,0.1576172181448132,0.7824874600866574
2023-03-19 18:02:11.501280,series_6,1.6080027100858818,0.6555078691501477
2023-04-09 10:36:10.084328,series_6,9.074397461526027,0.5634700079847998
2023-03-25 12:30:11.689782,series_6,5.38153101530845,0.5745236179831495
2023-04-05 01:32:35.779662,series_8,3.387326939435394,0.948310395490754
2023-02-23 11:24:28.116407,series_6,4.700995035455913,0.9868128571966636
2023-01-04 17:55:35.559367,series_6,5.101797249359301,0.6346623320153215
2023-02-11 13:09:28.421053,series_6,10.058424794110117,0.0
2023-01-20 08:54:02.260974,series_8,9.502121989713151,0.5223869012808077
2023-02-26 17:54:32.323448,series_6,3.63326437591569,0.5053088229166475
2023-03-26 21:11:32.732116,series_8,1.1921091640214787,0.6343476372434912
2023-02-26 12:00:00.000000,series_8,10.096503337511466,0.0
2023-02-18 09:35:15.751428,series_8,9.244540327637988,0.902105954124792
2023-02-11 04:06:18.947368,series_6,5.348802314837145,0.0
2023-02-10 00:15:45.039338,series_8,9.34431430046032,0.419735964171237
2023-03-10 00:30:54.273892,series_8,6.3805288857695786,0.9325964009084414
2023-01-03 15:06:38.149719,series_8,1.931180623754212,0.8339469948469347
2023-01-13 07:26:48.112735,series_8,1.4309632281037954,0.805886653506542
2023-03-27 04:45:00.985379,series_8,4.122467639456055,0.4504928851389591
2023-01-31 01:29:08.378813,series_8,8.709754257264988,0.6010436169338554
2023-03-20 21:02:27.744214,series_6,1.278933433624413,0.707256381818786
2023-01-11 22:25:05.978781,series_6,4.10843831092628,0.9053947538434548
2023-01-08 03:28:44.873131,series_8,1.5443777031174688,0.8747702481305961
2023-03-21 22:23:23.895028,series_8,7.0297591961029084,0.6970563128879437
2023-01-03 16:21:36.730537,series_6,8.996225114054411,0.4869000177589906
2023-01-24 04:20:43.869361,series_8,7.031834906449831,0.678525818284724
2023-01-26 00:44:11.560488,series_6,6.056454511563071,0.731175624505709
2023-01-16 17:48:31.174462,series_6,6.58885126938059,0.5106070745051077
2023-02-20 12:29:00.404506,series_8,3.1633394345804247,0.7640735428584755
2023-03-05 13:58:45.329178,series_6,9.371583094763364,0.7816742382762916
2023-01-16 00:37:50.940664,series_6,8.50275297197696,0.5091883124206835
2023-02-13 06:27:43.031417,series_6,4.30555407818118,0.7380703086967164
2023-03-21 09:56:12.354656,series_8,7.4404925230051955,0.7708598720749098
2023-02-20 17:14:38.915611,series_8,4.275890356399211,0.7408462166283085
2023-03-01 20:32:43.636364,series_8,4.649166361043599,0.0
2023-01-26 23:22:57.228653,series_6,2.984958108735784,0.8543379365200632
2023-02-19 15:06:32.689020,series_6,4.287079293470044,0.6133816226402609
2023-02-13 04:44:12.631579,series_6,4.980471199720722,0.0
2023-02-08 22:27:09.324316,series_8,3.7749917640154393,0.853134843012133
2023-02-12 04:01:41.071925,series_8,1.609011276702761,0.9306248543992504
2023-03-10 12:43:17.307086,series_6,8.434969747506184,0.8918196497718534
2023-02-10 09:37:18.092972,series_8,9.191713257091877,0.4911357286711145
2023-02-09 22:25:46.073107,series_6,7.703863143271627,0.907985710657952
2023-04-08 00:45:38.151134,series_6,0.5927154468582763,0.5903206608866933
2023-01-21 19:10:29.738148,series_8,3.560302132331889,0.8268466951421116
2023-03-09 21:17:12.681089,series_6,6.652813523234331,0.7165749835609456
2023-04-11 20:57:30.272428,series_6,0.761555211513979,0.9628475828832213
2023-01-14 06:31:26.118826,series_8,3.373138734486274,0.9681033403962812
2023-01-07 15:52:24.465065,series_8,9.761990372090928,0.9509347961694354
2023-02-11 16:43:39.694505,series_6,1.2928646583996362,0.8607520234685189
2023-01-01 19:13:01.413519,series_8,4.506436629349801,0.6869202608689502
2023-02-12 07:38:14.212424,series_6,1.8343785432470805,0.5340131955890006
2023-03-10 04:48:20.587515,series_8,1.423155509715236,0.9730091958104716
2023-02-24 01:03:41.435800,series_6,8.869692790999396,0.6305227121224842
2023-01-19 20:08:13.668905,series_8,3.1539175314573207,0.4039766211786295
2023-02-26 10:44:05.549427,series_8,2.2607504187248697,0.4639975787556333
2023-03-28 06:00:27.131021,series_8,3.8732052797560814,0.5762348798769035
2023-02-27 17:10:54.545455,series_8,10.437782551146617,0.0
2023-02-26 06:24:41.430573,series_6,1.9209771351271032,0.8241038457228185
2023-01-25 03:57:06.801886,series_6,3.869038864111165,0.4757126588580402
2023-03-09 22:07:14.382586,series_6,2.724464049980072,0.7336316425892444
2023-02-14 11:00:00.000000,series_6,5.054710893381757,0.0
2023-01-25 21:07:47.512831,series_6,2.3004157108191867,0.4311717023145427
2023-02-03 07:20:51.772441,series_6,6.994201673468188,0.8921689481345385
2023-02-03 22:25:37.932903,series_8,5.0137344485200845,0.8854320979641574
2023-03-10 07:25:18.546149,series_6,5.206411415861355,0.5713285311796792
2023-03-21 22:45:51.495500,series_6,3.123899501415446,0.6167753516860861
2023-03-01 05:52:31.362923,series_8,3.3275191300098914,0.4617353688899488
2023-02-10 00:09:16.068399,series_6,1.961958883838718,0.4044948743836482
2023-01-04 21:51:47.745967,series_8,2.167938846820156,0.7120004661459596
2023-04-08 05:52:51.847637,series_6,9.919850387491277,0.5932308988347081
2023-03-30 18:24:43.226597,series_6,7.396159564397426,0.9729932426047032
2023-01-03 19:56:47.287565,series_8,6.276097249704007,0.9939785530782012
2023-03-07 20:39:32.548971,series_6,5.70273664815134,0.7447132706553172
2023-02-02 15:53:16.146386,series_8,6.077569006638712,0.9102231053846076
2023-02-01 23:04:53.847128,series_8,4.748790707788593,0.9225218776252362
2023-01-24 09:27:10.524267,series_8,3.381143837855032,0.7855010525116068
2023-02-13 00:18:25.465249,series_8,9.557494768444275,0.9444757376231504
2023-01-06 02:50:49.293294,series_8,9.44247987533952,0.5967422739950179
2023-02-26 04:00:00.000000,series_8,3.815585353973984,0.0
2023-01-11 17:08:37.434778,series_8,6.899181890832421,0.4693338864970785
2023-03-27 05:21:05.359433,series_8,5.628585084492118,0.4273870897669953
2023-01-06 15:46:50.705355,series_6,6.970308771383676,0.709005728478614
2023-04-01 09:27:25.828896,series_6,8.622617941502916,0.6121117448866027
2023-01-19 03:22:08.759719,series_6,5.634520244553352,0.6161543196210743
2023-01-14 16:15:13.799889,series_8,8.572661161315363,0.4740206593184182
2023-03-11 21:10:50.910155,series_6,9.665200087155627,0.9098307398743244
2023-03-27 13:29:15.275845,series_8,4.216431009887075,0.9180594404492668
2023-02-02 07:24:49.219100,series_6,7.409169764569107,0.8478419651281821
2023-02-20 11:27:30.796570,series_8,6.369100116005026,0.9467494161940706
2023-02-15 21:50:31.578947,series_6,10.044644980244712,0.0
2023-01-21 09:29:48.294256,series_8,8.675720728086127,0.8800696819327181
2023-01-16 20:50:32.075734,series_6,7.223883326431398,0.8863711656891278
2023-03-02 06:39:12.963828,series_8,7.477208408504983,0.9765951088535032
2023-02-12 09:06:56.358354,series_8,6.185404441220798,0.5136055349137374
2023-02-07 17:47:44.783301,series_6,6.477858754762494,0.7908794261590933
2023-02-19 09:48:08.946533,series_6,7.343649391122647,0.4615811479071427
2023-02-10 07:00:00.000000,series_6,3.754167130059562,0.0
2023-02-26 08:22:06.252817,series_6,7.225586989353706,0.7377337872994068
2023-04-08 04:55:12.577149,series_8,7.291049885633553,0.8703569483311882
2023-01-27 23:16:29.102337,series_8,5.7373085197698135,0.7147533417125413
2023-01-14 10:34:26.989659,series_6,4.809498544998209,0.5959908032569485
2023-01-05 17:40:42.493477,series_6,1.6352835857897718,0.8789605996944343
2023-02-10 00:28:01.626615,series_8,4.982255135648996,0.657091880172071
2023-01-23 18:34:09.214731,series_6,0.8544198908505896,0.702669335850264
2023-02-20 15:22:51.012214,series_6,4.910250216113355,0.690824198181839
2023-03-08 18:46:45.111266,series_8,0.4533940804856806,0.7456614279778704
2023-02-25 20:03:11.668658,series_8,2.440100750114044,0.4805003065006613
2023-02-06 02:40:44.688758,series_6,9.466516379275149,0.583976971684592
2023-02-08 07:35:25.889301,series_6,1.057655948183458,0.601574382965419
2023-01-17 19:58:36.963998,series_8,7.062712665218834,0.8594274010306265
2023-01-11 01:16:29.506969,series_8,3.93014250098765,0.8750750018672279
2023-01-07 23:40:57.142473,series_6,4.854744095846622,0.594210621060339
2023-01-11 04:29:07.027589,series_6,5.193949763346566,0.6099096684988313
2023-01-23 18:16:49.739566,series_8,2.357029182379,0.9978145595007916
2023-03-17 14:06:01.785811,series_6,8.696917489869806,0.7485326814802902
2023-03-12 08:08:26.789775,series_6,6.961566359335225,0.7332242268181548
2023-02-07 17:09:00.458733,series_8,2.281880452148286,0.5466697516341752
2023-02-01 15:18:39.893898,series_8,1.726893873372196,0.5214792771819926
2023-03-17 06:07:45.603615,series_8,5.665644196685417,0.5564125902200847
2023-03-18 06:23:50.737959,series_6,7.261929135916882,0.8845733261241008
2023-01-13 20:16:09.404504,series_6,3.2342519347636323,0.8220233555344405
2023-02-10 06:00:00.000000,series_6,3.186784975386836,0.0
2023-02-09 11:00:43.419837,series_6,2.922195456302496,0.6674365092159869
2023-04-08 07:46:29.185990,series_8,4.680087535281091,0.9443295408723176
2023-03-27 17:52:29.075503,series_6,1.166967842482921,0.5601642160008813
2023-02-10 20:24:13.762118,series_8,0.5228397397217099,0.4060833270704705
2023-02-15 05:15:19.983722,series_8,5.443506303576728,0.8496574080718924
2023-03-02 22:54:46.137968,series_6,3.688051928625285,0.9957462415008532
2023-01-26 23:18:38.062307,series_8,2.3504024208482144,0.5232472653890211
2023-04-03 07:01:18.763761,series_8,0.0684823073434937,0.4009651933705479
2023-03-25 01:31:29.531729,series_6,9.015914461778207,0.895702744142088
2023-03-22 07:45:09.854295,series_8,2.467552077455939,0.6259016111872446
2023-04-01 07:23:19.797773,series_6,7.94408445334731,0.8527848287115304
2023-02-10 13:00:00.000000,series_6,6.56670885232964,0.0
2023-03-18 18:15:15.193337,series_8,8.756743754050069,0.4503648756600402
2023-03-21 22:33:28.190385,series_8,5.352381312903472,0.961958182818882
2023-01-26 17:02:53.847316,series_8,7.845363839010881,0.499667876471293
2023-03-11 23:53:18.602369,series_8,2.5294321483631133,0.7039309590202427
2023-01-28 06:45:39.267757,series_8,2.322903649162206,0.5923007027871718
2023-03-07 03:26:09.837912,series_8,5.111017859476075,0.4056675554147445
2023-03-18 23:03:58.589674,series_8,5.745438871447068,0.9775538181984575
2023-03-30 06:52:51.576133,series_8,7.537141400046643,0.430295906059699
2023-03-20 13:45:26.941406,series_6,6.699273153222619,0.6424170947263741
2023-02-19 17:28:25.052273,series_8,5.510297369971093,0.6271297064616943
2023-03-03 03:47:29.833803,series_6,6.518008929523611,0.5660717094567038
2023-01-06 21:46:20.494667,series_6,9.419377634278746,0.6562092237144438
2023-03-22 01:23:43.156688,series_6,2.4478364777352524,0.8762266502442242
2023-03-09 12:19:29.556786,series_6,9.22631450261919,0.6702555638931611
2023-03-22 12:13:02.512180,series_8,5.521358242542142,0.9605926078290208
2023-03-27 01:09:13.162204,series_8,8.521204933128354,0.5916890366706931
2023-03-11 03:43:17.643754,series_8,6.634309013914502,0.7517639846333646
2023-04-07 13:02:06.406999,series_6,1.7734205691913485,0.8009289462521025
2023-02-04 19:34:34.368579,series_6,8.043740076469591,0.4947235241033922
2023-01-05 06:31:41.334219,series_6,4.407396093739862,0.9932556978164422
2023-02-04 06:03:24.566864,series_8,5.722138156629628,0.8938501006036054
2023-02-24 19:46:12.096066,series_6,6.503431160668183,0.5724754962320664
2023-01-08 18:54:18.500121,series_8,8.270359753638918,0.4774000983646608
2023-02-16 18:46:59.897737,series_6,0.7654620890431196,0.565701438626406
2023-03-13 14:47:18.252941,series_6,3.47418087569228,0.4164655279655631
2023-02-28 11:10:18.927520,series_6,9.732671472631862,0.6175686474641171
2023-02-08 19:48:57.157526,series_8,6.874870473793202,0.9531320491445556
2023-01-13 10:52:14.384267,series_6,4.931098510539705,0.9262373608827592
2023-02-07 08:23:26.230535,series_6,3.627023709061073,0.6037601396578448
2023-02-10 12:00:00.000000,series_6,6.341519224931626,0.0
2023-03-07 09:08:42.849485,series_6,6.985390763701727,0.7490752474028017
2023-01-26 05:12:18.419269,series_8,8.221130031932248,0.8355308922320241
2023-01-26 05:51:16.658623,series_8,6.300540053678843,0.4240125774107112
2023-02-17 12:22:34.739692,series_8,7.857350443654839,0.7498376120880765
2023-03-06 15:15:55.912283,series_8,2.9276963650484022,0.5590177468260435
2023-03-04 11:15:24.598709,series_8,8.0318881230863,0.4409602820605502
2023-03-18 02:59:27.363366,series_6,7.792749838972167,0.7329708208599945
2023-02-15 09:35:19.479729,series_8,0.7836023324702157,0.5400521127885458
2023-03-24 01:55:28.085714,series_6,3.1639576002566527,0.7553273045427191
2023-03-14 08:47:23.023248,series_6,1.1500484242362707,0.9865416211623704
2023-03-25 07:07:13.042454,series_8,4.256287551512727,0.4207563578204818
2023-03-31 08:57:49.863810,series_6,8.90413359550543,0.9904168642732278
2023-02-26 16:09:25.037190,series_8,5.287325901039718,0.503433700382188
2023-03-20 15:42:57.783250,series_8,6.216730790965529,0.4624792732313507
2023-02-01 13:12:32.654594,series_6,8.678866680931181,0.5352714800776797
2023-02-06 23:22:42.409280,series_6,6.913462308310518,0.4775666941245545
2023-01-31 19:43:56.994395,series_8,1.5553548367921188,0.4767077492495168
2023-01-04 02:55:12.587032,series_8,9.609472768649054,0.8988200610767558
2023-01-24 04:46:34.769933,series_6,6.071366031934604,0.7791102450293355
2023-01-20 00:14:06.078248,series_6,4.23610769549825,0.5914439959870423
2023-03-10 03:58:21.782307,series_6,8.82409714897203,0.5975122529319835
2023-02-11 14:53:41.052632,series_6,9.939523425166096,0.0
2023-02-12 21:44:46.105564,series_6,5.019786794309736,0.4555339686204975
2023-03-27 01:44:05.662040,series_6,3.569042497444027,0.6961988113130985
2023-02-24 22:55:42.111967,series_6,9.165726555299786,0.8463906055440451
2023-01-10 10:42:02.358894,series_6,8.214322552511666,0.8159164731971762
2023-02-27 22:40:24.830942,series_6,6.0618754339175975,0.9367644560602896
2023-02-24 07:56:59.345303,series_6,5.405609527849116,0.4164983733665198
2023-01-23 08:09:48.542535,series_6,3.148013221688198,0.97656127068113
2023-01-18 02:36:05.256883,series_8,7.617532158959136,0.6691937215552426
2023-04-06 22:57:48.427927,series_8,5.670174508782021,0.4145805123312721
2023-02-03 21:49:16.828210,series_6,7.589100040866298,0.6701477877929312
2023-04-06 16:49:12.101317,series_8,5.03611212259619,0.5010474555415951
2023-01-07 07:27:20.962672,series_6,3.547810125145464,0.4613081997621316
2023-01-14 19:16:08.189315,series_6,6.035241599805909,0.4492788034906072
2023-03-17 06:48:50.235144,series_8,0.0089127972057478,0.9095100049829168
2023-02-12 01:45:14.547004,series_8,4.669054279676682,0.5676932350634831
2023-03-04 09:42:37.631922,series_6,2.305330210458344,0.8341002978695624
2023-04-10 05:43:52.315726,series_6,1.56942434473471,0.7395864376519292
2023-01-20 08:01:24.583224,series_8,2.939697782396445,0.5379683684662268
2023-02-18 05:31:21.036433,series_6,4.511813464368391,0.4687291481867295
2023-01-13 14:54:02.061895,series_8,5.121085594436065,0.5472223079384873
2023-02-11 22:28:25.263158,series_6,4.538137954741723,0.0
2023-02-22 23:16:37.961467,series_6,8.511635647917599,0.6145092410338922
2023-01-22 06:35:19.030599,series_6,3.2391070064379788,0.6217996962440263
2023-02-01 15:07:34.884909,series_8,0.2452816209147157,0.4489264618814249
2023-01-04 07:40:33.940123,series_8,4.0282907025719314,0.9706940577304036
2023-02-13 14:30:30.943390,series_6,8.590093869395814,0.8376605567038933
2023-01-25 00:17:00.441917,series_6,7.706012080455654,0.6570531649091061
2023-03-04 04:44:09.556854,series_6,2.4883147693859287,0.5214155986667982
2023-01-24 14:45:56.587449,series_8,5.380158848936073,0.6654829447264013
2023-02-28 22:21:49.090909,series_8,9.988151122788311,0.0
2023-02-28 09:00:43.086171,series_8,8.265936143137374,0.9585415295430328
2023-02-09 01:52:01.275274,series_8,4.6817000771473305,0.4321358909090755
2023-03-29 21:57:05.123079,series_8,3.2672748757437637,0.4687522252061268
2023-02-10 02:17:03.503993,series_8,4.893427506239394,0.4872552367177407
2023-04-08 03:55:01.146820,series_8,0.7570547458871324,0.707611190210989
2023-01-14 00:02:09.208102,series_6,8.292222078299073,0.5882589692714979
2023-02-11 00:25:34.760041,series_8,3.2417284310534447,0.8646759817559739
2023-02-26 04:26:37.359717,series_6,3.8930571829956175,0.6065851486036041
2023-03-09 07:37:20.809107,series_6,4.723800552595589,0.7607401566567029
2023-02-23 15:22:39.878442,series_6,7.1036451080702046,0.4372835008540092
2023-02-02 20:20:09.823711,series_8,4.573259775516409,0.73316705629763
2023-01-16 13:18:01.912581,series_8,9.434779949672746,0.6659732641971525
2023-04-03 11:34:19.138007,series_6,6.298376645352363,0.9585442859407084
2023-01-14 07:24:42.879481,series_8,5.6768134867475535,0.7260347323476257
2023-03-16 17:34:56.995398,series_6,2.609176045354221,0.4634541534623914
2023-02-26 03:01:47.062091,series_8,5.974578059802932,0.9899384312625276
2023-02-26 18:27:57.400549,series_8,2.9243181087727264,0.9855224001618788
2023-02-02 21:57:33.910205,series_6,9.77795382335762,0.9848239478732702
2023-01-26 04:45:32.721473,series_6,0.9852818864540648,0.9292837624572376
2023-01-29 09:42:32.087748,series_6,2.1701937144701136,0.8629308290440945
2023-01-14 04:43:16.715281,series_6,1.9320716938247484,0.9504698373623994
2023-02-05 11:58:36.334387,series_6,3.040329325608784,0.8232568865951255
2023-01-18 11:51:51.557670,series_8,8.795438281489139,0.7867662923294323
2023-02-08 07:08:39.058065,series_6,5.397214831634219,0.5573379762627104
2023-03-15 01:44:29.463244,series_8,7.770913411175998,0.8266344330046198
2023-02-10 16:00:00.000000,series_6,5.145821053690579,0.0
2023-02-09 19:00:31.713727,series_6,5.846499044881187,0.7699530664665187
2023-01-28 15:10:30.524185,series_6,4.034915545298183,0.5050059351343122
2023-02-24 09:06:39.509673,series_8,5.480885830843531,0.8760237322215936
2023-01-08 22:10:24.765995,series_8,1.5407859261862789,0.7579576466664197
2023-01-02 16:16:11.374328,series_8,0.9358959832276924,0.4427230861950439
2023-03-28 23:18:11.303978,series_6,6.419730043702484,0.9130933112910112
2023-03-27 15:09:04.099853,series_8,9.35109744216372,0.6250620406675303
2023-02-09 07:34:47.902376,series_8,8.527165991507601,0.8137146987798438
2023-03-22 18:00:49.670856,series_8,4.967250884878406,0.4550022450608591
2023-02-10 11:48:03.546959,series_6,1.2901808441074436,0.9010021594078144
2023-03-20 05:30:07.258855,series_6,5.550473067146399,0.7996472048130485
2023-01-26 21:56:07.722612,series_8,8.886770177274844,0.8358081339595682
2023-01-02 15:24:50.061637,series_8,7.803230934466922,0.4808109207869444
2023-02-24 11:45:56.381782,series_6,7.318684217449554,0.5041650412003417
2023-04-01 11:25:25.154953,series_6,3.627636197591388,0.8248425427293493
2023-01-18 05:49:03.176745,series_6,5.857042665884346,0.8393172834279594
2023-01-14 01:11:40.880154,series_6,4.557763064477385,0.9267683044662806
2023-01-27 01:32:30.128139,series_6,3.040088218445097,0.8839572185608655
2023-02-13 21:05:39.713422,series_6,5.805907793253678,0.6025661114093315
2023-04-01 15:07:03.972784,series_6,5.813376921421604,0.5152997845146089
2023-03-20 02:44:30.062991,series_6,2.701673065950886,0.6980154441010462
2023-04-09 23:17:08.024283,series_8,4.25374818296384,0.5791620820408471
2023-01-13 09:21:04.725868,series_8,7.5749441433619715,0.9875367386413954
2023-03-23 20:55:53.551655,series_8,7.349448674693196,0.7451543292389622
2023-04-06 19:46:59.013839,series_6,3.617300718776409,0.5323831984355628
2023-02-10 09:00:00.000000,series_6,4.646356580733385,0.0
2023-02-12 10:22:06.315789,series_6,4.984484685853049,0.0
2023-02-27 06:43:38.181818,series_8,4.693920872294967,0.0
2023-01-06 01:52:13.506180,series_8,0.2032461302545074,0.6707327201151136
2023-03-16 09:15:03.656543,series_8,1.5816502083553865,0.9714242790313516
2023-04-05 18:14:19.490150,series_8,3.8884042125860665,0.5503204097515302
2023-01-05 02:32:12.447313,series_8,8.259684059121968,0.5941409944793575
2023-03-19 21:56:35.812586,series_6,5.532615723849395,0.9629147173113046
2023-03-07 01:29:17.540100,series_8,8.671489354141718,0.7251750276371054
2023-01-15 08:44:39.584733,series_6,7.884971889575313,0.658941607906468
2023-04-03 01:39:33.024152,series_8,2.5410519822516697,0.8597384484264132
2023-02-24 07:58:08.193555,series_8,7.57971842800892,0.6243221495443924
2023-03-07 19:20:05.543460,series_8,3.8445211902353114,0.5611982451330074
2023-02-06 23:42:25.604256,series_8,3.0981122662854155,0.8880537904978854
2023-04-02 17:36:38.478916,series_8,7.548326095344437,0.9921602704462268
2023-03-28 11:15:22.636704,series_8,0.7204737048906218,0.9524890155402552
2023-03-26 10:47:42.610465,series_6,9.16140637986247,0.718845875121308
2023-01-29 07:27:27.299956,series_6,7.985897812552255,0.937046854063515
2023-02-11 17:39:52.911325,series_6,0.0846942357837921,0.4837262706556773
2023-04-04 21:17:12.275019,series_6,0.9968168033790392,0.8633295907871318
2023-01-21 09:43:36.306055,series_6,4.778211578478385,0.5026064750091824
2023-01-10 05:39:02.999253,series_8,8.580278682145426,0.675812922057146
2023-03-13 20:02:28.049434,series_6,5.315755738631884,0.4259282742227643
2023-03-19 18:22:43.457278,series_8,6.870408589215029,0.4654590651269645
2023-03-27 20:37:11.448809,series_8,0.8232780067807199,0.4216052942825756
2023-01-14 00:12:46.910274,series_8,7.118912160167613,0.6232624685092564
2023-03-12 23:53:45.139952,series_8,0.3273033775280232,0.4866806585350655
2023-01-25 18:03:13.386772,series_6,7.120903402347894,0.7495868567424917
2023-01-31 18:17:27.445835,series_6,7.347325747598004,0.7935192551857879
2023-01-10 05:13:21.022881,series_8,5.038835524737889,0.9643820235987806
2023-03-25 09:49:24.414005,series_8,7.411573905912498,0.6686144897202952
2023-03-21 02:40:16.680798,series_6,0.9496747449189402,0.6933053860662917
2023-03-25 13:05:38.373873,series_8,6.3063704950385215,0.7735801298008691
2023-04-08 07:37:22.842242,series_8,7.875707460389499,0.606393876899794
2023-04-01 23:01:07.913636,series_6,6.008494883150827,0.6834956078304313
2023-04-07 19:04:22.853649,series_6,5.122433641394945,0.6627701517383069
2023-02-05 00:18:31.755539,series_6,2.2987580898436875,0.5402751113396141
2023-01-30 22:22:30.464224,series_6,5.369693592842284,0.4976051266845047
2023-03-25 07:57:20.396461,series_8,6.008170889923477,0.908426003934956
2023-02-27 15:03:03.522183,series_8,1.106269512848499,0.9520622128742072
2023-03-04 01:39:17.921061,series_8,7.514383406161605,0.5322336532174856
2023-03-09 11:53:18.252863,series_6,7.034999204659249,0.8278002341533004
2023-04-09 12:39:59.178122,series_8,6.528416754309735,0.8564743900934582
2023-03-19 19:41:41.301671,series_8,3.258564287416391,0.8984246265646607
2023-01-02 04:32:18.857071,series_6,1.059781046171826,0.6124447208701764
2023-03-04 03:22:56.377081,series_8,3.739170946019709,0.7433518061316979
2023-04-06 09:50:44.462935,series_8,7.516528690721822,0.4742254809107598
2023-01-07 04:34:58.529635,series_6,1.8414777753200864,0.672779698906907
2023-03-28 09:25:29.060749,series_8,2.1827013938027875,0.7140771596082478
2023-04-07 18:16:27.545129,series_8,2.1596985252712364,0.4569876127041858
2023-02-01 23:15:45.758326,series_6,4.710647269109902,0.6005588893018721
2023-01-14 16:23:34.644095,series_8,4.694374904528031,0.4367216657993372
2023-02-16 15:00:00.000000,series_6,10.121351603313776,0.0
2023-02-17 14:36:21.933339,series_6,1.628330535379651,0.5733268933813189
2023-03-08 20:04:37.027222,series_8,8.949475133295433,0.7564065412953296
2023-01-21 19:50:08.084384,series_8,2.3074879994530093,0.6331217148899202
2023-02-02 16:55:12.626416,series_6,4.163973086292305,0.4471171407535559
2023-02-14 12:11:09.420449,series_6,9.947117323042365,0.978695563083382
2023-02-10 01:00:00.000000,series_6,0.6158978856223385,0.0
2023-03-05 15:58:32.521701,series_8,1.7044265692372784,0.7753244690956861
2023-01-13 09:16:07.935251,series_6,4.011830093689289,0.7839111300704036
2023-01-08 11:42:45.732215,series_6,3.2762303291478343,0.8386170078283888
2023-02-19 05:56:25.248507,series_6,1.2586056240518284,0.8816131353098945
2023-01-27 15:59:07.994692,series_8,7.484807509896059,0.5219006820571137
2023-04-06 18:38:04.546754,series_8,8.599727368355309,0.8793248378177356
2023-03-12 21:26:22.945398,series_8,0.994015734043724,0.4540293497063629
2023-02-04 04:55:20.872198,series_6,8.930959355528692,0.9234549420436532
2023-02-28 21:21:49.090909,series_8,4.957778986456924,0.0
2023-04-06 16:20:09.283539,series_6,4.9812287219158495,0.5322998190997614
2023-04-08 08:11:58.577263,series_6,1.5228623849080736,0.7404071476228637
2023-02-26 15:43:03.417837,series_8,3.672467431003492,0.9334472379642632
2023-03-28 09:22:08.243113,series_8,7.630808946874877,0.9909060516173256
2023-01-28 08:59:49.188503,series_6,1.4684879150701349,0.5264189397939883
2023-03-02 08:32:52.300104,series_6,7.1998739219672565,0.9657085909805324
2023-02-06 06:13:50.303184,series_8,8.502188168970095,0.8308675864814035
2023-03-27 23:07:21.888584,series_6,4.768920559078777,0.4652137014395822
2023-03-19 11:34:47.362152,series_8,7.506587110159923,0.9115601786761904
2023-03-14 00:10:44.032857,series_8,3.230274038174218,0.8213875564253215
2023-04-09 00:31:36.089010,series_8,3.136753876371743,0.928655381523352
2023-02-10 02:00:00.000000,series_6,1.1079802968078525,0.0
2023-01-24 01:41:11.827746,series_8,1.459667069592827,0.8803028217697112
2023-02-11 16:12:37.894737,series_6,5.039546974056902,0.0
2023-01-02 19:08:57.036076,series_8,0.133266166273589,0.4397457874463332
2023-04-04 20:40:31.056759,series_8,2.95204383153276,0.4747773913738172
2023-01-04 23:06:01.120217,series_8,6.482736116329587,0.8712965050493473
2023-02-07 10:53:12.445579,series_8,7.877247056291124,0.5520735579158337
2023-02-23 21:35:00.725130,series_6,2.9285818101420293,0.6664171020210351
2023-03-25 08:15:04.846351,series_8,5.396415496519058,0.9860808627118438
2023-01-22 17:34:54.567704,series_8,9.187431825264982,0.7543691885877394
2023-03-23 08:44:38.210654,series_6,9.616581860596344,0.9094605682311652
2023-03-12 10:10:03.349553,series_6,0.3006740800655549,0.6497395171142364
2023-03-26 15:50:05.945131,series_6,2.355421873164833,0.441011633364115
2023-04-09 15:51:06.869079,series_8,8.487295196597529,0.8426186857344671
2023-04-05 01:45:47.305009,series_6,8.046430491643584,0.5366587311891351
2023-03-15 06:18:13.960401,series_8,4.037603290073559,0.6648319581989572
2023-04-02 02:09:52.859797,series_8,0.0289816543755694,0.4726607917445219
2023-01-25 18:29:31.801713,series_6,8.179803726255034,0.9588356049376696
2023-01-01 23:32:54.578330,series_6,9.44132556129987,0.996724166973182
2023-01-16 06:21:18.444048,series_8,4.076205104331142,0.8099587278623999
2023-01-25 18:10:56.621467,series_6,5.59858115831557,0.5642088215086595
2023-01-31 01:32:15.839839,series_6,6.086525556514751,0.641742168075524
2023-02-05 09:01:25.512267,series_6,4.123667203909399,0.6018679802666705
2023-02-01 01:48:22.565345,series_8,6.656593802772875,0.8725965686862335
2023-03-23 07:59:18.551584,series_6,1.7453839528777104,0.4585852433745562
2023-02-26 00:00:00.000000,series_8,5.198343032210246,0.0
2023-03-26 03:40:58.152732,series_8,7.882230035573628,0.9690473010674427
2023-03-05 14:22:30.765880,series_6,6.584777130699687,0.5537167006894325
2023-04-07 09:00:40.780593,series_6,9.802421712012212,0.4609887018377666
2023-02-07 06:00:55.433596,series_8,7.48781745351212,0.4011521192255093
2023-03-28 13:34:07.178182,series_6,9.688061890954282,0.5977288465619395
2023-03-28 20:38:26.444277,series_8,5.545905151142332,0.5225264919504122
2023-01-06 22:35:44.682789,series_6,9.66572738209967,0.9523977072834092
2023-03-03 08:56:32.347830,series_8,5.430206188339172,0.8155398038099404
2023-03-25 11:35:22.429866,series_6,8.133298210498877,0.6938527238298049
2023-03-14 01:37:39.179774,series_8,0.1350973382307474,0.938442377178404
2023-02-25 22:23:59.023916,series_6,3.143234484713485,0.7469900446015618
2023-03-02 06:09:39.995379,series_6,7.6477616129265,0.4729721070344582
2023-01-23 01:34:14.845170,series_6,2.938448567382141,0.6894586502802977
2023-03-02 03:51:34.758929,series_6,7.352913198183826,0.7990582128452917
2023-02-11 17:16:54.409784,series_6,7.313867173711514,0.5508260083896637
2023-03-24 13:09:03.081664,series_8,7.049293881626902,0.80061041024701
2023-04-02 20:41:17.099430,series_6,7.37764381895972,0.5065904131397774
2023-03-17 05:54:28.003950,series_6,9.289933911211206,0.967008576620911
2023-02-16 01:51:34.671611,series_8,3.238938452806056,0.6494932250839193
2023-02-25 17:09:14.032186,series_6,1.2067387774877114,0.8573280473807126
2023-01-16 03:19:18.184183,series_6,1.3264598160791552,0.9366241525584182
2023-03-18 14:34:16.229175,series_6,7.633449808478481,0.8724617185269282
2023-01-16 12:47:06.805150,series_8,8.303447478611805,0.8731122975483991
2023-01-01 14:37:18.419992,series_8,3.6239194722035393,0.7330029078986069
2023-03-14 12:26:56.321329,series_6,4.574606965052053,0.5471981317998984
2023-03-22 06:36:50.256520,series_8,0.9533205759240516,0.6070073159238816
2023-04-03 16:24:22.991886,series_6,4.893023817019108,0.8280534721767074
2023-01-17 13:02:03.960289,series_8,3.2526991583760645,0.6091158489622144
2023-02-09 20:31:28.927172,series_6,1.1261488577874568,0.9810640509546464
2023-03-08 08:54:32.765047,series_6,7.848737268048792,0.6397757483825249
2023-02-15 02:07:02.333981,series_6,4.699238657789032,0.4831462439189568
2023-02-06 02:49:00.980363,series_8,7.058872723173617,0.7543100596356088
2023-01-02 15:53:44.831150,series_8,8.28351013667991,0.7363538873467137
2023-02-11 23:23:57.258213,series_6,2.9973596190481966,0.5975391852379587
2023-01-23 21:51:03.727009,series_8,8.580897584801995,0.8637639185427983
2023-03-09 10:27:39.856582,series_8,7.494212733106948,0.5068983618723641
2023-01-03 01:33:08.818483,series_8,7.134020175042687,0.9120392809759884
2023-03-30 04:31:37.538566,series_6,7.025819132134742,0.5394529030575155
2023-04-05 18:11:12.509062,series_6,8.895808477818258,0.6970682107537152
2023-03-09 06:51:53.288031,series_8,1.6566314065486143,0.7897447008569878
2023-03-02 04:31:55.440923,series_6,1.406501402332977,0.8560871030520106
2023-01-08 12:18:46.445602,series_6,3.777730612365402,0.538450212064101
2023-01-10 19:49:27.024083,series_8,6.052288106354928,0.4907394660899077
2023-03-08 14:10:54.928153,series_6,1.173354468844825,0.7202374127122197
2023-04-08 23:30:26.125111,series_6,2.436472551285678,0.53722418626145
2023-03-04 23:56:13.509284,series_6,3.4513662065475104,0.7686749943211736
2023-03-18 23:53:16.796097,series_8,6.483253894873816,0.7083124911960453
2023-03-06 14:54:52.716322,series_8,5.771201037686796,0.5188772437907335
2023-01-21 05:27:52.730315,series_8,7.08164620571607,0.4749418185437423
2023-01-26 23:00:08.337705,series_6,5.280013652151644,0.9908569788484236
2023-04-06 05:33:00.445234,series_6,8.496219595547498,0.7947312258814955
2023-02-04 11:57:04.138078,series_8,4.958233010895134,0.4850050618252267
2023-03-21 01:52:09.733834,series_6,0.0765747755927992,0.8864564388870039
2023-04-03 09:04:00.127783,series_8,0.7951688567726867,0.4984826377339127
2023-01-03 06:41:44.805809,series_6,5.356534982860496,0.8468386144834312
2023-03-02 04:09:17.738048,series_6,8.949169131321034,0.552537049441677
2023-04-04 18:12:30.240932,series_8,3.6440173505580975,0.7175223667288211
2023-02-12 07:07:03.264251,series_6,7.011480714111497,0.9579686298527144
2023-02-21 04:14:50.162318,series_8,5.145195836763144,0.6862061651114308
2023-03-31 19:43:35.528876,series_8,0.8505878789378674,0.8022606749228625
2023-02-11 23:28:25.263158,series_6,10.194907119198524,0.0
2023-02-10 19:31:44.923524,series_8,8.489882465820777,0.4852022265857247
2023-02-10 15:41:37.130988,series_8,8.817036265056586,0.7601781802003478
2023-02-23 20:57:24.910957,series_6,8.589378992579018,0.6537111171336885
2023-01-13 04:35:17.805185,series_6,0.4259975809975802,0.865193347542253
2023-02-08 09:18:49.783175,series_8,9.340939287179523,0.5661641567681095
2023-03-16 13:45:57.354403,series_6,9.898591408425458,0.8596298624209505
2023-02-28 14:36:54.634889,series_8,7.908620693941502,0.6306101382038806
2023-03-09 05:36:13.114016,series_6,0.4176189524952589,0.6406961415147666
2023-01-04 19:13:46.226107,series_6,7.466504326963416,0.7052865369473491
2023-02-11 10:48:46.026003,series_8,4.704814093967523,0.6860140114323257
2023-03-28 02:55:06.559801,series_8,7.283607606007059,0.6214692479043238
2023-02-07 08:26:36.355966,series_8,2.407889954633502,0.7583724176708582
2023-01-31 22:34:18.216518,series_6,8.191325959082254,0.7170701392164482
2023-02-28 10:21:49.090909,series_8,2.069475798229981,0.0
2023-01-02 01:28:54.160110,series_6,2.037120119479084,0.6849769208028313
2023-01-23 07:46:52.439528,series_6,8.774441964838552,0.664264204738906
2023-01-31 14:37:59.607510,series_6,3.040243077457201,0.9197780479243174
2023-02-26 02:04:08.147712,series_6,4.09847965317906,0.5384070426197878
2023-02-02 18:27:26.411068,series_6,2.0813705776204205,0.6717880065308413
2023-03-19 21:11:49.662458,series_8,6.043148760010231,0.758027926750588
2023-01-04 09:53:43.528522,series_6,7.968559698027139,0.6658816586902192
2023-03-23 13:03:41.632611,series_8,5.470074941379215,0.6196019844915998
2023-01-07 04:44:16.793643,series_8,3.9730663795298895,0.9564594299595643
2023-02-06 02:19:20.187279,series_8,5.793322318544397,0.7902865708455422
2023-02-13 17:20:38.077812,series_8,5.55668372039345,0.8278859797492686
2023-02-17 07:10:20.661836,series_6,5.822103459418364,0.5029401754011974
2023-03-27 09:41:07.772423,series_6,8.62934917495228,0.4603538470708702
2023-01-15 08:41:21.588673,series_6,5.49000859394932,0.452959543659603
2023-03-05 00:08:55.966464,series_6,1.5839823392561003,0.8002771159091983
2023-01-11 01:50:00.933399,series_8,2.2803089678154564,0.6663676871369459
2023-02-19 01:20:40.920957,series_8,1.3007607570271429,0.5045773612173396
2023-01-09 18:11:41.470506,series_8,5.62900494592752,0.4407692181850522
2023-01-07 22:12:06.733469,series_8,5.30446985552584,0.900845899637806
2023-03-01 12:49:05.454545,series_8,5.051443585452691,0.0
2023-02-28 03:01:56.539783,series_6,2.797751819651857,0.7874756724930547
2023-02-26 19:27:16.363636,series_8,3.9161556710772536,0.0
2023-03-30 08:13:31.928723,series_6,7.309658184435174,0.7404485903771878
2023-02-05 10:38:58.608127,series_8,4.834013377515997,0.7954966407419857
2023-04-11 03:54:54.256042,series_6,1.713403466473451,0.9660372368715356
2023-01-06 04:27:57.618619,series_6,8.839338528396901,0.5314529650379418
2023-01-02 14:33:04.144412,series_8,9.051762708518307,0.6682433203942892
2023-01-14 22:45:16.830129,series_8,1.7117387141966456,0.7665191957123776
2023-04-06 23:51:30.304642,series_8,4.225170938560968,0.4816691237193282
2023-01-27 14:53:42.239097,series_6,2.4696208388318808,0.8705563817949656
2023-02-04 12:47:43.785731,series_8,0.6903681822967711,0.8037213302409194
2023-01-15 23:32:08.827071,series_6,2.087619490959095,0.4025864427668615
2023-02-06 10:17:59.429561,series_8,5.9189648884088175,0.8810119100180982
2023-03-28 14:27:02.714227,series_8,8.393213340143209,0.5734780459215845
2023-01-08 09:00:06.846526,series_6,1.9244282826974344,0.6801910796028674
2023-02-02 22:09:48.880865,series_6,2.7064942566495653,0.9941388776205116
2023-02-14 03:28:38.095749,series_6,4.908547459483091,0.9744140042768384
2023-01-16 14:47:36.778778,series_6,5.104990824265951,0.9696083746012678
2023-04-06 23:11:09.333301,series_8,4.007349673997492,0.9364015901305202
2023-01-24 09:13:39.212550,series_8,9.077430954970122,0.5890747920336683
2023-03-30 14:18:13.321873,series_6,0.2212612848115025,0.5304445691820696
2023-03-09 11:36:47.446539,series_6,4.081199921651169,0.5480480131400325
2023-02-07 08:57:59.226090,series_8,1.5560530464316102,0.8454526420403985
2023-02-24 03:29:30.312463,series_6,2.005329291224741,0.925424021055212
2023-02-11 19:54:54.330494,series_6,2.811087786383778,0.7297059238546619
2023-03-04 00:40:07.281272,series_8,4.961092092465619,0.9294669192609418
2023-01-19 10:34:34.165378,series_8,4.594224944518638,0.4857992725768061
2023-01-10 14:24:34.682346,series_6,7.816176494499716,0.7928338352202956
2023-01-30 11:48:08.742660,series_8,9.698548426446758,0.7092404299426598
2023-02-23 01:05:37.346349,series_8,4.069809593932268,0.8025892983025242
2023-01-18 19:02:39.061815,series_8,2.277539795938938,0.7741862998273275
2023-03-02 07:00:00.000000,series_8,6.854938705247161,0.0
2023-04-09 01:34:35.919991,series_8,7.622464902571107,0.8769164952925563
2023-04-04 16:42:03.470687,series_8,0.473069277952246,0.9057831576109682
2023-04-06 05:45:44.973473,series_6,9.951388173933829,0.692241587131029
2023-01-13 04:02:05.966720,series_6,9.68514425219358,0.4024278978405682
2023-02-05 13:49:56.073212,series_6,3.071811360218726,0.8042159566046203
2023-01-21 03:08:48.681079,series_8,1.897995795688342,0.8151168726238608
2023-03-04 16:02:46.839372,series_8,4.7943078868818105,0.6799783035280915
2023-04-04 17:26:41.175239,series_6,5.2918081946777455,0.7962127674615977
2023-02-21 12:17:05.371726,series_8,0.3784016470580509,0.7373118897392155
2023-01-06 22:32:35.279497,series_8,1.4231043693671896,0.97468248581274
2023-02-24 09:55:41.670930,series_6,5.107717107664211,0.46519679537506
2023-04-10 04:01:50.376452,series_8,4.58287496916453,0.5681879503980729
2023-01-21 09:51:09.423114,series_6,5.594253545126907,0.4291878910016397
2023-01-12 22:32:57.941765,series_6,1.6890601269096717,0.4748287707949135
2023-02-27 15:59:16.419199,series_8,2.0858059677575747,0.4548413573123609
2023-02-28 12:38:10.909091,series_8,9.974627305570406,0.0
2023-03-30 10:21:49.968244,series_8,5.701528455161106,0.856489298248768
2023-01-04 08:24:08.221289,series_6,3.457664526167345,0.545831607241282
2023-03-09 11:09:19.834219,series_8,0.0234031076228324,0.8946867175728275
2023-02-28 00:43:26.388300,series_8,7.230643505962179,0.4550178237941479
2023-03-01 05:05:27.272727,series_8,5.029235682014961,0.0
2023-02-09 20:55:39.738134,series_8,3.73472592491885,0.4028364515772191
2023-03-01 11:42:25.512800,series_6,0.3358571467336579,0.4844541966655161
2023-02-15 04:41:03.157895,series_6,9.806893203243922,0.0
2023-03-15 14:28:23.496807,series_6,4.263507777258397,0.9076954279168592
2023-03-10 06:29:59.038690,series_8,2.9660162730352746,0.9964004133726468
2023-02-23 08:05:20.088680,series_8,8.287358280212226,0.5377817416210173
2023-03-29 02:50:55.164101,series_6,3.4256796836994,0.9667290483333052
2023-02-26 20:30:23.884087,series_8,3.4702192518652586,0.96209517074808
2023-02-16 11:19:15.445384,series_8,8.035764804133969,0.4951057666853636
2023-01-09 10:45:01.237648,series_6,7.630045470318256,0.7097680410382899
2023-02-22 05:25:59.263903,series_6,7.13647765661186,0.6733530359982685
2023-01-10 03:11:34.702533,series_8,4.733705714541153,0.7410276222639913
2023-01-01 16:38:33.065285,series_6,9.219485770510769,0.998127231651224
2023-02-01 19:31:45.029005,series_6,2.9525914307029977,0.9404230244094632
2023-01-06 00:56:36.098387,series_6,5.570147781527075,0.4020847812813147
2023-02-21 21:27:57.875600,series_6,7.792022397243327,0.4914405602385167
2023-03-21 13:02:13.309558,series_6,9.332284237490956,0.6431998589301502
2023-02-27 21:01:47.970004,series_6,1.6916176497585766,0.6180479657657779
2023-02-12 21:21:37.017435,series_6,9.02548465927009,0.699180506297506
2023-01-14 18:02:10.612663,series_6,7.069881829895853,0.4778633240138929
2023-01-01 17:30:07.709381,series_6,8.71858332536525,0.8036438208383843
2023-02-18 18:00:50.990000,series_8,3.733008355712383,0.8177983756321274
2023-02-20 10:14:42.975666,series_6,7.6877050477528925,0.5551471056676642
2023-01-06 15:34:02.939101,series_6,1.921559157807213,0.917545653317829
2023-01-28 00:35:17.357818,series_6,2.1035457290315973,0.8640453935885639
2023-03-01 08:05:27.272727,series_8,9.8032276702683,0.0
2023-03-20 16:53:55.681484,series_8,6.170931456241549,0.519710065157464
2023-02-17 13:50:50.480486,series_8,9.204681965110446,0.5138703991822491
2023-03-26 00:27:56.756092,series_8,2.5886580475727463,0.4463461878453473
2023-01-28 18:37:18.636841,series_8,8.248599734407362,0.8065659604995846
2023-01-08 04:05:52.018924,series_6,1.4541221272535754,0.7538308211747298
2023-01-09 20:18:12.617725,series_6,7.1053577401633685,0.9015347491697456
2023-03-01 14:31:34.025164,series_6,0.0485031804514213,0.4833406827997424
2023-01-27 16:59:14.762020,series_6,8.686345979074076,0.5534935049992558
2023-03-04 03:54:41.839967,series_6,6.258553705317391,0.9642558550342104
2023-01-02 08:10:40.646982,series_8,4.843243956879749,0.58227581842757
2023-01-25 23:46:53.676449,series_6,8.34700924437765,0.7479205594474643
2023-01-19 22:08:22.774997,series_6,3.499463182276399,0.9087315098969728
2023-01-21 12:05:28.928496,series_8,1.785522069818597,0.4752381930797316
2023-02-23 13:54:02.677299,series_8,2.9252762395728893,0.5918782411788005
2023-02-27 14:27:16.363636,series_8,5.023255015482334,0.0
2023-03-01 05:49:05.454545,series_8,1.5584599834498256,0.0
2023-01-02 11:16:56.282700,series_6,8.274315221142404,0.8892949151052802
2023-01-27 20:18:00.979035,series_6,9.365545917663775,0.8914422189560931
2023-03-27 23:30:53.695695,series_6,9.994012343207968,0.4833471626747025
2023-02-14 11:31:34.736842,series_6,9.807270864787368,0.0
2023-03-08 19:38:43.260026,series_6,1.6285455392342174,0.8606005440049006
2023-02-03 04:24:34.099180,series_8,3.3820019673259507,0.9857509752091712
2023-03-14 16:51:42.843429,series_8,9.176692812542225,0.4655608413600099
2023-03-06 22:48:55.761910,series_6,8.164055770176406,0.912310366833004
2023-03-24 13:17:34.015000,series_8,7.244769866743173,0.6244682602246076
2023-03-24 02:29:45.390745,series_6,4.107324751225344,0.7627247842791804
2023-04-01 03:01:09.547352,series_8,4.094117836505639,0.6251391932863819
2023-03-24 08:20:42.410224,series_8,7.144974782156411,0.482968189445048
2023-03-09 03:38:53.188281,series_6,1.4402992612867738,0.8902174579242219
2023-01-17 16:58:39.283774,series_8,6.646347223129322,0.6109903961735126
2023-02-09 22:19:28.679636,series_6,1.3110046059988,0.6443491390965552
2023-02-28 10:24:37.321003,series_8,8.356123271938655,0.4206184751131658
2023-02-21 11:17:01.133087,series_6,3.768826421760184,0.7695328474508073
2023-01-25 23:18:57.364808,series_6,3.5594779775105345,0.468963135149587
2023-02-23 02:04:29.198336,series_8,0.6078186076102676,0.7418746383679293
2023-03-27 08:35:36.592576,series_6,2.9902145114960224,0.991742766908476
2023-02-27 08:59:19.828294,series_6,2.1474493768648326,0.766083055953634
2023-01-30 15:35:57.637926,series_8,3.886253791869541,0.4687300497349358
2023-01-19 04:37:39.351435,series_8,4.745183079748566,0.4917738842988551
2023-01-19 05:27:44.295106,series_6,4.902122825577654,0.909308602347049
2023-01-09 15:30:30.673311,series_8,8.775021089145055,0.5146770998352524
2023-01-15 13:04:43.196954,series_6,4.648618320322383,0.9473855063675112
2023-01-26 10:55:08.950088,series_8,4.175385530149965,0.8858323417573155
2023-01-18 03:33:17.458252,series_8,1.2401975713407098,0.989799827273426
2023-01-19 04:00:41.701084,series_6,8.854358643733368,0.4518297176177889
2023-03-20 00:59:20.456078,series_6,8.614152077112546,0.8143587328232552
2023-02-11 00:21:25.175694,series_8,7.725200694390656,0.904049499230764
2023-02-06 14:18:59.437940,series_6,7.770341845387611,0.6841566515579944
2023-02-11 10:09:28.421053,series_6,4.871097484230697,0.0
2023-03-21 03:31:05.142314,series_8,1.1468010992867272,0.5621130054038951
2023-03-21 08:21:28.363167,series_8,2.454934882074168,0.4929455136158965
2023-01-24 08:33:33.853933,series_8,3.803362549635889,0.6755476884425519
2023-02-22 05:48:22.835893,series_8,5.459037605130396,0.4082609413116301
2023-01-03 13:31:18.579015,series_8,9.768542090456268,0.7184055139022151
2023-02-26 20:20:24.414190,series_6,1.1384620065036466,0.7111600514338283
2023-01-25 17:49:54.607661,series_6,0.4661640143964407,0.6460805770130801
2023-03-20 22:52:26.513849,series_6,7.05007060041172,0.9523428838191836
2023-03-25 17:15:06.865189,series_8,8.054031294117863,0.8092417529270117
2023-01-04 10:15:45.933227,series_6,0.0131187676694088,0.4582764498701122
2023-03-10 15:49:33.710880,series_6,2.1645836703658485,0.5330040383742826
2023-01-27 18:02:19.354045,series_6,6.098065896876851,0.5661274900489379
2023-02-09 04:10:47.109415,series_8,7.0742387340553865,0.6926788400221784
2023-03-25 00:53:59.035902,series_6,0.5746422694873765,0.4253688421914288
2023-03-28 12:25:01.958650,series_6,6.306947663372502,0.6120858832667029
2023-02-04 03:39:43.450831,series_6,0.8898673714739991,0.6567165983661163
2023-01-06 20:42:28.082733,series_8,3.6544821261631313,0.7725009992600205
2023-02-13 13:36:33.483018,series_8,2.6701719701560247,0.4023283928319073
2023-04-03 02:21:36.253155,series_6,9.438272777449184,0.4005727968861577
2023-02-14 16:35:41.027726,series_8,7.1246956414302,0.4497626479184805
2023-01-20 06:02:23.470822,series_6,8.29815466800982,0.9487972251305536
2023-04-08 22:26:01.485283,series_6,7.012157558238149,0.8613556860385443
2023-03-02 03:00:00.000000,series_8,8.623060700000421,0.0
2023-04-04 07:11:15.193969,series_8,4.590911697323112,0.5145827413690689
2023-04-05 17:20:10.788129,series_6,7.781210518739533,0.483161560725557
2023-03-20 09:28:02.447771,series_8,2.832334344265968,0.7888302322895224
2023-03-23 12:26:47.955938,series_8,1.9282166769377276,0.8880291730962169
2023-03-03 20:14:33.558292,series_8,3.716416236492495,0.4935538263720468
2023-01-22 13:42:58.123305,series_8,2.504613817223377,0.5864389888791388
2023-01-26 14:31:42.568549,series_6,3.5708494004233278,0.4204068185729148
2023-03-23 01:44:24.660050,series_8,8.262926204101863,0.5132521393223086
2023-02-04 08:14:20.155326,series_6,4.17751337000964,0.9961678191175428
2023-02-05 19:24:33.776347,series_6,6.244003312590984,0.9055252895749784
2023-03-07 13:30:19.214763,series_6,4.562544909117942,0.9789282520181736
2023-03-25 16:02:24.623201,series_6,9.387771144324851,0.4736802766692988
2023-04-04 18:22:15.198858,series_6,6.786176365558805,0.910904143324857
2023-01-25 20:38:05.189906,series_6,3.654192390455991,0.8282346774599219
2023-03-31 04:51:11.575823,series_6,4.496572769448913,0.6671433668186142
2023-02-20 08:06:25.226964,series_6,8.761199429839802,0.7719058676048545
2023-01-23 23:15:51.790774,series_6,7.308477912963413,0.5262084324897328
2023-03-02 11:00:00.000000,series_8,0.1617170233207928,0.0
2023-03-06 20:17:48.372047,series_6,2.230232526551985,0.6830285004542562
2023-02-16 08:45:44.955629,series_8,5.047696608169895,0.8814681583576451
2023-02-10 08:01:25.795147,series_6,4.693558405623546,0.9854800540879806
2023-03-24 23:48:09.299429,series_6,2.613504179873387,0.4285539266254073
2023-01-03 04:01:30.874794,series_8,4.944864723586873,0.8062524716612904
2023-01-22 21:56:51.319225,series_6,2.316577702437849,0.6559387780444779
2023-03-04 23:05:59.269127,series_8,0.8815449851249479,0.7718549229755916
2023-03-18 00:48:05.136597,series_6,7.584503826640212,0.8748243770970526
2023-04-04 04:55:23.540889,series_6,9.625114288695324,0.4594916610992015
2023-03-05 16:02:38.404393,series_6,7.705001080753982,0.7683549834603136
2023-01-13 07:08:26.577818,series_8,1.6462215151642343,0.834540995579894
2023-02-08 17:14:17.899947,series_6,3.339991014914884,0.5435549087492868
2023-01-01 10:33:28.040471,series_8,4.160228606950196,0.7427074378734855
2023-03-11 23:58:40.878736,series_8,8.945078805136909,0.5815280864788321
2023-03-12 10:55:50.498774,series_8,1.0634763292443905,0.8242440450604428
2023-03-27 23:10:52.314479,series_6,3.3815478384686246,0.814936063387163
2023-03-25 13:46:04.786123,series_6,7.632044140412242,0.7776457259805456
2023-02-24 07:00:10.030925,series_6,8.029703592833004,0.6835358615868252
2023-03-19 20:39:07.983801,series_8,9.148622634120548,0.4457692922554205
2023-01-10 21:21:39.234486,series_8,6.607588161526925,0.9532178780536084
2023-01-12 04:18:09.400100,series_8,1.1913429783929497,0.8815732060215576
2023-03-09 21:45:27.814627,series_6,3.3814716244791523,0.5689835667114945
2023-03-22 00:26:49.606990,series_8,3.0185430641835587,0.5598792459027438
2023-03-17 10:36:34.312751,series_6,3.601548214114524,0.7711038233175427
2023-01-09 09:54:16.720212,series_6,5.039097962102293,0.8955562135538334
2023-01-23 13:30:15.297507,series_8,9.545441651242182,0.8618764156326136
2023-01-27 08:44:09.075636,series_8,0.2119172967182103,0.6596049114083031
2023-02-04 00:06:11.166357,series_6,3.647509583403592,0.8158423696247177
2023-01-28 06:43:25.696398,series_6,9.589353968754722,0.6655135733585431
2023-02-12 08:24:37.192146,series_8,0.1410388019354425,0.6233572748656458
2023-02-06 23:05:30.465418,series_8,2.1241603528877464,0.5542224196661477
2023-02-22 08:10:42.489513,series_8,2.134979782191441,0.5996882917927696
2023-03-06 02:26:17.221922,series_6,0.1520436834677607,0.5623759404230275
2023-02-13 07:06:54.447235,series_8,0.8958606852555939,0.4000978118354538
2023-02-16 09:42:09.594636,series_6,9.085899052035348,0.7025002065085033
2023-02-04 23:15:51.241765,series_6,9.642068834941654,0.4345180659361157
2023-03-23 12:06:32.897336,series_8,0.5056183105024492,0.9786089559186668
2023-02-22 17:06:13.580897,series_8,1.0004834710881272,0.9700197712417822
2023-01-08 03:25:27.899195,series_8,7.849471549898634,0.8318519947375589
2023-02-15 17:20:30.489771,series_8,1.1802927676028918,0.8682176221224165
2023-01-17 12:47:24.854603,series_8,8.68841650535062,0.8884499904199956
2023-02-28 04:59:37.580316,series_6,3.285276498469649,0.8050477890245891
2023-03-04 05:42:06.804561,series_8,0.6484743524416814,0.6450452641151703
2023-03-04 15:54:50.875357,series_6,9.572059802949545,0.8806811105042812
2023-04-02 03:45:13.435068,series_6,4.330182587520729,0.8741577529565421
2023-03-07 19:50:58.992466,series_6,5.994062372966481,0.8257999177472362
2023-01-30 19:01:33.131149,series_8,4.415758299876327,0.8838007721064727
2023-01-10 18:29:32.729833,series_8,1.4823432676498227,0.4095631622060782
2023-01-07 02:42:03.578637,series_8,0.477469629288928,0.5019963006237419
2023-01-07 16:56:26.251766,series_6,0.1095394154351503,0.5108515207401056
2023-01-09 08:23:16.591821,series_6,1.8171325450120532,0.5499600812031432
2023-03-26 15:27:29.388902,series_8,2.3022671902454075,0.6693901358534982
2023-02-20 01:55:51.255285,series_8,9.839446333138415,0.4880401092519122
2023-02-18 07:14:05.893446,series_8,2.3332366162424,0.4727088578160178
2023-01-18 14:45:59.967946,series_8,6.154324925082447,0.7244367194838345
2023-02-25 13:59:57.902550,series_6,3.273877019184137,0.4257737751604636
2023-03-26 06:09:22.114623,series_8,7.887994447515968,0.4302288590678566
2023-02-18 14:29:46.898106,series_8,3.140384833986716,0.8269689598992263
2023-01-22 16:14:26.417417,series_8,5.8431452631302925,0.8181034166006502
2023-03-28 11:11:53.266908,series_6,1.2914689566583126,0.4187902869149221
2023-01-05 10:51:41.429743,series_8,7.623791080857426,0.7333546089960417
2023-02-16 18:59:00.601237,series_6,5.306963997615558,0.7432589845008752
2023-02-28 17:44:04.556476,series_6,0.0430773578782228,0.4866130316780006
2023-03-06 06:41:57.747515,series_6,3.5888442259108846,0.7351766640200774
2023-02-11 20:03:34.479896,series_8,5.451132509701376,0.4351407444158481
2023-03-07 11:01:39.625644,series_6,3.9434332078956738,0.4796542733343051
2023-02-13 16:50:31.578947,series_6,4.796663862842983,0.0
2023-02-11 09:33:47.608777,series_8,1.444142430498765,0.4183852776870107
2023-01-02 04:29:54.934641,series_8,3.608345326915821,0.7378759995944131
2023-03-18 13:04:38.391809,series_6,6.544376447160779,0.5431713351095734
2023-04-07 11:33:59.174848,series_6,6.390242328476157,0.814896497505049
2023-02-13 12:31:28.398815,series_8,9.742451584140518,0.8021995236771915
2023-01-06 07:54:09.420830,series_6,9.876032216485603,0.8144928280202144
2023-03-09 06:20:24.858980,series_6,7.623450972990295,0.4165305997688355
2023-02-02 00:49:36.596945,series_6,3.7642994663209697,0.8551480587321003
2023-03-02 13:16:21.818182,series_8,10.08130765169437,0.0
2023-01-02 07:17:05.965023,series_8,1.0746214487424754,0.94174108726971
2023-01-02 11:25:49.735167,series_8,1.1865197984412543,0.678935274107878
2023-04-11 14:03:10.458517,series_6,3.534618390618217,0.6670283418677478
2023-03-15 20:20:28.759985,series_6,1.4511122366302842,0.9447819113105784
2023-02-01 08:52:41.852251,series_8,4.754351728826917,0.5444030439592109
2023-03-27 15:46:22.382300,series_8,2.4058020369889044,0.6837085416006028
2023-02-27 07:27:16.363636,series_8,10.081092817681755,0.0
2023-01-02 07:36:19.880437,series_6,5.946026257329574,0.8007409651010896
2023-03-15 00:13:15.190474,series_6,7.32072624774089,0.4219088950391809
2023-02-03 19:17:11.504334,series_6,6.953403388107708,0.8660391518608961
2023-03-09 08:08:45.527931,series_6,5.352429900652113,0.7491823360551441
2023-02-08 04:55:30.369070,series_8,4.897212512725625,0.5029440922082103
2023-01-18 00:56:08.549181,series_6,9.53267258140842,0.8570517639243678
2023-03-21 11:15:44.591264,series_8,5.076320484979036,0.952550369379472
2023-04-01 14:43:53.481833,series_8,6.665353582863537,0.99699985702779
2023-02-10 04:00:00.000000,series_6,2.0019606458773,0.0
2023-02-07 15:18:07.947207,series_8,8.572328136365009,0.6289169254133878
2023-01-06 01:13:38.397796,series_8,1.0065324308726442,0.790514639419404
2023-03-03 17:44:38.405039,series_6,4.261582462561596,0.9708093408211222
2023-01-31 22:14:48.482490,series_8,9.873452404207148,0.7495926511651074
2023-01-03 07:09:02.027243,series_8,7.516949577821352,0.6526576875076853
2023-03-14 17:27:31.955168,series_8,9.516932934518035,0.4311652537627715
2023-02-13 18:21:42.474396,series_6,8.45415664952573,0.4792368544484039
2023-03-04 03:01:44.677842,series_8,3.855012229932937,0.7703270487529578
2023-01-24 17:46:03.846915,series_6,7.897703569757894,0.7227657881758038
2023-03-01 04:10:11.985753,series_8,8.692245661409085,0.7214505018316133
2023-02-19 11:06:18.821316,series_6,8.099756981872485,0.8724763188713875
2023-02-03 11:13:45.148042,series_8,1.967750845207637,0.4772110058681547
2023-04-07 07:33:46.165240,series_8,9.980546552709418,0.408507204831707
2023-02-10 16:34:22.127726,series_8,4.098306948948399,0.9893124432756892
2023-02-23 05:07:32.717550,series_6,3.2289106133524514,0.9682516472919211
2023-04-03 18:18:27.643065,series_6,4.886804513655852,0.4397322826145186
2023-04-01 19:22:10.114199,series_6,4.013373417577631,0.7114204218529767
2023-01-22 12:03:57.030503,series_8,6.464823168953356,0.4715155163877592
2023-03-15 18:07:13.595202,series_6,1.7023394085635457,0.9046599077485328
2023-02-19 20:16:04.176392,series_6,1.697386388200437,0.4039183105323084
2023-02-15 07:51:07.065791,series_8,2.643777950728734,0.6962385085770185
2023-01-19 13:15:31.495041,series_8,4.04475156695408,0.4880710697276043
2023-03-25 20:40:03.881604,series_6,3.4573374468562204,0.5763162743991738
2023-02-06 02:32:21.298428,series_8,3.1465484682577105,0.8724325176597436
2023-04-10 22:46:56.048032,series_8,0.937923850308754,0.7096478581018646
2023-01-26 08:37:02.825101,series_8,7.236461605948451,0.6278743830311347
2023-01-18 16:37:07.145585,series_8,4.966322104371797,0.9746054133069112
2023-02-09 12:01:31.754320,series_6,1.4086159437632584,0.7696781595616826
2023-01-20 05:26:06.795089,series_8,6.129990659284728,0.6540827188335687
2023-01-26 21:07:35.273106,series_8,6.292647633365927,0.7726858395393152
2023-02-22 14:32:56.995575,series_6,9.6869708342082,0.4442179376726144
2023-03-07 08:35:56.273074,series_6,7.442861340540282,0.9095269755478402
2023-03-05 12:16:15.004362,series_8,0.1021904994350708,0.9221289544845448
2023-01-21 03:11:00.431477,series_6,6.555957484197728,0.8520851149863509
2023-03-24 19:40:18.646502,series_8,2.1904870589753167,0.8112688602841456
2023-01-08 09:20:59.403809,series_8,7.911046957523885,0.6688652101423738
2023-02-28 02:11:06.108313,series_6,0.931700388927844,0.6058451799518655
2023-02-28 01:13:05.259121,series_8,6.468325166160971,0.968098835130764
2023-01-16 06:25:11.303689,series_8,6.390578895556944,0.515212320657353
2023-03-27 03:41:41.911516,series_8,2.6652493214198225,0.9897120130056438
2023-04-10 04:00:56.971014,series_8,4.160275358401117,0.9444284032640315
2023-02-04 02:07:35.780825,series_6,5.189104166237763,0.602654246690974
2023-03-21 01:18:58.321409,series_8,6.394996065449447,0.941333434454984
2023-03-19 14:55:28.653741,series_8,1.8614571511200797,0.4844485688443664
2023-02-01 05:09:19.829870,series_6,9.643713362589464,0.6815214895435503
2023-01-14 20:06:33.684731,series_6,2.11472067009436,0.8205214426859364
2023-01-24 16:52:55.146976,series_8,4.872385877062139,0.7163281327083886
2023-02-13 01:12:37.894737,series_6,10.281260375629945,0.0
2023-03-20 06:17:11.283261,series_6,9.97557894135083,0.5929393379715747
2023-04-04 14:28:18.028831,series_8,2.2333429077693423,0.969198138995932
2023-03-09 12:47:14.151257,series_8,9.614422744969003,0.5030346161447324
2023-01-11 00:58:22.381506,series_8,0.5242163165663571,0.6142579145265258
2023-02-28 09:35:57.711722,series_8,6.465613707976015,0.55374351208257
2023-03-06 05:16:36.552451,series_6,2.0596334940928984,0.7339942454381418
2023-01-26 12:02:31.829625,series_8,7.741323226167428,0.6795300711987342
2023-02-26 05:00:00.000000,series_8,4.62282797379101,0.0
2023-04-11 02:45:29.147024,series_8,0.1158738148841354,0.6303988754453731
2023-02-13 10:22:31.858333,series_6,6.174019157346272,0.4105172009662262
2023-02-12 16:12:15.283835,series_8,1.2409484908852542,0.7413696006624173
2023-03-08 19:07:52.921557,series_6,0.0480727068148723,0.7431754197276688
2023-03-22 02:29:27.660612,series_6,6.355271271323122,0.8087827314852187
2023-02-16 04:41:24.393707,series_8,0.5003416868456401,0.4206151331394256
2023-01-15 16:57:48.388681,series_6,6.14920881485833,0.4774531139628872
2023-01-26 18:02:37.538984,series_6,9.551509526196453,0.4413009070009983
2023-02-28 21:54:25.685574,series_6,5.279350508932645,0.7633976775352534
2023-02-01 07:56:56.026068,series_8,9.856107569859756,0.9451541600213692
2023-02-17 02:15:49.323520,series_8,9.95617634487747,0.7273354090698
2023-04-11 12:00:46.641082,series_6,8.154360581758123,0.6691525851747224
2023-04-11 13:13:35.530516,series_6,5.149184477257499,0.8945625988126611
2023-01-25 03:24:50.889926,series_6,0.9114460104137369,0.7839431292689045
2023-03-02 01:00:00.000000,series_8,9.728803280391476,0.0
2023-03-26 17:43:54.373936,series_8,6.6217105969547525,0.9040689300908178
2023-02-12 10:34:44.210526,series_6,5.102671577619227,0.0
2023-04-07 14:12:20.888201,series_6,2.982369389721505,0.7477537745084213
2023-01-30 16:54:34.925456,series_6,9.401506381889009,0.5065829175765147
2023-04-05 20:42:57.298109,series_6,5.918965329257694,0.6357235390538024
2023-01-08 03:54:26.593319,series_8,3.0056588241070514,0.74122535868833
2023-03-20 09:37:35.019623,series_8,0.3896006756910763,0.5070536097594955
2023-01-12 19:50:10.844483,series_8,9.220427368890164,0.4488022218813322
2023-03-16 10:20:56.237182,series_8,9.23839240519359,0.5849907603216755
2023-02-05 22:50:35.816272,series_8,5.5356592494881856,0.6816061788761469
2023-03-28 11:59:19.463759,series_6,6.514836366231698,0.8011840900790683
2023-04-09 01:23:14.608349,series_6,7.052002991907644,0.5566373855480999
2023-01-13 15:13:45.233717,series_6,5.001065431345658,0.8380524451371714
2023-03-26 08:14:12.089074,series_6,9.649550040929151,0.8891845318137594
2023-01-30 12:03:54.163553,series_6,6.792486421575681,0.4215253590260059
2023-03-28 04:49:33.722152,series_6,8.603958262014537,0.9908017983511874
2023-03-13 21:56:40.589059,series_6,2.872692067510437,0.5860853052909147
2023-01-14 15:28:56.018584,series_8,4.258944739690823,0.62156205798771
2023-03-24 15:50:06.754614,series_6,6.062184186626763,0.5014814528378113
2023-02-10 08:00:00.000000,series_6,3.946764699545819,0.0
2023-03-16 14:07:18.857952,series_6,4.274351380262335,0.8249202368785697
2023-03-01 04:08:09.228300,series_6,3.960385401341313,0.9561152432900292
2023-01-05 16:56:44.379760,series_6,7.36786395053416,0.68585332854868
2023-01-09 18:33:43.599350,series_6,9.13936210478188,0.9079712618861148
2023-01-29 19:47:51.723628,series_6,3.5518473627749234,0.4964339321883473
2023-03-31 17:04:56.508396,series_8,9.683092951750682,0.5581597864914647
2023-01-28 00:36:18.279974,series_8,8.785941189401177,0.492211187250881
2023-01-24 05:04:00.116722,series_8,3.3527530836684685,0.4694247179122967
2023-01-03 22:38:58.221358,series_8,8.000846610272673,0.4810413470286135
2023-02-09 19:29:30.635413,series_6,0.064628183146872,0.4118950169611595
2023-01-02 00:38:02.565683,series_8,2.268323368708405,0.4537850621191487
2023-03-31 09:00:11.283016,series_6,0.7292525018313034,0.8407240294859304
2023-03-27 05:56:08.528691,series_8,5.750908870156154,0.7863485470670939
2023-02-28 18:35:53.246038,series_6,6.468975359311403,0.9881860370300573
2023-01-28 14:21:23.564253,series_8,4.200279976287499,0.8358797222861127
2023-03-18 15:16:30.614576,series_8,4.865947631026479,0.5618934842847724
2023-01-11 16:36:33.767192,series_8,0.3219778926683436,0.8438259955594613
2023-03-26 22:02:23.327286,series_6,8.631726851246519,0.7078594467936961
2023-01-07 21:47:05.592059,series_6,4.21712477819332,0.7501006827924843
2023-03-12 13:21:23.625735,series_6,9.480082306133202,0.7733711866713218
2023-01-22 15:32:43.852675,series_8,8.373872430227408,0.9108281591011074
2023-03-10 23:28:23.622253,series_8,3.796767206733676,0.944640227076632
2023-02-21 15:50:06.347252,series_8,9.98738287107849,0.6204236700832698
2023-02-14 20:06:18.947368,series_6,9.960318578482266,0.0
2023-03-25 19:43:55.114348,series_8,6.523671192137543,0.7644096484240726
2023-03-14 01:22:59.337924,series_6,3.14516418934243,0.5701640943779579
2023-02-28 00:47:39.124669,series_6,9.468243050526754,0.7677217500201403
2023-02-17 19:00:07.357418,series_8,2.145390108574614,0.5942379584050673
2023-03-07 10:12:43.296106,series_8,5.606554200067528,0.8970438416348911
2023-02-17 13:03:16.323899,series_6,8.839020750373516,0.8266926768355614
2023-01-09 06:42:40.066546,series_8,6.053715967915959,0.9990396736161888
2023-04-02 16:48:12.638097,series_6,0.8191351572564332,0.8139390043887602
2023-03-12 20:00:33.866274,series_8,5.264270420073194,0.6687574309903179
2023-02-10 22:03:09.473684,series_6,5.415646176412099,0.0
2023-01-21 09:51:08.112706,series_8,3.941732488447437,0.7383113616680104
2023-02-01 10:32:30.019512,series_6,4.430099798634908,0.8265677180340403
2023-02-14 20:43:52.098091,series_6,1.564520988705792,0.7990116559393798
2023-04-04 22:37:23.532246,series_8,8.155397951518307,0.7280930768033
2023-01-10 09:12:31.880783,series_6,7.408412050081261,0.588121507493612
2023-03-04 14:39:09.399658,series_8,1.3715151661314309,0.7501017542678134
2023-02-23 21:50:16.569712,series_6,0.3343817699554241,0.941923105260232
2023-04-01 12:06:57.337536,series_8,9.631280763413056,0.9000398848323741
2023-01-15 19:09:46.539152,series_6,8.082966400824056,0.585304665763157
2023-03-22 15:36:57.210327,series_8,9.589025583895282,0.9813676377735552
2023-02-24 21:36:56.895702,series_6,6.078951700940335,0.6000080223983024
2023-03-08 05:53:57.252669,series_8,0.4471610462512287,0.7326241166490013
2023-01-09 18:41:17.201148,series_6,5.945831976318341,0.623188445126683
2023-02-10 05:00:00.000000,series_6,2.467450299609528,0.0
2023-01-31 17:21:19.982925,series_8,0.2031005818348308,0.7324506282925443
2023-01-20 08:25:23.326057,series_8,2.7848300209699395,0.7443926799946274
2023-01-13 22:41:57.736212,series_6,6.121234986844052,0.6006996981706538
2023-01-19 09:09:05.369149,series_6,8.186270223600475,0.6232011769454173
2023-01-31 17:51:48.968018,series_6,2.168817140241329,0.873385713370763
2023-02-11 22:15:47.368421,series_6,5.248473305567518,0.0
2023-01-21 16:38:30.111371,series_8,9.898142709009209,0.9250790787720948
2023-03-02 00:33:38.340858,series_6,5.988796357632797,0.61847194871833
2023-03-31 15:38:47.693101,series_8,1.3092500914590743,0.5549195556878768
2023-03-25 02:30:41.636551,series_8,6.931668017466635,0.9043199342116016
2023-02-27 15:11:46.754154,series_8,6.040984799000148,0.4505174608643168
2023-02-07 01:21:57.466355,series_6,7.713122479529057,0.9260634252814448
2023-01-06 14:45:47.735893,series_6,4.623700917898094,0.5279313213692387
2023-03-12 19:08:48.918112,series_6,7.012222417129069,0.940383017414152
2023-02-05 07:50:49.153972,series_6,6.41984991660973,0.8131450106663706
2023-03-08 21:25:13.182863,series_8,1.3315534644937377,0.6621484845343728
2023-03-19 06:10:22.070269,series_6,5.685559132194405,0.4032309257405423
2023-01-15 17:23:19.845441,series_8,2.692951226523299,0.7053592879590203
2023-01-18 04:29:45.329614,series_6,1.2262480714986437,0.8392240781812632
2023-03-08 07:40:42.879818,series_6,1.0656189744427524,0.6669731421347518
2023-04-07 00:58:35.826350,series_8,9.992690358833627,0.5771089295888969
2023-04-01 09:43:09.526153,series_6,5.749873404504486,0.4836754957535347
2023-03-08 00:37:07.822528,series_6,0.1712129287523012,0.4345494858328607
2023-02-28 11:21:52.721517,series_8,6.3913192929649565,0.916861227455454
2023-01-06 20:04:52.190612,series_8,8.85984776746797,0.7282603656510642
2023-02-28 21:45:43.507848,series_8,3.261403925001924,0.4003802586702626
2023-03-06 22:23:38.310002,series_8,3.401970781066823,0.6254184050906537
2023-03-17 09:34:34.115405,series_6,8.937377084875822,0.6946811059199891
2023-02-01 00:16:13.133711,series_6,9.985381961434308,0.9002087289384744
2023-03-04 03:17:25.589798,series_6,9.92073995034998,0.4171825747076353
2023-01-06 09:22:36.728008,series_8,4.422777819230989,0.6492002075014047
2023-04-08 01:26:17.892269,series_8,2.5229679948815367,0.61562999422671
2023-02-19 21:44:38.405855,series_8,2.547463465537878,0.8776534682528754
2023-03-02 09:00:00.000000,series_8,6.141396281997454,0.0
2023-04-04 13:10:48.428718,series_8,9.076979491448252,0.968448177943021
2023-03-03 06:40:46.015744,series_8,3.5267678433653984,0.8169110473838989
2023-01-19 16:34:00.581699,series_6,8.665728365880877,0.6857406365516665
2023-01-21 11:27:28.991206,series_8,4.10089794473187,0.5687759373076943
2023-03-12 10:54:52.033704,series_6,2.724946696525743,0.5378693969340744
2023-02-22 06:17:08.712722,series_8,8.832643723575082,0.9964487150783852
2023-04-10 15:34:52.789236,series_6,1.080556300950315,0.6938626000068125
2023-04-03 16:05:35.449668,series_8,8.841360795065205,0.4714301180892706
2023-01-15 17:23:00.846838,series_6,5.297131078983375,0.5773253656627316
2023-01-18 07:09:07.465110,series_6,6.515759847056931,0.5036918209584966
2023-01-28 09:51:24.812476,series_6,1.0061159536407491,0.5840554523814747
2023-03-30 19:54:31.892407,series_6,2.5187406859563275,0.4156598999107286
2023-02-26 06:00:00.000000,series_8,5.425725795619128,0.0
2023-02-16 01:45:42.698394,series_8,2.186596272157253,0.967992409071425
2023-02-10 20:00:00.000000,series_6,10.196040090194716,0.0
2023-02-23 08:18:23.787822,series_6,3.447404946674792,0.9892120983001788
2023-01-27 03:43:12.519786,series_8,5.019889989261839,0.6936787237187181
2023-03-19 22:10:49.581143,series_8,2.972696632938474,0.4039379140140706
2023-03-15 19:37:21.638114,series_6,3.892707911090573,0.8873645481699068
2023-04-03 16:55:35.510918,series_8,8.264364897387534,0.4240301468847263
2023-03-02 10:00:00.000000,series_8,5.258501883098869,0.0
2023-03-22 05:36:10.810709,series_6,8.814607422949642,0.4298329521996947
2023-03-31 13:09:03.273741,series_8,8.884391912135873,0.4841749331000604
2023-01-20 11:27:57.138898,series_6,2.5545821505463358,0.9723104942235354
2023-02-05 19:06:35.996162,series_6,7.5667444368637025,0.6857781885447287
2023-02-22 03:17:58.237197,series_6,3.2997155616409435,0.7865946275966544
2023-03-22 05:21:23.492650,series_8,4.109184409665575,0.9927350367820574
2023-03-10 01:15:25.856775,series_8,0.725915742733364,0.7580820401404929
2023-02-14 07:13:58.975693,series_8,6.792717552775103,0.4805599503936013
2023-03-25 09:51:35.470772,series_8,9.293962418872724,0.5523369852459014
2023-02-05 13:39:09.943510,series_8,2.364056025824307,0.6551911217185247
2023-04-07 16:44:02.493771,series_6,4.452872575953462,0.6381713596910341
2023-02-10 16:00:00.000000,series_6,8.090998187146512,0.0
2023-02-09 01:18:06.579532,series_6,2.363142753297529,0.5572192618890731
2023-01-17 23:34:06.107236,series_6,7.563448811558358,0.8073347981864034
2023-03-06 04:14:54.513504,series_6,3.216995721120892,0.844746615643798
2023-01-15 10:03:31.511656,series_6,1.829201314507336,0.6226402369161951
2023-01-30 15:26:53.091144,series_6,5.315121492359362,0.6349163772629849
2023-01-14 16:38:33.819342,series_8,4.2295406345682,0.6775756168173082
2023-02-27 14:54:32.727273,series_8,3.068272674158161,0.0
2023-03-17 14:59:47.205657,series_6,7.8673024078964655,0.7903500486116168
2023-01-31 10:34:53.543380,series_8,0.6421458661571522,0.720999288734433
2023-02-26 01:00:00.000000,series_8,0.7102862692902446,0.0
2023-04-05 20:02:34.429979,series_6,7.773423676876686,0.5852039306759286
2023-01-14 08:41:58.981660,series_8,0.8283063728379514,0.4809939492632786
2023-02-26 22:48:34.769937,series_8,0.003749289073841,0.8943191302837761
2023-02-12 09:39:52.325716,series_8,4.458020129151191,0.784722346196913
2023-04-03 17:17:22.408888,series_6,7.670703267308627,0.6267833028829763
2023-01-30 15:36:36.035471,series_6,8.773801721614962,0.573926160661295
2023-02-03 12:41:53.065915,series_6,0.3931235132448052,0.7219054683423431
2023-03-15 05:51:08.715522,series_8,9.877246458688116,0.9009669632276288
2023-03-24 21:54:58.532985,series_6,0.6812377571809669,0.6759516860924221
2023-02-22 17:24:13.739116,series_8,5.885882279807159,0.7074411888619794
2023-03-05 04:27:17.165884,series_6,8.931388453735007,0.9135129601362882
2023-02-27 05:10:54.545455,series_8,3.5556924039405566,0.0
2023-02-14 04:56:50.526316,series_6,5.057246141280036,0.0
2023-02-27 07:35:39.272892,series_6,3.9824213258880494,0.8255330755922046
2023-01-09 13:34:47.380181,series_6,2.034132546248444,0.6240139971003024
2023-04-08 10:39:21.125541,series_8,2.679083175003627,0.6591225541586567
2023-03-10 15:24:12.581817,series_8,4.02233561146117,0.6285979789149176
2023-03-11 05:22:13.963428,series_6,7.009867923916183,0.5063272587186344
2023-03-16 02:05:00.428034,series_8,8.060586004519255,0.567023406666531
2023-03-29 06:20:33.193185,series_8,0.8860021298059373,0.5260129827049731
2023-02-11 01:12:38.358397,series_8,1.6673753891259535,0.911817120167718
2023-02-05 04:37:13.132060,series_8,4.513076513623245,0.6629919083150808
2023-04-10 02:19:44.401074,series_6,4.600490425069516,0.4613232351131928
2023-03-28 16:12:18.540210,series_6,1.945675571347716,0.4414518608571357
2023-02-07 21:17:58.448909,series_6,4.109002726823582,0.6405608198010465
2023-01-01 16:08:05.760214,series_8,5.762753970656308,0.6007251280181681
2023-01-23 15:22:27.082482,series_8,0.3438382238082005,0.7486166915234933
2023-03-25 07:01:55.848178,series_6,9.44908409136112,0.6626795189267518
2023-03-31 08:43:08.906093,series_8,8.527770724381156,0.6084807046736864
2023-01-12 02:44:18.267287,series_6,0.9289112345985872,0.8310258871642914
2023-04-01 10:21:41.986075,series_8,4.734899346276466,0.4720635405937119
2023-02-08 05:29:12.691833,series_6,0.2094391288489927,0.6706470731801659
2023-01-21 12:56:43.702137,series_8,9.397663502237702,0.9368775263246458
2023-02-26 07:00:00.000000,series_8,6.315312793521447,0.0
2023-04-02 10:04:20.851492,series_8,4.936976162063498,0.7042393816642092
2023-04-01 23:15:27.572331,series_8,2.164263571031615,0.6485334112450695
2023-01-03 20:41:59.579924,series_8,8.350214483967079,0.5650876551124195
2023-02-26 05:29:10.647501,series_8,1.457659062188328,0.7088858495685857
2023-03-03 20:50:27.282202,series_8,0.6762210307967453,0.6887323754231297
2023-01-02 16:33:55.732916,series_6,0.5847187047238667,0.87243208068903
2023-02-14 16:49:23.772583,series_6,3.4069318531382264,0.9918732202136192
2023-02-27 22:10:54.545455,series_8,4.887399577356856,0.0
2023-02-03 10:55:19.044382,series_8,0.6624679773360231,0.4427452573619218
2023-02-26 12:51:12.032564,series_6,1.2267561309150266,0.6520871800712394
2023-04-05 15:46:14.412895,series_8,6.403908578778417,0.8642058048374035
2023-02-28 16:09:15.060841,series_8,9.257127386911828,0.9320182956222284
2023-02-28 18:05:53.283866,series_8,4.557825946728111,0.5483343487449281
2023-01-07 09:03:39.525231,series_8,5.037377419507441,0.9566052441675847
2023-01-29 01:03:13.451816,series_6,3.4430567426383663,0.6312748569984786
2023-01-26 07:33:20.163305,series_8,8.998162953544767,0.5925288512184298
2023-01-13 22:38:53.194700,series_6,1.1044544152216385,0.5770191334972
2023-02-24 13:37:33.449632,series_8,4.574172755919653,0.6368099329798177
2023-02-25 16:29:59.355141,series_6,9.350357426367273,0.4171601065158129
2023-01-14 07:55:45.887558,series_8,1.2543659308331234,0.6812643977337356
2023-02-12 16:38:44.071546,series_6,6.50598555405168,0.7043513496242236
2023-01-05 07:20:38.238251,series_8,8.669602689020838,0.4112169566615494
2023-04-06 04:47:14.336767,series_6,5.408198936630982,0.5144791021816766
2023-03-03 08:35:21.130518,series_8,7.679478086563981,0.419634125741904
2023-02-10 19:00:00.000000,series_6,10.008894404437855,0.0
2023-02-04 06:31:45.120667,series_6,5.881343251512866,0.7197589381229273
2023-02-28 02:22:54.418117,series_8,9.953361091260277,0.755101266287104
2023-04-07 13:44:10.636306,series_8,5.130899639593727,0.8951194575362706
2023-01-16 20:19:36.718537,series_6,6.817448539661618,0.8518388819893146
2023-02-20 21:25:11.315374,series_6,4.411076741693791,0.8578087192701616
2023-03-12 05:42:17.317467,series_8,3.706636635029974,0.537739260399562
2023-01-21 18:17:29.021568,series_8,3.735271777814824,0.4867726781446181
2023-02-05 12:33:43.578294,series_8,0.1649768151507746,0.8047595106194361
2023-01-09 14:00:16.983297,series_6,9.491757609327845,0.6321104427046871
2023-04-05 10:19:00.727347,series_8,5.279598547174449,0.582102499873649
2023-02-14 07:24:16.978956,series_6,5.712393588085815,0.4586897612000816
2023-02-03 13:38:12.171480,series_8,4.813580659054716,0.8519657319880649
2023-03-17 18:44:48.196448,series_8,0.8627693316208784,0.9200877399137708
2023-03-12 21:17:34.085318,series_6,3.448323483224638,0.8209284574678751
2023-02-02 17:24:48.520990,series_8,1.5724796015381004,0.987017165140499
2023-02-01 16:26:17.678311,series_8,2.828469349905778,0.927068770155123
2023-02-27 20:50:00.865882,series_6,1.1093368886545474,0.7095916762006759
2023-01-05 12:22:57.637015,series_6,8.36036713470932,0.7434306356043952
2023-03-26 15:29:43.461785,series_6,8.493069186416843,0.9754312896342674
2023-02-13 23:18:42.262036,series_8,0.7957525421829259,0.7170023019915153
2023-02-19 10:15:07.558364,series_8,9.1797709374064,0.4181056877142588
2023-01-17 23:42:07.222286,series_8,7.77093943082929,0.4985573351683398
2023-02-07 23:12:50.603700,series_6,8.302496103512961,0.6509759706488731
2023-03-02 00:00:58.391400,series_8,4.880501054318143,0.4185647220070703
2023-04-05 12:01:08.084941,series_8,8.59058987559866,0.6618780546608407
2023-04-05 22:33:14.904971,series_6,6.741507515924692,0.574104273480082
2023-04-10 03:55:22.297335,series_8,4.320500793315921,0.4189479519410312
2023-01-03 15:53:07.887375,series_8,5.809620683392609,0.8574512449589561
2023-01-23 13:00:58.428850,series_8,0.9552649750584808,0.7711600323958087
2023-03-31 13:23:07.319129,series_6,6.793379102785844,0.616968769867385
2023-01-11 21:13:15.262312,series_8,8.771580611124222,0.6686287014885992
2023-02-06 15:29:43.302490,series_6,0.8202423982489992,0.4822085500870958
2023-02-13 09:47:22.105263,series_6,10.203341381110503,0.0
2023-02-07 12:41:01.624453,series_6,7.8269728852311395,0.7743729606628658
2023-01-25 17:14:53.684750,series_8,6.864827189031847,0.4726427346043688
2023-02-12 15:17:44.531033,series_8,2.004313838327686,0.9886470020618012
2023-02-12 16:37:53.684211,series_6,4.554942857913689,0.0
2023-03-28 06:05:21.466353,series_6,6.083274502303899,0.5499458692464021
2023-02-11 10:18:45.240925,series_6,9.303174889735264,0.6764536640196233
2023-02-23 11:17:29.854515,series_6,5.852010805660961,0.940333021131327
2023-02-02 22:37:55.928401,series_6,5.648312794556032,0.6702707836286255
2023-02-06 06:36:40.578760,series_6,3.198392668769322,0.703939361882518
2023-03-09 04:20:04.265098,series_8,2.7380149306577826,0.8746276376355763
2023-02-28 08:16:59.962493,series_6,7.56420172330368,0.5933898519239322
2023-01-30 20:18:23.966106,series_6,5.442091720338778,0.5071618087245017
2023-01-30 20:29:46.816972,series_8,6.031413253739841,0.9815901304297028
2023-02-23 16:52:36.240553,series_8,1.416117972520401,0.7322804795425828
2023-03-18 17:01:19.391015,series_8,4.332401491288186,0.5187848711963599
2023-03-06 05:16:34.671862,series_8,8.882328773316885,0.5192053708376707
2023-03-28 02:19:04.807883,series_8,6.519719265108998,0.7215306708147788
2023-01-01 20:00:40.344522,series_6,7.670847053278974,0.8816244753297561
2023-03-30 19:37:38.761084,series_8,7.091803818007221,0.6216443570277974
2023-04-03 13:50:23.251615,series_8,8.692768485521752,0.8848542670351758
2023-02-26 09:00:00.000000,series_8,8.451465110560697,0.0
2023-03-26 08:58:16.550906,series_8,0.0526204209250436,0.5063093991211687
2023-02-05 17:04:34.519313,series_8,6.657649927008874,0.826007404605676
2023-01-06 01:44:04.186498,series_8,4.314294606581638,0.993549742146176
2023-01-12 11:28:26.783796,series_6,0.9984581777453329,0.9752927003022438
2023-03-14 00:03:00.109472,series_8,8.412693220272432,0.4866091424751693
2023-03-29 22:54:29.959107,series_8,8.63956984202163,0.4862790734414541
2023-01-23 08:35:49.491262,series_6,0.9229047109563282,0.9876194214967134
2023-02-06 11:53:41.855372,series_6,4.115209913634695,0.4458936712015096
2023-03-25 23:55:29.984698,series_6,2.5594364189691565,0.6130967337814699
2023-02-26 00:50:40.500858,series_8,1.608003830502328,0.4151633726919349
2023-03-18 10:20:40.216850,series_6,1.6360445949908886,0.8407809323685456
2023-02-02 12:45:53.831286,series_8,8.775200567483148,0.9950581208706584
2023-02-26 21:43:38.181818,series_8,9.890842489067388,0.0
2023-01-11 04:25:10.235101,series_8,7.125824850513533,0.7085808282117323
2023-03-04 01:29:03.869464,series_6,2.109456596293777,0.6557677715232452
2023-01-17 21:11:39.213405,series_8,8.443936923388293,0.5986519695952516
2023-02-27 12:40:20.357287,series_8,9.089316362962986,0.5778394717414801
2023-03-08 07:15:45.189039,series_6,1.684828401587114,0.8755247200456615
2023-01-06 19:11:26.556717,series_6,9.851721580240463,0.4785650818438236
2023-02-27 09:36:53.117671,series_8,5.887915287891224,0.9228111404963673
2023-02-10 17:31:54.664654,series_8,4.657754919580903,0.8855833394947208
2023-01-17 00:19:41.836895,series_8,9.277795266900965,0.8887772534904566
2023-02-25 21:37:24.997431,series_8,7.8066453203748285,0.5085885297725817
2023-02-08 03:03:29.101506,series_8,5.5802180558742185,0.7545119615884015
2023-01-30 18:11:48.070650,series_8,1.4698894288922215,0.8008672572720252
2023-03-07 04:01:00.934094,series_8,3.055826694591157,0.4640811601536836
2023-02-04 20:25:31.104354,series_8,9.800573930350517,0.8846157895858962
2023-03-19 10:31:55.540374,series_6,8.41352053985687,0.9944505396995982
2023-03-02 04:16:21.818182,series_8,5.289741819096002,0.0
2023-02-23 13:17:53.398081,series_6,3.987912496521302,0.6559016407311551
2023-04-03 08:21:31.620227,series_6,7.044656581977497,0.5053028168559561
2023-04-05 18:20:31.230018,series_6,0.564396530727066,0.5732329815438761
2023-03-15 15:16:57.279051,series_8,3.638506500608505,0.9966854087042362
2023-01-09 06:08:27.027608,series_6,7.669867277982933,0.7434428592137869
2023-03-02 19:44:19.831107,series_8,8.508526254859985,0.9587914668645936
2023-01-16 22:40:37.723782,series_8,9.23328819133454,0.6886729872847617
2023-03-18 02:43:52.606051,series_8,8.834260795811492,0.5674088572854344
2023-03-14 21:40:06.637557,series_6,7.260276562952516,0.8085158098492584
2023-03-20 09:28:28.228681,series_8,0.2740916295621176,0.5919820902089749
2023-02-27 12:14:33.491997,series_8,1.7566226824404108,0.8961584788172936
2023-04-09 08:02:50.908651,series_6,9.270486459463651,0.8081450113643929
2023-02-09 14:00:49.063172,series_6,9.448562024341552,0.5303073672137874
2023-01-17 14:33:43.902872,series_8,3.5994430878731243,0.5846597320488198
2023-02-09 18:15:08.965336,series_6,8.625175749858215,0.8780363988257789
2023-03-06 06:48:48.362947,series_6,7.4845793808159105,0.9624941536936332
2023-03-30 07:05:31.052537,series_8,8.196801156165032,0.5488392171140519
2023-02-28 13:07:38.393723,series_8,9.476905810998344,0.4459392332175076
2023-04-09 21:42:10.284398,series_8,4.323682047730971,0.9196142700551924
2023-03-16 05:20:52.139052,series_8,7.548253479686988,0.5772396205149193
2023-03-28 14:55:02.709503,series_8,2.1955747748910714,0.7374068283359627
2023-03-24 17:33:36.153530,series_6,1.2446118440722076,0.8798914585376132
2023-02-26 05:55:52.906267,series_6,9.729959048155596,0.9456347720392208
2023-01-13 18:28:15.042646,series_6,0.7965715756859248,0.6456457085451204
2023-03-03 21:34:55.885980,series_8,2.9248391498634287,0.8760696470547883
2023-03-20 07:39:56.203764,series_8,4.593526649968976,0.512796181762916
2023-03-19 00:16:52.336223,series_8,2.0487855310956427,0.8657917303455986
2023-01-02 14:39:56.693871,series_8,3.619368428104117,0.8166448141742024
2023-03-11 08:23:11.900491,series_8,6.125278609953354,0.7716882122852162
2023-02-27 06:05:27.631516,series_8,7.601307370147748,0.4274782067617079
2023-02-07 14:26:44.209874,series_6,0.140167389127428,0.4985261158557864
2023-03-23 01:16:12.482741,series_8,9.537655277194396,0.8943811119102553
2023-01-11 14:20:16.010349,series_8,4.8278245385196215,0.6837626566877291
2023-02-25 16:24:33.242185,series_8,4.652770494828147,0.5729332634323069
2023-03-05 01:18:07.793367,series_6,9.794159715177743,0.4280459913690104
2023-01-26 12:47:27.550802,series_8,0.4911147813851735,0.7655939659156726
2023-04-05 12:58:55.289161,series_8,5.6426000698673695,0.7902813305065817
2023-02-04 01:46:22.668485,series_6,5.187320523911821,0.6805808962365726
2023-01-03 17:00:34.208401,series_8,4.03547007019727,0.7975772582663936
2023-02-22 03:05:39.633215,series_8,0.9164300487721088,0.7429724687410286
2023-02-02 02:04:02.585877,series_6,3.219568799940519,0.8671315132286816
2023-04-06 03:45:17.471526,series_6,7.223824921972518,0.4224109492203888
2023-02-10 02:56:44.106385,series_8,6.296708268488374,0.6439465924891219
2023-03-01 17:49:05.454545,series_8,9.75657165642569,0.0
2023-04-06 19:02:28.370494,series_8,5.786963735491531,0.9574225621083756
2023-01-15 02:34:15.723944,series_6,9.686626503325856,0.90435097349505
2023-02-23 14:40:43.299572,series_8,9.697539540660056,0.9952771695625624
2023-02-21 23:37:31.895016,series_8,7.412258158061434,0.8153302916094991
2023-01-12 04:40:15.508221,series_6,9.748031824418788,0.8926796948749909
2023-03-15 00:10:49.974677,series_6,4.296875742021477,0.5664712544455952
2023-04-03 20:16:56.454867,series_6,3.5661530145902,0.7661420287831744
2023-03-26 14:21:45.076539,series_6,8.116486809970993,0.6683336105980866
2023-01-24 08:02:00.375277,series_6,6.129847340998856,0.8735980269767178
2023-02-07 16:22:17.029453,series_8,6.017702155795082,0.6291813556639766
2023-04-01 15:54:26.612364,series_6,0.6183292247024774,0.6025646623277184
2023-02-11 07:57:01.994221,series_8,4.124586628068062,0.959479828123534
2023-03-02 05:00:00.000000,series_8,7.631306780518106,0.0
2023-01-17 02:16:17.361345,series_8,8.722157420910948,0.5427157350416172
2023-02-12 04:18:56.842105,series_6,4.7659803459277335,0.0
2023-02-02 09:43:10.333856,series_8,3.0629706383404773,0.9805852987871718
2023-02-03 10:49:48.454742,series_8,8.158554246076589,0.9028284400508452
2023-01-12 08:16:01.952665,series_6,4.011151381555436,0.9331432348683892
2023-04-07 02:25:16.847564,series_8,5.2326540877618015,0.8392880045254877
2023-01-02 12:19:47.944506,series_8,7.682978376255596,0.4320563554249678
2023-02-10 11:00:00.000000,series_6,5.800393584279727,0.0
2023-03-19 07:24:39.395184,series_6,0.0505338746978589,0.8091768466351368
2023-02-01 23:08:20.559271,series_8,8.474731599683249,0.5066593324038091
2023-01-10 04:24:48.402811,series_8,1.8767158351363844,0.9269624061959156
2023-04-06 11:27:36.538727,series_8,2.565054183060446,0.5907258006068312
2023-02-09 04:46:07.351128,series_8,3.1490189798036736,0.5396837375609712
2023-01-08 13:34:04.229067,series_6,9.277552430867482,0.5588460534410664
2023-02-28 00:38:10.909091,series_8,2.984673744720502,0.0
2023-01-06 04:59:27.032374,series_6,3.692544303798183,0.8783060350341345
2023-03-28 18:28:30.448250,series_6,1.2496611321749709,0.8466983100445573
2023-03-26 20:57:22.056875,series_6,8.091939851641264,0.4490654199575911
2023-01-28 02:08:48.586727,series_8,1.7507114675405957,0.737401469673153
2023-04-04 04:04:50.059215,series_8,7.443089947886836,0.436363797235913
2023-03-24 03:07:44.159407,series_8,6.305084057173661,0.6516072225414072
2023-03-06 18:39:53.795853,series_6,4.365395273907078,0.643200387365365
2023-02-09 06:57:34.755890,series_6,9.261132642732552,0.5347081763718423
2023-03-07 05:52:40.003721,series_8,6.249874306932192,0.4098593192552184
2023-02-11 06:18:56.842105,series_6,9.975399169799177,0.0
2023-02-03 04:19:46.122915,series_6,5.594149068552454,0.9381881787063032
2023-01-20 12:36:03.225910,series_6,1.2992714869054378,0.8303955270038581
2023-02-24 04:19:25.474677,series_8,7.042805902711482,0.5628940588026464
2023-02-11 07:47:11.582194,series_6,1.5600016006477813,0.5155266397516222
2023-01-30 02:30:01.962928,series_8,9.31897453039841,0.4515223586356789
2023-04-05 23:06:02.036869,series_6,5.513779315880529,0.4802229686885111
2023-02-10 03:00:00.000000,series_6,1.4603710962008791,0.0
2023-03-29 05:22:37.339232,series_6,2.303481483961549,0.901444260026245
2023-01-13 11:31:51.387259,series_8,4.693732986439309,0.8124872955650082
2023-01-11 21:14:53.023706,series_6,8.833725556364122,0.5230283418770236
2023-02-01 16:08:28.897046,series_6,5.952791894779224,0.4042853098413667
2023-03-27 12:56:14.594706,series_6,6.531704077481938,0.5881047775019536
2023-02-08 01:44:52.946136,series_8,2.5838344742186625,0.8662522164526221
2023-01-06 10:46:18.256300,series_8,3.252856648508008,0.7902631532043811
2023-01-31 06:10:11.051813,series_6,9.929619541065616,0.7699824898000143
2023-03-05 03:40:39.682981,series_8,5.946509763910026,0.9924851389302706
2023-01-25 04:25:24.649305,series_8,3.624235680799088,0.9277932943423602
2023-01-16 18:37:53.630679,series_8,9.346129610035106,0.8316957886205434
2023-01-23 09:45:40.580115,series_8,3.785467225188166,0.5123965542063967
2023-03-28 02:45:47.118223,series_8,5.381288855916349,0.9854688549440976
2023-01-18 15:59:56.942142,series_8,8.236410694238185,0.8974802610576156
2023-03-12 02:28:05.191004,series_6,9.755494137178948,0.4423335850349211
2023-03-15 17:05:14.709781,series_8,8.464309931571957,0.8840774375462802
2023-03-13 21:47:19.193446,series_6,0.4265041499849353,0.985375726222714
2023-03-24 07:58:05.398920,series_6,4.81054723189013,0.4250789144463305
2023-02-06 18:51:55.161342,series_8,0.2856535083055644,0.8141295195420761
2023-03-14 23:01:50.196658,series_6,1.7465969155356198,0.6203384074221533
2023-03-03 13:32:16.799510,series_6,1.3592276276966853,0.422129897443685
2023-03-02 17:19:20.745569,series_8,4.373522968712255,0.4891515526831421
2023-01-01 19:52:49.306164,series_8,5.953797914870399,0.7488625154155905
2023-02-18 11:09:01.182361,series_6,0.7579496605454294,0.6419529372385685
2023-01-10 07:59:02.009109,series_6,7.36834121460909,0.4689316815795399
2023-01-23 07:53:06.681747,series_8,2.977639370205712,0.7349681154454029
2023-01-17 08:23:10.430731,series_6,8.088081233245873,0.4176746608752662
2023-01-07 04:06:00.410157,series_6,4.940076266765807,0.6179662753525885
2023-01-24 05:09:48.867030,series_8,3.5860792278806053,0.5753983992559012
2023-02-17 19:58:47.134061,series_6,0.0308937419029264,0.8185303196555815
2023-03-18 15:48:53.833313,series_6,3.0770300224669658,0.6139256358133361
2023-02-14 02:56:50.526316,series_6,10.02096747633649,0.0
2023-01-17 11:19:46.543974,series_8,9.212428543638373,0.552397627554758
2023-01-19 00:44:34.628167,series_6,5.878001684017852,0.5383114185495992
2023-03-03 14:36:29.463118,series_6,2.623727330334761,0.6436157411373458
2023-02-05 12:31:55.591262,series_8,4.149190909647943,0.735346356911813
2023-01-05 11:40:26.798030,series_6,6.91573350009408,0.5985257236052662
2023-03-02 01:16:21.818182,series_8,0.7535777191195341,0.0
2023-03-12 04:38:48.735986,series_8,2.0033602128789174,0.424807106313167
2023-01-08 16:19:45.412011,series_6,8.354780677345758,0.4473045054276361
2023-03-02 08:31:18.820015,series_8,8.294456984175056,0.7428893685566409
2023-02-07 00:40:03.377804,series_6,8.07812391335423,0.5513028843976118
2023-01-07 02:10:00.226614,series_8,7.975719204075422,0.8452922225972922
2023-04-01 10:44:07.600059,series_6,9.12923301781583,0.924490769936864
2023-03-18 23:33:30.365366,series_8,9.492201498003167,0.762645661540805
2023-01-08 01:25:02.129015,series_6,4.787097760276454,0.5047458960951461
2023-01-27 09:21:53.976198,series_8,7.221238795371555,0.6879237829205127
2023-02-10 15:00:00.000000,series_6,7.990936273356505,0.0
2023-02-01 04:17:18.814012,series_6,1.3611607815436133,0.7971748557827011
2023-02-07 13:32:05.971261,series_6,7.124034775297805,0.7489670159671893
2023-02-02 04:58:21.825072,series_8,4.698162482173672,0.7963400102334448
2023-01-10 19:09:33.074219,series_6,8.7976721244556,0.4767076558059607
2023-04-08 02:05:49.755765,series_8,9.132287920545874,0.7165796233745689
2023-03-13 10:45:45.450784,series_8,1.7609297070398278,0.9413963628487032
2023-03-01 14:58:59.177818,series_6,7.291099229441601,0.8857130722180099
2023-04-01 01:54:26.666245,series_8,0.5208079197145687,0.4487579289054018
2023-02-23 18:28:09.583770,series_8,2.0800394118362666,0.8791697822882734
2023-01-04 10:56:09.969316,series_6,4.184414117152136,0.9530058585730806
2023-04-01 10:14:14.036579,series_6,2.2748051286214466,0.949732663007588
2023-01-30 12:12:41.928365,series_6,2.596492019977997,0.6287795221811648
2023-02-21 23:16:38.621277,series_8,5.022099585617345,0.4233198221449019
2023-03-29 00:20:11.259244,series_8,6.811919958888258,0.5680769280890877
2023-04-06 04:26:17.430648,series_6,3.341148338852116,0.6800051099773862
2023-02-07 05:43:44.945601,series_8,1.5328739993022356,0.8773257744181907
2023-02-16 09:47:24.070564,series_8,5.2934691079799245,0.7297392096080375
2023-01-20 05:57:08.357158,series_8,2.388485001140881,0.9076824495829546
2023-01-21 23:56:03.586874,series_6,2.9638998682781983,0.569645539380015
2023-04-03 05:20:59.024927,series_8,1.351253442745293,0.8640731751111719
2023-01-11 03:46:54.433620,series_6,9.576336689737268,0.4487284408117987
2023-02-26 08:00:00.000000,series_8,7.453952509260733,0.0
2023-01-03 21:27:10.963946,series_8,6.711618120578029,0.7984382228433267
2023-03-25 05:57:24.906749,series_6,0.6803399898107643,0.8734458015820028
2023-03-05 08:20:01.734499,series_8,8.815188635127258,0.8383438773411973
2023-01-19 21:46:40.627397,series_6,2.930149709413131,0.4997321218398234
2023-04-04 21:21:18.000454,series_8,9.248160376535122,0.6348052844122
2023-04-07 04:58:47.135233,series_8,5.7756231788670025,0.4223353699995925
2023-01-16 04:54:59.937279,series_8,2.694438982048468,0.6866047978479517
2023-03-02 04:00:00.000000,series_8,8.268913547244944,0.0
2023-03-24 20:39:24.487686,series_8,6.992913429730752,0.5090411423731741
2023-01-08 17:08:11.699526,series_6,7.668155952289001,0.8388684101583412
2023-03-22 15:55:05.774090,series_6,7.09955065858296,0.4788169257697335
2023-02-26 12:34:57.933668,series_8,3.685431344580121,0.6651353856200181
2023-01-05 07:43:59.318222,series_6,2.4713319599048047,0.6058263891706056
2023-01-13 10:02:18.406853,series_6,3.0942816612739685,0.6412444761867073
2023-03-20 03:20:37.628216,series_8,2.657519407947644,0.8828391629721718
2023-03-14 03:43:20.762900,series_8,0.1136380976800643,0.572085348320138
2023-03-19 05:50:53.754125,series_6,5.526828978505776,0.6949837264934131
2023-03-22 00:56:57.357554,series_6,5.8293764422447545,0.8647173760178894
2023-02-15 13:15:47.368421,series_6,10.21345200175356,0.0
2023-02-15 22:11:08.018549,series_8,9.499754590932676,0.5865108681851123
2023-01-05 12:38:03.762873,series_8,8.275095362448374,0.9475832988283664
2023-01-06 10:41:13.875119,series_8,3.963819549656029,0.5067466360544121
2023-02-26 09:50:50.315838,series_8,5.504491537165123,0.5835809908612812
2023-02-07 16:06:06.699683,series_6,5.378636673456471,0.902801491653686
2023-04-02 11:26:47.965533,series_6,9.311177791599928,0.7234599563763398
2023-01-04 21:23:05.600321,series_8,0.297348650347129,0.6449574819453462
2023-03-14 21:22:47.411267,series_6,7.949929530922423,0.7686153805679057
2023-02-05 00:53:48.211916,series_6,0.8438336404138225,0.5000731096643463
2023-01-15 06:04:34.150487,series_6,2.3738213854232804,0.5917514812294742
2023-01-11 08:37:35.118006,series_6,5.873305778199423,0.4545317335238257
2023-02-27 12:34:25.994300,series_8,8.112168231202123,0.6510793013442143
2023-01-06 19:16:33.402897,series_8,4.194955483443371,0.662226796967385
2023-01-26 01:48:21.699339,series_6,9.417635152857647,0.9600588957576952
2023-02-17 08:58:02.479672,series_6,1.288965009378065,0.6045952304116148
2023-02-10 22:09:24.053200,series_8,8.13598040032055,0.9332814583406094
2023-01-08 21:01:23.930634,series_6,2.8575685044253007,0.6068884206307913
2023-02-06 08:11:47.238986,series_8,2.431494057265188,0.5824542580143897
2023-01-28 08:28:08.308535,series_6,2.3276810875132514,0.4825334901572163
2023-03-22 15:58:36.090803,series_8,0.4197951757683882,0.9035492899133204
2023-01-21 10:30:49.045090,series_6,6.600497800094178,0.8292272179124629
2023-04-08 14:54:35.325014,series_8,5.308029153462689,0.7966226657085209
2023-03-17 19:28:05.685180,series_6,3.9339621374335154,0.657427027337957
2023-03-22 19:32:19.694622,series_6,1.876394168200296,0.5697610285335868
2023-03-09 01:30:29.470559,series_8,1.6764763472336974,0.5044067439997336
2023-03-18 11:32:13.787743,series_8,8.069444636966338,0.9630547224631932
2023-01-27 12:08:45.399724,series_6,8.22501079196869,0.8249214837970884
2023-01-15 01:53:12.516625,series_8,7.400596485049087,0.6643667135788628
2023-03-08 22:28:10.276121,series_8,3.726911865621048,0.5013198013458389
2023-04-08 02:33:43.499921,series_6,9.65753148504423,0.7541459588839963
2023-02-25 07:29:31.190039,series_8,7.570377609700038,0.5691492916917432
2023-01-02 08:57:35.035302,series_6,7.129133393520606,0.662846938491864
2023-03-01 04:54:01.975880,series_8,8.7822115545303,0.7530975499297435
2023-01-11 16:32:53.596210,series_6,4.066660808626654,0.6725069752048607
2023-01-10 22:03:14.850846,series_8,3.837306278979782,0.6389875105617738
2023-02-27 06:34:37.020210,series_8,6.00565534896769,0.6943911490927839
2023-03-13 23:23:28.437516,series_8,2.845002767032777,0.8787760842833949
2023-02-17 11:06:47.004680,series_6,1.3757239371779495,0.7666833819818759
2023-03-18 04:38:45.117924,series_8,0.2868841066099503,0.5771464617774174
2023-01-30 12:09:25.877446,series_8,4.472762961865526,0.7379548273128391
2023-01-09 16:11:14.986365,series_8,2.958588317768493,0.5791411776867831
2023-02-28 02:54:32.727273,series_8,10.113038155480636,0.0
2023-01-11 08:36:29.181868,series_8,2.08264056289524,0.8518790759000461
2023-03-12 03:24:58.877746,series_8,2.430876560478322,0.9553565511368968
2023-01-22 00:24:54.859390,series_6,1.9254003471399417,0.5975741837685171
2023-03-04 12:13:53.692635,series_6,6.3076869621432285,0.8801407609660121
2023-03-06 16:38:17.960983,series_6,6.058996520160125,0.962600684232184
2023-04-11 20:51:51.503504,series_6,0.4655149819791115,0.7026103067574831
2023-02-28 06:07:42.174601,series_8,1.3961622604796065,0.6448539951776209
2023-03-14 09:49:17.616013,series_6,0.4765164079267137,0.8260425796809561
2023-01-20 00:33:31.765160,series_6,3.6881996291788246,0.8503499892340209
2023-01-25 23:09:29.141486,series_8,4.366234477329218,0.9643339770862106
2023-01-12 13:19:04.469197,series_8,2.166778674960239,0.5046224580119321
2023-01-30 04:15:30.274488,series_8,8.129501029869088,0.610973024309087
2023-03-04 05:05:31.543947,series_6,9.508478952875908,0.5421877041991188
2023-04-02 06:20:57.863761,series_6,2.7957363549742054,0.7894626810009387
2023-01-25 04:31:05.761411,series_6,6.375118310194665,0.7033333963347727
2023-02-22 14:39:52.045740,series_6,4.1152880701958665,0.6103327870414722
2023-02-09 20:41:46.921896,series_8,2.804349155971819,0.9281876883547032
2023-01-05 07:06:22.094645,series_8,4.562190211553309,0.7637622630897583
2023-01-01 11:58:31.421686,series_8,7.941483746260953,0.7114739807345343
2023-01-06 05:19:38.972400,series_6,4.275636803301572,0.8740661069279875
2023-03-04 14:06:57.788296,series_6,8.90240545416496,0.6938112585950926
2023-02-07 14:30:47.295374,series_8,7.304616531254558,0.988093211637101
2023-02-02 23:06:51.245249,series_8,7.535385805846328,0.7824212944098068
2023-03-15 13:32:03.915047,series_6,3.977311300707612,0.9933975263472808
2023-01-14 17:00:51.500218,series_6,9.817821781526336,0.9320481381652967
2023-03-11 08:28:50.316804,series_6,6.643503521739441,0.457791863684445
2023-01-05 10:01:51.821845,series_8,7.251846501182284,0.923417576568428
2023-04-02 22:44:18.716700,series_6,7.033530655990673,0.7085257247791923
2023-02-08 06:48:51.385643,series_6,8.923624201403108,0.549922852470045
2023-01-01 19:46:15.536208,series_8,3.788652700689974,0.4572678982405007
2023-02-10 22:24:04.674183,series_6,1.840483561860694,0.9191977585411004
2023-01-09 16:34:46.648300,series_6,9.357683461794725,0.9095981283530494
2023-01-25 07:10:01.545925,series_8,2.4368936202928424,0.8831512102842289
2023-04-01 16:49:22.928163,series_6,4.534990055076143,0.8140908761392098
2023-01-06 20:48:47.422189,series_6,4.817157867814544,0.6698415065906485
2023-02-25 04:12:58.019184,series_6,9.420884826081464,0.6354929655288015
2023-03-16 23:40:06.584475,series_8,2.629419985194364,0.8040363865191136
2023-01-24 08:50:19.361460,series_8,5.061056915469267,0.9265301302667598
2023-03-18 14:44:19.027380,series_6,4.711270020469383,0.815960134020065
2023-02-09 23:11:35.976650,series_8,4.932739417594094,0.6880406778004227
2023-01-27 09:15:11.010174,series_6,3.472861991269843,0.4952807493371778
2023-03-29 15:42:14.822649,series_6,4.656708751023801,0.7492159532886438
2023-04-06 18:49:23.693090,series_6,3.916130172055863,0.537946266937767
2023-04-02 08:19:33.927559,series_8,9.722504858050392,0.4390360250038594
2023-02-27 02:27:08.064708,series_6,0.5798806261820721,0.5738574666514562
2023-03-29 15:13:20.742352,series_6,1.083280410677533,0.6366492093389865
2023-02-03 17:14:00.730996,series_6,1.0169754356784089,0.4700191432191093
2023-02-27 13:44:08.877871,series_6,2.4086709519772453,0.5736101552549818
2023-03-03 19:51:47.590764,series_6,0.7698370674961219,0.9727564475603988
2023-04-03 06:23:42.854222,series_6,5.559170875504387,0.9739185335391704
2023-01-16 01:08:16.742063,series_6,6.7899144897287815,0.7514929976287744
2023-01-13 18:32:36.582025,series_6,5.19866613063678,0.6728197817460118
2023-02-28 13:38:10.909091,series_8,5.182931272339672,0.0
2023-04-06 08:18:27.300009,series_6,5.237369883664242,0.5654381477417816
2023-03-21 08:19:15.797834,series_8,8.645988744376332,0.4210637582353119
2023-02-13 18:22:06.315789,series_6,9.902004469139897,0.0
2023-02-23 01:10:38.629612,series_6,0.2865864941340468,0.7765115232591975
2023-01-18 20:43:18.622511,series_8,4.62757198576403,0.481198463753907
2023-04-05 13:56:49.979185,series_6,2.646452124493117,0.9224841195088216
2023-02-13 17:28:12.950064,series_8,0.8515145923724177,0.6346959581754907
2023-03-04 06:28:15.788082,series_6,8.953844827646657,0.5148542299865669
2023-01-17 02:15:55.937243,series_6,8.428964669810238,0.7413261691038157
2023-03-12 19:41:19.963294,series_8,3.0610835854119225,0.6643844666746055
2023-04-08 00:06:44.585387,series_8,5.376839935165274,0.8338271134579087
2023-02-25 00:40:53.324138,series_6,0.4953216964143792,0.5457652644481352
2023-03-13 23:43:02.921016,series_8,9.47706485880458,0.975380297929986
2023-04-06 17:09:35.797830,series_8,9.6420387237871,0.4344143944086593
2023-04-10 02:55:01.751037,series_8,3.8857898584081374,0.7987834595857968
2023-03-09 09:01:50.996425,series_8,1.035941261426634,0.6629890380302847
2023-02-28 20:05:27.272727,series_8,1.5201159354475298,0.0
2023-04-05 04:33:42.859502,series_6,9.209069394198066,0.7773404429008595
2023-02-09 20:01:35.933677,series_6,6.929999417896719,0.8070478649082689
2023-02-09 08:31:10.296255,series_6,5.145370988895745,0.5849244854814423
2023-02-22 06:09:56.416089,series_6,1.2056749889767504,0.4448820751944684
2023-03-13 18:42:33.323605,series_6,5.102513721981682,0.805874029201345
2023-02-15 20:01:13.592659,series_8,2.853407908677518,0.6554806822269403
2023-02-21 17:51:55.705130,series_6,6.41052534536056,0.4180989978365447
2023-03-25 03:08:56.004665,series_6,8.910646528104998,0.8393133100946406
2023-01-04 20:39:41.469277,series_6,0.6756360430839281,0.9886142111087688
2023-01-11 08:20:32.187742,series_8,2.7424472749358566,0.6393815956981257
2023-04-03 05:44:11.505900,series_8,5.364186678021383,0.6757351281901576
2023-03-02 02:00:00.000000,series_8,9.065831692678556,0.0
2023-01-01 15:52:59.449427,series_6,0.9938813064709406,0.7474190434653121
2023-03-21 18:03:28.185067,series_6,6.770605985536305,0.592603612313718
2023-03-22 22:32:46.194242,series_8,4.971572214080625,0.6638490429717101
2023-03-19 03:23:37.591071,series_8,7.520388007727618,0.832832791592648
2023-03-04 08:33:57.789953,series_6,5.246822557548874,0.470345233625871
2023-04-06 15:10:06.669573,series_8,5.650961520468812,0.6777289112506593
2023-02-23 14:30:03.956096,series_8,9.208025375726775,0.9642156885494516
2023-02-23 00:39:53.934723,series_8,8.346002034633704,0.9988024959922897
2023-02-09 13:43:38.850684,series_8,2.264584439817069,0.6980918505420479
2023-01-10 17:39:56.932540,series_6,5.194649330194201,0.8716437254199126
2023-01-04 02:24:01.256675,series_6,9.216746801730572,0.921642544024661
2023-02-09 06:11:39.661775,series_8,6.287205118878446,0.7399040564350392
2023-01-27 19:09:39.616931,series_8,7.790258361687209,0.9117970341914596
2023-03-10 09:28:08.116785,series_8,7.138728518618548,0.5379057297091803
2023-04-07 11:35:34.598218,series_8,8.44025950099301,0.4207048601995729
2023-01-13 18:04:18.305883,series_8,4.945326538533918,0.6001179021150246
2023-02-07 11:24:36.957892,series_6,7.693604467753757,0.7705945233145666
2023-04-04 10:34:27.409304,series_6,9.9828911780329,0.8127139668536485
2023-03-10 08:34:01.934129,series_6,1.8681755860584184,0.7559326527084502
2023-03-14 09:16:40.647390,series_8,0.9341492306805476,0.780064649518977
2023-01-12 09:29:07.813777,series_8,0.248857865157851,0.9291286597611872
2023-02-04 21:56:14.704414,series_6,0.1704394290401489,0.9225718763391432
2023-01-22 13:13:25.266470,series_6,0.8012546286682731,0.5600185351215391
2023-04-09 16:16:38.357385,series_8,8.683533779288378,0.5649388639626904
2023-03-08 17:23:51.936298,series_6,2.9220617763575483,0.5634727937711691
2023-01-22 18:30:58.549526,series_6,8.059492435972542,0.460913274586028
2023-01-19 12:58:37.121649,series_8,9.872154047215483,0.7457074998385649
2023-03-13 16:01:04.274394,series_8,5.672226747517529,0.6678863344674184
2023-03-04 06:48:06.483793,series_8,0.3858497509045655,0.997586756898254
2023-01-07 13:24:57.007735,series_6,6.427609460104527,0.661190507877909
2023-01-15 00:17:55.174951,series_6,4.015040328007738,0.5729597371405697
2023-02-11 04:34:44.210526,series_6,9.899395272057358,0.0
2023-02-14 17:19:47.843565,series_8,5.449021109730776,0.5861819671019903
2023-03-20 04:15:37.239105,series_6,3.423654601121302,0.9388171182713928
2023-03-20 16:05:38.908149,series_8,7.390962671749454,0.8522727615009629
2023-04-05 13:41:37.141602,series_6,7.735191101225317,0.9425884878934376
2023-01-12 19:36:50.262768,series_8,9.054839895678915,0.6887719831654316
2023-03-12 18:53:43.484321,series_8,1.2054805506144384,0.7336013223295188
2023-02-28 15:53:40.010393,series_6,8.34576454965401,0.9782248471373666
2023-04-10 06:37:34.433581,series_8,1.2324324277006549,0.4887400114966946
2023-04-05 09:55:22.002253,series_8,2.5844930373534347,0.7403685305410617
2023-03-23 00:38:57.104721,series_8,9.662973095263446,0.8590986320370939
2023-03-14 09:28:13.218655,series_8,2.765363299834621,0.777024946744936
2023-04-06 04:07:19.320613,series_6,6.4653682022798895,0.8277886855609748
2023-02-28 21:08:52.749722,series_6,8.549126962333851,0.6059993949862528
2023-01-05 02:36:04.979479,series_8,3.3641090114814154,0.6179983360682055
2023-03-17 01:54:24.611567,series_8,7.860185898396593,0.6340243019673347
2023-02-23 02:11:08.515189,series_6,1.1866144183373872,0.6816116207426819
2023-03-14 16:46:56.908194,series_6,8.359482339591393,0.7760173441864286
2023-01-27 17:20:51.539898,series_8,5.448492029491373,0.815656651673883
2023-03-04 02:12:10.637325,series_8,2.836732859887676,0.65446279287166
2023-03-27 12:26:48.300623,series_8,0.1307056623648639,0.4558713677280274
2023-03-08 17:37:21.967593,series_8,3.130835637156045,0.5691890996511849
2023-01-27 18:27:12.722749,series_8,4.183053449559113,0.4470357562158709
2023-02-01 04:43:04.783964,series_6,7.070756114539105,0.8639177952947069
2023-03-12 00:20:11.148569,series_8,3.077662174775846,0.5175258072143478
2023-02-26 18:28:18.937594,series_8,0.4486396706983853,0.433919360419804
2023-02-02 21:58:08.852866,series_8,6.162554592661592,0.7753826744870607
2023-03-12 00:01:33.921964,series_6,7.172362582740818,0.909312780465596
2023-01-25 13:22:05.265581,series_8,2.2148777690045343,0.7979916471400237
2023-03-06 21:21:11.285103,series_6,5.656955446729887,0.9505030369348616
2023-03-26 01:44:11.591552,series_6,6.758283906023839,0.6704373972452986
2023-04-04 19:24:27.016779,series_6,4.950157115404749,0.849830269987683
2023-03-04 06:11:33.787331,series_6,9.03856987474968,0.6299842086784195
2023-02-11 17:42:11.312320,series_8,8.404601250728168,0.843024149366385
2023-01-24 20:45:00.709654,series_8,1.8605418841948085,0.7163148656578083
2023-01-18 13:50:12.175919,series_6,6.224348774437695,0.6044729460740557
2023-01-06 13:53:18.388342,series_8,7.137115412400865,0.8844705877866763
2023-02-09 07:24:27.392121,series_6,7.116705161543623,0.7176216458631695
2023-02-18 19:47:17.565795,series_6,0.561598260152979,0.6669894545150408
2023-01-19 00:50:13.512725,series_6,4.683381521542584,0.4019606367995635
2023-01-04 22:24:59.592877,series_6,5.432802730934747,0.774182823308428
2023-03-28 06:42:39.612008,series_6,6.0219241094606,0.9614707446295488
2023-02-07 16:48:10.725859,series_8,9.341841841765609,0.991073284240442
2023-02-14 00:55:48.339400,series_6,5.565791423158441,0.4979152542921933
2023-01-19 15:29:59.802992,series_8,9.540832882534266,0.6517372945199735
2023-03-06 09:13:14.444964,series_6,3.3431601494918395,0.5054918630914699
2023-03-13 00:09:57.787618,series_6,5.366558995590413,0.897957818639752
2023-03-18 06:46:21.521358,series_8,5.283594368524646,0.9531286839938056
2023-03-17 06:09:37.464333,series_6,8.391576871159161,0.4330952747192276
2023-02-06 09:20:59.766329,series_6,0.7538858401635928,0.4224792764724979
2023-01-21 10:30:55.228231,series_6,0.9608786509850952,0.6814798246406372
2023-01-25 13:24:06.877123,series_6,8.511763534652625,0.4815797019706075
2023-01-03 16:11:17.344468,series_6,7.667105759793122,0.4027324335085485
2023-02-23 00:58:44.644086,series_8,1.9347162283657515,0.731815142575957
2023-02-10 18:00:00.000000,series_6,9.492874233185937,0.0
2023-01-18 06:55:18.083100,series_8,3.5800806909010543,0.7868800969560851
2023-01-12 06:00:04.341906,series_8,6.639307466716406,0.6481284769255882
2023-04-10 23:32:06.999918,series_8,9.293996414577268,0.475676209072043
2023-02-25 11:28:15.236350,series_6,9.708206319660638,0.7875813403687921
2023-01-10 07:20:53.940773,series_8,3.6969959742479785,0.4300875283101562
2023-04-02 13:56:45.886897,series_6,2.5860753584130136,0.6291384278668749
2023-02-09 01:58:33.675119,series_8,2.219676512880348,0.7452150910347826
2023-02-02 14:42:23.057180,series_8,7.362347302983866,0.908557265274878
2023-02-12 22:41:03.157895,series_6,5.009074120360137,0.0
2023-01-02 03:23:37.052841,series_6,2.015872643561374,0.9419839577154336
2023-04-06 01:50:55.828917,series_6,6.080958726980862,0.7439368292979488
2023-01-10 18:52:59.891653,series_6,8.836340576562488,0.4805456623399485
2023-01-10 07:30:00.059108,series_6,7.545842964687724,0.5521080803509917
2023-01-19 09:56:38.321601,series_6,4.073150175339992,0.6035148960424179
2023-02-22 01:59:01.497738,series_6,5.754126399829181,0.4332182504746245
2023-01-09 06:12:03.350891,series_8,7.558632253765115,0.6455167367842769
2023-01-09 01:05:46.345650,series_8,9.55106040277663,0.7689652997391849
2023-02-26 18:26:12.309191,series_6,0.6326837794387552,0.6071066522711573
2023-03-14 22:44:15.737144,series_8,6.876648220912411,0.4323687417826251
2023-03-04 03:06:44.358221,series_8,1.447725550731822,0.7419854725773753
2023-02-14 02:32:16.913145,series_8,3.4378512597585176,0.5464457597343753
2023-01-10 20:29:45.443908,series_6,6.67512031463551,0.5979059697754541
2023-03-12 00:19:23.133726,series_6,5.796796230309754,0.876709034243263
2023-02-08 01:16:04.211648,series_8,5.6873819501972855,0.5505672087926622
2023-03-30 06:36:41.114872,series_6,9.140509004120238,0.723646054283144
2023-03-22 18:13:53.090108,series_6,5.116303232195692,0.8956006089654837
2023-02-12 17:20:34.192051,series_8,0.3757112397147366,0.8007535379012215
2023-02-06 02:15:36.924421,series_8,1.8741489513210696,0.8392238132235854
2023-04-07 09:27:01.649773,series_6,6.399235812696622,0.7695942735830277
2023-02-03 05:36:04.784833,series_8,6.24998120845635,0.4376193225177709
2023-04-07 10:31:42.791755,series_8,6.599590275599368,0.7010344903439019
2023-01-04 20:16:24.201939,series_8,0.4324554514399159,0.4941760568533959
2023-04-08 17:12:41.971095,series_6,3.698695393467869,0.7373669159277114
2023-01-19 01:35:35.450548,series_8,7.463374469365621,0.953170838034592
2023-03-25 07:07:29.072271,series_3,6.330375376431013,0.4175114154394683
2023-03-06 02:39:39.336635,series_3,2.1911583706413063,0.649367362792632
2023-02-02 06:59:52.514987,series_9,3.5235923317380147,0.7656205281178794
2023-02-18 10:34:14.697708,series_3,7.731994269659321,0.6411602620510735
2023-04-08 08:30:51.413448,series_9,5.060676699656836,0.8823533974794378
2023-01-19 04:05:41.421810,series_3,9.648123334618663,0.9996886248208892
2023-04-02 14:54:41.459189,series_3,8.506722229743627,0.7294962263850508
2023-02-08 01:01:09.501999,series_9,7.718191978703642,0.7977708593390236
2023-01-27 09:49:01.096654,series_3,0.054552495842195,0.7207391192001225
2023-01-14 11:43:52.471302,series_9,5.183446325813602,0.7891254986251339
2023-03-02 23:23:54.243828,series_9,8.017505271792505,0.5815808332771117
2023-01-26 14:04:49.478057,series_9,3.2584388536587983,0.5435381808606109
2023-02-02 14:10:24.093874,series_3,9.353198075967947,0.7596907031987634
2023-02-14 13:06:47.872716,series_9,1.930067925867852,0.5554839553917452
2023-03-15 00:11:25.296620,series_3,5.892899185167499,0.7889043814897752
2023-03-03 21:32:20.587912,series_3,5.145344893733793,0.5477550346702444
2023-01-03 00:09:27.736558,series_3,2.5036423722383216,0.5217582094551636
2023-04-08 20:59:40.197700,series_3,2.319047457495448,0.4726723310354555
2023-03-03 13:41:00.775714,series_3,2.8430199936769327,0.4655197011666131
2023-03-28 00:11:20.731668,series_3,0.0795624212073153,0.6078736770848228
2023-02-19 03:59:04.829299,series_9,0.4636984726082027,0.5253099347219136
2023-01-21 02:33:58.380841,series_3,0.3304311163338003,0.9509905438274606
2023-01-17 23:41:03.089239,series_3,1.4503076086833988,0.8212649763462174
2023-01-14 13:21:35.030300,series_3,4.821136473218716,0.5297970311828417
2023-03-12 01:34:17.142857,series_9,9.05161170833199,0.0
2023-01-24 22:53:40.401762,series_9,5.6887038039633815,0.9090194289813308
2023-03-19 14:40:05.672769,series_9,9.340993038067154,0.6839376270679928
2023-03-02 10:51:55.508714,series_9,1.9384529347564727,0.4307257494973489
2023-03-27 12:28:53.489671,series_9,8.83422446491088,0.7219579296550005
2023-03-16 18:42:35.641734,series_9,7.283773739940742,0.6767667319943182
2023-03-05 23:29:59.643823,series_3,2.153865392944048,0.7578495498413433
2023-01-25 09:10:46.962314,series_9,5.357881461664108,0.6670213517447093
2023-03-10 06:06:50.580779,series_3,0.3845975862000683,0.4459976272888765
2023-01-21 16:53:58.410867,series_9,2.888640340308346,0.4341064537446582
2023-02-18 07:29:34.419470,series_9,9.933482862520645,0.789355861265032
2023-03-12 10:13:27.766725,series_3,6.484383601208003,0.5470343555453117
2023-01-14 01:25:27.370330,series_9,8.957966427322383,0.8283111513870887
2023-01-31 00:46:31.378891,series_3,4.68206533839246,0.7202155137008155
2023-02-15 10:28:27.224268,series_9,9.667456779870394,0.7737944718611796
2023-02-03 19:05:16.052317,series_3,8.697849229528419,0.7044971745267725
2023-02-24 07:20:27.074795,series_3,6.055735371453126,0.433702453636849
2023-02-21 13:42:03.943383,series_9,5.342246852206617,0.630403340122701
2023-03-03 23:37:11.692598,series_3,8.379941652410904,0.9991656580726378
2023-01-14 01:08:03.777200,series_3,1.528683649371353,0.5872104620122401
2023-03-24 05:32:35.855756,series_3,4.267919115047484,0.5643949246534532
2023-01-12 18:30:53.500941,series_9,1.0251295315603526,0.8109803467103271
2023-03-19 14:26:32.589288,series_9,0.0842876443716322,0.92665401014253
2023-02-02 08:30:51.557367,series_3,8.29969518504467,0.8760129484023085
2023-01-09 17:31:20.049976,series_9,0.6039847974827284,0.4462221618284109
2023-03-11 10:51:34.435767,series_3,3.0253270479604657,0.9153753410507732
2023-02-23 12:58:24.145975,series_3,4.601701447551532,0.416921552608197
2023-04-04 21:56:01.448347,series_3,6.623851077422321,0.5471696488141208
2023-03-16 13:34:10.754947,series_3,9.640626075562558,0.7668405199139589
2023-01-31 20:45:42.506539,series_3,6.978006842633546,0.9766848494467744
2023-03-08 12:02:07.514284,series_9,1.7487309421352604,0.69037709824687
2023-02-10 17:47:45.493436,series_9,0.8423293354626804,0.4898451022729669
2023-01-19 02:11:16.216137,series_9,1.430179166690142,0.4994581041646927
2023-03-12 01:35:42.772071,series_3,7.316943088161088,0.8952011243734486
2023-03-20 21:18:43.297485,series_9,1.8484675887367763,0.5938039734836887
2023-03-18 13:33:30.991373,series_3,2.621561896748684,0.7016385201340809
2023-03-10 23:19:00.947973,series_9,6.7035543661098345,0.8784074467203844
2023-03-04 03:03:59.522477,series_9,1.621252940957385,0.7587568296876446
2023-01-19 05:17:11.690530,series_3,4.033864587616356,0.7566922831927669
2023-02-04 07:58:52.408136,series_9,2.986379083191464,0.6902287550090933
2023-02-21 10:58:29.567658,series_9,2.6230763720135752,0.9963796107855308
2023-01-08 06:25:27.903494,series_9,1.412801026514405,0.4513813533400636
2023-01-29 09:49:32.827652,series_9,8.91160315282235,0.8891446340616017
2023-03-22 07:46:31.148495,series_3,9.878688903934345,0.4773640441586815
2023-01-25 07:58:24.131309,series_9,0.7257963546941515,0.7361368524417502
2023-02-27 02:00:55.804121,series_3,7.521788784944579,0.7194217620460672
2023-02-11 21:48:58.220699,series_9,3.031357017919244,0.7568077760796625
2023-01-26 20:52:47.701998,series_3,4.5566226276976405,0.6494911506966536
2023-03-18 04:05:11.462597,series_9,1.42061380261308,0.963321768696149
2023-03-27 13:10:00.568930,series_9,5.247682477473216,0.5058402904272244
2023-01-30 02:08:25.912660,series_3,2.07529841927923,0.6500021153817996
2023-04-10 16:22:59.632853,series_9,3.8228012965421456,0.6336259844595318
2023-01-29 16:45:19.179457,series_3,5.4975537742425695,0.5034876061845015
2023-03-20 01:41:28.580657,series_9,0.3757587123194084,0.475901536721519
2023-01-09 22:47:47.612619,series_3,7.045892535745063,0.7575821576941768
2023-01-20 04:37:53.684211,series_3,8.50801982647151,0.0
2023-04-07 20:56:08.855093,series_9,7.511667650224034,0.6454617310695807
2023-04-06 03:06:00.239649,series_9,2.6301675091062613,0.4718985732252144
2023-01-25 14:38:53.073993,series_9,8.361549052220287,0.480824520907352
2023-01-04 01:42:07.590731,series_3,1.008306011139383,0.4136762978179258
2023-01-22 05:28:25.263158,series_3,3.5053824974337617,0.0
2023-01-02 03:42:43.085149,series_9,3.823814558604554,0.8263599085684162
2023-03-07 03:17:08.571429,series_9,9.153869447077136,0.0
2023-02-12 23:50:16.815035,series_3,3.4471450649628,0.9251668788127808
2023-01-08 04:48:43.609230,series_9,1.293340245938812,0.4647427584206183
2023-03-08 16:17:23.058292,series_3,6.361448208149323,0.5108966916835516
2023-03-17 13:22:39.489960,series_9,7.145068188939544,0.8098405258402661
2023-01-12 11:08:19.234976,series_3,8.561169521301373,0.6511431068268538
2023-03-13 09:22:07.714309,series_3,0.7187260067136136,0.9672177271028743
2023-02-11 11:35:30.273647,series_9,6.16859577986242,0.5412292255894824
2023-01-01 17:35:42.249547,series_9,3.014815152830164,0.5559495643698216
2023-02-15 07:10:35.223657,series_9,1.0211614908102007,0.7175076357987433
2023-01-13 15:08:39.525607,series_9,5.851410449699061,0.8892460016587591
2023-02-27 15:05:28.911555,series_9,5.709023972092666,0.6408311965906778
2023-01-05 13:52:01.379910,series_3,3.5992719463762537,0.5296094980336326
2023-03-21 20:26:07.694159,series_3,1.4953876842938607,0.5514114273025083
2023-02-26 21:26:37.516788,series_3,3.041919473398581,0.9965912611877704
2023-01-06 19:33:38.695968,series_9,6.85079370988703,0.4421135559831927
2023-01-11 17:54:39.019322,series_3,9.438750342688063,0.9903464421357352
2023-01-14 05:53:57.828410,series_3,0.2546184579206412,0.9424499460972288
2023-02-02 18:14:45.792838,series_3,0.7163671414362327,0.7628505115681055
2023-02-10 10:02:45.837366,series_3,2.3518773639471755,0.4857744333339024
2023-01-22 14:33:19.955787,series_3,2.711956578278558,0.7729718505227696
2023-03-15 14:57:41.726979,series_9,5.846117362552365,0.5930197942022677
2023-01-25 18:58:01.060111,series_3,0.3222555706057262,0.594777694025773
2023-01-02 23:47:28.817225,series_9,2.017344691662193,0.5404539389675495
2023-03-02 10:39:22.574840,series_3,5.062744807082076,0.6888667420564716
2023-03-02 18:30:13.547938,series_3,4.112322767229822,0.6866069210408792
2023-01-24 04:06:41.698037,series_9,2.28998321919042,0.4184232665768546
2023-03-13 04:58:39.538096,series_3,9.497885139899113,0.4107940672569815
2023-02-08 20:47:15.889343,series_9,4.571521780113561,0.9307130100253392
2023-02-22 00:42:56.685546,series_3,2.275897907514267,0.4897203152846677
2023-03-03 18:14:38.006761,series_9,4.338495143482297,0.6646790635255482
2023-03-18 02:44:33.020035,series_3,1.469438245481457,0.8416496938728
2023-02-13 11:07:40.067122,series_3,9.283755703402884,0.634089062811819
2023-03-23 01:49:06.234804,series_3,6.760978403975387,0.5363086206405576
2023-01-26 01:29:23.041005,series_9,2.847397449460438,0.7581938487362945
2023-03-23 19:29:51.334005,series_9,2.9886442999305163,0.7741756753929653
2023-03-02 09:42:11.048998,series_3,4.985003024200908,0.6314671519777173
2023-01-19 09:28:25.263158,series_3,6.166355195442328,0.0
2023-03-02 05:56:36.177486,series_9,0.2371239540599323,0.4159054459743472
2023-03-22 01:59:51.255488,series_3,0.0672939278434148,0.6029892015408677
2023-02-01 06:22:17.031269,series_9,8.718353981467454,0.5434783369933687
2023-03-26 23:12:02.059372,series_3,4.540916234631645,0.9922897007109964
2023-04-03 21:38:00.072537,series_3,8.561040672375361,0.4459962115213504
2023-02-05 08:35:12.510042,series_9,7.803171374854816,0.5833409655500599
2023-03-19 05:30:58.649674,series_9,9.528179048980864,0.4134832223856881
2023-03-28 05:48:37.712018,series_9,4.9146225933036,0.5750370444068198
2023-01-13 05:56:58.134817,series_9,4.87934894124702,0.653711557486391
2023-02-05 14:22:47.737766,series_9,8.40166309121717,0.8395897312693592
2023-04-04 22:07:02.112138,series_3,8.05213853557381,0.8353123365355937
2023-01-09 13:58:07.972663,series_3,3.962146209224481,0.700775364750841
2023-03-18 13:56:48.171658,series_3,5.680499918722327,0.9656324142628748
2023-03-26 11:24:28.453490,series_3,7.276170069155158,0.5767646717300996
2023-01-03 00:11:51.693383,series_3,6.698557362051969,0.8705920427439756
2023-01-25 01:52:10.320072,series_9,8.148097875848725,0.576658455189053
2023-02-01 22:43:11.281574,series_3,9.151028799659198,0.4778244236874771
2023-03-23 13:37:17.547098,series_3,2.848285651002836,0.7564271543392975
2023-02-26 23:54:17.573186,series_3,3.860203087966977,0.673185151074978
2023-03-22 08:55:25.456374,series_3,1.095925903936985,0.4654207788396027
2023-03-12 03:00:00.000000,series_9,6.151101830265852,0.0
2023-02-15 23:42:56.306102,series_9,7.163639506619308,0.4921235140550979
2023-02-07 10:53:31.721005,series_3,1.8869055125209844,0.5757744810582192
2023-01-24 14:55:22.382821,series_9,0.0927436152013994,0.7576699752449108
2023-02-06 01:32:25.035002,series_3,9.574537328844745,0.5323077139407412
2023-04-05 11:30:46.316801,series_3,9.836459960838416,0.7659528616695005
2023-01-14 06:56:05.592848,series_9,2.869615089999732,0.8079574113134411
2023-02-24 07:04:42.995114,series_9,7.710194219519073,0.4683975344184641
2023-01-24 21:54:11.217238,series_9,8.113479905626646,0.444614336595657
2023-01-14 14:11:09.331990,series_3,6.5374472090052285,0.7024772586823553
2023-01-05 19:36:12.217381,series_3,6.85326411061157,0.5251961966021478
2023-02-26 10:41:02.393956,series_9,9.208564623589991,0.8465206502615652
2023-01-10 21:12:26.737754,series_3,1.6929159394385107,0.8608375668944117
2023-01-23 16:45:08.248420,series_9,8.03474304382222,0.6274739287380272
2023-04-09 06:28:47.513656,series_9,2.271471535846004,0.8994498207704164
2023-03-18 21:49:26.142897,series_3,6.834853196515867,0.9144074426985984
2023-01-15 11:29:18.692946,series_9,3.7031495185523022,0.6695281391851595
2023-03-05 21:56:07.374073,series_3,9.87342416994031,0.4120728451487425
2023-04-05 14:48:40.626701,series_3,3.3620263324824595,0.7937594508040009
2023-01-21 08:04:12.820453,series_3,8.301431038959915,0.7691238628826242
2023-03-28 10:25:46.118477,series_9,3.520125388031482,0.9905579413831228
2023-01-20 03:33:55.050367,series_9,1.8900048953158053,0.4161230839898847
2023-03-24 14:50:44.455815,series_3,1.5781908515428011,0.8202311781592881
2023-03-16 16:10:44.125441,series_9,8.226567660097032,0.8316027577647904
2023-03-26 14:31:23.189151,series_3,8.591346808944024,0.9983477956712008
2023-02-14 18:01:29.481445,series_9,0.9540590010857996,0.6031309060525922
2023-03-22 18:14:01.803353,series_9,5.12367543141118,0.9234408230422844
2023-02-22 09:08:13.968922,series_3,0.9379935844361575,0.5622034785802231
2023-01-08 03:25:21.962213,series_9,8.228272385439263,0.5137635688953961
2023-01-24 03:57:45.477637,series_9,7.918606475383431,0.8183774200256224
2023-03-05 01:35:28.100644,series_3,4.574976478087498,0.5576906333658145
2023-02-09 11:08:18.922971,series_3,2.4483310475735,0.6021513118338808
2023-03-20 08:51:00.076343,series_9,9.234395092541275,0.6182285843348085
2023-02-28 01:43:50.175142,series_3,3.16855883304274,0.4865987868674413
2023-03-06 13:00:00.000000,series_9,9.417271448499251,0.0
2023-02-27 03:54:16.809907,series_3,0.6512768407715441,0.5730662900431435
2023-02-17 12:18:49.799327,series_9,6.84150505077759,0.8363466544046687
2023-03-28 07:46:20.949943,series_9,0.7657368614209825,0.4678264311730567
2023-01-02 07:45:02.776421,series_3,4.165193275906784,0.8137142804694644
2023-03-25 00:56:49.694305,series_3,8.091297072754006,0.8998814384544278
2023-03-09 07:41:24.574741,series_3,9.7852761426685,0.424504106818853
2023-02-21 15:22:41.696549,series_9,3.535513793726397,0.8587966835574816
2023-01-19 18:22:06.315789,series_3,5.358844267741045,0.0
2023-03-16 17:33:38.849958,series_9,8.666496636507787,0.7834116619925204
2023-01-31 21:24:19.138518,series_9,0.7621696288066515,0.5046185094340704
2023-03-02 17:51:22.626150,series_9,5.9187123582126,0.9579966828160597
2023-01-22 10:15:47.368421,series_3,3.1335505295477915,0.0
2023-01-26 17:10:31.556911,series_3,9.107433433261148,0.8039862592664749
2023-02-17 04:51:00.461331,series_3,7.20697089011048,0.5326985516410102
2023-03-07 21:33:58.618536,series_9,6.549731199372713,0.8807328484023089
2023-02-18 08:59:41.009646,series_9,9.40900380541843,0.4849062439571017
2023-01-16 06:32:13.741390,series_3,7.329999716612059,0.6084109101937929
2023-03-16 18:25:55.684384,series_9,4.5333410915775385,0.5765264530492585
2023-01-08 20:02:29.400693,series_9,9.007824285390786,0.6820589512295632
2023-02-03 15:12:49.128554,series_3,3.4879559474184427,0.7649169975312687
2023-02-01 09:38:58.665367,series_3,8.3573313819687,0.7096770050378
2023-02-26 22:59:02.262342,series_9,6.840528513163137,0.9530173450584072
2023-04-10 04:37:42.619011,series_3,8.471908837119907,0.7033084440946675
2023-01-20 22:56:05.808876,series_3,2.033982768913863,0.8599750396280181
2023-04-01 12:11:26.414892,series_3,9.613074928612978,0.9447832518936315
2023-03-25 04:21:05.647058,series_9,5.896901906863849,0.9829742363302856
2023-01-28 00:45:39.456902,series_9,8.098347469769045,0.463698469735899
2023-02-21 04:03:39.513634,series_9,6.477060640788508,0.6252906005778656
2023-03-13 15:05:52.133374,series_9,8.435045442261611,0.8507151886990624
2023-02-25 16:03:23.710567,series_3,0.1492444440962759,0.9340740482168748
2023-01-18 08:41:40.818039,series_9,6.249153892140704,0.8980514761326237
2023-04-03 18:10:34.806906,series_9,0.46574814836565,0.4400335072167164
2023-03-27 02:42:04.046447,series_3,7.5551979658934,0.9545779921472864
2023-04-01 09:22:33.725331,series_9,4.637107354697829,0.5744483810573494
2023-01-11 15:58:51.222985,series_9,2.5116683750014213,0.6693434796506439
2023-02-25 04:41:28.313759,series_9,2.250585357953322,0.6434644010233486
2023-04-09 13:02:52.950109,series_3,5.323382759320484,0.8440732427852009
2023-03-09 18:16:47.270802,series_3,2.4434507450576404,0.6910805813982337
2023-03-19 01:00:26.740408,series_3,6.776741202379614,0.9373125433242124
2023-03-16 20:50:17.140913,series_3,3.293824683047012,0.5104335801853128
2023-03-16 06:49:06.593859,series_3,7.940456340991902,0.6880896958947826
2023-01-31 15:24:12.642617,series_9,9.979429220648653,0.6587242810248033
2023-02-11 05:09:55.465333,series_3,1.8426555850406323,0.4086976626937542
2023-02-26 08:29:23.062407,series_9,5.482793491744951,0.6134421656407749
2023-02-04 13:02:27.895856,series_9,6.231121064495348,0.9699085599001808
2023-02-15 22:46:49.876224,series_9,5.8311259497628045,0.5347739254256151
2023-02-24 15:31:25.387022,series_3,9.759991922937228,0.8908049398337412
2023-01-15 16:22:40.530289,series_3,1.8542847586039255,0.724860005562814
2023-03-02 14:01:53.908347,series_3,9.766685916876613,0.9421655520454112
2023-03-04 16:14:48.035880,series_3,9.673417144413753,0.844045551658694
2023-03-22 06:21:30.918107,series_9,4.483641927579912,0.8835232722985712
2023-01-02 17:37:14.921059,series_3,4.402454344719119,0.6646621874188011
2023-03-29 10:34:28.276409,series_3,8.427335528611662,0.5787112501151235
2023-01-20 13:28:25.263158,series_3,4.66056738843712,0.0
2023-02-17 04:09:04.063814,series_3,6.75143072680786,0.9297220545413648
2023-04-09 21:19:32.496268,series_9,7.504462167413558,0.7795899280466378
2023-01-15 15:20:29.630808,series_9,8.945766767839501,0.7918543890914342
2023-02-03 23:43:11.136283,series_3,9.059788484855638,0.9251959843530384
2023-02-10 02:11:17.412339,series_9,5.687168137786285,0.5057861918763572
2023-01-08 04:38:20.787096,series_3,7.293629944548151,0.5858403482007662
2023-02-19 04:04:47.857667,series_9,0.368870786372053,0.4784038711561809
2023-01-17 09:34:44.210526,series_3,0.9962478843852252,0.0
2023-02-28 23:05:04.924860,series_3,4.605795504185041,0.5813125532410999
2023-02-04 02:07:29.188123,series_3,6.150580135024304,0.6868352455294464
2023-03-16 12:40:58.341149,series_3,6.1714918920119874,0.992636281452714
2023-01-30 22:30:29.617589,series_9,0.0219032848386657,0.9838953682546934
2023-01-15 02:03:18.082033,series_9,3.153708661171689,0.9824939093360092
2023-03-24 01:56:07.037575,series_3,1.455746707654244,0.5896379524652445
2023-02-11 10:58:02.630402,series_9,7.827414042983505,0.7761260423551397
2023-01-27 19:01:13.255875,series_3,2.8363968596718,0.5568620831671303
2023-01-22 02:37:38.956015,series_3,2.133111471739176,0.782903176913825
2023-04-11 01:12:47.735368,series_9,2.32079189504377,0.4170770992380869
2023-02-09 03:47:54.803061,series_3,8.830614064132208,0.7426679799615448
2023-04-09 06:18:59.486842,series_3,7.144036884449675,0.7232378819489598
2023-01-17 19:09:28.421053,series_3,2.379150397678425,0.0
2023-04-03 19:01:11.343617,series_3,3.306616418835999,0.6815403097224944
2023-03-11 15:04:08.279358,series_3,6.4092984285062125,0.6984859972000115
2023-03-16 23:18:47.566768,series_3,6.26260126587295,0.9182532316879708
2023-02-04 14:21:35.329206,series_3,2.5821208479329973,0.6354497532338024
2023-03-04 13:40:38.893014,series_3,0.4356129823996169,0.6618730637986957
2023-01-06 12:36:22.339959,series_3,1.6067581025915256,0.5471088004513773
2023-04-07 16:51:04.343265,series_3,4.521997234819844,0.5794890583345798
2023-02-18 05:05:34.247588,series_9,0.2654620440934219,0.4520406967250762
2023-03-07 15:46:42.263110,series_9,8.22652196899464,0.8095458099428381
2023-02-12 14:11:32.119976,series_3,9.263959404401676,0.6612890643059013
2023-01-06 07:09:48.368082,series_3,6.452136185899892,0.7774712601085838
2023-03-21 17:43:56.849970,series_9,7.479494563966684,0.7983506647234394
2023-04-05 19:59:06.092829,series_3,4.265241905813281,0.7402070064832953
2023-03-08 00:57:36.593749,series_3,3.956774189716458,0.5231951648766333
2023-02-07 21:04:53.861273,series_9,9.091253143983549,0.8846284679711869
2023-01-29 09:38:24.558509,series_9,8.680848784610104,0.950167020801055
2023-04-04 06:24:05.114616,series_9,3.9636521442343167,0.942331552405165
2023-01-09 05:37:38.246389,series_9,6.478148141405055,0.8407873017780081
2023-02-13 06:18:41.537959,series_3,9.4370998490331,0.755183572451275
2023-01-13 08:20:12.861740,series_3,9.004080330613798,0.9481247524011291
2023-01-05 04:05:22.980429,series_3,1.184079865851958,0.9148161488639532
2023-03-04 07:37:10.824079,series_9,4.346057820908333,0.6982943886171871
2023-01-23 22:19:47.579112,series_3,8.00343738393471,0.7640176811726485
2023-01-13 12:24:10.946033,series_3,9.09168182960224,0.8425378954756031
2023-01-31 03:55:01.032033,series_3,3.8463792514656383,0.827213956687873
2023-03-15 14:42:32.621539,series_9,0.2747835481138538,0.7486283888408294
2023-04-02 09:11:18.227494,series_3,3.2843066105409524,0.8232561186833824
2023-02-03 13:24:08.800392,series_3,4.444931333773754,0.984056534238192
2023-01-22 00:41:29.838398,series_3,7.822091352898064,0.5170816568429614
2023-03-22 05:43:03.014277,series_3,2.280658408172078,0.8359499845809416
2023-01-30 04:31:37.168437,series_3,5.54129279448762,0.7622369460506447
2023-01-24 20:40:42.640594,series_9,4.368445185699174,0.9615265568645006
2023-02-05 03:53:12.266313,series_9,1.5708670843747174,0.7666307842831472
2023-03-08 16:16:23.685665,series_9,7.915384423487454,0.6423826801487716
2023-02-14 20:57:58.893017,series_9,7.579903444502698,0.5183009610464346
2023-03-04 06:14:05.881540,series_9,5.233635416324065,0.5362904812340921
2023-03-08 09:33:46.234627,series_3,0.6486833773868272,0.98083207950646
2023-02-09 01:15:25.037760,series_9,2.1012093932325246,0.7103396340889067
2023-02-26 11:47:36.321839,series_9,9.49437166840275,0.4860396593310189
2023-01-21 05:34:44.210526,series_3,9.00507426493424,0.0
2023-04-07 22:48:36.774075,series_3,0.466991378270265,0.5726706669442875
2023-03-04 04:51:11.532854,series_3,2.590881079151562,0.9345236561416644
2023-04-02 03:48:22.088073,series_9,4.541259566998884,0.8920359501512838
2023-01-12 01:53:02.125328,series_3,6.902723723148623,0.5830026810249348
2023-02-25 08:26:58.453466,series_9,3.379860536476164,0.7626400956616828
2023-01-27 00:16:47.044388,series_9,2.193697901814496,0.4583434306296836
2023-01-28 19:55:25.259462,series_9,7.479090448193092,0.9001217920556446
2023-03-20 16:17:45.753789,series_3,3.829686849147275,0.8056444788005028
2023-03-18 09:05:36.917396,series_3,4.019607802491983,0.8596871517871116
2023-02-09 18:00:06.439514,series_3,0.2712885508294071,0.606073562447594
2023-04-02 10:55:42.146825,series_3,9.8009842961457,0.4063113069782
2023-04-08 14:34:16.526145,series_3,0.2789015452687715,0.6340641319585048
2023-03-10 14:32:17.631873,series_3,0.157441113729132,0.9964519401879918
2023-02-20 14:17:39.907440,series_9,9.418164444844717,0.5223055870472816
2023-01-19 04:41:03.157895,series_3,5.565519706388376,0.0
2023-03-12 07:00:00.000000,series_9,2.99999071055341,0.0
2023-01-04 23:00:48.727694,series_3,6.113234782703597,0.4300056743003743
2023-02-14 05:55:42.903020,series_3,1.1262945008251255,0.5064736012595512
2023-02-21 05:01:58.251219,series_3,0.9529908140541364,0.7964753657436074
2023-01-20 03:56:50.526316,series_3,4.776840114383471,0.0
2023-02-09 00:19:49.721074,series_9,4.49165099252566,0.582654543735041
2023-03-12 05:45:35.471334,series_9,6.168419771940955,0.7460698423191146
2023-02-25 10:47:10.696202,series_3,7.825493657635785,0.5951305255224333
2023-03-08 17:01:09.481829,series_9,4.0142110127323,0.9093159054162826
2023-02-23 12:18:38.880797,series_9,5.551276667275433,0.56965323723446
2023-03-24 11:38:28.652403,series_3,2.403350797206576,0.4059886321455953
2023-03-13 14:01:17.187089,series_3,9.117893441191896,0.6004087840928639
2023-01-06 11:10:01.490796,series_3,8.24876738500691,0.6617484774979456
2023-03-12 11:51:48.252722,series_3,3.795073776889416,0.4489214776107657
2023-03-16 02:17:34.127382,series_9,9.584360629423344,0.6224890100875001
2023-01-22 23:29:55.636909,series_3,4.091844278684631,0.6097179178147731
2023-03-16 09:05:40.692339,series_9,5.963610799148967,0.7446076996513651
2023-04-02 06:09:34.113854,series_9,8.069915828793931,0.6199298688675867
2023-01-24 05:09:44.463335,series_3,6.647572583364665,0.8780287369776844
2023-03-10 13:27:10.437700,series_3,7.244077295696343,0.9208241008097876
2023-01-28 02:03:23.574151,series_3,9.770931854386868,0.5328366165499318
2023-02-23 21:20:34.735089,series_9,6.868914152656157,0.5700328541988989
2023-02-06 06:46:03.179332,series_9,7.30770294968514,0.5742075726491753
2023-03-18 06:02:34.947059,series_9,8.258613613344966,0.9806979117966556
2023-02-17 03:36:32.663835,series_9,0.7013586273728312,0.5390844612212427
2023-01-20 16:17:41.105446,series_3,8.805401254907293,0.5973795144809357
2023-02-04 14:15:12.352566,series_9,5.05092546107134,0.8896435207840001
2023-01-06 19:11:11.516954,series_9,1.3797163944677004,0.5819020851408195
2023-02-26 19:00:20.219343,series_3,7.677871653022864,0.5910123429732046
2023-02-03 03:55:47.688386,series_3,9.01662637465721,0.989922044589826
2023-02-16 19:34:33.653861,series_9,5.487922653148607,0.835923400514982
2023-02-21 04:50:42.394814,series_3,4.171498868687048,0.9462935135943292
2023-03-21 13:42:44.019998,series_3,5.296477041946544,0.4143192904129785
2023-02-16 09:21:53.124511,series_3,6.236088212363764,0.8878279383369208
2023-02-04 09:29:30.035935,series_9,5.691460346100841,0.6754453033651562
2023-03-26 21:03:08.633898,series_9,2.282545450041238,0.4657839407898425
2023-02-25 17:48:01.919846,series_3,3.5977681105060344,0.8550100485675822
2023-01-12 22:37:18.867997,series_3,1.4376720680353916,0.8235400758974067
2023-02-23 00:49:57.295087,series_9,5.672337773484996,0.9548173321068608
2023-03-21 05:59:49.004860,series_9,0.5166159259509895,0.9115282105254452
2023-03-10 21:48:22.196118,series_9,9.26442209610785,0.7080705621491765
2023-03-20 07:39:27.129083,series_3,5.563425816939321,0.6159191434799742
2023-02-28 17:25:49.915573,series_9,3.252594706287812,0.586004391455066
2023-03-06 12:37:42.997930,series_3,9.52915098670868,0.495187667497061
2023-03-11 23:44:07.062848,series_3,5.498760248254353,0.8621958991306293
2023-02-18 16:47:28.612688,series_3,3.405902240035092,0.6442505647336072
2023-03-19 04:34:54.748041,series_9,4.710711134428307,0.9853938428138448
2023-03-26 19:02:46.209684,series_3,6.352867368583167,0.7124433929674847
2023-01-04 05:28:21.859320,series_9,1.8113329118931631,0.6587105302689598
2023-02-27 22:00:15.730880,series_3,9.115367994219325,0.851327699989577
2023-01-21 05:31:34.736842,series_3,6.182560373568967,0.0
2023-02-15 20:24:27.157407,series_9,9.649308501445606,0.7761874242890237
2023-01-22 06:22:28.846213,series_3,5.719874870952325,0.9605001210431958
2023-03-16 13:02:58.672665,series_9,9.2853441718469,0.669641461933163
2023-03-31 02:58:00.003359,series_9,1.962343376891336,0.8308714596034192
2023-01-17 16:40:46.228743,series_9,3.069211309909494,0.5579090370610942
2023-02-07 16:59:22.665136,series_9,3.218808501970576,0.8919904886281722
2023-01-10 03:12:35.082489,series_9,0.8502480351369146,0.8363496410645972
2023-03-31 03:47:03.321128,series_3,5.445600173309432,0.4817210908224175
2023-02-18 21:37:26.241859,series_9,0.1896074296962213,0.7339849036423469
2023-03-02 17:07:49.601339,series_9,7.3947149804999714,0.9311823639382204
2023-04-01 14:45:44.913019,series_9,9.119384717180694,0.4962595556942688
2023-04-05 17:42:49.317416,series_3,4.977132807143633,0.6163277140148749
2023-03-19 11:19:46.745054,series_9,5.174968848121995,0.9086501384102854
2023-03-09 05:49:30.367059,series_9,4.768108681245254,0.7216342458722911
2023-01-12 04:37:57.526103,series_9,7.263836729682004,0.5707474358642387
2023-01-08 15:07:16.216034,series_3,5.827633449140054,0.5467893415712441
2023-03-21 23:44:10.286701,series_9,3.418412518627969,0.958364536246035
2023-01-05 21:33:49.816392,series_9,7.49335059246762,0.4817151265682317
2023-03-28 14:21:09.240527,series_9,5.442518720778649,0.6844940330436746
2023-03-12 15:39:07.601855,series_3,1.9026157596923088,0.58015945836187
2023-01-22 15:03:09.473684,series_3,2.9836810740671047,0.0
2023-01-25 00:51:40.995408,series_9,6.334433884261856,0.7341154350020063
2023-02-25 12:39:14.834745,series_3,7.490487895240846,0.978196600781422
2023-03-04 23:51:22.884293,series_3,2.850701345094081,0.4806634606658222
2023-04-05 21:01:11.312706,series_3,3.804060788514927,0.4974019622353912
2023-03-04 17:10:24.230253,series_3,0.4956091309969568,0.9382844502132772
2023-03-06 10:57:01.496001,series_3,4.797035804534015,0.7158158250797486
2023-01-24 09:50:53.904607,series_9,6.46429979440236,0.620636949261547
2023-03-10 12:42:51.428571,series_9,6.827403745279172,0.0
2023-04-07 15:18:37.070482,series_9,3.4307013055844235,0.9369645807772488
2023-03-27 18:18:20.239692,series_3,3.62151460281651,0.5313328179168685
2023-01-06 14:32:11.805117,series_3,8.151945770895079,0.7432912031750551
2023-02-23 06:38:27.954568,series_9,6.340008370254244,0.5807498334564353
2023-01-21 09:23:49.885761,series_9,6.9482260497631625,0.6893136340895683
2023-01-22 20:24:56.209017,series_9,7.733851947173901,0.8712528725655311
2023-01-06 21:19:18.728699,series_9,1.1951037198652337,0.5054931826580167
2023-02-10 02:03:08.247726,series_3,5.951537898492708,0.7517393712489207
2023-04-05 04:39:20.241195,series_3,6.806114391338546,0.4393917520299171
2023-03-21 23:59:18.928830,series_9,5.0483204406610405,0.8255282293286084
2023-03-14 08:12:30.600014,series_9,0.4284895394549082,0.920141426530107
2023-02-07 14:35:54.405436,series_3,1.0500353466873669,0.4832705902045429
2023-02-28 13:02:32.641817,series_9,6.398061267912309,0.8328779943129105
2023-01-07 14:07:17.966199,series_3,7.714579710207088,0.811226580398108
2023-02-24 02:47:38.977544,series_9,0.907572483409652,0.8190958806917736
2023-04-04 00:39:45.495833,series_3,1.0419558212898317,0.6705796521312872
2023-03-31 04:54:41.479457,series_3,6.205359952416117,0.4398381585447233
2023-04-06 13:03:11.685783,series_9,1.5877645469593835,0.7599075965748165
2023-01-13 08:44:51.891251,series_9,9.306810666199931,0.698327533651877
2023-01-12 10:09:37.633590,series_3,2.71702228060172,0.6394501676655527
2023-01-11 10:33:29.500027,series_9,0.3260720968174668,0.5415933092967867
2023-01-23 06:49:35.181808,series_9,9.96028608981969,0.8714740785863213
2023-02-02 20:06:27.521694,series_9,8.314299280123622,0.902525033108334
2023-03-08 03:54:40.621755,series_3,1.1575520671376782,0.6314747872175532
2023-01-09 17:26:55.766260,series_9,4.322080288068752,0.972924230739964
2023-02-16 18:45:53.446487,series_3,2.909758774288773,0.4527662805309328
2023-01-18 22:33:42.959389,series_3,1.4877548396983364,0.8568192558276434
2023-02-20 01:09:21.507038,series_3,9.927805407471832,0.4929957335871215
2023-03-19 00:45:00.476286,series_3,5.561411034476661,0.6837326838758604
2023-01-26 18:07:08.403638,series_9,4.098790690949268,0.7731368196873343
2023-02-14 12:33:38.870194,series_3,8.036841855340466,0.8090452405369304
2023-01-15 09:50:22.815499,series_9,2.644396028248143,0.4084166226206924
2023-03-21 03:52:37.178185,series_3,1.7028521457520795,0.671828893073432
2023-02-20 16:29:29.960463,series_3,4.370824424293804,0.9040794597502864
2023-01-26 22:56:20.055856,series_3,0.6975193747160946,0.7089931602680386
2023-01-26 06:15:48.177188,series_9,1.1142471922840724,0.4682939005902508
2023-01-22 05:40:44.821470,series_9,0.085108438207101,0.8294327412223736
2023-01-13 03:22:24.287379,series_3,4.25587250907323,0.6063039766257976
2023-01-19 17:27:04.917232,series_9,7.058362528062704,0.4173951556123544
2023-01-10 23:44:24.487496,series_9,3.051837322101126,0.7695145574295796
2023-04-05 17:56:47.411972,series_3,0.6467977456302432,0.9353625031190708
2023-03-20 17:45:59.337755,series_9,4.067761914135271,0.5267395876380083
2023-02-01 16:17:56.406603,series_9,6.44671159184457,0.5051582468862558
2023-01-05 02:54:56.567015,series_9,2.6488537505870435,0.9266120970880416
2023-01-27 19:18:31.085496,series_9,6.623048159086804,0.9459380717428656
2023-03-31 08:52:59.554039,series_9,6.557855931551544,0.477656626448241
2023-03-08 04:25:42.857143,series_9,6.269471627668575,0.0
2023-02-27 06:00:04.436510,series_3,9.70966381571168,0.98123320706539
2023-02-17 00:48:11.540943,series_3,9.814812966693763,0.5853229310951695
2023-02-11 02:50:58.893212,series_3,5.836418070409955,0.6105297648703916
2023-01-29 16:05:12.010813,series_9,8.157984441261904,0.74546515084628
2023-01-09 04:39:10.607844,series_3,3.3781457194684594,0.9387913943611874
2023-01-20 08:41:03.157895,series_3,5.0936038016775225,0.0
2023-01-05 14:38:09.751937,series_3,2.815763273431168,0.7151591800270439
2023-01-21 23:00:00.000000,series_3,4.781370640691254,0.0
2023-01-02 18:17:44.582417,series_3,6.0224418814368565,0.4286056071671668
2023-03-18 17:57:37.326821,series_3,3.033319760237122,0.9558499125253436
2023-03-02 18:08:07.180507,series_3,3.053112511700021,0.7037029070405354
2023-01-18 04:44:12.631579,series_3,3.202527774310909,0.0
2023-01-09 08:36:28.978211,series_9,0.4771928780097245,0.4285520831391267
2023-01-31 13:20:59.318107,series_9,9.356264186965504,0.5587746307691339
2023-01-19 23:50:31.578947,series_3,7.784444566054018,0.0
2023-03-08 05:41:09.152733,series_3,0.378225594899827,0.9602342804838132
2023-03-12 00:00:00.000000,series_9,7.907994978694063,0.0
2023-02-04 05:13:47.048572,series_9,6.181156637330963,0.6631146634000391
2023-02-26 08:32:00.799466,series_9,8.543825612565103,0.5719578327429882
2023-04-06 10:54:41.512937,series_9,1.0576346941099657,0.5277568505057609
2023-02-18 08:11:10.516982,series_9,7.868180730298446,0.630177251713912
2023-03-21 15:02:51.607511,series_3,6.81474479210311,0.4734377802730592
2023-02-24 13:46:44.212620,series_9,6.0741107341205405,0.4607250172029457
2023-01-20 20:00:00.000000,series_3,10.416789992489992,0.0
2023-01-03 16:05:07.770444,series_9,9.602725205969447,0.6473636011531682
2023-03-14 13:48:31.674286,series_3,1.7103693258712591,0.8978895479367582
2023-01-07 23:03:09.910033,series_3,2.2546271371033386,0.4851704462147498
2023-02-08 04:27:06.344951,series_3,2.999935194139961,0.6370588327336841
2023-03-12 08:00:00.000000,series_9,2.106334984611366,0.0
2023-04-01 08:26:40.311283,series_9,6.668409419268471,0.5809792846735928
2023-03-24 18:28:15.413687,series_9,0.7715010780887077,0.5093755316623114
2023-01-29 03:55:20.667532,series_9,9.399730521487168,0.9371002667995932
2023-01-22 05:58:08.821950,series_3,6.098945966700256,0.8502741784920792
2023-03-04 04:49:42.949024,series_9,3.3365208112427736,0.8259174239010578
2023-02-22 13:33:05.539108,series_3,0.4141808785990253,0.9674990019829196
2023-04-11 02:50:43.402319,series_9,3.038896328986188,0.4884702844424777
2023-01-25 20:39:05.568189,series_3,7.58221741030365,0.6814972207608289
2023-04-09 18:07:54.732539,series_3,8.570520737174826,0.638620115218324
2023-03-14 03:23:53.023197,series_3,5.5315602861892135,0.5778974904429153
2023-03-09 05:29:37.502924,series_3,2.338423281915417,0.6080763176028045
2023-02-26 05:58:06.140858,series_9,1.5469354481773767,0.6462018119449041
2023-03-01 08:12:36.370904,series_9,7.932086375138484,0.6870324800244492
2023-01-05 16:39:47.884764,series_9,1.7711297939596338,0.5096968386192363
2023-03-11 22:16:40.892121,series_9,1.235729133882515,0.7280508867248894
2023-03-29 15:37:36.746468,series_3,4.676207961138223,0.6002966312297494
2023-02-05 14:07:13.159094,series_3,1.5374770381442682,0.849430026692308
2023-01-06 00:00:12.549891,series_9,3.245313988764276,0.593318273966043
2023-03-06 08:00:00.000000,series_9,5.717585889919756,0.0
2023-02-24 07:36:59.056218,series_9,2.433928243495828,0.5760761728756767
2023-03-27 18:39:21.106980,series_9,7.52625844811064,0.4263327791160168
2023-01-10 05:41:04.536766,series_9,5.919482173250517,0.8192559445063123
2023-03-21 16:59:42.286675,series_3,6.8420806865132615,0.5781584663886185
2023-02-18 18:46:03.049476,series_9,3.685734059408566,0.5823165995498633
2023-04-05 04:53:36.304479,series_9,7.291015115674905,0.7240508483157635
2023-03-15 10:19:37.588129,series_9,0.1182381776940655,0.9240003161592096
2023-04-08 04:38:35.830284,series_3,7.684501251473876,0.5371923726359746
2023-02-22 14:27:09.092603,series_3,7.784577574662549,0.645006307072969
2023-02-09 17:21:55.620390,series_9,0.9324348223975764,0.4541180574043835
2023-02-18 12:07:19.814020,series_3,2.159556022799327,0.9998991287425067
2023-01-27 00:55:16.990096,series_9,9.305028949495547,0.9675336100877964
2023-01-10 23:53:05.740478,series_9,1.8626630086302556,0.7612037772451958
2023-01-20 16:46:17.774533,series_9,4.392414292870842,0.983039515647445
2023-01-22 01:35:11.615770,series_3,8.97213100748061,0.7538048143904184
2023-03-12 08:02:49.420404,series_3,1.4253187389220057,0.943555969062604
2023-03-09 21:33:39.742147,series_9,2.417068273886052,0.8601413091261502
2023-01-22 12:24:22.922472,series_9,5.278470151396361,0.7541024452638654
2023-03-14 08:16:13.940230,series_9,5.402913475234539,0.8960579549751849
2023-02-02 01:32:05.253899,series_3,4.004087404313599,0.4593667957365721
2023-01-27 16:56:17.815276,series_3,0.4715482971764173,0.6704163014314897
2023-01-22 13:34:42.847678,series_3,1.2924441121939856,0.9329358952710884
2023-02-05 19:28:26.045934,series_9,0.3302809692855868,0.6033723724725634
2023-03-12 08:29:01.487068,series_3,3.516428073225253,0.5696463237482793
2023-03-26 11:48:11.305100,series_9,1.5552615117259116,0.533369426747933
2023-03-22 15:36:28.058663,series_3,5.671603578457411,0.6641894608767662
2023-03-12 01:29:47.298440,series_3,3.011114001363734,0.8361593360770294
2023-03-10 16:31:12.668432,series_9,9.569079156281438,0.5078771040215712
2023-01-23 00:41:30.167031,series_3,9.290864703244278,0.8379402932792643
2023-02-11 00:01:48.271513,series_9,0.9442029634680617,0.8026792204423052
2023-03-10 18:51:25.714286,series_9,7.3095955117709535,0.0
2023-04-07 05:22:43.683032,series_3,3.846786880356138,0.6331343279540843
2023-03-31 01:44:02.993728,series_9,4.297818458803096,0.7316224417054176
2023-04-06 10:05:16.729793,series_9,7.409890971126778,0.6802848978786227
2023-02-11 17:38:09.360077,series_9,5.539953832328592,0.5811171410396984
2023-01-13 16:07:10.921801,series_3,2.906725140231888,0.4927550897591063
2023-01-30 02:15:01.517865,series_9,8.865923792608644,0.7670986202707384
2023-03-25 20:11:16.184709,series_9,6.004591244367815,0.7773022287509763
2023-01-08 22:12:06.842101,series_3,1.324043598872113,0.7985021583868714
2023-02-19 16:55:22.765758,series_3,2.304585512007289,0.700692292789469
2023-04-05 03:37:38.026190,series_9,8.845047026638348,0.9545336056682872
2023-03-06 17:25:41.552947,series_9,7.085120111849172,0.7494127611282313
2023-03-04 04:12:04.551510,series_9,8.38048011838678,0.6713627094198729
2023-02-21 09:59:30.877140,series_9,5.519556020046807,0.524318659130756
2023-01-14 21:00:12.001189,series_9,2.1742234303616126,0.6131872724636825
2023-01-17 23:10:12.049515,series_3,5.337959424772652,0.4128536996183023
2023-01-20 14:12:37.894737,series_3,9.5142166576885,0.0
2023-03-08 16:08:34.285714,series_9,7.231361707703688,0.0
2023-03-12 00:40:43.957053,series_9,5.92806266496562,0.9930087273082004
2023-03-12 14:43:14.236665,series_3,4.831283432803359,0.4467360097822563
2023-04-08 08:26:07.767700,series_3,4.566231054497997,0.7254772267746072
2023-02-13 21:06:51.420614,series_3,7.26218856248653,0.579222496388218
2023-01-10 03:30:50.294870,series_9,5.667939773621114,0.7837541727751642
2023-01-06 07:46:14.788890,series_9,4.829735432815758,0.6323238927705435
2023-03-11 11:07:37.498698,series_3,2.674491846947139,0.5912536945187667
2023-01-13 05:52:24.013851,series_3,7.169321965743064,0.6993181026239276
2023-03-18 15:57:36.586687,series_9,3.3082057433670355,0.6496573614821477
2023-01-24 17:31:08.595938,series_3,0.958868094136639,0.8038984549833232
2023-03-20 18:34:49.683724,series_3,6.210143285267861,0.5992351941571319
2023-02-16 17:06:54.374711,series_3,2.6642256799220734,0.6458514851312003
2023-03-12 07:42:51.428571,series_9,9.401159775614747,0.0
2023-01-26 14:05:34.680926,series_3,2.5901931071785955,0.7548296956614682
2023-03-22 00:10:53.833837,series_3,7.987947475004642,0.5361105882366127
2023-02-19 15:17:36.392435,series_9,5.831522544186783,0.8790359778399666
2023-03-16 21:26:34.990795,series_9,3.422893375723474,0.444805902470328
2023-01-15 04:01:28.225359,series_3,8.02261997086916,0.9886207020399358
2023-03-12 13:03:25.725955,series_3,5.170848225719556,0.5587672146119398
2023-03-26 19:50:49.054346,series_9,4.662959605328298,0.688811844438459
2023-02-06 05:55:46.273067,series_9,8.20130823565431,0.4712937188679869
2023-04-08 04:38:40.953781,series_3,2.5574168732593936,0.7771257918285613
2023-04-01 19:05:39.643565,series_9,2.414970506548768,0.8303150775158534
2023-02-07 10:58:23.260757,series_9,3.829790757301451,0.5322058541742243
2023-01-18 19:38:43.288674,series_3,3.6823122165333535,0.8259566044789455
2023-02-04 23:04:21.349346,series_9,2.393350889722574,0.416382401856231
2023-03-13 23:39:45.012210,series_3,5.0366078861639,0.7983357869179166
2023-02-15 11:54:07.518396,series_9,6.707016977572539,0.4958692639618961
2023-01-25 18:57:57.110963,series_9,4.62414940082752,0.9497845687526796
2023-02-15 08:18:05.434517,series_9,4.017082128128189,0.7624592746349927
2023-03-07 07:44:38.147603,series_3,7.940244584006527,0.4793093635455651
2023-01-25 20:37:34.482745,series_9,6.542202599768676,0.4025475271332265
2023-02-22 01:29:52.573440,series_9,6.519619952294937,0.6974292731676273
2023-03-07 13:49:29.227966,series_3,9.30196581740142,0.824990656816674
2023-01-20 18:15:47.368421,series_3,5.144099008354823,0.0
2023-03-21 04:22:03.127912,series_3,4.758228161329044,0.8637873748649387
2023-01-05 19:46:56.935279,series_9,1.9500942970240756,0.8996313944052129
2023-04-02 17:02:05.694305,series_3,1.0704927574189935,0.6413262121243587
2023-02-20 20:06:53.859472,series_3,3.1558707118225326,0.8551972901369718
2023-02-19 04:01:04.292489,series_9,3.4222283838256127,0.9034934047969114
2023-01-12 04:21:43.658047,series_3,3.539278036293494,0.6290116802014689
2023-01-28 00:15:12.082293,series_3,8.204587535802297,0.9630659474041056
2023-03-26 13:56:33.830444,series_3,0.5662973177714925,0.6061157010571218
2023-01-23 05:54:06.077719,series_9,0.2963194644332489,0.4835427754924583
2023-03-21 12:37:47.489990,series_3,1.6560472303502605,0.8790593997246074
2023-03-16 22:55:20.041738,series_3,4.476189895885013,0.6315080822368855
2023-04-02 08:34:40.677663,series_9,0.8949453680635111,0.6196760687605607
2023-02-25 05:56:46.579671,series_3,6.199072652273002,0.4622534575453319
2023-03-31 10:07:03.411750,series_3,6.238707920992377,0.96613502467522
2023-02-26 12:19:58.582796,series_9,3.8646099249592414,0.8544318784148475
2023-03-15 14:34:27.983496,series_9,3.896202275380002,0.7518316555563626
2023-01-04 19:21:33.613007,series_3,6.676417526177402,0.84063083013236
2023-01-24 03:06:01.836683,series_3,6.423192917513458,0.88479559115
2023-01-18 14:25:48.473840,series_9,3.708817126477864,0.4416035325695175
2023-03-02 10:14:12.607762,series_9,9.95675222217944,0.6859329522195206
2023-03-04 11:05:21.501210,series_3,8.81646392096657,0.7342276127736072
2023-02-22 08:48:11.843789,series_9,0.4384842655838583,0.6472196780781153
2023-01-02 08:28:41.416515,series_3,0.9840817147589498,0.4557634254388684
2023-04-09 12:18:27.958211,series_3,6.9660700331624295,0.9903091491461172
2023-03-26 23:50:39.314468,series_9,1.1146124339423469,0.8125997246438177
2023-01-01 15:31:42.869304,series_9,5.432547371742413,0.5666499814729704
2023-02-25 13:43:56.764420,series_3,9.15644965884417,0.4473810435744608
2023-04-04 19:33:12.804575,series_3,1.4067481624780254,0.9129630636426204
2023-01-09 06:49:00.889163,series_3,5.3472950982809495,0.9655269270165976
2023-02-17 00:41:21.700789,series_9,2.6832882706637715,0.7628057544039185
2023-01-19 10:21:40.799117,series_3,1.2607762640417064,0.8570185143534312
2023-01-21 08:22:18.221506,series_3,1.569216362567859,0.869519645152657
2023-03-24 09:05:28.627754,series_9,3.7080355872349937,0.5511402020863382
2023-01-02 17:49:30.724246,series_3,1.7147405967385831,0.5947280769741302
2023-03-13 10:03:34.532989,series_9,9.920232655377625,0.509807109805995
2023-02-15 02:35:43.989913,series_3,9.508037345840355,0.7262974808498526
2023-01-26 00:20:39.723332,series_9,1.862278757983673,0.94583064844013
2023-03-16 01:51:45.411442,series_3,6.5279973812970615,0.9180256951008502
2023-01-22 21:45:27.583411,series_9,7.371236657876082,0.6559025583311642
2023-03-30 13:31:05.791354,series_9,9.133680901507152,0.7209832067578252
2023-02-27 16:02:00.336003,series_9,5.052960627290829,0.4154455562599627
2023-01-08 18:31:11.185061,series_3,4.747073416036601,0.5853084587386845
2023-01-26 11:13:16.196820,series_3,5.755711105925249,0.8903423421548966
2023-03-01 12:16:25.130592,series_3,7.122313664029415,0.5956863035174791
2023-02-14 17:04:37.154468,series_3,3.4826289391813727,0.4011408850841996
2023-01-02 23:28:57.098937,series_9,4.680698517039418,0.8129975225274871
2023-01-20 23:03:09.473684,series_3,5.452451338310124,0.0
2023-04-10 12:11:16.657830,series_3,0.5037245335851726,0.4810040898377483
2023-01-21 03:50:31.578947,series_3,5.027895861069022,0.0
2023-01-09 12:26:27.672658,series_9,5.946763460938342,0.5288532599719205
2023-02-27 18:41:26.434567,series_9,9.421637159999584,0.6130615189993555
2023-03-05 23:52:52.491432,series_9,1.670082618915022,0.6585015189097898
2023-01-21 15:25:21.751297,series_3,7.697828734315117,0.6642310116406189
2023-02-09 15:23:31.731909,series_3,3.681125945204964,0.8622852414932378
2023-02-23 02:59:10.057225,series_3,4.91403415371595,0.9809619098010132
2023-01-28 04:47:44.127976,series_9,4.624380743319238,0.8792700480314339
2023-02-09 18:20:31.088952,series_3,2.295381114476988,0.9465522535062694
2023-03-25 13:41:35.419521,series_9,2.6847792327023665,0.4469592187600917
2023-03-25 08:30:10.965742,series_3,1.8913587697051224,0.8533751656918362
2023-03-26 03:51:41.232822,series_9,0.5376562580523403,0.5262458407032329
2023-03-18 07:08:40.672354,series_9,7.711885156433093,0.9701568196981628
2023-02-17 01:42:00.422411,series_3,2.3027294719201405,0.4793348371416037
2023-01-07 10:40:54.942392,series_9,7.731753337965116,0.7960974823272242
2023-03-11 15:34:23.673301,series_3,6.028877204726847,0.9030214544292584
2023-01-19 19:56:03.056932,series_9,8.118357443765818,0.5740875760748798
2023-02-02 16:52:38.038878,series_9,1.4687464592030064,0.9935665112970364
2023-01-28 11:15:40.528649,series_3,0.4570301168349056,0.5011836217707628
2023-02-05 11:24:09.576963,series_9,2.42182031028219,0.9144496296092206
2023-03-17 09:45:50.369365,series_9,0.7493997212840731,0.5193640198087913
2023-03-31 07:18:05.317495,series_3,9.579554179447827,0.4517287125187662
2023-03-09 09:04:05.387006,series_3,7.373694302580111,0.5940287476279333
2023-03-07 12:24:36.044335,series_9,5.827998648074648,0.7998344220371559
2023-03-10 01:30:06.664700,series_9,2.822812870083027,0.5511511301563954
2023-01-28 10:41:45.480115,series_9,3.035704713380211,0.7199298657420143
2023-01-06 01:32:32.740797,series_3,7.218186397684327,0.9339081194572394
2023-03-08 05:13:03.047377,series_9,5.474101842287515,0.5932306431272761
2023-01-29 15:07:31.018523,series_3,1.7540979937882129,0.6485662950588321
2023-01-21 12:06:32.471570,series_9,9.228444964788467,0.9843898341769868
2023-01-09 22:56:57.539465,series_3,2.7509129672197696,0.8647231170938001
2023-03-03 09:38:58.432539,series_3,1.1151810328353828,0.9596331852587257
2023-03-04 18:41:17.820358,series_9,1.6855249569095998,0.600644716554473
2023-01-13 02:57:36.788885,series_3,7.969018978768538,0.640730975909458
2023-02-13 09:52:21.859863,series_9,4.132768588132027,0.6011775206583106
2023-01-08 15:57:04.988901,series_9,3.137419721909185,0.6493700249481952
2023-01-22 09:52:27.672487,series_3,6.72699413152179,0.7358099515795165
2023-03-23 01:41:01.830795,series_9,3.371332009477077,0.938190104903766
2023-03-01 08:14:05.193005,series_3,8.101794986055225,0.9270706754507936
2023-03-31 06:36:05.326766,series_3,9.589976360857962,0.6904976827822756
2023-01-14 04:13:12.804995,series_9,7.591702883211543,0.8849150321468033
2023-01-15 04:09:37.514067,series_3,4.919184601104901,0.4127984196436537
2023-02-02 14:57:35.104470,series_3,1.6654179660303747,0.7613264645106954
2023-02-17 05:38:50.242238,series_9,7.618012750297112,0.9458689643792576
2023-03-24 18:48:19.562883,series_9,8.782943390845455,0.5816595527934119
2023-01-04 04:30:46.877161,series_9,4.886243163525423,0.8034230854066091
2023-02-14 08:31:27.565649,series_9,2.1342987757910272,0.9461810890032006
2023-03-26 17:23:27.047024,series_3,6.256970584082126,0.8397557512229192
2023-01-31 18:08:59.948375,series_3,3.634654597274962,0.713273034260363
2023-03-21 10:42:09.384176,series_9,8.131154833190687,0.6379925072451254
2023-01-13 12:22:08.415119,series_9,3.671011172404307,0.8418396259463838
2023-03-20 10:45:34.247534,series_9,5.266927153045789,0.9520603195702796
2023-01-18 21:10:23.855960,series_3,9.656183973391167,0.4054788265201637
2023-04-10 11:09:08.730256,series_3,9.434622790806168,0.6447017891773099
2023-03-08 17:54:33.846449,series_9,5.834687727492071,0.5019332271515661
2023-01-07 03:38:06.824887,series_3,0.4527258844098447,0.8054050103624539
2023-02-09 05:27:47.931191,series_3,4.522047670851976,0.504938025644723
2023-03-07 07:41:11.711825,series_9,5.923872714171945,0.7093785273565565
2023-02-11 21:55:31.863732,series_9,6.099168670874148,0.8291841208496042
2023-03-27 10:36:51.008985,series_9,6.051167972219004,0.7942979582860996
2023-01-24 08:01:19.643391,series_3,3.567193202702845,0.8338470886832265
2023-03-02 04:11:31.682358,series_3,7.238639685305914,0.8123352251233118
2023-03-06 03:00:00.000000,series_9,2.038107814283876,0.0
2023-02-12 21:29:23.092096,series_9,5.233826600880648,0.7248247834889501
2023-02-06 02:11:33.417687,series_3,0.0048241037494545,0.7580613084907315
2023-03-30 21:35:29.364134,series_3,2.162917767300557,0.6626377887562886
2023-02-09 23:40:53.594827,series_9,1.4044789240546884,0.4616926288671658
2023-03-25 12:27:59.737743,series_9,4.333987723255449,0.8642679238709728
2023-03-06 21:08:34.285714,series_9,9.713560642202037,0.0
2023-02-01 23:52:55.893345,series_9,3.701492347731452,0.9973187996826324
2023-02-23 23:16:34.464848,series_3,3.7340440486988857,0.7762257893099576
2023-03-14 06:20:00.491185,series_9,9.073816698869573,0.480137520373755
2023-01-23 10:12:37.894737,series_3,0.4357117864877764,0.0
2023-03-01 02:59:08.581317,series_3,7.8034395244095025,0.8484489431375362
2023-04-10 09:50:03.885477,series_3,7.296125585508721,0.5303779272592255
2023-01-09 06:29:46.822179,series_9,0.4698138900938453,0.9374124494948036
2023-03-02 00:47:07.967413,series_3,1.468745197147625,0.7395555458649337
2023-01-13 08:43:50.994301,series_3,2.9306175008125,0.7104402739544086
2023-02-02 08:44:24.628470,series_3,5.091916451881615,0.6101189204914103
2023-04-05 21:52:39.087428,series_9,3.590734435022985,0.7561435859353947
2023-01-31 07:57:52.373135,series_3,1.3046757126661137,0.9057123843999116
2023-01-10 12:33:36.948657,series_9,2.9607635009937483,0.654179186875242
2023-03-31 09:59:30.208256,series_3,6.241412049093929,0.493228552838548
2023-01-06 14:18:04.454426,series_9,7.890336289271072,0.458679782357184
2023-01-11 17:48:31.752666,series_9,1.3573670723036058,0.6001899582244141
2023-01-13 07:21:03.431209,series_3,9.404749164719206,0.4686852430892631
2023-03-07 20:13:31.835739,series_9,8.107233302358447,0.7499097041648378
2023-01-12 14:50:10.771766,series_3,0.1573674380199363,0.4540071214844292
2023-03-07 15:34:17.142857,series_9,8.549190065340746,0.0
2023-02-26 03:45:10.272342,series_9,8.793860442591965,0.9992644164863403
2023-03-23 14:35:21.450721,series_3,4.669224694553956,0.9040364783500404
2023-02-22 07:01:43.227211,series_3,6.1875155418290735,0.6281655434408554
2023-03-08 18:14:44.370543,series_9,7.60077806247613,0.423313438653124
2023-01-19 14:15:47.368421,series_3,6.988376627783859,0.0
2023-04-04 02:11:27.301110,series_9,5.779426178151309,0.8794731620260517
2023-03-13 14:03:28.240092,series_3,3.554255324224612,0.7821932622146394
2023-04-10 16:40:15.659250,series_3,4.18563410708018,0.6520770026633343
2023-01-03 01:39:52.555613,series_9,1.1729335387471684,0.947856642894604
2023-03-12 21:52:36.740631,series_3,0.2092061808686884,0.5565805626855137
2023-04-08 08:32:55.894512,series_3,7.97835783884023,0.7239997398651328
2023-02-18 09:40:03.059061,series_3,0.1760780025471153,0.6136040369262387
2023-02-03 23:46:58.804573,series_9,8.674252811326115,0.6161676682490632
2023-03-06 12:41:42.568742,series_9,8.654876071999674,0.8791554119020155
2023-02-23 16:08:18.382293,series_3,0.0043423757399474,0.6433895630639571
2023-01-22 19:24:53.933363,series_9,7.866283936049195,0.5011249175238929
2023-03-23 12:03:44.151912,series_9,3.3738189435093533,0.8255279491682476
2023-04-07 12:29:25.363325,series_3,3.712848146557936,0.9721023542001936
2023-02-16 20:54:18.353796,series_3,2.1663639629650664,0.6778135542758981
2023-02-02 07:10:24.053932,series_3,2.3259136339935225,0.8345729307197483
2023-03-01 11:03:56.364253,series_9,4.809220051029039,0.6419576822330345
2023-03-23 09:45:24.776476,series_9,5.923805402859005,0.5823772404301809
2023-03-27 13:37:06.921044,series_9,9.08241980895906,0.726196059403149
2023-01-18 17:09:53.968666,series_3,4.71422243873438,0.5564943185080029
2023-03-12 18:43:55.880309,series_3,6.675589478155751,0.7050558804319798
2023-01-14 13:16:19.246199,series_3,2.841078346481102,0.8670491971220159
2023-01-17 23:56:50.526316,series_3,2.770376458664255,0.0
2023-03-12 06:53:02.814550,series_9,7.803492187844359,0.470173315811258
2023-04-10 19:04:02.121593,series_3,4.047051602494082,0.455418279850699
2023-01-30 06:43:49.638326,series_3,6.137435856249166,0.823072815769087
2023-01-03 08:55:27.424592,series_9,9.248013725059812,0.9528061550632342
2023-01-03 03:24:58.240156,series_3,6.930302794681937,0.9702176937994876
2023-01-25 16:20:35.132201,series_3,0.0456873738972285,0.9526694142556328
2023-03-14 08:43:15.756005,series_9,7.058024321443873,0.909566042759164
2023-02-17 21:47:55.654613,series_9,0.1740371182759725,0.9225806666583088
2023-02-15 21:42:16.018612,series_9,8.05159830207227,0.8467268351054971
2023-01-15 10:33:46.797326,series_3,3.999909821928553,0.4125871926901802
2023-01-21 19:53:41.052632,series_3,4.982661571015587,0.0
2023-03-08 03:51:25.714286,series_9,7.976879316086743,0.0
2023-01-28 12:24:00.558956,series_9,0.4268885312111581,0.8709578906068096
2023-02-15 06:05:37.871676,series_9,6.084223679923544,0.4187062338222148
2023-01-05 13:32:45.883249,series_9,3.888480062270876,0.8991036310334352
2023-03-02 16:04:14.386500,series_9,2.9523533159437374,0.5332354465995238
2023-01-23 17:14:17.169839,series_9,3.0231151092270068,0.5045668332176658
2023-02-10 13:38:25.596975,series_9,1.4567240515898927,0.9654530981152254
2023-04-10 16:19:55.514237,series_3,3.289365532163563,0.5965882223890464
2023-01-03 09:06:13.697659,series_3,4.383123638605672,0.5178985868967074
2023-02-25 16:48:04.561952,series_3,7.844920341342104,0.6166518505486144
2023-04-09 11:43:53.795987,series_9,5.106618043993412,0.5078739159687055
2023-03-09 15:01:03.649347,series_3,6.615106867949637,0.5412177033106276
2023-02-19 10:45:10.201163,series_9,0.5187621398136466,0.4604506751128796
2023-04-10 11:13:23.943790,series_3,0.385551818259795,0.9418228290737132
2023-01-28 10:42:53.721665,series_9,0.4097440272167496,0.972953813301362
2023-03-23 06:31:47.929323,series_3,4.550983880461423,0.5253751665172904
2023-01-14 06:45:55.791161,series_9,2.5750643024299924,0.5640068338337457
2023-02-25 04:49:42.839390,series_3,2.1206982042851608,0.777273765100839
2023-02-07 08:14:39.221911,series_9,2.9942152291077817,0.9909439740452276
2023-03-05 01:45:30.110907,series_9,7.977593575348559,0.6097446436186031
2023-03-06 12:00:00.000000,series_9,8.48405811425375,0.0
2023-01-26 09:02:51.465333,series_3,6.4055945605512346,0.6081198907791665
2023-02-25 01:49:34.149203,series_9,1.627070123175176,0.5013254928091531
2023-02-17 20:18:53.093433,series_9,8.580397377039047,0.6297657585128831
2023-02-20 04:56:01.387590,series_3,9.142704334330348,0.8743675841137755
2023-01-02 00:17:53.328001,series_3,4.579600059070428,0.8120030566462025
2023-01-06 03:26:32.009761,series_3,5.7512029787083785,0.415655911798202
2023-04-09 17:34:02.237958,series_9,0.1834112330108817,0.4896328356382591
2023-01-22 13:17:08.110186,series_3,3.760570160799311,0.7096493205697989
2023-01-30 21:57:02.143916,series_9,9.38185679116834,0.6727614031052538
2023-01-13 17:40:23.311665,series_9,1.2842587014619955,0.5941394432906826
2023-03-26 04:38:25.495643,series_9,8.151954226715416,0.9765986058736412
2023-01-03 23:29:36.458691,series_9,5.250541306786099,0.4797483116899532
2023-01-18 07:53:46.919859,series_9,7.906921790545227,0.8920667373206579
2023-02-15 21:24:41.355616,series_9,7.990114369892693,0.5859479086148031
2023-01-28 18:08:13.196528,series_9,7.4956419497141376,0.4600917496845248
2023-02-28 15:50:55.999835,series_9,1.162700889909739,0.7469448768102248
2023-01-20 19:57:36.761149,series_9,3.220530447424665,0.8804100016670844
2023-02-16 09:58:52.838909,series_9,1.3796000149744636,0.9446906415711672
2023-03-13 05:52:53.894398,series_3,7.10555220980614,0.8835367109901416
2023-02-13 19:12:56.679934,series_3,2.2761983919033324,0.4965680813712185
2023-04-01 14:50:03.541905,series_3,3.2131052404206883,0.4810580825319046
2023-02-22 19:34:31.035743,series_3,2.7643488271812613,0.7720223651739649
2023-02-10 21:39:11.123592,series_3,4.920335267045437,0.7438344565840431
2023-01-15 09:34:49.998925,series_3,9.816331934339,0.9716794789382543
2023-01-10 15:25:11.198324,series_3,0.0419088783472842,0.7706306111416787
2023-03-08 22:23:47.613109,series_9,5.4440581594601225,0.5926811837039465
2023-02-10 07:32:19.787900,series_9,4.497857566873059,0.4752623582779198
2023-01-07 21:21:08.611156,series_9,1.4821375758501687,0.417039191838222
2023-04-05 10:45:41.761709,series_3,8.66676398545237,0.8807981320913095
2023-03-26 04:40:46.636624,series_9,4.245389242549224,0.9262824508102412
2023-01-09 01:53:39.673381,series_3,1.1494094182940684,0.5833351989544442
2023-02-20 09:25:02.706109,series_3,5.719965456917457,0.4037323860059692
2023-01-16 23:03:00.980285,series_9,8.068624989101794,0.6259755728074513
2023-01-02 10:44:51.336097,series_3,6.089608206930025,0.9773128963091186
2023-03-31 15:38:55.412038,series_9,0.3920620865116453,0.7229643600454034
2023-01-17 02:02:06.133658,series_3,9.180404493702778,0.9911599443186504
2023-02-24 10:20:25.456226,series_3,2.8080680924675807,0.8007356761106763
2023-04-04 22:43:11.481197,series_9,4.717178293776269,0.654051423583256
2023-01-24 16:18:22.773279,series_9,7.646913633164213,0.5021984581945286
2023-03-19 01:26:21.773438,series_3,3.0844302318151664,0.6836547649851208
2023-03-31 21:27:22.341956,series_9,0.6442927181817681,0.7221429333979633
2023-03-06 04:00:00.000000,series_9,2.7759480284058933,0.0
2023-02-27 14:41:06.196578,series_3,2.987901070619736,0.6649429096430113
2023-04-10 05:51:58.655375,series_9,1.3294343521553575,0.6034057058325183
2023-03-26 05:53:39.145921,series_9,8.780217484796326,0.9271526097690664
2023-02-23 22:06:07.922940,series_3,5.291171088821503,0.9765132314112857
2023-02-05 07:13:22.109677,series_9,6.97981160122546,0.575300842898852
2023-01-23 15:25:55.730562,series_3,3.2287387291548075,0.8566724522557234
2023-03-22 12:28:48.984347,series_9,9.317033604016045,0.6940036127296837
2023-01-29 12:47:18.097183,series_9,2.2470548513307342,0.7730532757418144
2023-03-19 16:48:05.089353,series_3,9.192919326829136,0.4673043587361373
2023-01-29 20:22:47.214430,series_9,3.797689550277776,0.6537156714034575
2023-01-11 18:11:12.954347,series_3,9.346026931531265,0.7738382565038527
2023-03-30 13:38:57.797974,series_3,1.6335462726371308,0.6641963027670583
2023-03-31 22:54:55.486746,series_9,7.191759454323766,0.9361962393989008
2023-01-15 03:31:56.884844,series_3,1.8108321975025328,0.8004602482246103
2023-02-21 10:26:36.359235,series_9,9.558551039004898,0.4150733137053385
2023-02-02 18:39:39.199733,series_3,3.012199496237844,0.4828060317943323
2023-01-09 19:33:07.996047,series_9,6.604690567456284,0.9949698966190036
2023-03-03 22:27:20.974606,series_9,9.923499998151591,0.7283098906308905
2023-02-20 21:36:34.606737,series_9,2.637142626744532,0.5593510091137254
2023-01-12 09:42:44.734376,series_9,2.2652171913212307,0.5701312884697453
2023-03-28 04:53:06.245285,series_9,3.473185310387108,0.4546199455016397
2023-03-15 05:03:12.392772,series_9,2.8703488204387084,0.9302525701076652
2023-01-13 03:31:14.410400,series_3,1.6204378135864583,0.7156977000124585
2023-01-07 16:58:19.037509,series_3,4.919596332647513,0.9891458810787848
2023-03-08 22:51:25.714286,series_9,5.61448942003854,0.0
2023-02-20 00:51:38.139653,series_9,9.635595391320864,0.4887794337388368
2023-01-30 22:11:49.748270,series_3,5.453389933858498,0.8276588386179422
2023-01-15 16:09:11.813500,series_3,6.4509414735724775,0.8411213266013451
2023-04-09 22:39:34.628489,series_3,1.597462929677178,0.401948632639384
2023-02-27 11:35:31.480501,series_3,7.663074240763522,0.4385414736938566
2023-03-12 10:43:25.444531,series_3,6.24198377966594,0.6810393853071133
2023-02-02 18:35:20.490196,series_3,9.332781021347934,0.9932092977687164
2023-02-21 13:05:23.415686,series_9,5.065173376809239,0.4156589305200946
2023-04-05 23:42:40.716874,series_3,1.129894482885525,0.8666892887052421
2023-03-06 11:00:00.000000,series_9,8.167718042766161,0.0
2023-01-19 13:01:21.270229,series_3,6.232270231347327,0.5027128375844547
2023-02-26 13:09:01.133763,series_3,5.388642408053266,0.9540565373873434
2023-01-22 23:51:53.135370,series_3,8.596661850897103,0.9111812259655264
2023-01-20 02:37:31.301068,series_9,8.974078885851606,0.6077149804644357
2023-02-12 09:52:57.446662,series_9,2.0052415365695007,0.8185324481629979
2023-03-28 16:51:14.675065,series_3,0.9653907100726068,0.8782910556437722
2023-01-29 15:06:02.750723,series_9,5.96103697018881,0.4160515033574931
2023-02-17 18:19:36.350064,series_9,1.0078011544771304,0.770477763946284
2023-01-01 19:19:06.498063,series_9,4.904324178578037,0.9836562506952002
2023-02-17 12:32:11.798960,series_3,6.667555852683132,0.5103352552363287
2023-02-12 06:24:29.637453,series_9,1.3294045725400183,0.8381621814153661
2023-03-21 00:07:19.514818,series_9,2.853609638614968,0.487370718115418
2023-03-16 03:25:00.619059,series_3,5.522026451767773,0.9768017099802028
2023-02-03 06:52:20.475728,series_9,3.359520593996134,0.7943413288624024
2023-01-26 14:32:04.160293,series_9,4.59871674914865,0.4958147576683964
2023-03-22 17:33:39.620833,series_9,7.216242536605093,0.8630054473648086
2023-03-15 15:17:23.295246,series_3,8.107505780476638,0.607021938625869
2023-04-08 10:22:50.377998,series_9,0.9818013526380344,0.8635454371397294
2023-02-23 06:09:34.326420,series_9,3.367215284225394,0.6118413320183673
2023-01-23 07:04:05.937708,series_9,6.978414280658278,0.6342783535552331
2023-01-29 21:34:35.801830,series_3,7.4551541668684,0.5547349595585545
2023-01-23 09:41:20.949813,series_9,5.815473779777083,0.4212037335599778
2023-02-27 15:10:24.721268,series_3,0.2932533585853325,0.4086000761253988
2023-02-10 11:31:01.823714,series_3,5.945096303352414,0.5232504213448779
2023-01-18 01:39:14.308663,series_3,0.6122133750908043,0.5962101505898266
2023-02-19 04:57:43.795511,series_3,3.308597118283532,0.7425306676531829
2023-01-21 20:54:49.855455,series_3,2.912538252033765,0.8438562954822526
2023-04-02 10:09:07.345356,series_9,5.039021901800864,0.7834420421625012
2023-01-09 22:01:20.333446,series_9,4.6437846012484,0.9703491572201418
2023-03-09 02:06:25.111621,series_9,0.8037414750734795,0.5717438365254405
2023-02-09 00:18:04.429611,series_9,7.397225793669207,0.943025887020542
2023-01-15 04:22:19.951008,series_9,7.241829500178454,0.6766351256565156
2023-03-21 12:40:22.133701,series_9,3.314769965510722,0.905975754821032
2023-01-05 00:45:05.791082,series_3,4.398235218964697,0.9736000411112592
2023-04-07 12:05:38.823074,series_3,8.265668191441074,0.4003015300108807
2023-03-29 19:16:07.645374,series_3,8.341261133371425,0.9898529854116196
2023-02-20 10:49:19.198130,series_9,0.647908520388043,0.4930450076148591
2023-03-21 13:24:05.356736,series_3,3.066091803977835,0.7842073776414248
2023-02-04 01:26:58.924573,series_3,5.648455940421187,0.592921462638489
2023-03-06 23:55:14.750232,series_3,1.16200694070976,0.755858282170925
2023-03-18 10:01:45.901355,series_3,3.3111295916792494,0.6227507787323022
2023-01-12 11:31:54.312595,series_9,9.199549569666427,0.4091110870096167
2023-02-15 19:38:34.754896,series_9,7.012890195655569,0.7727794854566659
2023-03-29 12:31:14.160966,series_9,3.575176321277358,0.4975626893578561
2023-01-13 17:42:28.273835,series_3,0.4709412492642417,0.5284650269283503
2023-03-13 00:13:15.854074,series_3,2.6252787063020944,0.6231470532893075
2023-02-16 18:37:53.867799,series_3,9.059414938945078,0.9993064007067298
2023-02-02 08:49:54.752549,series_3,5.976687999582337,0.7070057143547364
2023-03-17 23:23:43.185015,series_9,9.579385708419522,0.5135416807874129
2023-03-19 02:46:04.804026,series_9,7.832669721631838,0.8063606109576469
2023-02-01 15:47:24.564275,series_9,1.6621235094421427,0.5026555305885415
2023-03-08 05:58:52.343711,series_3,9.782556340644854,0.4909324314986893
2023-04-06 12:44:38.577097,series_9,6.573492829316447,0.6513378266830174
2023-03-21 00:15:46.550342,series_3,3.640599427320864,0.7220739911241925
2023-03-20 21:44:55.479487,series_3,1.938689204460492,0.668554582157652
2023-03-06 23:52:49.857191,series_9,6.547293739324296,0.5580021764466119
2023-04-06 17:31:42.737635,series_3,4.872780097409452,0.7801626265576871
2023-03-14 19:18:15.263449,series_9,7.772359942705192,0.8124830730636952
2023-01-31 19:30:13.161279,series_3,9.093040631938166,0.4092707229858066
2023-02-22 19:17:54.384213,series_9,0.1071247471491043,0.658209266861336
2023-02-04 13:31:36.088197,series_9,7.195408769552846,0.6274424417964408
2023-04-03 08:12:59.552044,series_9,8.02201455966855,0.8552860565149972
2023-01-16 17:00:05.050353,series_9,9.277828937980493,0.7553709888542518
2023-03-24 19:39:15.406759,series_3,6.5726184368227845,0.9923858048538527
2023-02-11 09:43:39.812726,series_9,0.0006689598655595,0.4824029219325947
2023-01-23 03:39:01.701142,series_3,6.084083008740338,0.938414133669352
2023-01-05 21:06:32.982707,series_3,9.890733077673996,0.5742527434400029
2023-03-24 09:04:57.768234,series_3,9.969916351688548,0.8552671202399743
2023-01-16 15:16:40.953834,series_9,3.5469210336867474,0.5437456785343793
2023-02-25 02:26:27.673119,series_3,7.378546281399964,0.6104857636524716
2023-02-02 09:55:55.711116,series_9,4.186280409104485,0.9767673171483156
2023-02-15 13:50:33.793996,series_9,3.749579902738219,0.5739682246941109
2023-03-17 03:00:23.400080,series_9,3.3323752921758887,0.8610331482403537
2023-02-13 21:23:25.555166,series_3,6.84409776442426,0.9494722810445616
2023-03-21 16:38:40.399234,series_9,6.301803927437229,0.6089519027063282
2023-03-15 21:59:11.944242,series_9,9.622424592126022,0.6582603876232552
2023-03-08 02:53:20.528416,series_9,1.781641886067108,0.8494240926668428
2023-02-12 19:58:11.525358,series_3,1.1330049487450733,0.760725179380961
2023-03-06 14:38:16.582568,series_3,0.8909061027674492,0.4479534558479506
2023-02-05 08:08:48.926496,series_3,8.355802515389083,0.8326725923846012
2023-03-12 20:00:00.000000,series_9,10.06365826129891,0.0
2023-01-16 21:00:23.072032,series_3,4.458261117868691,0.9801893395177916
2023-02-06 17:05:31.788053,series_9,2.0086204303571757,0.6027462146416107
2023-02-07 03:06:19.448648,series_3,1.7686876309065314,0.4216011147234116
2023-04-10 03:37:50.340417,series_9,3.4519618655792703,0.5958077775465376
2023-02-04 17:09:13.304196,series_9,0.976690854079949,0.5700664338356499
2023-02-19 04:34:34.392104,series_3,9.20775579841483,0.8020592620363414
2023-03-14 17:29:43.430284,series_3,0.75157629923012,0.9734354959830844
2023-02-15 23:29:32.508444,series_9,1.0688803536016922,0.4190810859861734
2023-01-05 18:52:53.993799,series_3,7.664657917882157,0.5058436146328006
2023-01-08 22:31:16.818864,series_9,8.808234196380928,0.819278831192612
2023-03-11 01:00:00.000000,series_9,6.987014861479973,0.0
2023-01-07 11:34:44.242889,series_9,3.7124415333206695,0.668546239840586
2023-03-24 11:34:38.317887,series_3,7.667853901885811,0.9039875387694064
2023-01-22 19:35:42.421651,series_3,6.6089089387590105,0.5114813936324026
2023-01-31 16:15:43.897539,series_9,4.570363081500311,0.5735585397491372
2023-02-08 14:36:27.701030,series_3,9.248356784400364,0.7956538005310864
2023-01-23 06:55:22.448145,series_9,6.835637008073407,0.5044719514640494
2023-04-10 03:35:09.168379,series_9,9.887102560449136,0.7059169467559963
2023-01-27 06:23:01.089301,series_3,3.638443003521835,0.5117652813368073
2023-02-03 01:36:52.021867,series_9,8.958876888125834,0.4162100429820714
2023-03-09 17:55:52.727305,series_3,5.177879959188666,0.5216073088819715
2023-03-10 10:05:20.390623,series_9,8.286319150107069,0.6256255456402782
2023-03-11 19:33:42.758387,series_9,1.547226527621517,0.4443160820405248
2023-01-01 18:32:35.767733,series_9,5.561192930361384,0.9650562664928148
2023-03-11 19:11:24.147743,series_9,9.37751803970215,0.9343090412337968
2023-01-13 02:06:27.312007,series_9,7.1085120623981854,0.956454909227278
2023-02-13 15:22:45.237286,series_3,5.737277046424865,0.4643918684523636
2023-01-20 15:09:28.421053,series_3,8.1427431839139,0.0
2023-02-21 04:40:08.549194,series_9,0.954393969330506,0.8536463685309235
2023-04-01 03:21:30.207488,series_9,3.1528003496058874,0.5537774151521542
2023-01-28 10:04:24.737816,series_3,2.992320570316677,0.6865559800790806
2023-03-11 21:17:59.777983,series_3,0.4399839422059015,0.5796340876243753
2023-02-22 23:04:54.292206,series_3,3.2906241674279246,0.5589611218211378
2023-03-27 11:54:52.251252,series_3,3.2964217184808358,0.5435208451394665
2023-01-15 22:52:34.945359,series_9,6.443394523414481,0.4661108120203224
2023-01-29 11:04:17.919303,series_3,5.935406795256216,0.4374521473412593
2023-01-20 14:04:11.483141,series_9,2.253620165942181,0.9357039598973664
2023-01-17 09:19:29.434469,series_9,2.1979686256609074,0.8985311311521917
2023-01-07 20:10:43.925476,series_9,2.1213022546496365,0.8909842722031034
2023-02-14 22:04:43.800816,series_3,3.8155272279805375,0.4906483477636241
2023-03-15 09:51:55.062891,series_9,6.567677348669374,0.7505315891069855
2023-01-22 03:27:58.361652,series_9,4.372576196834395,0.747123226607808
2023-04-10 22:05:48.938385,series_9,3.1926978792220706,0.9471448504773176
2023-03-27 01:02:30.478111,series_3,6.284420062090993,0.7087600031342915
2023-01-31 18:13:36.576608,series_9,3.763791288754561,0.7276619642131869
2023-01-14 14:20:48.468967,series_9,1.0754457728870626,0.6943013233515825
2023-03-14 22:04:27.521563,series_9,2.7911923792904645,0.7815443981733519
2023-02-25 21:28:06.578656,series_3,2.8104591537931567,0.9145930795514688
2023-02-07 03:42:50.807168,series_9,9.97144586652509,0.5469230418524254
2023-01-21 13:25:15.789474,series_3,5.1046513843156704,0.0
2023-01-19 07:59:40.902093,series_3,7.034766586675714,0.9487868015098748
2023-01-13 14:35:58.028344,series_3,7.864974758883213,0.9292537404582748
2023-02-15 08:53:46.658862,series_9,4.974178070431958,0.8352321965377287
2023-02-11 12:46:43.514759,series_9,2.1618378049059994,0.4024524146400218
2023-03-11 19:25:42.857143,series_9,8.589960840498552,0.0
2023-03-31 06:44:06.843246,series_3,7.399806432158652,0.966695446301804
2023-01-16 05:19:43.691486,series_9,8.554404803719423,0.6525722283524438
2023-03-18 14:51:56.236519,series_3,5.672767594999495,0.5308060649378912
2023-03-06 09:00:00.000000,series_9,6.2019442850175,0.0
2023-01-17 16:44:32.616786,series_3,1.8045778068716367,0.7625268617097622
2023-02-19 14:44:14.234706,series_9,6.889040951219862,0.5225359128943757
2023-04-06 18:21:53.459461,series_9,3.884733584052992,0.9924356367311652
2023-03-08 16:40:10.090591,series_3,1.9082986599109963,0.6145385045215153
2023-01-20 09:25:15.789474,series_3,8.951857875765425,0.0
2023-03-12 04:00:00.000000,series_9,5.164526313303472,0.0
2023-03-31 17:26:58.429373,series_9,9.708699192890712,0.7725992722731043
2023-03-21 17:46:42.043345,series_9,6.571937900534156,0.7604689401063484
2023-02-27 04:39:53.239942,series_9,7.276930315693431,0.9235537843340575
2023-02-13 07:33:03.397118,series_3,8.111823216643563,0.4259611194988865
2023-02-02 15:58:55.196942,series_9,7.547715308298265,0.5093460848169749
2023-02-16 14:35:46.652080,series_3,2.447068534151572,0.8218934156424655
2023-03-22 10:11:58.617790,series_3,4.512266195334705,0.7524832792010028
2023-02-21 20:25:05.994007,series_3,3.3738505865528245,0.9277995072473804
2023-01-20 15:57:22.094427,series_9,9.676138275374132,0.7872259047186978
2023-04-10 20:58:13.925218,series_9,6.14038843567918,0.7166917308046901
2023-04-09 23:26:56.816960,series_3,3.4223502230923533,0.95141206912156
2023-04-07 06:38:43.502419,series_3,2.768574512606069,0.810560129291376
2023-02-03 11:29:49.716451,series_9,7.232043165257145,0.6823206193206912
2023-01-06 19:24:43.908993,series_3,4.062056460509776,0.4481672112741912
2023-02-14 16:23:34.580382,series_3,8.441263118010072,0.5391941681975645
2023-03-23 12:57:59.760525,series_3,2.910976085426352,0.6705344263189594
2023-02-13 00:12:17.021346,series_9,1.6758363071232218,0.6939708920505885
2023-04-05 14:51:54.017620,series_9,9.116458576902971,0.8036994626544978
2023-03-26 21:46:22.766415,series_3,3.0472619428575665,0.96746599575947
2023-03-25 21:57:27.683564,series_3,1.6272551501479005,0.7177340205739358
2023-03-24 19:36:42.471601,series_9,6.679969753316964,0.8708223221929785
2023-01-02 21:02:25.557212,series_9,7.705136768192814,0.4659896954999084
2023-03-11 13:17:08.571429,series_9,7.898396117436105,0.0
2023-01-14 10:54:48.368628,series_9,8.523032645823735,0.6929282483750139
2023-03-12 21:00:00.000000,series_9,10.137451804595838,0.0
2023-02-24 09:17:12.641836,series_3,9.85562573280722,0.7996284216263336
2023-02-28 08:40:01.303238,series_3,7.167531386107417,0.9781120655591858
2023-03-30 12:31:34.821766,series_9,6.857882799949118,0.5105098329073983
2023-03-11 03:58:56.152808,series_3,2.7979659574122677,0.4580710602353473
2023-03-13 10:56:10.123165,series_9,4.1607824328837175,0.7937717995816522
2023-02-10 04:03:13.931010,series_3,6.710664909906486,0.8817561048755526
2023-03-09 15:06:43.726644,series_3,4.7542556627583386,0.942601891050568
2023-03-24 08:28:55.468547,series_9,0.8360262060006662,0.767615797472535
2023-03-16 21:36:28.787580,series_3,7.517385781914424,0.5130453554121074
2023-01-20 19:56:50.526316,series_3,7.113176137885443,0.0
2023-01-20 22:44:52.443187,series_3,8.073438459355119,0.804471287741487
2023-03-27 17:22:02.227671,series_3,9.115536209177394,0.6894463423113
2023-03-24 09:48:06.288870,series_3,6.703994630491595,0.8668717392901016
2023-04-01 02:18:03.498029,series_3,9.54384928485886,0.6796711533702786
2023-04-03 11:03:11.006033,series_3,7.533942513322764,0.7913044773813693
2023-01-23 15:32:07.842517,series_9,9.92811222374261,0.9679801325097188
2023-03-24 10:48:06.778768,series_3,4.673997679517955,0.8073409421940939
2023-03-12 19:00:57.458295,series_9,4.697447316509824,0.6605805824751756
2023-03-20 08:02:19.065911,series_9,9.655978994199312,0.8770661677627231
2023-04-05 10:35:59.676205,series_9,5.160863360708619,0.5407098920561029
2023-02-02 14:28:32.291371,series_3,3.846915413659925,0.4817819955604873
2023-01-10 07:24:17.062758,series_3,5.65200639158029,0.8104994228705402
2023-02-19 15:40:31.111189,series_9,0.7749146512780092,0.5019749121656303
2023-03-25 04:49:30.776282,series_9,8.127368561349048,0.6014216734313795
2023-02-23 08:19:36.750355,series_9,4.131809630968205,0.5999428295559703
2023-01-20 00:31:36.226365,series_9,3.380580029849425,0.6145471395206344
2023-01-13 18:13:46.106439,series_9,3.668502886886831,0.6137357967459292
2023-01-03 18:43:10.350475,series_9,1.2651413753413554,0.7724576207653009
2023-01-03 05:53:41.477917,series_9,5.822118982937371,0.7376342464024639
2023-03-27 21:39:30.195684,series_9,8.010446561257845,0.7904736513584723
2023-02-28 09:33:57.582350,series_3,3.8013098961040326,0.7971786656499245
2023-01-17 04:47:22.105263,series_3,0.6554802803474151,0.0
2023-01-11 04:35:24.546204,series_3,2.591244550317377,0.4109122834499903
2023-02-12 02:31:56.570170,series_9,8.527826229898666,0.5160632581450283
2023-02-24 14:16:04.012615,series_9,3.153391668828357,0.6997466027168123
2023-03-22 23:56:29.866757,series_9,5.206395057353039,0.4218849190065552
2023-04-06 12:03:24.756226,series_3,3.421928427985369,0.7387831444699922
2023-01-19 19:03:09.473684,series_3,7.583578831707211,0.0
2023-02-22 14:18:46.363389,series_3,5.011828004818226,0.8370243004187818
2023-01-15 06:43:14.974873,series_9,1.9265117152692,0.746808624806589
2023-04-01 07:33:50.218166,series_3,6.116554351773229,0.9998800139792722
2023-01-02 01:13:56.741191,series_3,6.130502590496255,0.7297801365980783
2023-01-30 15:37:19.215449,series_3,8.68032932712803,0.7869625256857343
2023-02-20 06:57:08.349501,series_9,7.492670517776748,0.6573652846828653
2023-03-02 09:57:51.895630,series_3,9.245036046935748,0.5441972109696873
2023-02-27 17:01:00.919212,series_3,8.397741832412391,0.7696663971062804
2023-04-02 11:46:52.359434,series_9,3.703014070127728,0.4150211674588905
2023-03-27 19:20:54.521126,series_3,4.105650928710928,0.8054657044147996
2023-02-16 18:12:35.814414,series_9,7.302572678459197,0.9100812215613991
2023-01-07 18:50:39.802282,series_3,3.374419338350532,0.7400283533596035
2023-01-07 04:04:10.839739,series_3,7.35851923377684,0.7127605980367657
2023-02-19 09:51:10.282536,series_3,7.145578809230199,0.7343156101607856
2023-01-21 03:52:49.171916,series_3,2.183829645630193,0.9938788964094852
2023-02-10 18:48:42.353825,series_9,4.5559470616738,0.7718330835161138
2023-01-05 08:12:34.079121,series_9,6.718765804268204,0.910774529436912
2023-02-11 08:34:53.311456,series_3,9.910995760677688,0.945229584835398
2023-01-21 17:40:30.586526,series_3,8.024226736178383,0.7407113480456428
2023-03-06 12:48:34.306095,series_3,2.586613648385584,0.5238809752329274
2023-01-26 00:39:53.140337,series_9,5.1645047859711575,0.544726121634233
2023-03-20 06:15:07.616978,series_3,0.577584034179095,0.8204846640270806
2023-02-27 13:47:00.509117,series_3,5.112453231665592,0.9450662718951158
2023-04-01 20:07:10.085495,series_3,2.270908204793457,0.8797224579687889
2023-01-30 04:42:38.815157,series_9,7.503166767609876,0.442138188278171
2023-02-25 20:16:29.717832,series_9,9.26934088185184,0.6927435512637035
2023-03-24 13:58:41.613271,series_3,7.592445646502172,0.4660140187918073
2023-01-26 00:27:38.682370,series_9,6.421576072626872,0.6735394580219445
2023-01-21 10:23:09.574395,series_3,1.4259016780763345,0.8061834975813753
2023-03-16 21:22:01.971641,series_9,3.211738339729165,0.8738521507373247
2023-03-07 18:12:03.569032,series_3,8.962688657003401,0.9105297876469935
2023-03-15 00:32:14.769031,series_9,7.1157696736924425,0.5217730849486633
2023-03-29 19:17:53.932258,series_3,9.780356746029202,0.941910807471047
2023-04-02 05:05:46.762144,series_9,0.218772635168053,0.5023921629509523
2023-02-20 16:55:37.916606,series_9,5.836778109648696,0.7517264435379327
2023-02-08 11:59:55.936202,series_3,6.741453079560405,0.6277985429210837
2023-01-09 04:36:00.687741,series_3,2.3450844314557626,0.7660304010732722
2023-02-09 21:10:40.083382,series_9,1.2309273857277014,0.8682065923073885
2023-03-04 23:15:47.395884,series_3,6.767262854824516,0.7914849990019269
2023-03-26 07:42:35.577190,series_3,8.365935736280681,0.5343616278199059
2023-01-13 04:34:16.747738,series_9,3.3868292909349664,0.6083460688372619
2023-01-10 19:33:53.654205,series_3,8.52055333576238,0.4401889928876
2023-04-05 18:13:35.037367,series_9,4.231517108948236,0.8707413452906667
2023-03-08 09:34:40.724938,series_9,1.1486785781394937,0.6520883984728727
2023-03-20 12:58:27.179063,series_3,2.543646136067127,0.8964704842075908
2023-02-06 08:49:23.465579,series_3,2.695969324945837,0.4020444452424363
2023-02-04 03:10:53.009294,series_3,9.129725080066402,0.8256293937564452
2023-02-11 15:37:24.140843,series_9,5.74019490464111,0.8218983269500537
2023-01-11 16:32:47.603781,series_9,4.174562354327732,0.8264487648960506
2023-04-08 04:11:58.013509,series_3,9.105902989693114,0.8458433456502419
2023-02-22 17:37:10.214356,series_3,4.880169706006221,0.978521728825751
2023-02-14 11:21:57.081904,series_3,1.05851394368789,0.6916551298128306
2023-01-10 17:39:39.182840,series_3,7.70906123588715,0.4515959832709696
2023-03-18 16:44:11.339611,series_3,2.929638035020817,0.5377517546308581
2023-04-02 13:06:59.982096,series_3,2.47100777887719,0.5578243229744321
2023-04-06 02:06:16.116369,series_3,0.5831508832190491,0.767244500675656
2023-04-01 03:35:08.736854,series_9,4.90007948687752,0.5269303622391468
2023-02-18 15:12:38.984699,series_9,9.306222780879487,0.9828214282478972
2023-02-25 06:40:29.414620,series_9,5.599240332615461,0.643446831848021
2023-03-27 16:18:57.021114,series_3,5.108463693215168,0.5476934615244662
2023-01-21 00:53:03.958674,series_9,4.770431472489978,0.596112596589832
2023-01-11 04:41:40.357972,series_3,7.977994752585706,0.559453313482305
2023-01-09 07:19:43.549337,series_3,7.829617597826491,0.9015712878203812
2023-01-06 10:19:27.341991,series_9,8.999211990945543,0.9942807098259504
2023-03-16 12:18:50.390965,series_3,4.357920579179546,0.5176840704484434
2023-03-16 05:56:05.830578,series_3,0.6491091721026176,0.7974303997072462
2023-04-09 08:11:51.555026,series_3,5.482788959085775,0.5300924301317373
2023-01-06 21:55:17.847697,series_9,8.051547282509368,0.4184763421239877
2023-03-15 01:39:52.086788,series_3,2.3288581959769203,0.4105612553528555
2023-03-18 06:10:18.988476,series_3,2.814856193088142,0.8492924895339351
2023-02-03 08:25:09.134744,series_9,0.5829283163612675,0.9104250070950148
2023-01-24 00:15:04.681498,series_3,0.7058665405625164,0.7771530834583877
2023-01-28 20:56:56.940485,series_9,9.158737356813656,0.576066731506054
2023-03-23 13:08:37.747334,series_3,6.128818961862211,0.4976743520916808
2023-01-22 02:43:00.574845,series_3,5.944637246790364,0.8536247667027874
2023-01-17 16:58:59.458367,series_3,7.793453082345698,0.4940562590811769
2023-03-09 16:59:54.115268,series_9,7.176595448471913,0.5113042112347971
2023-01-12 14:01:17.734494,series_9,3.917847445211613,0.6560136968448145
2023-01-16 20:46:02.988936,series_3,5.577557214004399,0.6204908654694828
2023-01-29 06:46:20.648568,series_9,5.612004284161321,0.5929728999394174
2023-02-20 09:07:31.437952,series_9,8.545320621204686,0.444179177126968
2023-03-12 22:00:00.000000,series_9,9.147211342455144,0.0
2023-03-28 13:25:28.128722,series_3,6.689051461746808,0.7772426281335139
2023-01-15 02:46:46.036140,series_3,1.7041822829891906,0.4410238635313444
2023-01-09 23:51:35.602352,series_9,8.331290691373251,0.7803344744274927
2023-04-01 01:48:50.385630,series_9,9.055271894665262,0.5673573804669321
2023-03-30 15:16:13.552866,series_3,3.611052404092996,0.455381312140809
2023-03-16 17:38:09.087948,series_3,9.71994210239852,0.567580888738789
2023-03-25 19:42:07.231964,series_3,8.058832794888716,0.4937342678764821
2023-03-11 23:32:21.951933,series_3,7.80544566814024,0.809310571525045
2023-03-19 20:37:27.536089,series_3,5.96819355747,0.5078114313851441
2023-02-04 06:24:17.559078,series_9,9.767741525881048,0.4658373119454171
2023-02-26 11:36:40.321246,series_3,7.727296299338226,0.5778774032117925
2023-02-14 10:56:07.994104,series_9,0.4156795892326281,0.6966103626416742
2023-03-29 21:52:57.095458,series_3,5.496967919786815,0.8135392145715421
2023-03-13 06:05:30.258448,series_3,6.549414170427468,0.4672372967773424
2023-02-09 00:36:05.334235,series_9,5.366171308671641,0.5507930477373718
2023-03-11 19:38:16.144398,series_3,9.21791441419204,0.6418815759994867
2023-03-24 12:50:16.876613,series_9,0.0127752135637826,0.5284091297363714
2023-01-12 14:19:18.990940,series_9,1.6107009661305427,0.5528311074290034
2023-03-11 01:22:54.350941,series_9,6.751920595715779,0.848250947458506
2023-03-31 11:15:26.420021,series_9,9.784981436704534,0.934897038691713
2023-04-11 00:33:20.166128,series_9,4.060430577663859,0.7059730158945587
2023-01-30 16:12:24.235013,series_9,4.28105302252865,0.9556127239719188
2023-03-06 10:30:27.689073,series_9,2.145563546587735,0.8793076096713577
2023-03-10 00:25:42.857143,series_9,5.9904509172032325,0.0
2023-01-29 19:42:34.844755,series_3,7.04730174150857,0.874407839400209
2023-01-16 13:59:08.258019,series_9,1.9222518929629109,0.8286046664636695
2023-03-03 08:04:09.603120,series_9,2.055340274521049,0.9363411749040148
2023-03-17 07:13:35.348442,series_3,3.617806581893851,0.4634218779195799
2023-03-24 09:00:08.418902,series_9,5.209961719803692,0.8717610187032071
2023-03-09 06:53:33.651537,series_9,5.567149940881908,0.843513694595486
2023-01-12 18:57:47.490097,series_9,7.830937944217191,0.4265840686555427
2023-03-12 13:51:25.714286,series_9,9.734348921938446,0.0
2023-03-26 09:21:32.251065,series_3,4.349690958445755,0.8307786741552194
2023-04-09 01:20:06.701646,series_9,3.8643353276000783,0.6249268323784015
2023-02-15 20:31:35.072888,series_9,1.1768212360380148,0.6062263390856844
2023-03-09 13:11:31.290184,series_3,9.122261362992488,0.498763302638975
2023-02-16 00:32:20.139460,series_9,1.660449161586136,0.8439006555261418
2023-03-29 05:15:32.548262,series_9,2.2328534175492942,0.8585945475453551
2023-03-08 21:52:16.404417,series_9,3.2610059326337426,0.7522915196675724
2023-02-17 12:31:16.003246,series_9,0.4476378731667019,0.9865741658219256
2023-03-07 13:25:32.931787,series_3,5.415958984456252,0.9933288668088712
2023-02-18 13:37:28.406868,series_3,0.0381971234527866,0.752856709257531
2023-03-28 06:11:45.393452,series_9,5.782984334603871,0.4761249707901259
2023-03-18 01:49:22.177900,series_3,5.293109195033847,0.5366962248764778
2023-01-09 01:21:47.432443,series_9,1.7162889396592618,0.8962461870069225
2023-02-03 13:06:07.946409,series_3,5.122803367500652,0.5236477878604158
2023-04-05 10:00:24.057111,series_3,9.652343885668996,0.4653224090972573
2023-01-17 12:32:33.142099,series_3,0.0177253153908885,0.7277888705617424
2023-02-18 18:15:34.058808,series_9,6.604979312330545,0.7729444639911003
2023-02-18 06:44:07.463453,series_3,2.321565759408606,0.5023903786834023
2023-01-12 08:24:21.722086,series_3,9.781608677408364,0.4021938351502291
2023-03-22 13:04:00.199062,series_9,8.45783908835503,0.9167605603390042
2023-03-18 20:26:55.932726,series_3,7.419877661903172,0.8329281187323057
2023-01-16 08:12:59.410783,series_9,2.6716828768081005,0.9584137841911644
2023-02-07 00:51:27.895791,series_3,4.95035849459629,0.7067112084783495
2023-01-30 20:19:54.753777,series_3,6.592003283521456,0.6287811918765425
2023-01-30 03:37:09.248466,series_9,0.5572167522352778,0.8179527444746542
2023-02-18 05:33:33.722929,series_3,3.827819091870008,0.8311784412641721
2023-02-27 10:46:56.317237,series_9,1.2835202064563656,0.718288631337456
2023-04-07 17:22:52.083981,series_9,4.494152086030152,0.417094054256317
2023-04-06 12:49:28.248641,series_3,4.328282238469173,0.8370565875116194
2023-02-11 05:54:03.761241,series_3,4.846930364559712,0.5427559319951294
2023-03-13 19:01:11.593651,series_3,5.025072250207245,0.4597429584338733
2023-03-29 09:30:26.429083,series_9,5.096552136589189,0.8754521823875219
2023-01-12 00:25:38.493261,series_9,7.418652036000765,0.891397716884072
2023-01-26 04:45:21.001432,series_3,8.719105291942576,0.6435258238185348
2023-02-03 23:34:14.765858,series_9,4.611070254288659,0.4769447749940823
2023-02-25 07:23:51.040349,series_9,7.380426309732786,0.4245733416522371
2023-01-09 19:05:52.016474,series_9,2.640220913008433,0.799361584368438
2023-01-18 01:50:17.941252,series_9,1.4362271063511722,0.9468036343800188
2023-02-09 21:46:38.400194,series_3,6.617834314817424,0.8329068494786274
2023-03-06 06:00:00.000000,series_9,4.116767881002441,0.0
2023-01-08 08:20:33.220995,series_3,2.482601489322134,0.9854290707077192
2023-02-07 16:14:17.970241,series_9,3.9125570245134487,0.6836628543710378
2023-01-09 14:12:17.224333,series_3,7.566542814687019,0.7750057763680622
2023-01-14 09:39:35.940184,series_9,1.668853832836843,0.6687096658051018
2023-02-04 12:00:50.970151,series_3,4.812816529104519,0.8541308324413465
2023-01-27 13:12:09.309877,series_3,3.7790081049742383,0.7984595921981922
2023-02-12 10:55:52.667094,series_9,7.9681273437991615,0.536644396446309
2023-02-18 14:46:20.138610,series_9,2.1031508978148272,0.5092397136426215
2023-01-30 08:23:05.086998,series_9,2.703216408148661,0.4209131188289756
2023-01-08 02:10:24.652877,series_9,0.8704501449159963,0.4416218769285664
2023-03-02 19:45:41.338828,series_9,3.333576646733498,0.9157620747292032
2023-01-08 05:25:09.095870,series_9,6.930428106230558,0.567254848677617
2023-03-14 16:49:33.767369,series_9,3.5436782418333648,0.4374152925742279
2023-03-17 15:13:02.731106,series_9,2.9355033283133136,0.7204302227680897
2023-03-01 02:30:10.000798,series_9,8.443896133335851,0.4525580482476086
2023-01-28 06:43:06.096477,series_3,4.173338525224319,0.4842861637932585
2023-02-20 23:05:44.912826,series_3,0.0394238220865228,0.6530649759953794
2023-02-04 14:05:45.610281,series_9,0.5103186085932543,0.7010003607223743
2023-02-18 04:41:23.503038,series_9,1.2768774224705726,0.9093697057771668
2023-03-29 16:44:35.136619,series_3,5.682194274594669,0.8644700413260564
2023-03-12 20:02:45.686983,series_9,6.981712772076005,0.8971697452312193
2023-03-28 08:36:32.838430,series_9,5.289059180023521,0.7594727185437993
2023-03-25 20:08:51.989148,series_9,6.579326455141081,0.5334242329451009
2023-01-09 10:23:10.564723,series_3,3.420333660199168,0.8992827839506191
2023-01-15 10:30:35.042691,series_3,4.832766467166849,0.9283521927406914
2023-02-22 19:54:58.188334,series_3,2.885813302085891,0.743928428433035
2023-01-22 17:39:51.899480,series_9,0.2056739061142076,0.4405971854723349
2023-04-09 21:27:08.703640,series_9,5.255842133529893,0.7532366852887445
2023-03-30 18:35:53.514565,series_3,3.196356355573112,0.4579607909756932
2023-03-17 15:28:08.894979,series_3,9.650111097823276,0.8639628814961482
2023-02-06 09:44:49.707700,series_9,3.065628319765331,0.9238186523426368
2023-02-01 16:37:02.537255,series_3,3.636250872825335,0.4208491697127996
2023-04-03 15:35:24.756816,series_9,4.967297795141663,0.5763735882756473
2023-04-02 06:37:29.620852,series_3,8.786355350041173,0.4544972270131711
2023-03-01 01:16:32.358592,series_3,8.84312988548497,0.5351180849833004
2023-03-20 13:33:54.914063,series_9,9.083202360741016,0.6585317687574004
2023-01-04 08:11:18.025067,series_9,5.69954017039779,0.6242391235277986
2023-03-14 02:39:36.790531,series_3,1.0985238129579245,0.974365559913862
2023-01-17 02:58:22.482274,series_3,2.295949892990051,0.772155331609131
2023-02-23 09:28:51.079328,series_9,6.590450461118312,0.513184298348402
2023-02-06 23:50:59.616321,series_3,7.552443062495934,0.742287180203963
2023-02-25 23:26:18.692025,series_9,9.366681869124973,0.9934508334321956
2023-03-15 19:23:10.623815,series_9,9.431703512084322,0.9572102193917448
2023-03-03 05:31:04.339940,series_9,6.250806421013705,0.8210193161038835
2023-04-03 11:49:40.845711,series_9,8.307820235224655,0.7881058667051366
2023-01-13 12:51:00.117393,series_3,4.700706206061085,0.9632411046729528
2023-01-27 13:01:53.068952,series_9,5.474212644558728,0.9547970361091564
2023-01-08 23:41:26.299956,series_3,0.0860290920574824,0.6548120512981825
2023-01-26 21:01:46.100313,series_9,4.474645172266445,0.6640438402265503
2023-02-04 07:32:13.213376,series_3,5.761536893692201,0.7945911607241826
2023-02-15 16:59:45.639683,series_3,0.0924418893775524,0.4100059582831028
2023-02-20 10:35:19.305732,series_9,9.874098075288266,0.7390462215228633
2023-02-08 17:25:01.175224,series_9,2.458403315681208,0.5702516190577769
2023-04-08 12:19:43.523123,series_3,9.353323997068255,0.4205579817836171
2023-03-16 18:22:01.684640,series_9,7.9669885603348,0.7804399050506259
2023-03-01 22:37:43.709791,series_3,2.591211722129303,0.4216811337972858
2023-02-27 22:15:30.314246,series_9,3.676169383871829,0.9730806128346874
2023-02-18 02:58:39.068744,series_9,3.33665367162236,0.7352594351387964
2023-01-15 16:02:12.501117,series_9,7.507500872218177,0.7667713472921573
2023-03-21 21:43:23.164032,series_9,2.243501172220709,0.5651070535300508
2023-02-25 05:07:47.590350,series_9,7.315066771172188,0.5115927139762589
2023-03-14 09:52:17.360461,series_9,0.8858503229260539,0.6186433008171943
2023-03-16 06:20:17.620418,series_9,7.591437700393014,0.7120818543372482
2023-03-20 01:22:22.475211,series_3,3.21299821771233,0.9919474767534514
2023-01-02 12:14:04.851033,series_9,6.548989561230286,0.7360260855600824
2023-02-21 20:38:41.336454,series_3,1.8384601244512644,0.4411453722674223
2023-02-14 01:24:00.537007,series_9,3.0299294125643805,0.9707913034778176
2023-04-10 21:18:28.744341,series_9,6.46929779652777,0.5698731977704938
2023-03-19 13:54:05.785460,series_9,3.0399392950863904,0.4649688523513878
2023-03-05 14:49:47.651397,series_9,6.386187586355555,0.590371081561012
2023-01-01 18:21:57.566062,series_9,4.6806810956907485,0.4199494601086824
2023-02-04 09:03:37.040647,series_9,4.87846615725073,0.925354663060191
2023-01-03 15:34:05.657643,series_3,8.4775459418274,0.6171499626582063
2023-01-26 02:07:58.368965,series_9,0.0328638514485957,0.8806604683344076
2023-01-26 14:27:14.238629,series_9,1.6342208341591349,0.6650512963157351
2023-03-30 16:27:39.739780,series_3,6.304687296777224,0.7068820922335463
2023-01-05 22:57:06.225230,series_9,3.318410457937929,0.4211177935314824
2023-04-07 13:07:16.458914,series_9,0.1964506244058761,0.5066725286354377
2023-02-08 15:49:20.565333,series_9,5.221446729686623,0.8256496095766659
2023-01-30 01:09:18.639605,series_3,4.894423805988906,0.8613411093984615
2023-01-28 19:07:43.803220,series_9,8.933849065443853,0.970381799592862
2023-02-12 23:06:08.792354,series_9,5.700703665408994,0.5112745529578879
2023-01-29 12:10:18.065723,series_3,6.535759403154092,0.5647902209469154
2023-01-14 01:47:37.673243,series_3,5.221913466914714,0.9166879064835382
2023-02-07 14:40:21.528531,series_9,9.679245506600466,0.7215559329560317
2023-04-02 18:50:28.010874,series_3,9.798712820652844,0.941649659305296
2023-04-05 23:48:45.521332,series_3,8.311092514309692,0.6756303017454861
2023-01-19 09:06:35.096754,series_3,9.582268133746098,0.4978214409509028
2023-02-21 03:15:45.874923,series_3,2.412109033137829,0.6849207090053349
2023-03-10 08:20:48.719910,series_9,6.001526340645218,0.6253410281637464
2023-03-09 05:00:00.000000,series_9,4.911025859589342,0.0
2023-03-15 12:32:25.296691,series_9,5.476127909239211,0.5362430850908533
2023-01-18 09:31:34.736842,series_3,3.903645812995778,0.0
2023-01-23 19:30:12.894372,series_3,3.1105909942749568,0.4290929697551973
2023-03-02 02:06:43.009161,series_9,5.14550084308365,0.8833568249626487
2023-01-07 09:54:26.824015,series_9,9.111817737110105,0.8169576963848739
2023-02-19 02:05:57.945489,series_3,5.1229600331874,0.8708421859377129
2023-01-14 22:56:48.011013,series_9,7.251130952176713,0.9965777622805948
2023-03-19 17:39:53.164871,series_9,7.045570273393761,0.8357664510079177
2023-01-30 08:03:50.361736,series_3,6.1088120290949375,0.5646229819138553
2023-01-25 01:25:59.252972,series_3,3.3586207982200342,0.6821075136892814
2023-01-07 17:06:02.930485,series_3,8.117516948342635,0.4940859833550642
2023-01-27 06:35:17.153693,series_3,2.5079110878235,0.674597615405502
2023-04-02 02:00:06.350952,series_3,6.771901722548214,0.5522194826545588
2023-01-27 07:27:46.354365,series_9,0.0849108482659388,0.7728353057919786
2023-04-10 19:07:28.243001,series_3,0.8517325475549442,0.6074928800627224
2023-02-25 20:05:03.015797,series_9,1.9474634643769595,0.5596231378526701
2023-02-01 19:26:11.515286,series_3,5.501694216090478,0.438709404591771
2023-03-10 02:57:56.211001,series_3,1.5018799131889726,0.611904968066673
2023-02-18 09:06:16.281543,series_9,4.64782871174339,0.6774277366081651
2023-02-02 16:20:00.212544,series_9,8.313236447351706,0.8042237338400665
2023-02-13 17:04:34.038119,series_9,3.860140881741514,0.4886241271882233
2023-04-06 05:50:22.436824,series_3,8.952840995497416,0.51888770170263
2023-04-03 18:42:02.793700,series_3,3.806502877749157,0.5748150012499367
2023-01-21 12:10:22.035185,series_9,2.518495894517838,0.6426164707838561
2023-02-23 09:47:32.943587,series_9,6.619082055851814,0.4118845821175764
2023-01-14 17:51:56.695282,series_9,9.748363624052844,0.8739046461871915
2023-02-15 08:44:54.483348,series_3,8.518441724528213,0.7692252625675289
2023-03-05 18:54:42.723237,series_9,2.471644603949603,0.4306567722309399
2023-02-13 06:18:13.142644,series_3,7.022745641593154,0.4352538516187288
2023-02-18 19:36:28.755574,series_9,7.445936738462327,0.8784351509883448
2023-01-09 07:53:59.904668,series_9,1.5884616174732524,0.5118517733579476
2023-03-14 07:15:19.834263,series_3,5.919202061111763,0.8137290165177293
2023-03-06 03:53:21.003175,series_3,8.583105790351107,0.8955068769708401
2023-04-10 10:16:42.728927,series_3,9.712526302383994,0.9347101287282358
2023-01-19 03:28:41.903755,series_9,7.788780443694899,0.4475509325221815
2023-03-06 00:00:00.000000,series_9,0.0273100115202598,0.0
2023-01-20 07:33:29.723894,series_3,2.857718493189462,0.8432960307619934
2023-02-23 01:20:44.825194,series_3,6.867536048937129,0.7856677364769229
2023-03-16 23:04:54.578610,series_3,8.31141613720888,0.5019506108796914
2023-04-05 10:46:05.372693,series_9,8.030856039385382,0.9209488531140978
2023-02-26 00:30:16.130409,series_9,0.8999021243262295,0.9098725532230082
2023-01-17 14:22:06.315789,series_3,1.617920269041039,0.0
2023-02-07 05:11:29.733275,series_3,0.6775427725134575,0.9438368219101164
2023-03-26 20:54:49.398672,series_9,2.759679261150626,0.8013278324656787
2023-03-05 11:07:17.423633,series_9,9.286015355235808,0.8184250994332818
2023-02-17 13:22:22.537074,series_9,9.855619500972844,0.958569009834955
2023-03-21 07:03:33.031077,series_3,9.198058343002003,0.6366972644880159
2023-02-14 15:58:04.647853,series_9,4.218742174620024,0.424550862138736
2023-02-05 07:12:44.555492,series_9,1.8850380463109395,0.7441518419585835
2023-03-16 10:55:48.736467,series_3,8.026513893037052,0.922781007716644
2023-01-04 02:59:36.910983,series_9,3.7626838998818393,0.7088948366180946
2023-02-09 23:12:34.354784,series_9,3.5387279367664712,0.7948128369109795
2023-03-17 23:19:08.065603,series_9,2.1735607817468217,0.90643777539239
2023-02-06 01:26:33.280836,series_9,3.907980182305121,0.535271347759876
2023-01-06 19:29:44.115035,series_9,3.738007869331908,0.733892034681215
2023-02-16 16:53:29.863546,series_3,5.724133582540828,0.8197482602748514
2023-01-31 00:51:33.353498,series_9,7.920173128032593,0.86338895164761
2023-03-02 01:05:14.103576,series_3,8.360120954502078,0.7265959230027363
2023-03-05 19:59:03.034125,series_9,7.832163145275066,0.6537407127299293
2023-01-25 22:40:47.705353,series_9,1.1858257892200263,0.4308397435272122
2023-03-23 05:12:30.226783,series_9,1.0828004799450883,0.8101344082017947
2023-01-01 21:41:38.130789,series_9,2.076945582717986,0.5740935407839834
2023-01-13 19:10:40.109489,series_9,6.082910629131978,0.5413824822823393
2023-04-09 19:10:21.869515,series_9,8.450150576483015,0.4731766972179963
2023-02-08 07:42:18.563335,series_3,5.58796185039773,0.9498290748239224
2023-02-08 23:19:39.404871,series_9,0.5779829660826341,0.4139932773175749
2023-03-06 23:38:26.849636,series_9,2.0085336914360963,0.6323261120523875
2023-01-26 18:12:00.973068,series_3,4.584557100899081,0.6799212752355415
2023-01-14 15:55:13.749220,series_9,9.292982370480848,0.8240489090773286
2023-01-28 01:41:04.894194,series_3,1.3344497880232975,0.5207268649779222
2023-03-10 04:50:29.618738,series_9,5.7728349089057165,0.7856648812784619
2023-01-27 07:59:22.555444,series_3,7.532133622077857,0.5056859601657213
2023-03-14 09:36:37.987318,series_3,3.895668278919716,0.9064541672404424
2023-03-31 17:37:27.657012,series_3,9.829384842989322,0.8686470202194373
2023-03-08 06:08:33.237204,series_9,1.6884757871156864,0.5513601682737942
2023-01-11 06:19:10.424576,series_3,7.083856237744436,0.5975644828986617
2023-04-07 07:11:18.607120,series_3,8.58340569919228,0.4629197936657282
2023-01-11 15:23:34.618271,series_3,4.791979202047275,0.8070407042253025
2023-01-05 00:28:25.605924,series_9,9.96523302394724,0.6283886588051757
2023-01-21 10:18:56.842105,series_3,5.808186045806636,0.0
2023-01-02 05:50:48.266973,series_9,3.136365516962718,0.6400362215288817
2023-01-30 19:49:47.042181,series_9,9.641384592450358,0.6807399772865892
2023-02-17 00:34:43.544701,series_3,7.362201850996507,0.5471390794252098
2023-01-08 01:17:08.657111,series_3,5.2583116035123485,0.9446612053361793
2023-01-05 02:14:49.754636,series_3,8.195498588451056,0.6891667217892086
2023-02-13 23:17:11.613907,series_9,6.752743521568032,0.844356098025288
2023-04-01 17:04:59.128059,series_9,0.4949471027774743,0.575355313315099
2023-02-17 09:58:22.441808,series_9,3.709937259237024,0.6537361546926935
2023-03-13 04:06:32.839068,series_3,5.961983234146841,0.9311672407510618
2023-03-13 22:23:45.073131,series_3,8.337660343900673,0.8720896375303144
2023-03-25 12:32:37.954416,series_3,4.577945352840766,0.917316142770018
2023-02-01 11:26:28.038964,series_3,4.908562917375706,0.7408586957742023
2023-03-12 10:50:14.763875,series_9,9.6066820634654,0.9946882764051016
2023-01-23 12:36:18.349131,series_9,3.522684699633203,0.6194869233155633
2023-03-27 13:34:33.451582,series_9,1.3387959553679196,0.711352800626754
2023-01-30 06:56:24.021975,series_3,3.462972459835326,0.5713171274508709
2023-02-20 14:11:56.794902,series_3,9.12933172561109,0.8207854495436544
2023-01-16 21:36:53.628537,series_9,5.923770093445114,0.4135754225194225
2023-01-13 03:21:39.637921,series_3,0.206226795754012,0.4760889982453642
2023-01-30 21:33:51.815650,series_3,5.186082003262696,0.6098213632041501
2023-02-12 12:23:36.658824,series_9,6.788263667092743,0.7797266116940864
2023-02-13 00:31:12.899244,series_9,4.044208400449206,0.9709130909376958
2023-01-21 15:06:18.947368,series_3,5.104454259408442,0.0
2023-01-27 20:43:05.047167,series_3,5.449401032161183,0.6152495350279201
2023-01-05 00:40:24.607640,series_9,2.455037607068393,0.530911193012218
2023-02-28 04:18:05.060403,series_3,1.3246804557644187,0.8867843787037348
2023-03-11 09:42:23.760554,series_3,3.128823808692328,0.6589869806150863
2023-01-15 15:39:07.931134,series_3,7.892526251320295,0.8258906494772844
2023-02-27 02:30:13.436488,series_3,6.216651020679505,0.6965966710503404
2023-02-21 13:08:11.299491,series_9,4.714977770494636,0.6350241366247733
2023-02-12 23:01:45.898275,series_9,1.119751104329959,0.6243674241275359
2023-02-02 10:25:35.582618,series_9,1.85664524431264,0.8569797518074838
2023-01-27 05:22:02.600586,series_3,7.873442337231362,0.6919034612812751
2023-01-18 14:18:56.842105,series_3,3.840901851706444,0.0
2023-01-09 23:42:29.531866,series_9,0.6675587546874262,0.5978858903607138
2023-02-13 00:25:52.279840,series_3,7.845254668372169,0.6925404537966102
2023-03-06 12:20:20.594361,series_3,2.009161745241139,0.4206444662897597
2023-04-09 21:06:00.334437,series_3,1.0265481058210346,0.9308785128744892
2023-02-21 04:11:39.142073,series_9,1.8151560718266624,0.823609774221068
2023-01-09 03:02:15.737831,series_9,0.6274531777690184,0.4789260715782383
2023-04-11 13:24:33.497192,series_3,5.228808222842117,0.6522592727751715
2023-03-02 05:54:04.384096,series_9,5.640267121500077,0.9231217045746608
2023-01-29 02:16:50.892696,series_9,2.1044240367562264,0.6671337914009223
2023-03-12 03:30:36.786199,series_9,2.188761020724299,0.8079650279939911
2023-01-21 18:16:32.646831,series_9,3.053664850133675,0.974664178060764
2023-03-14 11:16:54.244822,series_3,0.241067309958266,0.5269620361052783
2023-02-10 21:30:25.773051,series_9,5.752000422412512,0.565235468745016
2023-03-21 16:51:42.007869,series_9,5.917177461669418,0.9621306333970168
2023-03-06 18:40:36.516323,series_9,1.4575802855025244,0.5303495235235223
2023-03-15 22:12:02.756679,series_9,9.916572691834002,0.5244261814642518
2023-04-01 08:22:59.040868,series_9,7.519680460439955,0.4323588672308306
2023-04-02 16:30:04.177843,series_9,1.56806246728453,0.5142437378198725
2023-01-17 11:40:25.709053,series_9,8.382901821029979,0.9734494397084036
2023-02-04 18:16:50.069057,series_9,5.737798932255476,0.6847696186077643
2023-03-19 08:41:09.972259,series_9,8.225594317252142,0.8945139446290284
2023-03-29 08:21:54.202787,series_3,0.0321848881523634,0.700408450132397
2023-02-10 09:24:09.125335,series_3,2.965182838612374,0.7155522951054867
2023-03-07 17:51:08.626952,series_3,4.847445939420249,0.9307808542781428
2023-01-28 11:52:47.030587,series_9,3.4317320304490817,0.9847656929983456
2023-04-05 13:56:40.585154,series_9,9.056084111527753,0.7082366447615043
2023-02-11 08:50:21.665113,series_9,3.9023805893707055,0.5827395766960168
2023-01-28 13:36:41.386874,series_3,0.0187392910780659,0.7567613487773097
2023-01-09 22:31:24.502385,series_3,2.0747295626555817,0.8117784479329069
2023-02-02 21:49:55.821204,series_9,3.607858458362009,0.793308311330003
2023-03-23 11:50:38.702346,series_9,7.363900402469571,0.8367862987591645
2023-02-26 08:22:07.895283,series_9,5.524823595137027,0.5719160156171981
2023-04-08 04:32:57.709050,series_9,4.407341105674071,0.7907969598660551
2023-04-04 01:47:23.635005,series_3,9.070971600874994,0.7175097109950279
2023-02-16 02:15:44.757132,series_9,3.517443180084654,0.4837504102781403
2023-03-07 22:17:08.571429,series_9,6.790702492677923,0.0
2023-01-25 09:59:44.949023,series_3,0.7567140069627298,0.6980636603469801
2023-04-09 23:50:46.625971,series_3,3.1059932626496733,0.8011302759633323
2023-01-12 03:02:36.900929,series_3,9.36744443806188,0.8939689657175036
2023-03-03 01:24:34.040289,series_9,3.5064451599608724,0.4361008303066447
2023-01-17 22:47:26.291495,series_3,8.956439046789963,0.9723006031832204
2023-01-17 00:00:00.000000,series_3,0.2754350192206351,0.0
2023-02-07 13:01:42.037919,series_9,7.68346550590697,0.7460215852464009
2023-03-12 11:00:00.000000,series_9,-0.5005384322103813,0.0
2023-02-06 07:38:45.199860,series_3,6.11693695313731,0.8367504874039731
2023-04-09 21:48:21.877363,series_3,4.554295424122087,0.7014278957045126
2023-04-03 02:05:37.025814,series_9,2.4351754845636653,0.9558329880333156
2023-04-08 18:00:56.762093,series_9,0.6430454914359629,0.520767094298615
2023-03-28 01:45:15.187805,series_3,2.612492930790021,0.8367396923981769
2023-03-12 09:00:00.000000,series_9,1.393960923743605,0.0
2023-02-05 14:13:30.602514,series_3,2.642580573948521,0.8791208176908444
2023-01-31 02:37:41.214091,series_9,6.700591584318861,0.4799865354112104
2023-04-06 01:43:33.171257,series_3,2.5067740264099623,0.5034250923946495
2023-03-06 01:08:08.131357,series_3,3.703838150068552,0.4046417393593491
2023-03-29 21:07:42.776463,series_9,3.519666699244859,0.9634612439670188
2023-04-09 19:18:10.952575,series_3,8.303230302844808,0.6437226948578392
2023-02-16 16:04:35.511958,series_3,3.424450393225833,0.5432323992685024
2023-04-10 04:43:30.430020,series_3,8.660901822735884,0.7661482631077052
2023-02-14 20:39:11.417494,series_9,0.4632673259949549,0.8230295368960611
2023-02-19 06:59:31.227212,series_9,1.987902602848426,0.6011238024193525
2023-01-18 12:19:30.097190,series_9,2.702937338931173,0.5567079130442025
2023-04-07 09:50:12.490836,series_3,1.5870451205089409,0.8821565364790046
2023-04-03 00:38:12.962361,series_3,2.440614595082363,0.4873656714915301
2023-03-16 09:53:37.545699,series_3,6.470773791665185,0.7283571243778865
2023-04-09 23:13:32.695810,series_9,2.1591239676810425,0.7129224354527391
2023-03-11 12:33:23.782982,series_3,3.6770795350924663,0.5514293630805998
2023-01-29 13:48:22.822929,series_3,8.058099251542467,0.4388065314767422
2023-04-10 10:06:53.170919,series_9,1.8807192031706252,0.8274179120647978
2023-04-02 08:07:00.876923,series_9,8.332108160415565,0.519564822943102
2023-02-23 07:02:28.629984,series_3,9.027118000812605,0.4210764848712267
2023-03-10 03:20:57.660603,series_3,0.3007020371345748,0.7815122392506824
2023-03-09 12:08:34.285714,series_9,5.305317532754324,0.0
2023-04-07 21:03:12.771790,series_3,3.8354764898823177,0.7148474121706613
2023-03-23 09:26:28.435684,series_9,7.321414479751995,0.855637853191659
2023-02-26 07:07:23.642044,series_3,7.759664167165463,0.58998384959373
2023-02-25 12:27:36.103439,series_9,1.0906951101859463,0.910094174622114
2023-01-09 20:19:41.787845,series_3,5.333613729333687,0.8685769397302892
2023-03-07 21:42:51.428571,series_9,7.836120257846534,0.0
2023-03-03 10:53:23.615832,series_3,5.127804746471157,0.7258851778554261
2023-01-20 01:08:32.368391,series_9,0.241844428282939,0.4367930708658188
2023-01-10 03:49:13.854123,series_3,5.089330845816465,0.5648573372269824
2023-03-12 06:00:00.000000,series_9,3.6455072902028673,0.0
2023-04-09 05:40:55.763990,series_3,0.8310463094451148,0.9284896852786856
2023-01-05 07:58:33.110903,series_9,6.839222213841481,0.699252853610244
2023-01-16 19:34:53.294385,series_9,8.325872532288965,0.8708101208124304
2023-03-29 09:24:02.517780,series_3,1.0775034818939688,0.5658775549567366
2023-02-20 06:03:16.922961,series_9,5.90643363757001,0.8946087209557422
2023-01-22 02:39:50.662064,series_9,0.2172609767683264,0.647224429634222
2023-02-09 21:51:39.057558,series_3,6.87099464544684,0.4853378821843576
2023-02-02 14:20:18.081118,series_9,1.9108932092925213,0.9242772798101224
2023-04-05 15:15:44.228838,series_3,2.2022214769706605,0.923482780976857
2023-01-27 06:01:16.492794,series_3,0.8205255655836585,0.4570345787801519
2023-01-23 15:00:00.000000,series_3,0.1621864631857523,0.0
2023-01-26 16:38:42.260010,series_3,3.2484745308648844,0.929703013173929
2023-01-19 04:00:00.000000,series_3,5.189760066305168,0.0
2023-01-16 06:44:04.104971,series_3,3.3004495565536898,0.6523118695099459
2023-03-03 16:39:57.155048,series_3,6.898022878324164,0.9053839284419618
2023-02-03 13:32:48.466477,series_9,0.7037068715690831,0.5207536002997488
2023-03-25 23:02:34.419652,series_3,6.834726814453048,0.9707539587672848
2023-03-04 23:25:47.471784,series_3,7.068468283617362,0.5834240570874198
2023-03-14 07:02:57.673754,series_9,9.576969836418227,0.9511634562237138
2023-01-05 07:32:53.777590,series_9,0.0295275213657231,0.6997386617632941
2023-02-17 03:18:28.876713,series_3,8.765358268815625,0.9795887864866508
2023-03-26 01:05:58.404130,series_9,4.412829327930168,0.5055670399229059
2023-01-13 04:14:58.046632,series_9,7.745046412694794,0.8570736892315518
2023-04-09 21:35:29.596981,series_3,9.125306959811292,0.9679857221634488
2023-02-27 07:34:07.403921,series_3,5.645158984186146,0.983304762821486
2023-01-27 03:31:43.677530,series_9,6.683722935099058,0.854208823721383
2023-01-05 20:49:11.090915,series_9,5.242262225128566,0.5087468704506298
2023-04-10 05:06:01.807737,series_9,3.6079276702738343,0.5799446902865463
2023-01-29 03:20:43.008617,series_3,9.126147210662923,0.7884657836943247
2023-01-09 03:42:02.334366,series_3,6.823874369440457,0.4697255256624983
2023-01-19 23:09:28.421053,series_3,4.61724576343564,0.0
2023-04-03 07:59:21.765612,series_3,1.1474560289891855,0.9811992930939706
2023-03-06 10:00:00.000000,series_9,6.960144380825912,0.0
2023-02-06 19:26:07.767350,series_3,0.4992778678570009,0.6167300663629199
2023-02-09 12:28:47.139154,series_3,2.3894998522157564,0.5894780844662902
2023-02-13 12:47:59.145598,series_9,5.372112115902381,0.6890103075624459
2023-04-04 11:30:49.577024,series_3,2.6165486442771,0.4805355424481773
2023-02-27 15:32:30.440039,series_9,3.2223335716426798,0.5320202992444267
2023-01-11 08:14:35.349208,series_3,3.7839815184649006,0.8118432589020974
2023-01-08 05:51:31.097232,series_9,9.707730837031647,0.9356223203444582
2023-01-16 14:52:04.590864,series_3,2.51137884011579,0.8250058369489579
2023-02-28 16:16:49.816557,series_3,0.4563838344221083,0.6921212767081039
2023-02-19 07:16:01.079380,series_3,3.0158191584731364,0.4680409168171599
2023-02-16 12:41:19.322892,series_3,4.527445550638893,0.6707189837009191
2023-02-05 22:51:18.904631,series_9,7.018968768029258,0.4862852008895438
2023-03-12 23:00:00.000000,series_9,8.695580080547087,0.0
2023-01-20 13:34:47.359175,series_3,1.7290512053662366,0.5511132229317446
2023-02-01 20:09:32.460073,series_9,4.077419142609861,0.5082954223934915
2023-03-13 10:35:42.938011,series_9,4.908511911357943,0.686044382510099
2023-04-06 15:03:00.657282,series_3,2.9795965218208584,0.6019902743462052
2023-01-12 04:31:54.007224,series_9,5.705213557553504,0.5341775700303037
2023-03-01 06:33:34.336140,series_3,1.6199428544056116,0.9449760872128432
2023-03-29 08:21:49.151133,series_9,6.643043699400705,0.8911888691318187
2023-03-26 19:07:33.819671,series_3,6.1308484259380425,0.5949871790951523
2023-03-23 04:00:09.764122,series_3,6.633242644721204,0.4573598391375386
2023-03-15 02:14:35.407693,series_3,0.413461741573542,0.5562142990760416
2023-02-26 00:20:02.625427,series_9,4.725801386013862,0.9050509605094652
2023-01-20 08:44:12.631579,series_3,4.788394965621875,0.0
2023-03-22 18:43:30.160034,series_9,4.931088146020986,0.8253520941388406
2023-01-03 22:41:59.263930,series_3,6.439877557432845,0.7453232624546802
2023-01-22 00:41:03.157895,series_3,4.248798808760919,0.0
2023-02-13 21:51:59.418275,series_3,1.1726610939103632,0.7385250342384169
2023-03-11 03:10:39.673239,series_9,8.202948059891726,0.5861897701409172
2023-01-29 15:22:52.440232,series_3,4.057338479744381,0.8332968839594042
2023-03-25 15:51:57.480524,series_3,4.962572428610585,0.6985430049845329
2023-02-19 05:17:00.055361,series_3,4.9426056355231225,0.6423038275541373
2023-01-20 19:00:00.000000,series_3,10.136420241282732,0.0
2023-02-22 16:15:16.765442,series_9,0.5746344772229972,0.6249746438169251
2023-01-21 00:44:12.631579,series_3,6.666963682240195,0.0
2023-02-07 15:49:42.888658,series_3,0.9199748093211302,0.9224223992066792
2023-01-19 18:18:56.842105,series_3,5.406054438111681,0.0
2023-01-15 04:26:30.471565,series_3,8.844817585224533,0.8412933930941449
2023-01-01 13:47:44.143569,series_3,4.827620083984198,0.5285090031172477
2023-02-23 11:33:08.055223,series_9,6.930513553403963,0.8765915525350867
2023-01-12 06:54:50.078583,series_9,6.732655396951685,0.6193296303906611
2023-02-07 14:01:01.458651,series_3,0.5047856397110839,0.9214755115338648
2023-01-21 08:37:53.684211,series_3,5.361605445692674,0.0
2023-02-02 02:39:58.598135,series_3,1.942150941730037,0.4301682574952297
2023-02-06 16:47:52.479467,series_9,6.325423453304186,0.741322546200162
2023-02-11 13:17:07.020563,series_9,9.976092868701404,0.5437070028142845
2023-03-02 14:07:28.394663,series_3,5.644477047566028,0.9619907620509314
2023-03-07 11:38:43.191865,series_3,7.017969528659769,0.648794928682079
2023-01-23 06:46:35.449698,series_3,9.024653874096137,0.9356527396457864
2023-01-17 16:32:40.423724,series_9,7.5949820144312605,0.8647035723655977
2023-03-18 08:32:48.392048,series_9,3.892988643823533,0.8446242664408171
2023-02-12 18:00:14.981049,series_9,7.218740383672627,0.8551145856128886
2023-04-01 21:49:06.692796,series_3,3.373988668883133,0.5159447209281198
2023-03-14 15:36:12.203398,series_3,4.85602969271193,0.5515637584137159
2023-02-12 10:25:34.096888,series_9,7.0329437170396245,0.9327581802522824
2023-03-27 02:56:21.463827,series_3,0.0561504577420457,0.4583447939665649
2023-03-09 05:26:38.325727,series_9,8.907931719929516,0.5540630935458114
2023-02-20 20:11:33.507165,series_3,8.034285824350881,0.5742501844812926
2023-01-21 16:09:04.355552,series_9,8.054193879845547,0.647995421953793
2023-02-18 06:42:48.575090,series_9,1.0993497435819888,0.8904830531121155
2023-03-12 11:28:08.206920,series_3,7.612966793840783,0.7239933791646355
2023-01-31 09:51:17.829889,series_9,1.921166442520188,0.7112962332723565
2023-04-03 13:39:19.824369,series_9,9.3901460449392,0.5590792761849563
2023-03-24 20:26:36.266721,series_3,6.584518182927683,0.4348810056923862
2023-01-30 17:43:01.611120,series_9,3.469498522219412,0.9359779779897978
2023-04-01 06:42:15.182483,series_3,6.098456955776824,0.6584076230609238
2023-01-29 12:15:31.585515,series_9,1.6560093183134994,0.943467693979228
2023-04-07 12:17:51.737010,series_9,8.282345179989473,0.9434808107267144
2023-02-27 22:56:00.767095,series_3,3.914811195416278,0.5716404239568182
2023-03-17 05:13:32.542933,series_3,4.5080235650029055,0.4016251329869245
2023-03-20 06:06:58.574776,series_3,9.363369900513138,0.8135204010781976
2023-02-13 23:06:52.775929,series_3,9.72278495037146,0.9172374171463152
2023-03-06 14:00:00.000000,series_9,10.595951326094434,0.0
2023-01-06 09:29:34.329562,series_9,4.517001222089022,0.8378715714516038
2023-01-31 22:51:54.340370,series_9,6.388208914082574,0.4664835772694388
2023-01-19 22:46:10.816624,series_9,1.5070167697393655,0.761019554060222
2023-01-08 08:43:59.674052,series_3,7.719482670029079,0.6188591047744645
2023-03-20 17:06:33.758364,series_9,8.390444231519865,0.4965632439525189
2023-01-25 11:07:47.303238,series_9,5.52145135841106,0.7112400994201089
2023-01-24 12:56:37.967756,series_3,2.0625978191653878,0.4341351237460105
2023-04-01 17:20:52.188560,series_9,6.730491504473399,0.9475281859642322
2023-03-12 22:20:50.632902,series_3,2.491890687815196,0.7474411636572279
2023-03-06 05:06:59.366005,series_3,0.7987627269046205,0.6175263596344576
2023-03-03 20:21:11.564549,series_9,7.397417704235437,0.634183237034089
2023-03-18 15:51:26.732819,series_9,7.993480816537608,0.7921696753592713
2023-02-28 01:16:09.669285,series_3,8.32299626899853,0.5449222007639054
2023-03-23 19:07:24.246016,series_3,1.2183432990976384,0.7116114497712773
2023-03-30 22:02:50.551704,series_9,8.379155022570174,0.4607676184433016
2023-02-28 00:02:40.957807,series_3,6.878675283642158,0.4013961062033921
2023-01-23 05:00:01.947752,series_3,1.0868180211696987,0.9958024550030472
2023-01-06 18:40:43.298081,series_3,2.042665945195843,0.5113450126091534
2023-03-21 11:26:08.383170,series_3,9.159856645878644,0.7607177045093831
2023-02-19 01:55:04.501889,series_9,7.881291936331251,0.6807843388441183
2023-02-01 20:36:22.442704,series_9,3.28781690749385,0.7045081396266004
2023-03-02 19:54:16.061679,series_9,1.707913333600789,0.8870276356425253
2023-03-22 13:47:25.052470,series_9,5.492743266043359,0.7376267840519934
2023-03-09 08:18:02.978770,series_3,2.8750946525240884,0.6469413104923227
2023-01-23 15:25:37.111451,series_3,1.3600642456162149,0.8050982674156474
2023-03-19 21:58:56.294043,series_9,9.570131308504973,0.8363592465744323
2023-01-13 04:35:22.480999,series_3,5.245344949248424,0.5092264577939223
2023-02-06 04:14:09.458766,series_3,7.435749962349356,0.6459786718526047
2023-02-07 07:44:28.790080,series_9,2.66770510782413,0.5844714773718376
2023-01-04 15:59:15.403114,series_9,6.615703283693851,0.566440911340306
2023-03-24 10:31:30.794422,series_9,1.7809046019823938,0.986780645678248
2023-02-17 06:40:34.899220,series_3,2.8246025508977746,0.4363146380614184
2023-02-21 10:36:33.253157,series_9,2.622260389848794,0.6008474841027188
2023-01-28 19:00:58.588027,series_9,9.369170944351383,0.4296576023010194
2023-01-27 20:51:14.031775,series_9,5.619040863338796,0.5023099189404489
2023-01-15 21:09:53.950418,series_9,3.358692394866134,0.993048355920169
2023-01-27 22:26:43.937578,series_9,8.91141156197916,0.913603444269666
2023-01-23 22:04:06.192540,series_3,6.74902100410848,0.8423221008519675
2023-04-02 20:15:05.944235,series_9,6.978659504768635,0.8985901946891612
2023-01-25 22:48:41.739969,series_3,4.650880148112004,0.506102228672804
2023-01-20 22:18:48.167288,series_9,9.008475203744812,0.9749533997502946
2023-01-10 15:23:00.533462,series_3,0.2756191422967702,0.5520406985419444
2023-01-21 18:12:37.894737,series_3,4.999106147447099,0.0
2023-03-20 03:19:23.817546,series_9,6.256118111819939,0.5073542465688144
2023-02-14 10:59:04.467978,series_9,5.67095973172005,0.5364308416000345
2023-01-06 18:41:13.657646,series_9,1.463136517144774,0.8328093057063439
2023-04-06 03:58:07.019082,series_9,9.066406953838444,0.7785713785539229
2023-03-12 05:00:00.000000,series_9,4.40942829863798,0.0
2023-03-06 15:39:29.893951,series_9,5.33397673310033,0.5153463160575734
2023-03-03 02:48:45.346608,series_9,1.6841448029139228,0.5867584652819031
2023-01-18 15:32:22.983093,series_3,9.471783432338311,0.6979282003897492
2023-01-14 09:08:42.139446,series_3,4.264964182764679,0.9321366077590442
2023-01-03 00:57:16.855023,series_3,1.6234212823335203,0.6286812669504375
2023-03-14 11:50:32.728306,series_3,2.2073251284644946,0.4087084017851717
2023-02-17 03:54:42.879915,series_9,2.176982088099489,0.884159587625601
2023-03-21 05:07:57.223639,series_3,1.24160310890294,0.6373901821825791
2023-03-04 21:47:53.786103,series_3,2.079132634749331,0.4158031623858452
2023-03-09 18:52:50.821386,series_9,0.830565382496381,0.7241318321729922
2023-03-10 06:34:17.142857,series_9,6.302475439295126,0.0
2023-01-18 23:53:41.052632,series_3,5.545309793958734,0.0
2023-03-06 01:00:00.000000,series_9,0.765043840603375,0.0
2023-04-08 13:10:44.733028,series_3,8.224852040838273,0.6195030549487764
2023-03-14 18:00:48.149156,series_3,3.689406602349173,0.7858566327305176
2023-02-12 11:24:40.232467,series_3,8.141810575704412,0.6500488539788146
2023-02-15 05:54:17.929991,series_9,7.612219952937377,0.4424362279158748
2023-03-10 18:35:19.713928,series_9,1.1731628189470478,0.6633939545573999
2023-04-01 16:27:57.344902,series_3,4.960870733287481,0.5852459690881725
2023-01-01 10:06:12.139476,series_9,5.041553671257884,0.8649641438059519
2023-01-02 16:09:34.218329,series_9,5.003732902920476,0.9560468309510584
2023-01-22 12:21:09.534390,series_3,3.807345267755846,0.7090145738639024
2023-03-09 08:58:54.770678,series_9,4.279027045077362,0.6081161621285807
2023-04-11 02:38:03.452507,series_9,1.304848890116379,0.6692462097508416
2023-01-23 00:37:53.684211,series_3,1.5345025179157106,0.0
2023-01-15 07:11:21.867635,series_3,8.23970110742607,0.8980098489489181
2023-03-18 09:11:04.679326,series_9,3.272916611693822,0.4196720515919809
2023-03-28 19:44:35.710406,series_9,6.553995170382087,0.7186440450740615
2023-02-01 12:10:06.741658,series_3,3.233982603833957,0.9359615156242508
2023-03-22 16:10:57.814070,series_3,1.7623680462145386,0.5806861947702566
2023-03-26 10:34:16.168397,series_3,7.845293945343032,0.870903326036467
2023-02-13 15:47:31.808907,series_3,0.7877117686906654,0.4356896640386546
2023-02-01 10:34:56.438261,series_9,9.920908274192344,0.9074907692774894
2023-03-08 12:45:45.357133,series_9,2.448606941990372,0.5144525465368724
2023-01-25 08:54:36.828938,series_9,6.1051041341097,0.969314937857594
2023-01-10 16:29:02.490281,series_3,2.4062796302580147,0.5875056715138407
2023-03-09 13:39:56.219361,series_9,6.049377934121296,0.7497497604351455
2023-02-03 10:03:17.291312,series_3,6.01108228329139,0.965060246720982
2023-01-19 08:47:22.105263,series_3,4.842659992061637,0.0
2023-01-28 12:37:35.981465,series_9,9.254090483534137,0.464011121514947
2023-02-28 16:58:59.523570,series_9,5.25392261936606,0.8361265260482484
2023-01-26 18:23:15.345558,series_3,2.842873278449046,0.970102070512412
2023-01-21 10:22:06.315789,series_3,8.275758355365445,0.0
2023-02-27 06:18:22.701221,series_9,3.5265545113712427,0.5303322639718757
2023-03-26 19:12:59.635637,series_9,3.7975584296519536,0.7643771060130482
2023-02-24 00:22:27.951758,series_9,5.268799948622018,0.7198701067175035
2023-02-19 22:00:35.290281,series_3,8.615568750765533,0.5082490459919984
2023-01-22 16:53:53.367882,series_3,4.669340891286868,0.863403060486723
2023-03-20 22:28:57.347972,series_3,0.3853772081833861,0.4326557238740499
2023-01-29 22:49:24.127918,series_3,1.744613031697031,0.4539427543027636
2023-03-30 00:36:36.505094,series_3,6.11010718180184,0.4096719870222038
2023-03-01 06:12:01.618041,series_3,6.66671846482334,0.4827262294707606
2023-03-12 06:23:56.748518,series_9,5.6241481812617895,0.9780032871003176
2023-01-10 13:17:05.747327,series_3,0.8063534575696696,0.5106116052059056
2023-01-24 09:33:45.581775,series_9,9.742802436442622,0.7233706344306369
2023-02-24 03:17:10.735551,series_3,4.849607008605808,0.6772056926529149
2023-03-18 09:00:54.740510,series_3,3.540859341678324,0.8017878665809159
2023-04-05 17:50:12.783962,series_9,5.26956067859963,0.9395862984526324
2023-03-28 14:35:34.719215,series_3,6.182682380704884,0.7370658209873517
2023-03-08 10:00:00.000000,series_9,7.661339571666955,0.0
2023-01-04 20:22:49.583063,series_9,0.0793159975927659,0.9833948017063656
2023-01-24 06:45:14.320756,series_9,6.276167313534388,0.7594566486427705
2023-02-16 02:06:02.922794,series_3,1.2300862878568275,0.9199523729124512
2023-01-20 03:53:41.052632,series_3,5.090056149864036,0.0
2023-02-06 08:28:43.566196,series_9,2.047936317520145,0.4649556422242236
2023-03-14 00:51:58.296287,series_3,9.1055790929773,0.6727690666820039
2023-01-04 16:38:54.169446,series_9,2.634003532209852,0.7566835775998836
2023-03-07 09:25:42.857143,series_9,8.818685329820749,0.0
2023-03-04 09:24:00.336573,series_9,4.424542344198677,0.5502427013604239
2023-02-23 01:56:27.554953,series_3,1.805216947636562,0.6216352728984744
2023-01-24 08:14:27.393005,series_9,4.882985643700413,0.905713622250241
2023-01-23 14:16:39.759963,series_9,5.066415083247257,0.5576230716498399
2023-02-22 12:45:20.167035,series_9,0.1712428276302402,0.4867033709915083
2023-01-15 20:18:49.044863,series_9,9.108321692266088,0.7868985825278203
2023-01-30 08:14:44.987470,series_3,4.184065485393362,0.7061674640069537
2023-02-14 07:34:19.283515,series_3,9.698104273870127,0.8525258871874691
2023-03-08 00:12:52.755121,series_9,0.5224862943658581,0.8116458021398525
2023-03-05 19:53:02.192432,series_9,9.532960931234603,0.534162359123589
2023-03-19 17:56:20.316180,series_3,4.3275071032669,0.6504554728814648
2023-02-16 05:40:15.524223,series_9,5.36441422789389,0.6862249218645453
2023-03-05 23:37:19.582048,series_9,5.006077164416332,0.4023388354782987
2023-03-25 01:03:59.647741,series_9,0.4539672409571116,0.4846361712833227
2023-04-04 17:05:08.959949,series_9,2.44580927644818,0.8580569913775661
2023-04-07 04:08:32.435493,series_3,3.437984924610804,0.6559116211106393
2023-03-06 02:00:00.000000,series_9,1.632584556912209,0.0
2023-01-28 07:34:43.733624,series_3,4.547078744256838,0.7381907075754595
2023-03-26 03:28:14.561561,series_3,8.144171753537236,0.7061009882945679
2023-03-23 02:50:04.322543,series_3,9.767174983589769,0.7236810582135573
2023-02-16 16:31:24.153438,series_3,0.9031278482342396,0.7729754990577871
2023-03-01 09:01:52.771776,series_3,3.087849485371621,0.7569133349109229
2023-03-28 14:35:28.884189,series_9,2.0159605821906004,0.5323678835140476
2023-03-06 15:00:00.000000,series_9,10.216799050985442,0.0
2023-01-27 03:12:32.493495,series_3,0.071132950070627,0.4558113735971248
2023-03-02 11:02:58.548448,series_3,3.187161483171145,0.7041672881032606
2023-02-03 22:07:36.548486,series_3,4.7800160964323135,0.9129318010774806
2023-04-05 18:18:13.146325,series_3,7.570666177196639,0.748891107642504
2023-03-06 02:45:26.884423,series_9,0.3539105531138686,0.4217316838968617
2023-01-23 03:30:51.836930,series_3,9.368885922619372,0.6839405070089343
2023-01-24 07:42:00.005875,series_9,2.555403780444249,0.8211857147426767
2023-01-21 08:55:34.139749,series_9,0.666622414877549,0.7984124043678503
2023-01-30 08:58:27.481415,series_9,6.5760199318523815,0.8437469307497745
2023-01-17 17:46:52.288306,series_3,2.047199790664156,0.5139944217454264
2023-04-02 22:30:42.653384,series_3,0.9253397533888974,0.918109822361041
2023-01-05 14:58:46.058869,series_9,2.2422948338183666,0.7636413788866487
2023-04-07 21:10:15.619222,series_3,9.482722212238489,0.7183792889172615
2023-03-24 16:18:08.446614,series_9,1.9590735531725256,0.4621124992562063
2023-01-20 13:31:34.736842,series_3,4.996174601471333,0.0
2023-03-23 09:11:56.063771,series_3,2.87708957143185,0.8756568960061049
2023-03-07 20:35:51.956002,series_3,7.896603399839359,0.537256345899543
2023-03-28 06:53:59.409829,series_9,8.306483203754222,0.4349357581856752
2023-01-24 05:59:36.966116,series_9,4.7129803520701286,0.4390513428932491
2023-03-21 13:27:03.928149,series_3,7.396086164871138,0.5107789665763253
2023-02-11 09:08:03.430174,series_9,4.41631173576297,0.437264173640133
2023-04-06 11:32:02.621941,series_3,0.8442223995971465,0.7929859127962269
2023-03-22 19:36:09.143581,series_3,0.8471793185057308,0.4705563024093294
2023-02-22 22:26:13.178105,series_3,9.764451642950837,0.5213151775462621
2023-03-30 06:59:23.238302,series_3,1.2907316970268423,0.8352154162159083
2023-02-13 18:16:49.562094,series_3,0.7241497391293994,0.8698651284479737
2023-03-17 22:41:35.602237,series_9,5.627559402737705,0.7078744169315196
2023-01-18 01:39:32.134643,series_9,0.0698622666290349,0.6868920276823793
2023-03-04 13:15:57.502174,series_3,5.244017993647755,0.6773123920367582
2023-03-05 03:45:08.753701,series_3,6.12713626879338,0.9654798516185986
2023-03-29 17:19:01.432480,series_3,2.5129874861893065,0.8847211670598644
2023-03-01 00:11:16.766326,series_3,3.5835396783171003,0.4110706484298377
2023-04-10 09:44:44.307210,series_9,1.2973359379859206,0.644287286171993
2023-01-05 10:55:47.594473,series_9,0.6808652512194457,0.6109568079827566
2023-03-19 17:28:22.400157,series_3,4.787614683337839,0.9422239345006382
2023-01-15 21:10:47.714945,series_9,6.67403973736667,0.4133286401499308
2023-03-29 16:19:43.548460,series_9,9.745424299845991,0.6139855502995955
2023-01-01 12:10:15.031468,series_3,7.863966878874903,0.6497864177359303
2023-01-22 17:58:02.020708,series_3,1.320139245086972,0.9231351249318532
2023-02-24 02:13:30.046806,series_3,5.57829199549475,0.6134582897690776
2023-01-16 19:43:39.513365,series_9,4.476682672884199,0.9612439641545286
2023-01-11 14:07:58.571312,series_3,6.889827965000307,0.9551931844546808
2023-02-21 01:53:01.760613,series_3,5.527455863125949,0.8824716008221672
2023-01-19 11:08:43.068745,series_9,5.330196428945447,0.4096209593333458
2023-01-10 01:17:35.062837,series_9,6.725722185957764,0.6597307290265122
2023-03-31 09:59:06.220027,series_9,5.8357813374806415,0.5748511842228394
2023-01-15 15:03:35.029344,series_9,8.845851520519313,0.6584644245377818
2023-02-23 11:58:55.454869,series_3,2.162687669357614,0.5828164526238984
2023-01-15 10:44:38.921490,series_3,7.397349794146421,0.8257649589551865
2023-02-07 02:55:16.873328,series_3,0.0570107310053569,0.797553491871436
2023-02-12 19:53:06.402052,series_9,6.1176948033390754,0.646369625385106
2023-01-28 11:33:39.756470,series_3,0.4352767911395727,0.8057104711766032
2023-03-06 05:00:00.000000,series_9,3.552108534628016,0.0
2023-02-15 04:08:11.901553,series_3,7.038714376969436,0.947761024995446
2023-01-17 19:33:24.594659,series_9,1.4914799874990847,0.8103936740603181
2023-04-10 10:39:02.083882,series_9,7.214249633163915,0.6389015504165749
2023-01-30 08:52:24.251865,series_9,9.854162894236683,0.7393429649335768
2023-02-23 05:46:13.368418,series_3,4.632884528984063,0.5735943478233749
2023-03-14 06:09:33.194010,series_3,4.19832875607835,0.9058559939794292
2023-02-19 18:55:24.127093,series_9,6.127161106324977,0.7936401849354748
2023-04-07 00:13:43.298498,series_9,1.6654670897037371,0.8072800795849426
2023-03-10 22:38:29.626206,series_9,3.0261979096097367,0.8784088961683147
2023-01-04 17:37:44.516553,series_3,1.963926941171662,0.4927894334883091
2023-01-16 23:57:55.278494,series_3,4.345165707785361,0.709083275199482
2023-02-08 17:46:09.607662,series_9,7.248810545326303,0.7780700480220303
2023-01-09 12:46:25.114785,series_9,5.088494617566186,0.790413797116321
2023-01-13 15:36:51.654771,series_3,4.3373356028063945,0.6541540207505032
2023-01-05 23:06:04.758077,series_9,6.552689402101013,0.7472591286618533
2023-02-12 05:17:13.573048,series_3,1.201139354431573,0.7389401808251209
2023-03-29 13:02:27.123769,series_3,6.91427998681275,0.7226203175806103
2023-04-02 22:13:47.731222,series_9,9.618843053983012,0.9591288701370688
2023-03-13 09:44:43.221443,series_9,5.539870341584771,0.6832476252766652
2023-03-30 05:10:27.925066,series_3,7.795347688879452,0.7642108384720692
2023-01-15 03:35:27.735969,series_3,6.883401897335516,0.6013936870219551
2023-01-09 14:59:08.858261,series_3,1.2990460348451185,0.743652383090055
2023-03-01 09:33:32.499118,series_3,0.3711534454716347,0.8432010727906198
2023-03-15 16:39:21.854244,series_3,6.688504067513474,0.8448291414920619
2023-01-23 17:02:50.116230,series_9,3.249549635812341,0.5553797061345915
2023-01-18 14:43:49.189867,series_3,8.374420019290577,0.4757540217150768
2023-02-26 14:36:33.852431,series_3,7.320704932858957,0.8297130901038412
2023-01-15 09:25:26.846855,series_3,5.995012230852072,0.9350295299069276
2023-02-07 16:08:33.857280,series_9,9.177115237315164,0.515751485205719
2023-03-12 01:00:00.000000,series_9,7.102713313584009,0.0
2023-02-24 07:38:49.887329,series_9,5.9723764573051845,0.8525766406704643
2023-01-05 07:44:21.861245,series_3,6.579317861268933,0.587382741735591
2023-01-24 09:34:41.544258,series_3,1.763434691200252,0.5446049472424334
2023-02-21 01:20:03.144896,series_9,3.2205742549882643,0.5907880764840675
2023-01-29 06:58:23.581396,series_9,6.308849665176053,0.5291120412149143
2023-03-04 03:01:32.541244,series_9,9.064285358515535,0.7655918311573311
2023-01-26 11:36:43.751683,series_9,3.088053970571801,0.6115862879608016
2023-03-05 21:36:30.576614,series_9,9.149651452905657,0.6569653190788428
2023-01-23 05:25:15.789474,series_3,1.1383642162569187,0.0
2023-01-22 04:02:23.391316,series_3,2.7401459993645947,0.715161590152692
2023-02-26 12:16:56.781325,series_9,7.908127779678228,0.9900174932924488
2023-01-06 10:39:42.003098,series_9,1.0419687457723592,0.8515070112090559
2023-01-19 19:43:55.837735,series_3,3.71389240049256,0.4184532739595288
2023-01-29 16:30:11.013458,series_9,1.0155749743798304,0.7218758390617743
2023-01-30 21:54:50.044074,series_3,5.958868080273907,0.4629908919108961
2023-01-09 07:18:00.731013,series_9,3.784674017714713,0.5689070499852933
2023-02-18 20:58:56.825210,series_3,0.7215338168109287,0.7850111628970823
2023-01-19 23:06:18.947368,series_3,4.830661269583271,0.0
2023-01-16 08:16:41.865451,series_9,2.9222031790002614,0.8814267550704498
2023-04-04 21:33:02.657984,series_9,5.915213488555496,0.7198330135544342
2023-02-19 03:04:21.789542,series_3,2.9487977388359097,0.994812724559179
2023-03-03 20:19:37.876935,series_3,1.773089404754078,0.5579812997132628
2023-01-30 23:14:49.552399,series_9,2.925237727235785,0.8763343535284092
2023-03-03 18:23:09.338079,series_3,4.178401506903752,0.5847995522068667
2023-02-22 19:34:05.010640,series_3,0.0576005693856507,0.4935678270203703
2023-02-22 12:37:37.577190,series_3,0.8700525694419303,0.9636426311898504
2023-01-23 01:38:05.899524,series_3,6.7509600093356745,0.6218911792402871
2023-03-16 07:26:17.210372,series_9,0.2220452264568595,0.4731764921410347
2023-04-09 22:39:39.285571,series_9,3.510738060741223,0.5435220941540982
2023-02-06 19:26:24.815005,series_3,7.449851551278601,0.6265365310869738
2023-02-08 12:28:41.994052,series_3,2.8646786709081296,0.90968054214845
2023-03-20 13:19:58.681936,series_3,9.5667180151498,0.7014934854595998
2023-01-16 19:34:41.026429,series_9,3.620454724479555,0.4242333562188403
2023-01-03 15:21:54.456965,series_9,4.017232159204922,0.7518965734098314
2023-02-01 13:54:09.746570,series_9,4.501001581125482,0.5289052069733343
2023-03-23 23:25:57.924919,series_3,0.4781157051582541,0.829439973904553
2023-01-02 01:55:34.446806,series_9,9.76063818690278,0.5190957693309615
2023-01-30 14:53:16.318634,series_3,4.876973756262657,0.730406417925019
2023-01-22 19:50:31.578947,series_3,2.3128445805048283,0.0
2023-01-15 09:38:08.353636,series_3,0.263345634454678,0.7366525009703705
2023-02-01 20:58:08.704331,series_3,5.883279354150751,0.9490815582715424
2023-04-04 03:34:50.956921,series_9,9.476820685104116,0.9946559877937824
2023-03-30 11:16:30.039246,series_9,9.442510040857048,0.8453316020465389
2023-01-20 15:41:54.949344,series_9,6.401151718423717,0.9846470654877194
2023-01-20 07:29:22.704822,series_9,1.1899264112208274,0.8124923301195002
2023-04-02 02:28:17.646125,series_3,1.885701466846548,0.5480954364654345
2023-01-12 19:06:19.516531,series_9,4.016662910194459,0.6316237562748575
2023-02-13 11:59:39.048269,series_9,9.843356884773629,0.4375285316877796
2023-01-04 08:19:01.847081,series_9,1.0062672179965582,0.8920483216445764
2023-02-17 22:21:55.592976,series_3,2.5593983522467525,0.9950470943540444
2023-01-12 01:38:54.913914,series_9,5.292604386159213,0.9324202913312432
2023-03-17 18:05:30.777316,series_9,7.150013983287965,0.4489188978558648
2023-02-21 23:43:12.591979,series_3,7.718076969067949,0.4547216075750857
2023-03-29 01:44:59.062460,series_3,8.905858035076978,0.7190991488012741
2023-04-04 04:29:12.922457,series_3,3.717662713783017,0.6591178347523092
2023-02-17 10:59:02.850155,series_3,7.987060449274923,0.8881381497250289
2023-02-03 05:41:53.236053,series_9,1.7503767982893514,0.9381081677332422
2023-02-08 23:13:23.414005,series_3,2.365442438546604,0.4333308827758461
2023-03-03 12:30:01.488941,series_3,3.7489154270955622,0.9236204276696034
2023-03-17 04:55:53.453550,series_9,1.382040007859101,0.9437513571693292
2023-03-31 08:35:28.873046,series_3,1.3116201905454317,0.6075596845949849
2023-02-03 13:21:16.976229,series_9,4.161972155827599,0.7759590820492679
2023-03-30 20:03:34.632915,series_3,6.487440231525413,0.9808341358040684
2023-01-12 16:52:21.971469,series_9,2.0455044452481594,0.455336149204856
2023-04-05 16:21:15.239030,series_3,6.195207155987729,0.7083504084352443
2023-01-08 17:07:17.856497,series_9,9.15545282935912,0.6577023786690428
2023-01-19 22:48:02.818774,series_9,4.993954768249314,0.5559597593984315
2023-01-11 03:30:50.599103,series_3,8.235867559656104,0.4601863246214871
2023-01-10 14:29:10.424230,series_3,9.789779025620737,0.9918156044513118
2023-01-25 16:21:16.629081,series_3,9.197963005001368,0.95561270949857
2023-01-11 00:56:29.795875,series_9,9.093094279454224,0.4108018913727692
2023-04-07 14:07:17.288057,series_9,1.9907244679615697,0.7368700363907246
2023-04-03 23:52:25.538718,series_9,1.2510452271839845,0.5111673919018739
2023-02-21 14:25:18.840689,series_3,0.0767106307350262,0.990943086425386
2023-03-15 14:23:02.463943,series_3,8.080588506716852,0.65411791858354
2023-01-06 11:57:08.215611,series_3,8.206232043983524,0.6660150129181437
2023-03-04 14:26:48.793854,series_3,4.375256784478,0.5330273339767706
2023-03-21 00:45:53.084158,series_3,5.748061703782184,0.8176397085188462
2023-03-29 01:02:10.963441,series_3,0.10793826021538,0.6364796201715277
2023-01-28 23:28:44.583565,series_3,0.2548794228575257,0.887613925597286
2023-02-28 11:11:10.593298,series_3,3.437049281626754,0.936638502838748
2023-03-25 10:33:30.139500,series_3,5.6435379094860325,0.8531327203566198
2023-03-14 14:54:00.593598,series_3,3.1520193306015454,0.5170659914482774
2023-03-08 16:56:51.553968,series_3,1.7013803270844197,0.9761728542045542
2023-01-22 19:57:40.024422,series_3,8.918030136539347,0.4183317308334728
2023-01-09 17:28:53.305137,series_3,3.254968722797088,0.742406479922285
2023-03-25 14:36:19.056711,series_9,9.957169697688016,0.8978188220751483
2023-01-11 15:59:31.078184,series_3,3.62660425443536,0.4492824728227706
2023-03-17 15:22:05.290016,series_3,2.2503269119700864,0.6258845024402406
2023-03-18 21:19:15.560939,series_3,8.119768658331184,0.868842490508728
2023-01-08 13:15:15.731565,series_9,7.961689254031164,0.6903126358263513
2023-03-12 16:38:27.029730,series_9,3.269358731385509,0.5186659962766506
2023-02-15 22:12:51.990978,series_9,8.426482026386918,0.7350664741778918
2023-04-04 01:03:39.792197,series_3,2.8572009970762693,0.8626852577816115
2023-02-26 05:42:56.581257,series_3,2.110834758982991,0.8794090999215167
2023-04-03 03:30:29.481022,series_9,9.79091291553849,0.4872753215336902
2023-03-03 15:35:50.510425,series_9,4.628526304681025,0.8603295513743546
2023-01-23 22:06:08.210586,series_3,6.1536895458079535,0.5438283322416398
2023-01-27 21:44:47.740585,series_3,4.618278011981856,0.8173188099362929
2023-01-22 10:18:55.575140,series_9,2.874654761832213,0.6040723876566163
2023-03-09 03:44:15.573237,series_3,9.368593701331342,0.7534610742439076
2023-02-22 15:29:49.704719,series_9,0.655307649491994,0.93152739017974
2023-01-14 10:46:45.238893,series_9,8.875612745823505,0.5997498846226701
2023-03-05 10:52:12.863144,series_9,5.6010008250339,0.6563257968179992
2023-01-23 19:07:16.676865,series_3,7.11757679488573,0.6447525950863043
2023-01-15 17:36:16.496669,series_9,7.640947243701428,0.4709880466272343
2023-01-18 09:26:16.875431,series_3,3.4424407076307126,0.7064260725874983
2023-03-25 00:44:17.860162,series_9,7.912620764277358,0.6258989246699108
2023-03-16 05:22:00.676409,series_9,9.024014777249418,0.8859626724671659
2023-01-17 19:13:04.185359,series_9,0.7933402480105556,0.8028529379026956
2023-03-12 02:00:00.000000,series_9,6.350136936543253,0.0
2023-01-04 04:00:50.574738,series_3,1.5555171602902174,0.5598675295056509
2023-01-10 16:58:11.791573,series_3,4.785395789125461,0.4649429283226854
2023-03-25 16:22:56.153493,series_3,7.6291441436698,0.5124926988627829
2023-01-25 10:03:01.828431,series_9,2.5472615633250606,0.996492653531844
2023-02-22 03:30:12.228595,series_3,9.370244835430942,0.727933894980792
2023-03-31 05:05:26.541691,series_9,5.756144167475126,0.9662647239226676
2023-02-09 13:39:54.025420,series_3,4.913722667761359,0.7791503343331518
2023-03-13 15:25:26.122840,series_9,1.2971022900076956,0.4486631327818879
2023-01-08 21:17:34.454277,series_9,5.287832424642545,0.556266607456413
2023-01-09 21:11:37.753264,series_9,5.229470579614767,0.6707429544297874
2023-01-18 19:06:18.947368,series_3,4.803095286275234,0.0
2023-03-02 19:43:56.033647,series_9,7.142322229989575,0.4088650812264213
2023-03-08 19:28:52.520259,series_3,4.625347712911654,0.8613884247632482
2023-01-09 09:13:17.780774,series_9,4.628346965709672,0.6939448583843755
2023-01-13 07:12:18.567591,series_9,8.3978989542903,0.6622227715134081
2023-03-11 07:08:34.285714,series_9,7.97766164681906,0.0
2023-03-03 21:48:34.823190,series_9,8.903170822156842,0.7655765556708582
2023-04-07 15:31:15.257655,series_3,1.7191517921035693,0.8507140084590069
2023-01-27 02:44:54.385028,series_3,9.1993484067903,0.9114826602203684
2023-03-15 12:11:01.029839,series_9,7.577900936661331,0.7567248062370402
2023-01-31 13:08:01.438968,series_9,4.461406840197002,0.5580512308990186
2023-03-05 02:54:09.875684,series_3,4.850406634663148,0.4385017379175623
2023-02-20 22:17:47.929977,series_3,9.042934083433344,0.856488836173203
2023-01-16 04:38:38.380631,series_9,7.959200988562117,0.4796330491596119
2023-03-09 06:00:00.000000,series_9,5.291447924393527,0.0
2023-02-28 14:11:09.430650,series_9,4.150201570410172,0.9634349473264548
2023-03-22 10:39:59.791669,series_3,8.374526087734694,0.8323267079327538
2023-01-10 14:37:28.467951,series_3,7.373248269581171,0.584079322258958
2023-02-26 19:52:12.089321,series_3,2.221997631388625,0.4015074414548219
2023-03-16 20:48:16.049458,series_9,5.955192782820681,0.7287945382214953
2023-02-14 21:08:09.493566,series_9,5.6864316870966505,0.809993091490188
2023-03-07 18:48:15.683486,series_3,8.400036277589248,0.7607690224746144
2023-03-06 23:23:42.177613,series_9,4.027444013534737,0.985340071205722
2023-04-07 15:14:29.467500,series_3,8.008509726883497,0.4095789914833289
2023-01-16 14:09:02.169230,series_9,8.787649276940249,0.5339060975172588
2023-01-28 08:54:25.667830,series_9,8.991574184779505,0.7892810219968363
2023-03-21 08:41:20.963964,series_3,7.099182891200716,0.90334205368804
2023-03-27 05:25:08.217673,series_9,0.3176216563208445,0.9040634520122348
2023-01-27 22:09:31.462032,series_3,0.105194805354194,0.7599745550294268
2023-01-14 08:39:03.032683,series_9,8.118329201579877,0.7047641480994515
2023-01-17 08:17:37.192258,series_3,4.355201093353088,0.5311584509399254
2023-03-22 22:05:42.777269,series_9,8.016593724188933,0.9985940248321614
2023-02-14 01:48:36.377183,series_3,7.965113989330295,0.5572509357640572
2023-02-01 19:27:30.615929,series_3,8.77490249368451,0.4779203153622219
2023-03-10 16:19:26.389462,series_3,4.891492950697508,0.4854893036581338
2023-04-06 19:13:02.252705,series_3,7.596538066503698,0.6168532100016502
2023-03-28 09:16:45.707666,series_9,9.699925629178905,0.8713045373493212
2023-04-10 17:15:12.416978,series_3,9.185873019686742,0.930154581115444
2023-01-25 11:40:02.014932,series_3,6.820680698274511,0.8949901044317793
2023-03-17 18:54:06.910487,series_9,4.650123953922703,0.792267858619697
2023-04-01 19:43:13.966986,series_9,4.498271878649992,0.6174023320115413
2023-03-22 17:18:12.361463,series_9,1.1835981747663071,0.6279481450480069
2023-02-14 11:59:50.632900,series_3,3.591253388237239,0.4779165198272648
2023-01-19 13:34:44.210526,series_3,4.891282979460343,0.0
2023-03-09 18:17:08.571429,series_9,5.863200618917039,0.0
2023-01-27 01:22:11.367636,series_9,7.339052047499221,0.5933094734003788
2023-03-11 19:28:09.564488,series_3,1.6806648825235104,0.4702205228387668
2023-02-02 04:47:35.934578,series_9,9.20330153857358,0.6674283357768587
2023-03-21 20:42:20.105972,series_9,3.999430166902004,0.9943136159075154
2023-02-03 11:33:15.440917,series_3,5.475425354979366,0.4114306160242132
2023-02-21 23:31:29.595556,series_3,9.107703969136104,0.526100851566766
2023-01-03 16:02:40.282544,series_9,4.082878472841614,0.5136375992619827
2023-01-16 03:04:41.635449,series_3,3.127480548924736,0.4577672595576556
2023-04-06 13:33:28.800258,series_3,5.027465609525401,0.8846345556654873
2023-01-21 13:35:42.041787,series_3,6.446679437379956,0.6124482861761052
2023-01-18 10:40:35.016861,series_3,9.29420512128692,0.7078509238325953
2023-03-05 02:13:17.189954,series_9,3.024144247129322,0.6647967388924219
2023-02-03 21:01:09.021721,series_3,2.297988877420384,0.653019740436524
2023-03-11 18:40:02.316599,series_3,0.5048147692469773,0.9711695600315748
2023-03-31 08:49:25.142843,series_9,1.3177367569660314,0.5707445773684106
2023-01-06 03:45:12.658622,series_3,6.825693636527049,0.6818441054274467
2023-02-12 07:34:26.567417,series_3,6.941728193753254,0.6214470725625283
2023-01-07 07:45:02.793092,series_3,0.3604941627715297,0.6421698929903961
2023-01-11 10:22:55.039061,series_9,8.275617480741719,0.7085302250306694
2023-03-21 07:24:27.122803,series_9,3.3622982664037924,0.4092073042411164
2023-03-22 14:40:14.650787,series_3,8.0598389296,0.5511948846024457
2023-01-17 05:56:19.818012,series_9,8.004544859483545,0.4290323591809739
2023-04-02 07:34:17.011020,series_3,9.187962830848242,0.4083164608653223
2023-03-23 16:11:23.547378,series_9,1.445766810185244,0.9510833489205268
2023-01-05 03:00:43.417140,series_9,3.282392997569711,0.5261905995560088
2023-03-30 14:06:17.675012,series_3,7.314499657707474,0.9708366035191192
2023-04-03 08:39:13.549303,series_9,4.012009374628349,0.4500364737992506
2023-01-11 03:28:16.023098,series_3,5.933093532436046,0.577817051772664
2023-01-14 21:10:32.196880,series_9,6.152701397732406,0.7818903316977999
2023-03-23 12:02:33.919478,series_9,6.042137573049984,0.507572212776593
2023-03-14 17:55:02.561552,series_3,3.9459849762653887,0.8402752170350339
2023-02-27 11:28:15.381554,series_9,5.125039054406742,0.5181527242622568
2023-02-25 12:16:06.853735,series_9,5.088273712875772,0.8471145723789196
2023-02-27 02:40:42.147353,series_3,7.529926305556012,0.5705635307295862
2023-01-13 09:39:28.962960,series_3,0.5710329292137506,0.6552204670830939
2023-01-03 16:57:24.715955,series_9,7.113977418443373,0.5747324715546799
2023-03-18 21:17:36.990729,series_3,4.636611059302698,0.4033993118800417
2023-01-09 13:55:43.644945,series_9,6.501610048606609,0.4697738747788343
2023-02-27 15:04:08.532963,series_9,4.161440598760197,0.9990347262212362
2023-02-04 09:20:06.907546,series_9,8.871850785932528,0.8558781076617139
2023-03-23 04:17:02.595928,series_9,1.3101930287549302,0.4117046030263044
2023-03-11 16:48:13.238329,series_3,3.84130141749755,0.7277579573433889
2023-03-08 10:34:17.142857,series_9,5.992362532500862,0.0
2023-03-15 00:45:23.742805,series_3,0.3757676252190356,0.9849047720810704
2023-01-21 18:59:27.941130,series_3,8.049557080058218,0.4203841414909108
2023-01-25 12:30:59.181663,series_3,1.859008673428072,0.9901707519052492
2023-04-10 21:19:00.889372,series_3,0.4332370338114899,0.686377661198724
2023-02-05 10:24:01.021367,series_9,5.042918515993038,0.9648592087166368
2023-03-03 14:30:22.614867,series_9,2.386834662499933,0.5135939024995454
2023-02-08 06:57:32.843622,series_9,6.285032932154451,0.894532018167111
2023-01-02 11:24:03.026236,series_3,4.627052012132538,0.9369857670081092
2023-01-09 00:58:47.719868,series_3,4.105238178552022,0.6136324337082552
2023-03-22 19:03:08.245212,series_9,5.201638668074016,0.7577341691771884
2023-03-10 10:06:10.471134,series_3,7.108859080534852,0.5793619644444531
2023-01-18 13:14:38.597406,series_3,3.316729053353429,0.9566397293082
2023-02-20 05:00:24.753967,series_3,5.008289368862836,0.4849671966911947
2023-03-15 10:07:57.253411,series_3,9.999600221714012,0.9797547910643936
2023-03-02 19:15:47.788458,series_9,3.083481689444106,0.793119881909067
2023-03-11 04:21:45.117320,series_3,3.88514038553606,0.5558370731017984
2023-02-17 01:02:51.824196,series_9,5.888321543328225,0.7860703260743461
2023-02-13 23:19:53.578173,series_9,8.45093712199315,0.5513658044037459
2023-02-12 23:27:21.506934,series_3,1.9237737236566443,0.4262456455845658
2023-02-23 04:48:43.063283,series_3,4.3226178444383,0.8666905684456946
2023-03-23 22:31:05.084864,series_9,3.092292055825361,0.8575069828199109
2023-03-15 08:03:35.759020,series_9,8.661417983109855,0.6193443870561735
2023-02-25 14:52:41.322160,series_9,5.078846210225575,0.4678521021808642
2023-02-09 23:25:09.105689,series_3,6.569748437100183,0.742787470612507
2023-02-19 03:23:35.802704,series_9,8.841264277275528,0.7812608897240656
2023-01-23 03:25:18.153257,series_3,0.7699464896632424,0.7087287271136005
2023-03-03 06:22:42.831280,series_9,5.452498032627325,0.509676396303173
2023-01-17 10:07:59.010220,series_9,6.221270346598852,0.5309558047205156
2023-01-15 13:12:52.793458,series_3,7.590917230106974,0.9730585180078292
2023-01-18 05:40:36.275970,series_9,5.035483098844107,0.5281742978705402
2023-01-18 22:21:45.110668,series_3,6.399083864534385,0.4049873163033309
2023-01-11 10:42:54.220626,series_3,0.4793676573766348,0.8868386082035793
2023-02-03 01:24:05.483218,series_3,3.891454938901724,0.5443225820683898
2023-01-23 11:34:24.283607,series_3,6.415927850881426,0.9221818245326084
2023-01-26 00:41:28.049278,series_9,8.688855328814464,0.8253195113166862
2023-04-06 05:26:25.507554,series_9,0.8486649659654999,0.5265804093341996
2023-02-03 21:19:09.613310,series_9,4.01286413281679,0.9991052889258036
2023-02-12 16:16:34.814767,series_3,9.398035467392551,0.9580072374762904
2023-01-22 17:08:41.366473,series_3,2.6164126537839696,0.8239135642411382
2023-01-16 20:34:20.227093,series_3,0.7548217063793572,0.8079225647869643
2023-02-04 07:52:54.761179,series_3,5.021540942205387,0.5043677682532292
2023-02-15 00:52:44.178157,series_9,3.9561188565666727,0.6901144944391384
2023-01-03 08:40:56.201248,series_9,1.9802843100915657,0.621922737360566
2023-02-06 14:50:56.052405,series_9,1.052871319007287,0.4022915882685934
2023-03-05 18:36:51.192824,series_9,1.948052393011901,0.6160989700644867
2023-02-26 01:47:43.278080,series_3,9.29729175265535,0.5910330047101011
2023-01-21 00:47:22.105263,series_3,9.258880400555972,0.0
2023-02-18 04:46:21.825066,series_3,2.2229790900444257,0.7312367939833078
2023-03-08 16:42:51.428571,series_9,5.410489274015638,0.0
2023-03-26 08:28:41.664047,series_9,1.928204669195409,0.469442287470814
2023-02-23 10:32:53.776159,series_3,5.860020055892066,0.4387402486996631
2023-02-15 10:54:50.385596,series_9,8.845702379773883,0.4202918365641119
2023-02-09 07:58:38.395776,series_9,6.006687267818579,0.4435102462456938
2023-02-15 12:23:25.510817,series_9,8.664682372467324,0.8375178243312131
2023-01-08 23:37:42.601554,series_9,4.725807231755978,0.5372808233860995
2023-01-29 14:34:10.716462,series_3,6.897163722153063,0.4965237616508343
2023-03-21 00:06:23.728984,series_9,1.178925764776465,0.8591971864987429
2023-02-27 20:23:56.167563,series_3,7.836186208904063,0.7433509566939951
2023-01-17 12:00:23.785335,series_3,1.807187271761228,0.6035779293567753
2023-03-19 07:56:34.037292,series_3,5.158423501817789,0.9247071210514914
2023-04-06 09:45:21.105100,series_9,5.557766496756496,0.9171195362564708
2023-01-10 10:07:11.946393,series_3,4.279638795129856,0.7248919996452834
2023-02-09 01:50:38.984601,series_3,5.894952934320875,0.5217986828466881
2023-01-21 06:55:14.412569,series_9,5.694748355689776,0.8939249547605099
2023-03-19 12:49:26.806636,series_3,6.433610752683587,0.9020392334039864
2023-04-07 04:45:16.454866,series_9,0.9504246148504504,0.6438853779386583
2023-02-25 13:21:31.547466,series_3,6.584498742763243,0.5230035290184625
2023-03-28 09:55:16.304679,series_9,9.255135411697813,0.5487239352905673
2023-02-08 17:39:38.542877,series_9,8.321581406284027,0.7762286663535034
2023-03-28 15:54:18.767734,series_3,3.6064288041225954,0.8340616781907819
2023-01-02 12:10:49.888997,series_9,4.160900166968986,0.5976507544395904
2023-01-02 05:33:18.524781,series_3,1.6883758366944746,0.8447157350893155
2023-02-23 16:57:32.584502,series_9,6.710089103059794,0.6024312064646771
2023-03-20 15:58:41.349394,series_9,6.964594351252363,0.5375789203375412
2023-03-07 15:46:39.622292,series_3,7.235833767320693,0.8278772907742413
2023-03-09 13:59:43.126331,series_9,4.376340243760949,0.4725608783449362
2023-02-03 06:42:17.516241,series_9,0.4418675770129254,0.6869454741852334
2023-01-31 21:51:48.218784,series_9,5.867111991091429,0.7880499146767628
2023-01-19 08:00:22.604197,series_3,0.7269173600578327,0.8649585429776847
2023-03-10 13:14:35.418461,series_9,9.005486735161746,0.7034327620641503
2023-03-06 07:00:00.000000,series_9,4.987839877986287,0.0
2023-03-01 01:44:46.808299,series_9,7.761731061728686,0.9546599178882929
2023-02-18 11:30:33.764789,series_3,4.880074938053442,0.8908674680475966
2023-01-07 16:23:10.058860,series_3,0.7434204783592813,0.8004990638591967
2023-02-26 09:47:22.133952,series_3,5.154918498951514,0.7612358713457414
2023-03-11 00:10:45.211192,series_9,0.0379324805291736,0.4039303797011799
2023-02-10 09:24:47.787491,series_3,8.364775278583064,0.6672589649741949
2023-03-26 04:36:20.006358,series_3,2.2143364024875147,0.6802203654782557
2023-02-05 16:33:14.646838,series_3,3.018359114597514,0.701164105452567
2023-02-28 01:43:29.289703,series_9,7.423056247060473,0.8010661354832775
2023-02-11 10:38:27.164175,series_3,2.9213059452209067,0.7583527372408688
2023-03-05 04:50:26.939635,series_3,5.590283319039507,0.8118688421110383
2023-02-18 09:03:11.296285,series_3,3.202623125798165,0.5133574605054507
2023-03-31 09:32:35.555526,series_9,6.692465485927031,0.4462386460803065
2023-02-19 22:49:40.579801,series_9,9.652516143783505,0.9894758310315188
2023-03-03 06:34:12.600452,series_3,2.835274188942529,0.620122609611331
2023-03-13 09:12:21.233484,series_9,3.632333074582752,0.761196179777766
2023-01-13 08:15:27.244901,series_9,0.1547980666863979,0.538463473003131
2023-02-12 22:01:07.343411,series_3,6.284375630311919,0.4682583320725743
2023-02-23 16:20:04.017434,series_9,3.8707569851296353,0.6818981544395026
2023-02-19 08:52:06.913314,series_3,3.849805142938405,0.5767929253796689
2023-03-12 10:00:00.000000,series_9,0.7667997951877705,0.0
2023-01-05 19:03:36.506759,series_9,2.2395273017804,0.6504837326123575
2023-01-30 07:21:20.349413,series_3,0.4592618810592663,0.9959430967118476
2023-03-11 00:05:20.906768,series_3,7.943599966056193,0.6005447690616017
2023-01-14 13:31:21.980464,series_3,7.882442685730819,0.5421042994371615
2023-02-06 18:59:25.423803,series_3,2.51970283325936,0.5210907047483917
2023-02-01 07:10:23.041354,series_9,7.235452566479037,0.6972266673355179
2023-01-07 01:32:29.242205,series_3,8.611576437937437,0.9624127561657608
2023-01-29 18:37:50.237383,series_9,3.570959014673327,0.7025723403457169
2023-01-06 22:16:20.791472,series_9,5.5614129168478135,0.518935532757437
2023-01-14 12:12:37.070121,series_3,9.361031085125603,0.8225004540694343
2023-01-29 13:41:38.493038,series_3,9.320036044372207,0.5034166580872599
2023-02-28 22:21:30.721206,series_9,6.07587902468101,0.8039990154541607
2023-02-12 14:06:07.783675,series_9,5.843726874714531,0.972866838251013
2023-02-27 09:23:10.124129,series_9,1.30679681908613,0.4789674109028436
2023-03-16 12:46:31.769893,series_3,9.434670757891306,0.4236283256142278
