age,annual_income,employment_years,loan_amount,loan_term_months,interest_rate,credit_score,num_credit_lines,num_delinquent_accounts,monthly_payment_capacity,loan_defaulted,debt_to_income_ratio,loan_term_risk
19,22908.82,2.9,14875.88,36,6.1,815,3,1,1455.84,0,0.6493516470948744,18.299999999999997
36,36668.93,2.3,5231.74,24,11.78,531,3,1,2810.01,1,0.14267501124248785,23.56
37,69966.37,8.6,3982.8,36,9.71,598,0,0,5702.56,0,0.05692449100903763,29.130000000000003
54,54911.7,6.3,11008.3,36,11.16,558,3,0,4214.74,1,0.20047275899307435,33.480000000000004
27,102776.44,0.7,22460.92,24,8.71,640,4,0,7541.57,0,0.21854152566483134,17.42
29,101358.42,3.4,30475.48,48,11.0,571,3,0,7658.88,0,0.30067043270800786,44.0
43,49243.56,0.3,37535.1,48,10.19,604,1,0,3148.21,0,0.7622336809117781,40.76
41,27824.49,0.4,5393.33,12,8.43,644,5,1,1848.48,0,0.19383392112487954,8.43
33,25368.27,0.2,18334.66,48,8.46,648,2,0,1662.45,0,0.7227398636170302,33.84
31,21577.58,3.4,11622.12,36,7.69,723,3,0,1435.6,0,0.538620178907922,23.07
40,15000.0,5.6,5317.64,48,9.51,620,3,0,1116.38,0,0.35450933333333334,38.04
31,39255.87,2.0,13123.0,36,8.02,659,3,1,2859.97,0,0.33429395399974576,24.06
36,23375.37,0.6,25583.69,48,12.12,516,6,0,1272.72,0,1.094472087500647,48.48
28,46921.87,11.8,54557.13,36,8.65,673,2,0,2184.13,0,1.162722841182587,25.950000000000003
38,15000.0,2.4,5101.14,36,8.58,628,6,0,1088.78,0,0.34007600000000004,25.740000000000002
37,28486.57,0.9,15621.86,48,7.49,713,1,1,1996.23,0,0.5483938571755042,29.96
18,62736.98,0.2,43973.04,24,11.33,568,2,0,3171.85,1,0.7009110097425792,22.66
27,50221.42,0.8,26692.27,36,8.55,646,3,0,3341.89,1,0.5314917419698607,25.650000000000002
38,36605.69,3.2,24882.7,48,9.53,636,1,1,2424.99,0,0.6797495143514574,38.12
24,53993.85,1.8,17271.57,36,9.55,616,2,1,3945.82,0,0.3198803197030773,28.650000000000002
44,38497.24,0.9,16230.65,48,8.97,667,3,0,2804.43,0,0.42160554886532126,35.88
31,43086.66,5.9,35126.98,60,8.8,681,0,0,2864.78,0,0.8152634713389248,44.0
31,48636.55,11.0,12643.72,60,9.16,665,2,0,3789.6,0,0.2599633403273875,45.8
66,47936.84,3.8,8051.3,60,10.57,596,2,0,3821.4,1,0.16795641932175756,52.85
19,28501.93,3.5,26735.64,24,11.42,534,2,0,1123.85,1,0.9380291089059583,22.84
18,24137.15,6.3,19261.8,36,6.43,779,3,0,1421.69,0,0.7980146786178152,19.29
26,30191.64,1.9,1483.58,24,12.74,489,3,1,2445.62,0,0.049138768215307285,25.48
33,25858.87,23.5,8189.26,48,11.11,560,4,0,1942.81,0,0.31669055917756656,44.44
27,26836.42,4.6,8522.42,60,12.72,486,6,0,2043.68,0,0.31756918396716105,63.6
29,78336.2,3.1,30324.66,36,9.59,607,1,1,5555.35,0,0.38710915260122397,28.77
37,37150.68,6.0,2995.55,48,12.7,536,2,0,3015.97,1,0.08063244064442428,50.8
33,93215.67,5.8,47859.7,48,6.17,798,2,0,6640.25,0,0.5134297699088576,24.68
50,31343.76,1.8,4845.76,48,12.44,510,4,1,2483.32,1,0.15460046912048844,49.76
25,19130.85,7.5,23503.19,36,11.19,570,2,0,822.66,1,1.2285491758076614,33.57
30,15000.0,2.3,7307.27,24,7.69,748,4,1,920.54,0,0.4871513333333334,15.38
44,34459.63,2.3,10009.71,12,7.78,699,1,0,2001.92,0,0.29047642125002504,7.78
25,149144.02,1.2,1817.36,60,7.38,724,2,0,12392.36,0,0.012185268976925793,36.9
30,101939.77,2.0,23862.83,36,10.48,580,6,1,7719.61,1,0.23408754012295693,31.44
37,66862.63,6.5,25577.8,36,8.73,680,4,0,4761.73,0,0.3825425353444816,26.19
27,85067.86,4.1,27654.36,12,9.96,598,3,0,4658.25,0,0.3250858784974725,9.96
24,25561.62,2.1,22824.19,36,7.84,703,3,1,1416.59,0,0.8929085871709227,23.52
18,22550.1,12.8,3718.74,36,7.35,689,3,0,1763.76,0,0.16491013343621536,22.049999999999997
29,50764.36,3.7,9824.02,36,14.41,387,2,0,3892.64,0,0.19352199062491876,43.230000000000004
30,15000.0,6.0,48437.18,12,13.25,422,4,1,-3081.96,0,3.2291453333333333,13.25
32,30564.57,2.5,18154.73,36,6.58,803,4,0,1989.96,0,0.593979565228629,19.740000000000002
50,15931.89,13.6,10994.67,24,5.69,815,4,0,841.9,1,0.6901045638653042,11.38
29,25813.49,7.0,6659.7,36,11.29,585,2,1,1932.18,0,0.25799301063126295,33.87
37,82646.95,6.4,32167.31,36,8.48,657,1,1,5872.1,0,0.3892135160462667,25.44
35,46298.84,15.4,6344.64,36,11.58,551,1,0,3648.77,0,0.13703669465584883,34.74
41,28879.06,4.9,7883.24,24,7.7,719,3,0,2051.13,0,0.27297425885745585,15.4
35,73710.96,1.1,7499.03,36,9.44,659,1,0,5902.57,0,0.10173561706427374,28.32
49,15000.0,3.9,41865.45,24,9.45,584,2,1,-671.27,0,2.7910299999999997,18.9
22,25676.96,5.3,33380.25,24,7.92,734,1,0,631.27,0,1.3000078669749067,15.84
43,18454.06,5.7,16307.82,36,11.43,510,4,0,1000.61,1,0.8836982214211939,34.29
18,50890.31,7.9,12218.66,48,7.48,699,3,0,3945.54,0,0.2400979675698576,29.92
34,53357.45,4.8,8046.92,12,10.79,569,5,0,3736.04,1,0.15081155490001866,10.79
34,20686.64,10.8,15596.31,24,13.47,453,2,2,978.96,1,0.7539315229539452,26.94
37,29269.36,1.4,28916.87,48,9.49,648,8,1,1712.77,0,0.9879570308336089,37.96
18,30387.13,20.5,42296.49,24,9.18,658,2,0,596.46,1,1.3919211850543305,18.36
24,24861.87,12.3,20287.54,24,9.37,616,7,2,1141.54,0,0.816010219665697,18.74
38,80261.75,16.7,10465.19,48,8.47,693,0,1,6430.68,0,0.1303882609088389,33.88
31,70460.18,7.8,17769.76,60,11.53,565,1,0,5480.61,1,0.2521957792330363,57.65
34,15000.0,5.9,3676.84,24,10.99,601,5,0,1078.65,0,0.24512266666666668,21.98
22,54749.15,0.8,5943.93,36,9.37,623,3,0,4372.39,0,0.10856661701597194,28.11
41,50770.81,6.4,26148.7,48,8.43,693,4,0,3587.24,0,0.5150341308322637,33.72
38,15000.0,20.7,7520.0,36,8.61,691,4,1,1012.23,0,0.5013333333333333,25.83
33,28683.62,3.7,22303.87,36,10.63,545,1,0,1664.0,0,0.7775821182960867,31.89
27,43683.33,3.1,27060.18,24,4.2,849,2,0,2462.78,1,0.6194623898864853,8.4
25,15592.69,0.0,8348.62,48,9.69,614,1,1,1088.89,1,0.5354188404951294,38.76
33,15000.0,1.3,28737.13,36,7.6,684,4,0,354.78,0,1.9158086666666667,22.799999999999997
28,38524.08,12.6,21749.72,48,9.85,594,3,1,2660.28,0,0.5645746764101829,39.4
33,42712.84,3.8,45264.76,60,12.13,511,5,0,2549.54,1,1.0597459686595414,60.650000000000006
32,21853.95,7.0,40905.58,48,9.25,632,1,1,798.36,0,1.8717705494887653,37.0
31,19942.3,0.1,5668.28,48,8.51,671,3,0,1522.12,0,0.2842340151336606,34.04
40,28230.87,5.5,3957.81,60,6.33,802,3,0,2275.45,0,0.14019440421070978,31.65
41,18618.16,1.1,8058.27,48,9.01,617,0,2,1350.94,0,0.4328177435364182,36.04
27,15000.0,4.7,15873.95,60,11.39,511,1,0,901.77,0,1.0582633333333333,56.95
34,20414.34,4.4,12468.13,36,8.56,670,4,0,1307.26,1,0.6107535193398366,25.68
30,68752.58,3.9,18921.07,24,8.23,686,3,0,4871.65,0,0.27520523593441876,16.46
18,28521.23,0.0,10934.46,48,6.79,750,2,0,2115.99,1,0.38337967892689057,27.16
23,29614.39,10.4,18749.87,24,9.47,663,5,2,1607.23,0,0.6331337569337069,18.94
35,20726.03,2.0,11058.19,12,12.41,449,3,0,742.54,1,0.533541155735083,12.41
33,38645.13,1.9,15693.85,48,8.71,602,3,0,2832.04,0,0.40610162263653926,34.84
43,28995.29,6.6,100000.0,36,9.75,618,5,0,-798.72,1,3.4488360006056156,29.25
38,38351.78,2.7,34575.3,48,7.34,758,3,0,2362.57,0,0.9015305156631583,29.36
25,15000.0,0.9,6906.63,24,9.1,624,4,0,934.16,0,0.460442,18.2
18,15000.0,8.0,10189.39,36,4.8,850,1,0,945.53,0,0.6792926666666667,14.399999999999999
31,45827.63,0.5,2064.36,36,9.29,659,4,0,3753.04,0,0.04504618720191291,27.869999999999997
20,67606.73,0.3,15131.72,36,7.76,713,0,1,5161.39,0,0.22381972918968274,23.28
31,40155.43,1.3,18249.49,48,8.71,611,2,0,2894.66,0,0.45447128819190835,34.84
42,107847.55,1.7,37347.9,12,6.5,791,1,0,5764.31,0,0.3463027208313958,6.5
18,28723.57,1.5,24701.1,24,13.11,430,6,1,1218.02,1,0.8599592599387889,26.22
64,45057.28,1.9,7567.53,48,13.12,446,4,0,3551.3,0,0.1679535471293429,52.48
39,15000.0,9.3,14550.07,24,10.69,608,4,0,573.94,1,0.9700046666666666,21.38
26,62392.0,10.8,30165.68,48,6.81,758,4,0,4479.63,0,0.4834863444031286,27.24
23,56283.26,4.2,16996.41,12,5.55,834,3,0,3230.96,0,0.30197984267435823,5.55
23,33015.5,7.5,23960.96,12,9.76,593,2,0,647.42,1,0.7257488149505535,9.76
40,103137.31,0.1,6864.26,36,7.87,726,2,0,8380.09,0,0.06655457661247904,23.61
34,15882.79,0.6,27254.73,60,7.85,710,4,0,772.89,0,1.7159913340162527,39.25
40,44099.11,0.6,90421.34,36,11.87,482,2,0,677.25,1,2.0504119017367923,35.61
29,70580.38,0.4,14469.67,36,5.61,843,3,2,5444.06,0,0.2050098058412267,16.830000000000002
23,31601.79,0.3,7347.89,36,9.97,602,3,1,2396.49,1,0.23251499361270359,29.910000000000004
29,77199.78,9.5,12327.41,24,4.43,830,3,0,5895.64,0,0.1596819317360749,8.86
53,17705.5,13.5,26636.91,48,9.9,561,3,0,801.16,0,1.5044426873005563,39.6
20,31389.98,9.7,9138.8,48,14.4,395,3,0,2364.26,0,0.2911374903711311,57.6
50,46376.79,0.1,14810.92,48,9.54,625,4,1,3492.35,0,0.3193606112022846,38.16
34,49958.74,5.1,9733.77,48,9.68,638,4,0,3917.85,0,0.19483617881475795,38.72
49,42915.58,5.6,6890.8,24,11.08,538,5,0,3254.88,0,0.1605663957005824,22.16
44,38144.24,6.2,21869.82,24,10.18,611,3,0,2167.69,0,0.5733452809650946,20.36
33,36806.97,9.8,7083.46,24,9.39,625,5,1,2742.37,0,0.1924488758515031,18.78
36,29285.29,0.5,13886.35,36,7.8,713,2,0,2006.57,0,0.4741749185341856,23.4
24,15000.0,2.0,15070.7,24,9.73,614,3,0,556.44,0,1.0047133333333333,19.46
43,37283.06,1.4,17783.87,48,11.21,511,2,1,2645.47,0,0.4769959869173829,44.84
33,37159.88,2.8,23203.5,24,8.34,739,4,0,2043.62,1,0.6244234373200345,16.68
50,26033.15,8.3,3880.65,36,8.7,657,2,0,2046.57,0,0.14906571044994554,26.099999999999998
26,101720.1,8.2,10497.47,60,5.6,806,2,0,8275.68,0,0.1031995642945691,28.0
40,19232.43,9.4,43099.71,24,9.6,660,4,0,-378.18,0,2.2409913879837338,19.2
35,42973.6,1.7,3104.7,48,13.62,453,3,0,3496.88,0,0.07224668168363832,54.48
36,47301.08,1.5,39777.95,60,8.07,698,4,1,3133.87,0,0.8409522573268939,40.35
37,20770.1,1.6,17305.12,24,7.51,717,5,0,952.04,1,0.8331746115810709,15.02
48,46461.2,3.9,15490.24,48,10.04,634,3,0,3478.6,0,0.3334016340516388,40.16
52,18099.87,0.7,23198.14,48,7.6,684,3,1,946.33,0,1.2816743987664,30.4
38,39143.97,0.2,24352.99,48,9.25,659,3,1,2653.08,1,0.6221389910118978,37.0
33,22909.89,8.0,15087.03,48,8.45,675,4,1,1537.64,0,0.6585378629054963,33.8
40,18570.78,1.4,2953.01,48,7.65,738,1,0,1475.96,0,0.15901378401984195,30.6
50,15000.0,2.9,7103.72,36,7.98,721,4,0,1027.46,0,0.47358133333333335,23.94
36,145797.43,2.5,21024.0,12,7.92,676,1,0,10321.72,0,0.14420007266246052,7.92
34,51728.92,0.1,17730.76,24,12.27,495,4,1,3473.86,0,0.3427630037510932,24.54
48,15000.0,3.7,16297.43,60,8.52,702,4,0,915.48,0,1.0864953333333334,42.599999999999994
30,32283.2,0.1,4722.78,60,7.16,742,8,0,2596.39,0,0.14629218912623282,35.8
38,16484.14,24.2,24155.25,60,11.23,494,2,1,845.71,0,1.4653630701995979,56.150000000000006
38,15000.0,8.2,13003.43,48,6.35,815,3,0,942.52,0,0.8668953333333334,25.4
25,25609.4,1.5,6595.72,60,6.67,738,3,0,2004.54,0,0.2575507430865229,33.35
52,86567.17,1.0,5204.29,48,9.74,636,2,0,7082.59,0,0.06011851837134101,38.96
45,102227.88,0.8,10290.39,36,10.82,506,5,0,8182.97,0,0.10066128731222831,32.46
28,47050.91,0.8,20784.22,36,6.06,805,7,0,3288.05,0,0.44173895892768067,18.18
18,16463.78,0.7,9697.7,60,10.4,622,1,0,1164.02,0,0.5890324093251976,52.0
40,21441.78,5.8,11308.42,36,10.26,596,4,0,1420.54,0,0.5274011765814219,30.78
26,66818.26,9.2,2152.32,60,11.03,543,3,1,5521.36,0,0.03221155414702508,55.15
30,15000.0,5.0,15988.04,24,7.44,734,0,0,530.98,0,1.0658693333333333,14.88
30,15633.0,0.5,20060.18,60,8.94,719,3,1,886.92,0,1.2831945244035055,44.699999999999996
18,27214.01,10.5,7570.91,48,11.28,514,0,0,2071.13,1,0.27819898647792074,45.12
29,15000.0,12.5,6595.61,36,4.71,818,4,0,1053.18,0,0.43970733333333334,14.129999999999999
33,30263.53,4.0,14698.46,48,7.83,774,5,0,2164.3,0,0.485682271697981,31.32
18,31488.21,1.0,6591.46,60,7.86,717,2,0,2490.81,1,0.20933104803353383,39.300000000000004
49,75613.57,6.5,24428.86,12,11.24,532,5,0,4139.33,0,0.32307507766132454,11.24
40,26006.89,5.3,46729.58,48,10.8,596,4,0,964.02,1,1.7968153823852064,43.2
26,18768.32,2.6,50600.52,36,8.09,669,4,0,-23.71,0,2.696060169477076,24.27
30,15000.0,0.9,14475.45,36,11.47,539,6,1,772.86,1,0.96503,34.410000000000004
23,117353.43,0.7,13008.58,48,10.33,598,5,0,9447.46,0,0.11084959340344804,41.32
23,87977.39,4.6,29003.32,12,5.37,794,3,0,4843.63,0,0.32966788398701075,5.37
26,19301.98,2.2,35741.16,36,7.82,673,3,0,491.47,0,1.8516836096607707,23.46
41,65112.41,8.1,3238.44,24,8.47,656,3,0,5278.87,0,0.04973614092920228,16.94
35,15000.0,13.2,2921.84,48,8.87,652,3,1,1177.47,0,0.19478933333333334,35.48
35,40820.11,12.1,13633.35,24,8.57,693,3,0,2781.53,0,0.33398611615696283,17.14
41,18478.26,0.2,56102.58,48,8.19,686,2,0,165.22,1,3.0361397664065777,32.76
26,77911.63,0.7,8688.71,24,11.72,510,5,0,6084.76,1,0.1115200644627766,23.44
27,91654.74,0.1,14895.87,36,9.61,604,3,0,7159.97,0,0.16252154553054213,28.83
36,43584.61,3.7,12053.27,24,12.36,513,2,0,3062.63,0,0.27654876342819174,24.72
45,25192.7,2.8,24641.55,36,8.5,652,4,0,1321.52,0,0.9781226307620858,25.5
36,37937.76,1.6,2969.04,24,7.35,718,4,0,3028.08,1,0.07826081455520832,14.7
33,38551.02,1.7,22484.29,36,6.14,765,6,0,2527.14,1,0.583234632961722,18.419999999999998
28,31114.08,1.8,6616.54,36,4.64,850,4,1,2395.6,0,0.2126542067128451,13.919999999999998
18,63516.42,24.0,12843.9,24,7.06,740,2,0,4717.63,0,0.20221385273288386,14.12
23,65152.93,14.7,12313.89,36,8.62,661,3,1,5040.01,0,0.18899978865110134,25.86
32,17657.92,5.2,3796.58,24,7.36,726,1,0,1300.89,0,0.21500720356644498,14.72
46,62956.23,0.8,25276.07,48,9.59,664,2,0,4610.25,0,0.4014863977719123,38.36
20,92487.77,2.2,3934.62,60,7.46,725,3,0,7628.55,1,0.04254205718226312,37.3
49,37919.25,3.8,24400.87,36,10.55,551,1,0,2366.27,0,0.6434955860150188,31.650000000000002
30,30476.6,5.9,8019.69,36,13.86,449,6,0,2266.17,0,0.2631425421470899,41.58
33,103705.29,5.2,21412.08,36,6.47,731,3,1,7986.14,0,0.20647047031062737,19.41
28,18759.94,0.6,13246.46,12,9.54,637,2,0,401.59,1,0.7061035376445767,9.54
41,56249.57,0.8,5386.1,36,8.16,676,1,0,4518.29,0,0.09575362087212401,24.48
28,116323.41,24.0,25015.61,36,8.91,626,2,0,8899.18,0,0.21505224098915257,26.73
26,118186.71,6.5,7837.07,48,10.11,589,3,0,9649.71,0,0.06631092446858027,40.44
39,37169.96,1.8,59917.78,36,8.54,688,3,0,1204.93,1,1.6119947398382994,25.619999999999997
28,41696.01,24.9,13614.98,36,11.84,545,2,0,3023.5,0,0.32652956481927164,35.519999999999996
27,35275.27,2.6,8176.93,48,12.75,396,1,0,2721.25,0,0.23180347024983794,51.0
42,35455.02,1.6,15918.11,24,9.76,616,3,0,2221.81,0,0.4489663240917648,19.52
42,23941.81,6.1,10361.87,36,7.79,747,1,0,1671.45,0,0.4327939282786055,23.37
18,60195.02,1.4,7971.15,24,7.56,706,4,0,4657.34,0,0.1324220840860257,15.12
45,43586.13,1.2,5785.51,36,8.65,641,0,0,3449.14,1,0.1327374098136265,25.950000000000003
50,39233.75,10.2,11479.82,36,8.11,704,5,0,2909.16,0,0.2926006308344219,24.33
32,29032.81,17.5,30499.13,48,8.32,667,2,1,1670.24,0,1.0505056176098697,33.28
39,15000.0,3.1,16852.77,48,11.76,542,2,0,808.19,0,1.123518,47.04
21,21794.09,1.3,4808.19,48,11.2,559,1,1,1691.44,1,0.22061898432097873,44.8
39,23853.52,19.9,4334.11,36,11.27,564,1,0,1845.35,0,0.1816968732497342,33.81
45,49003.21,4.2,7523.38,48,7.18,738,6,0,3902.82,0,0.1535283096760396,28.72
23,89697.75,3.3,7770.66,48,6.64,734,2,1,7290.03,0,0.08663160447168407,26.56
37,23743.07,0.5,27880.28,60,9.99,589,3,0,1386.35,1,1.1742491598601192,49.95
23,83119.15,3.1,5235.7,24,7.94,675,3,1,6689.94,1,0.06299029766305358,15.88
45,15000.0,6.4,14181.03,36,4.23,850,2,0,829.87,0,0.9454020000000001,12.690000000000001
43,55519.93,6.2,50569.83,36,7.58,724,2,0,3051.77,0,0.9108410259162791,22.740000000000002
42,19283.27,1.4,10251.36,36,7.52,703,2,0,1287.96,1,0.5316193778337388,22.56
54,54021.17,4.1,4678.62,48,9.04,639,3,0,4385.25,1,0.08660715789754277,36.16
38,91705.59,0.8,21212.83,48,10.55,537,2,1,7098.5,0,0.23131447057916538,42.2
32,15000.0,5.4,15125.26,36,9.06,622,4,0,768.6,0,1.0083506666666666,27.18
33,24212.15,6.2,20835.03,36,9.03,648,1,2,1354.84,0,0.8605196151518968,27.089999999999996
42,27478.83,4.6,5030.58,24,7.83,716,6,0,2062.77,1,0.18307111328975795,15.66
45,21593.3,0.2,11237.97,12,5.39,850,0,1,835.38,0,0.5204378209907703,5.39
46,25780.49,15.7,27396.19,24,7.18,745,5,1,919.54,0,1.0626714232351673,14.36
35,150513.96,0.9,18371.77,48,8.8,678,3,0,12087.39,0,0.12206023946217348,35.2
26,33859.25,0.1,18920.53,60,9.86,616,4,0,2420.9,1,0.5587994418068918,49.3
18,23032.65,3.4,15518.45,60,8.56,654,4,1,1600.55,1,0.6737587728724224,42.800000000000004
22,34197.07,6.4,18302.56,36,9.43,621,6,0,2264.07,1,0.5352084257510951,28.29
52,23286.71,5.0,7341.5,48,10.35,585,2,1,1753.12,1,0.3152656601125707,41.4
38,79109.46,3.7,4766.03,48,13.4,455,0,0,6463.65,0,0.06024601861774811,53.6
29,135555.29,1.3,2996.95,12,11.51,545,3,2,11030.69,1,0.02210869085227142,11.51
21,21044.21,10.5,46892.44,36,9.4,640,2,0,253.77,0,2.2282822686145027,28.200000000000003
50,68140.64,12.2,9560.39,24,8.62,680,3,1,5243.29,0,0.14030378933922547,17.24
34,22890.4,1.6,28634.17,36,10.05,648,2,0,982.92,0,1.2509248418551007,30.150000000000002
50,56702.83,12.3,5551.99,60,11.66,535,5,1,4602.69,1,0.09791380782934467,58.3
35,54486.43,23.1,79745.25,36,10.49,590,1,0,1949.0,1,1.463580014326503,31.47
43,15000.0,0.7,8934.23,24,12.52,509,2,1,827.26,1,0.5956153333333333,25.04
33,16092.4,9.1,19175.01,24,14.19,390,2,0,418.66,1,1.1915568839949293,28.38
22,16430.51,8.7,8937.59,24,6.04,784,3,1,972.93,1,0.5439630297537935,12.08
21,18969.73,0.4,12971.34,24,8.99,685,2,0,988.28,0,0.6837914930787101,17.98
40,74622.28,10.8,5810.26,48,9.83,600,7,0,6071.63,0,0.07786226848067361,39.32
32,65819.1,8.2,24934.43,36,10.38,591,2,0,4675.91,0,0.37883274004050493,31.14
18,19883.26,4.0,7828.37,24,7.45,749,2,1,1304.84,0,0.3937166239339022,14.9
44,72843.25,0.8,12765.08,48,15.42,365,3,0,5712.29,0,0.17524039633047675,61.68
38,40156.58,17.6,13550.12,48,12.25,500,6,0,2987.89,0,0.33743212195859307,49.0
33,18924.06,16.2,18926.07,36,11.09,481,2,1,956.58,1,1.0001062139942485,33.269999999999996
36,20381.52,4.5,18439.05,36,7.97,680,0,0,1120.9,0,0.9046945468247706,23.91
39,87536.81,8.5,10283.62,36,8.18,698,7,0,6971.63,0,0.1174776645390665,24.54
54,22639.98,0.1,12560.34,24,5.52,788,5,2,1332.7,0,0.5547858257825317,11.04
41,22932.32,2.6,16261.91,36,10.66,550,6,0,1381.25,0,0.7091262462759983,31.98
18,102114.03,4.6,17369.26,36,6.26,789,2,1,7979.05,0,0.1700967046350046,18.78
27,56904.95,6.8,6855.53,48,8.83,670,3,0,4572.03,0,0.12047335073662309,35.32
42,33359.04,8.6,27448.87,36,9.46,640,3,0,1901.16,0,0.822831532322273,28.380000000000003
56,15000.0,5.8,6801.02,48,7.88,702,2,0,1084.35,0,0.4534013333333334,31.52
32,15000.0,7.1,19947.33,48,14.47,420,4,0,700.2,0,1.329822,57.88
32,26139.14,0.7,10292.56,24,10.94,554,3,0,1698.83,0,0.39376046801845815,21.88
31,52281.22,4.4,14786.94,36,9.53,617,2,0,3882.89,0,0.282834639283475,28.589999999999996
33,82597.17,0.9,86986.48,60,7.74,694,2,0,5130.13,0,1.053141166943129,38.7
32,107115.02,9.0,52135.92,36,8.88,657,2,0,7271.25,0,0.4867283785224518,26.64
43,37160.6,15.8,6017.94,48,10.17,610,4,1,2943.59,0,0.1619441020866186,40.68
38,15000.0,1.0,18742.79,24,11.75,518,5,0,369.9,1,1.2495193333333334,23.5
27,23096.35,5.8,30433.53,36,10.43,604,5,1,936.54,0,1.3176770355489071,31.29
63,77428.21,16.6,7565.53,24,7.89,753,1,1,6110.56,0,0.09771025314933665,15.78
41,70665.65,9.6,58690.65,36,9.41,633,1,0,4011.24,0,0.8305400148445533,28.23
27,24681.95,3.9,14391.3,60,6.07,832,1,0,1778.14,0,0.5830698141759464,30.35
28,43357.22,3.7,24274.12,12,8.53,639,7,1,1495.58,1,0.5598633860750297,8.53
35,68105.4,1.7,90013.59,48,11.6,498,3,0,3322.69,1,1.3216806596833732,46.4
40,15000.0,0.2,20661.01,48,9.14,632,4,0,734.48,0,1.3774006666666665,36.56
27,25767.42,11.0,14384.31,48,13.34,454,1,0,1758.96,1,0.5582363309947213,53.36
29,29664.78,16.7,21713.79,24,9.38,661,1,0,1476.29,0,0.7319720557509612,18.76
23,93069.68,3.0,9638.15,24,9.86,604,7,1,7311.68,0,0.10355843062961,19.72
23,78580.94,0.1,2997.09,48,7.96,646,1,0,6475.3,1,0.03814016477787107,31.84
22,125423.25,2.4,33081.36,60,10.47,593,4,0,9741.38,0,0.2637577961023973,52.35
32,32822.14,2.3,3998.69,48,9.08,683,2,0,2635.52,0,0.12182904588183464,36.32
32,26327.44,3.4,15845.59,24,8.43,639,2,0,1474.19,0,0.6018659619013471,16.86
29,18384.89,3.2,14755.12,48,7.98,671,3,0,1172.0,0,0.8025677608079244,31.92
40,51239.71,1.5,15020.04,24,10.67,592,2,0,3572.22,1,0.2931328065674064,21.34
35,89324.52,3.4,3018.04,36,11.84,503,3,0,7343.7,1,0.0337873632010561,35.519999999999996
38,28986.68,0.0,12054.41,24,12.25,474,4,0,1846.71,0,0.4158603192914815,24.5
38,20550.65,2.1,6903.35,12,14.9,356,4,1,1089.8,1,0.33591881521995653,14.9
48,53690.47,22.9,36267.37,36,7.74,703,2,0,3342.06,0,0.6754898960653539,23.22
32,53567.93,5.5,23595.73,60,9.44,663,5,0,3969.13,0,0.4404823931034856,47.199999999999996
37,47190.68,1.9,9273.78,24,8.25,715,2,0,3512.07,0,0.1965171936492545,16.5
38,66149.04,2.8,4536.55,48,8.22,679,3,1,5401.2,0,0.0685807382843349,32.88
18,38026.91,1.4,2461.69,48,5.99,792,1,0,3111.11,0,0.0647354728533031,23.96
37,41622.13,21.6,7768.27,24,10.8,581,0,0,3107.17,0,0.18663797359721862,21.6
24,73378.07,2.5,9004.21,24,10.5,552,2,1,5697.26,1,0.1227098232482811,21.0
35,18694.13,3.9,13418.32,36,8.98,650,3,0,1131.27,0,0.7177825338756069,26.94
31,69442.01,2.1,14671.46,36,9.65,594,2,1,5315.83,0,0.21127643050654785,28.950000000000003
44,68239.46,1.7,4884.57,48,8.05,689,4,0,5567.26,0,0.07157984544426348,32.2
42,17337.22,2.5,25090.47,48,7.46,683,3,0,838.58,0,1.447202608030584,29.84
37,58173.99,0.8,16954.99,48,8.28,667,3,1,4431.68,0,0.2914531047294504,33.12
43,42916.38,0.1,10241.87,36,11.41,550,1,0,3239.07,0,0.238647108633114,34.230000000000004
39,40799.99,12.3,2772.66,60,11.13,570,5,0,3339.54,0,0.06795736959739451,55.650000000000006
20,42708.52,0.8,7577.25,36,10.91,601,3,0,3311.3,0,0.17741776113993182,32.730000000000004
37,15000.0,7.0,5349.32,60,8.93,683,4,0,1139.14,0,0.3566213333333333,44.65
32,34960.06,1.0,38449.34,48,8.6,661,3,0,1963.81,0,1.0998076090258426,34.4
39,34309.06,0.3,14173.73,12,9.15,684,3,0,1618.59,0,0.4131191586129145,9.15
20,51061.67,1.6,3953.66,24,10.14,573,1,0,4072.44,0,0.07742911659567735,20.28
42,16546.99,2.8,24193.04,48,7.1,705,3,0,798.46,0,1.4620810189647784,28.4
23,37108.23,4.6,9300.95,24,12.24,532,4,1,2653.48,0,0.25064385986612675,24.48
24,43754.54,19.7,4340.49,24,7.23,774,3,2,3451.42,0,0.09920090578029159,14.46
41,87669.69,4.5,6493.77,36,6.82,764,3,1,7105.83,1,0.07407086759403393,20.46
28,22848.61,9.5,9305.98,24,7.5,708,2,0,1485.28,0,0.40728867095197474,15.0
24,81393.76,3.7,7273.58,48,12.95,482,5,0,6587.86,0,0.08936287007750963,51.8
20,19898.37,1.0,26837.91,48,9.24,647,2,0,987.27,0,1.3487491689017743,36.96
24,42064.03,0.5,3638.96,48,9.25,614,5,0,3414.35,0,0.08651001817942788,37.0
18,39880.09,0.8,41637.91,60,7.79,763,3,0,2483.25,0,1.0440776337265039,38.95
27,81851.91,21.3,11722.41,48,9.04,666,1,0,6529.06,0,0.14321486206003012,36.16
36,15000.0,2.3,8191.86,36,6.99,717,4,0,997.1,1,0.5461239999999999,20.97
51,16244.13,7.0,35790.58,36,9.0,654,1,0,215.55,0,2.203293128040714,27.0
40,46384.97,1.7,26050.96,24,9.19,623,3,1,2673.01,0,0.5616250263824683,18.38
23,31297.04,0.3,9392.0,48,9.22,645,3,0,2373.38,0,0.3000922770971312,36.88
39,53327.9,0.4,6424.08,48,8.96,711,3,0,4284.25,0,0.12046377224679763,35.84
50,25591.77,2.0,17569.29,36,8.89,671,1,1,1574.85,1,0.6865210964306103,26.67
37,17484.48,2.7,2833.58,48,11.68,491,1,1,1382.87,0,0.16206258350262634,46.72
31,22776.03,6.1,11281.8,48,6.6,807,1,0,1629.93,0,0.49533654460412985,26.4
38,34848.02,3.5,26175.64,24,9.32,603,2,1,1704.33,0,0.7511370803850549,18.64
41,141179.02,3.3,6509.39,48,8.84,649,7,2,11603.43,0,0.04610734654483365,35.36
33,37521.79,15.7,1136.29,60,5.96,798,2,0,3104.87,0,0.030283469951726715,29.8
39,101954.9,1.2,86014.66,36,6.73,740,5,0,5850.96,0,0.8436540078014888,20.19
27,28457.99,6.5,23965.93,24,9.35,649,2,0,1272.77,0,0.8421511849571948,18.7
44,48760.75,6.3,7362.72,36,6.52,725,6,0,3837.67,0,0.15099685710330543,19.56
42,74669.78,21.5,16215.64,48,7.6,719,1,0,5829.65,0,0.21716469500780636,30.4
23,31824.31,1.2,8455.97,36,9.36,640,7,0,2381.71,0,0.2657078818048215,28.08
40,36644.95,0.5,24813.65,24,11.4,548,6,0,1892.62,1,0.6771369588442611,22.8
33,55275.3,2.2,4895.26,24,10.04,594,3,0,4380.29,1,0.0885614370252174,20.08
34,168423.89,1.8,10031.08,60,6.96,726,5,0,13836.89,0,0.05955853412482041,34.8
23,50493.92,1.9,5588.63,36,10.05,604,3,1,4027.37,0,0.11067926593934478,30.150000000000002
18,91812.46,3.5,61439.7,36,9.72,594,1,0,5676.62,0,0.6691869491352263,29.160000000000004
41,66289.48,1.2,12822.46,60,10.46,589,1,0,5248.77,0,0.19343129558415603,52.300000000000004
49,34714.21,5.1,41812.38,48,9.42,599,3,0,1843.99,0,1.204474478894954,37.68
38,15000.0,2.9,10349.19,36,6.16,740,4,2,934.41,0,0.6899460000000001,18.48
35,15000.0,3.8,49495.34,12,10.29,583,3,0,-3108.11,0,3.2996893333333333,10.29
28,15000.0,0.8,13550.87,12,8.11,696,4,1,70.54,0,0.9033913333333334,8.11
37,34383.21,1.7,4459.66,48,8.27,675,2,0,2755.83,1,0.12970458546482425,33.08
23,32755.84,2.9,5997.29,36,4.6,850,3,0,2550.98,0,0.18309070993141985,13.799999999999999
36,50757.28,0.3,6611.19,24,9.08,751,1,0,3927.5,0,0.13025106940324618,18.16
23,39061.53,1.3,12240.42,48,10.26,580,4,0,2943.15,1,0.31336253341842984,41.04
19,98419.91,0.3,6188.78,36,6.04,766,1,0,8013.27,0,0.0628813824357287,18.12
59,64660.56,2.7,8489.91,60,9.51,626,0,0,5210.03,0,0.1312996670613431,47.55
37,17683.25,3.5,12788.35,48,10.58,573,3,0,1145.68,0,0.7231900244581737,42.32
45,30676.61,4.4,20711.05,48,6.0,801,1,1,2069.98,1,0.6751414188203977,24.0
42,43720.61,0.1,35464.04,48,9.5,627,0,0,2752.42,0,0.8111515369982258,38.0
50,15000.0,12.4,7854.79,12,8.88,645,3,1,563.52,1,0.5236526666666667,8.88
18,36615.08,2.2,18407.5,24,10.02,553,0,0,2201.67,0,0.5027300227119537,20.04
55,52177.39,1.2,13298.2,48,12.31,477,2,0,3995.9,0,0.25486518202616115,49.24
20,50027.43,3.3,37300.99,48,5.61,826,3,0,3299.59,0,0.7456107579381951,22.44
30,61230.11,7.9,12624.26,24,11.47,490,2,0,4511.36,0,0.20617732027592306,22.94
18,31446.52,3.3,9334.24,60,9.12,629,0,1,2426.24,0,0.2968290290944753,45.599999999999994
37,55743.73,2.5,6922.07,36,10.44,624,5,0,4420.52,0,0.12417665628044623,31.32
40,38283.96,3.1,14091.29,48,11.0,541,2,1,2826.13,0,0.3680729475216253,44.0
32,30050.85,4.3,23305.83,36,7.88,682,4,1,1775.21,0,0.7755464487693361,23.64
32,15000.0,8.1,70908.94,24,9.23,601,1,0,-1996.94,0,4.727262666666666,18.46
37,70023.96,7.2,18465.67,36,7.03,708,2,0,5264.91,0,0.2637050232520411,21.09
46,37730.66,5.8,35769.34,36,11.01,558,6,0,1973.01,0,0.9480178719375699,33.03
47,174779.0,1.5,7529.53,48,11.89,519,5,2,14367.04,0,0.04308028996618587,47.56
34,144070.48,4.0,6861.19,36,9.33,645,3,0,11786.63,0,0.04762384355212809,27.990000000000002
55,15000.0,4.9,10644.52,36,11.59,528,3,0,898.53,0,0.7096346666666667,34.769999999999996
29,20681.86,2.8,9865.69,36,7.65,682,1,1,1415.92,0,0.4770214090995684,22.950000000000003
25,17985.99,1.9,16520.29,12,9.4,623,3,0,51.04,1,0.9185087949009201,9.4
33,25828.26,1.5,19766.72,48,6.44,773,3,0,1684.14,0,0.7653136525650587,25.76
35,31826.87,4.9,6448.81,48,8.72,633,1,1,2492.62,0,0.202621558450454,34.88
18,59995.15,0.6,12350.27,36,10.63,546,2,1,4597.42,0,0.20585447323658662,31.89
41,70053.68,4.4,12021.58,48,8.66,641,5,0,5540.59,0,0.1716052604231498,34.64
40,42214.64,4.3,16484.89,24,12.0,484,4,0,2741.89,0,0.39050173115298387,24.0
43,31270.36,0.7,11983.75,12,10.23,549,2,0,1551.02,0,0.38323031778335775,10.23
36,15000.0,6.5,6996.76,60,5.85,819,0,0,1115.22,0,0.4664506666666667,29.25
36,33684.35,0.5,14376.07,36,10.0,597,4,0,2343.15,0,0.42678781095672025,30.0
31,19070.41,4.0,29388.11,48,6.63,736,1,0,890.5,0,1.5410318918156454,26.52
40,15000.0,0.9,20404.26,48,7.43,738,2,2,757.31,0,1.3602839999999998,29.72
26,28105.38,3.1,13122.69,36,8.76,665,3,1,1926.28,0,0.4669102499236801,26.28
44,106822.6,6.5,14962.18,36,7.95,685,0,0,8433.37,0,0.14006567898553302,23.85
41,25520.79,4.2,5533.81,36,9.73,600,3,0,1948.87,0,0.21683537225924435,29.19
37,24721.58,2.9,14334.28,24,12.65,475,2,0,1381.01,1,0.5798286355483752,25.3
45,29891.1,2.2,18447.35,36,7.79,677,2,0,1914.64,0,0.6171519281659089,23.37
23,88396.88,7.3,2199.02,48,7.63,685,3,0,7313.1,0,0.02487666985531616,30.52
30,36868.91,13.0,6121.38,48,9.99,579,4,0,2917.18,1,0.1660309458565496,39.96
44,99480.66,7.7,23304.47,24,6.76,798,3,0,7249.19,0,0.23426131270138337,13.52
45,43037.28,1.3,5323.13,48,10.03,612,5,0,3451.35,0,0.12368648762189433,40.12
19,23776.56,4.1,8032.16,24,8.78,669,1,0,1615.24,0,0.3378184228500674,17.56
24,77106.18,4.3,21394.51,12,7.28,729,1,1,4571.56,0,0.277468161436606,7.28
32,18366.68,3.1,10236.62,36,10.19,584,0,1,1199.34,0,0.5573473267895994,30.57
21,206169.85,0.7,7148.15,48,5.65,850,6,0,17014.09,0,0.03467117039664141,22.6
36,49188.58,3.5,52353.65,36,10.22,586,4,0,2404.33,1,1.0643456265661664,30.660000000000004
45,15000.0,1.3,47329.46,48,10.96,549,1,0,27.66,0,3.1552973333333334,43.84
46,68903.95,4.3,25420.41,60,8.41,670,4,1,5221.56,0,0.36892529383293704,42.05
32,29558.12,3.3,14783.88,24,8.81,694,3,1,1789.07,0,0.5001630685578108,17.62
29,17264.92,4.3,8832.79,48,9.82,599,1,0,1215.48,0,0.5116032973219686,39.28
35,56814.91,3.4,10388.43,48,9.87,654,3,0,4471.75,0,0.18284689705572005,39.48
35,27983.69,5.1,21854.09,24,6.91,737,4,0,1354.4,1,0.7809581223920077,13.82
35,75140.05,1.4,20252.57,60,10.1,621,4,0,5830.37,0,0.2695309625159951,50.5
22,69843.91,0.1,13678.67,48,10.68,587,5,0,5468.92,1,0.1958462806563951,42.72
52,40400.14,0.1,11347.58,12,7.7,718,3,0,2381.14,1,0.28087971972374354,7.7
42,39946.14,1.3,42326.1,36,12.76,460,5,0,1907.6,0,1.0595792234243409,38.28
22,64274.35,7.5,16301.04,24,7.37,696,5,0,4623.62,0,0.25361656710647407,14.74
28,44988.94,1.2,46886.86,12,12.26,499,3,1,-422.47,0,1.0421863684718955,12.26
61,17627.7,0.6,11881.22,48,9.85,605,3,0,1168.49,1,0.6740085206805198,39.4
56,43216.67,5.4,25584.89,48,9.06,684,5,0,2963.98,0,0.5920143777852389,36.24
24,100158.05,1.1,10010.84,48,6.91,724,5,0,8107.2,0,0.09995042834799599,27.64
42,15000.0,1.3,1257.01,60,8.71,656,6,0,1224.08,0,0.08380066666666666,43.550000000000004
45,113175.01,8.5,21581.46,48,7.32,726,4,0,8911.25,0,0.19069103682871333,29.28
39,80225.86,5.9,12394.71,36,9.38,620,1,0,6289.14,1,0.15449768939840594,28.14
31,52995.68,0.5,34441.64,36,8.2,685,7,1,3333.85,0,0.6498952367438251,24.599999999999998
31,72330.96,5.2,8236.82,36,9.74,591,3,1,5762.81,0,0.11387682397689729,29.22
27,58294.97,3.3,12356.94,12,9.22,653,2,0,3776.02,0,0.21197266247842653,9.22
42,20080.84,10.0,29334.21,48,11.12,552,3,0,913.53,1,1.460805922461411,44.48
35,37516.0,8.0,20188.46,48,9.88,628,2,0,2615.46,0,0.5381293314852329,39.52
37,58579.72,0.8,3766.16,36,7.33,689,1,1,4764.79,0,0.0642911915591266,21.990000000000002
35,15000.0,2.2,19351.44,24,8.3,685,5,0,372.14,0,1.290096,16.6
26,146870.51,6.4,15147.63,48,8.46,678,1,0,11866.13,0,0.10313595288802359,33.84
44,40790.86,9.9,16605.47,36,9.43,628,0,0,2867.86,0,0.4070880094217185,28.29
34,42921.0,6.1,32784.78,36,8.62,680,3,0,2539.99,0,0.7638400782833578,25.86
35,126287.57,4.8,10431.57,36,7.51,683,4,0,10199.43,0,0.0826017160675433,22.53
36,63810.17,2.9,53394.38,24,11.98,506,0,0,2804.55,1,0.8367691231664168,23.96
35,15000.0,7.4,26294.91,24,8.5,658,4,2,54.75,0,1.752994,17.0
43,70909.28,0.7,8983.44,36,6.99,756,1,0,5631.77,0,0.12668920062367015,20.97
39,35417.79,2.7,7063.89,60,9.03,689,1,2,2804.75,0,0.19944468584855238,45.15
30,36207.57,2.1,35647.29,48,12.18,494,4,0,2075.41,0,0.9845258878184866,48.72
24,44102.3,3.4,6471.06,36,8.74,657,6,0,3470.2,1,0.14672840192008127,26.22
33,70573.94,0.7,18848.86,24,6.41,750,1,0,5042.28,0,0.26707960473795284,12.82
44,19190.7,3.0,12229.28,12,8.16,697,2,0,534.51,1,0.6372503347975843,8.16
20,84656.78,2.5,20766.33,36,10.8,595,1,0,6376.83,0,0.2453002582900035,32.400000000000006
38,18540.02,3.9,25135.24,36,12.07,560,6,0,709.31,0,1.3557288503464398,36.21
36,28873.36,8.3,19249.41,12,6.64,780,2,0,743.72,0,0.6666840991142008,6.64
43,24770.69,2.1,3142.5,36,9.68,628,0,0,1963.3,0,0.12686364408904233,29.04
36,36502.84,3.0,43832.22,36,10.49,579,2,0,1617.46,0,1.2007893084483292,31.47
35,15000.0,11.3,25062.9,48,8.37,655,3,0,633.78,0,1.67086,33.48
20,59727.14,1.0,27189.98,12,12.81,513,5,0,2551.15,0,0.4552365976338395,12.81
39,36445.01,2.0,64725.17,36,12.08,487,2,0,884.81,0,1.7759679583021104,36.24
35,64770.71,1.5,13168.58,12,10.67,542,3,0,4235.72,1,0.20331072486313645,10.67
24,71221.31,0.0,8195.39,36,10.33,601,4,0,5669.4,0,0.11506935213631987,30.990000000000002
37,29345.06,2.3,51258.08,48,9.5,646,2,0,1157.66,0,1.74673624794088,38.0
45,86173.66,0.9,26740.7,12,9.32,604,2,1,4838.65,0,0.31031175883674894,9.32
53,249511.59,3.1,18188.57,48,8.1,688,4,0,20347.74,0,0.07289669389706506,32.4
49,77033.16,2.5,3057.95,60,6.64,784,2,0,6359.4,0,0.039696541073999815,33.199999999999996
58,36288.28,5.0,4759.69,24,6.83,727,1,0,2811.29,0,0.13116328467483165,13.66
36,83226.47,10.0,14715.99,36,9.63,627,4,0,6463.25,0,0.17681862513212443,28.89
44,58199.86,4.5,7481.33,24,8.93,668,2,0,4508.45,0,0.12854549821941152,17.86
30,57360.18,13.6,13068.41,60,16.45,327,4,0,4459.08,1,0.22783070067074407,82.25
30,15396.19,5.5,65968.71,36,8.51,663,6,0,-799.76,0,4.284742523962097,25.53
44,29654.28,3.5,15827.58,36,8.25,669,2,0,1973.38,0,0.5337367826836463,24.75
36,19910.24,1.9,21667.07,12,8.4,706,3,0,-229.61,1,1.0882375099446313,8.4
41,206843.91,0.1,18732.51,36,8.96,629,5,0,16641.65,0,0.09056350752603738,26.880000000000003
18,24915.22,1.6,7664.81,48,11.31,546,5,1,1877.01,1,0.30763565402994636,45.24
19,45429.71,0.6,3205.47,12,11.65,543,2,0,3501.53,1,0.07055889196739314,11.65
29,39913.01,2.8,29719.87,12,6.19,726,5,0,765.6,1,0.7446161038718954,6.19
33,33074.97,7.1,42574.18,60,7.23,712,1,1,1908.6,0,1.2872023769031384,36.150000000000006
44,15000.0,5.1,27923.21,36,4.51,850,2,0,419.25,0,1.8615473333333332,13.53
38,23365.62,2.0,28027.37,36,7.93,733,3,0,1069.76,0,1.1995132164265276,23.79
46,107459.9,0.1,18266.29,36,10.09,564,5,0,8364.82,0,0.16998238412654396,30.27
21,99383.06,6.0,9654.79,12,10.51,584,7,0,7430.82,0,0.09714724018358864,10.51
35,23922.45,1.8,22882.23,36,12.32,503,0,0,1230.02,1,0.9565169955418446,36.96
29,26930.71,1.2,4581.29,36,10.28,620,3,1,2095.8,0,0.17011397025923194,30.839999999999996
41,35914.41,0.5,8086.14,48,8.54,695,1,0,2793.4,0,0.22515029482594867,34.16
28,19308.67,0.2,11718.98,36,7.13,770,4,1,1246.51,1,0.6069283901998429,21.39
34,20176.51,2.6,8096.7,36,9.4,634,3,0,1422.39,0,0.4012933852286644,28.200000000000003
41,56768.04,9.1,8454.93,36,7.05,749,3,1,4469.41,0,0.14893820537048663,21.15
42,41867.85,3.4,5162.89,24,9.11,624,4,0,3252.86,0,0.12331395091938087,18.22
37,22977.53,4.3,21630.49,48,5.94,834,3,0,1407.4,0,0.9413757701545816,23.76
52,69863.77,7.3,9536.24,12,7.24,731,2,0,4995.79,0,0.13649764391472147,7.24
51,48514.98,9.0,25575.11,60,10.83,528,4,0,3489.02,1,0.5271590341787217,54.15
45,171929.94,16.6,18351.1,24,10.33,601,3,0,13477.89,0,0.10673591813037332,20.66
30,88987.08,4.3,3304.78,36,7.58,745,3,1,7312.67,0,0.0371377507835969,22.740000000000002
40,55235.38,1.1,17642.73,24,8.61,679,4,1,3800.1,0,0.31940995065119493,17.22
26,27047.41,14.4,38919.02,36,10.97,567,1,0,980.34,1,1.4389185507965456,32.910000000000004
47,31252.3,0.0,28193.7,36,10.67,611,4,1,1685.73,0,0.902132003084573,32.01
51,36572.32,1.9,25081.32,36,8.22,698,0,0,2259.19,0,0.6858006273597081,24.660000000000004
41,35510.61,7.4,13037.99,12,7.27,705,4,0,1829.46,1,0.36715759036524576,7.27
39,20211.87,1.5,5842.53,24,6.04,850,4,0,1425.27,0,0.2890642973658548,12.08
34,20739.49,1.4,18057.97,36,8.88,649,2,0,1155.06,0,0.8707046315989448,26.64
40,41754.64,3.8,23425.01,12,7.34,738,1,0,1448.99,0,0.5610157338202413,7.34
52,17895.46,1.6,26003.15,24,14.82,371,6,1,232.71,1,1.4530584852247443,29.64
19,22246.0,4.4,28642.54,24,7.65,704,2,1,562.98,0,1.2875366357996945,15.3
20,66080.72,4.0,5522.97,24,12.37,492,3,0,5245.79,1,0.08357914381078173,24.74
18,18485.46,0.4,10298.99,12,7.53,720,3,0,646.8,0,0.5571400441211634,7.53
41,24032.65,4.6,23001.02,60,11.17,575,2,0,1500.67,0,0.9570738141653126,55.85
32,132463.73,1.5,9391.61,12,9.73,620,4,0,10214.15,0,0.07089948320193007,9.73
20,74535.91,5.8,7590.1,48,7.57,649,3,2,6027.56,0,0.10183145278564386,30.28
31,22966.18,11.6,11170.82,24,9.55,612,4,0,1400.69,0,0.48640305005011714,19.1
45,25559.63,2.0,8009.43,36,10.33,565,4,0,1870.28,0,0.313362517376034,30.990000000000002
49,120004.46,3.5,26975.88,12,7.51,741,2,0,7659.89,0,0.22479064528101705,7.51
44,15000.0,2.5,6248.46,24,9.63,630,2,1,962.73,1,0.416564,19.26
29,51538.22,14.9,14332.2,24,8.35,671,3,0,3644.35,0,0.2780887659682465,16.7
33,34651.38,2.0,10751.22,24,9.29,645,3,0,2395.02,0,0.310268162480109,18.58
35,17580.92,1.8,19887.82,48,6.33,777,2,0,995.0,0,1.1312161138324959,25.32
32,59138.77,1.9,14400.04,36,5.4,850,2,0,4494.06,0,0.24349576428458017,16.200000000000003
19,23413.41,1.4,27397.24,48,5.11,850,2,0,1318.81,0,1.1701516353235177,20.44
36,15000.0,5.7,24266.36,36,8.4,678,4,0,485.09,0,1.6177573333333333,25.200000000000003
27,64543.51,9.4,6995.92,48,10.89,617,1,0,5198.19,0,0.10839075842017268,43.56
37,41125.71,1.6,6173.23,24,8.28,655,4,0,3147.15,0,0.15010634466857836,16.56
25,33549.61,1.2,4927.62,36,13.1,454,3,0,2629.53,0,0.14687562687017822,39.3
35,52931.19,11.4,50934.21,36,8.63,657,1,0,2800.0,0,0.9622721499365496,25.89
38,35776.49,0.5,8779.29,36,6.85,783,3,0,2710.9,0,0.24539271460112497,20.549999999999997
43,43093.1,1.5,6257.59,36,6.42,782,2,0,3399.53,0,0.1452109502449348,19.259999999999998
28,38355.55,3.5,19965.54,12,8.98,689,3,1,1450.47,0,0.5205384879111367,8.98
20,23484.33,0.8,23287.61,60,14.74,397,3,0,1406.19,0,0.9916233505490682,73.7
38,30960.92,9.2,22063.03,12,4.85,850,4,1,692.83,0,0.7126089922392487,4.85
26,20695.7,5.8,17053.16,12,7.72,681,6,0,243.42,1,0.8239953226998845,7.72
34,21112.88,2.5,16172.37,48,10.71,551,1,0,1343.7,1,0.7659954492234125,42.84
24,15701.36,7.3,5094.62,24,11.59,543,4,0,1069.6,0,0.32446998221810086,23.18
34,34281.76,0.1,9671.44,12,8.42,676,3,1,2013.63,0,0.2821162040688693,8.42
40,133051.45,0.9,11552.09,48,11.32,533,2,1,10787.25,0,0.0868242322800691,45.28
33,35852.31,13.5,1821.47,60,8.37,696,2,0,2950.44,0,0.050804815645072804,41.849999999999994
35,82067.52,3.4,20090.9,24,8.13,709,3,0,5929.11,0,0.24480939597053744,16.26
53,37189.06,0.4,21601.58,12,9.33,649,1,0,1206.69,0,0.5808584567612088,9.33
21,62469.9,11.4,23849.89,48,8.47,707,4,0,4618.3,0,0.38178210626237596,33.88
21,98114.57,5.0,9039.41,24,9.83,607,3,0,7759.8,0,0.09213116869390549,19.66
35,21482.06,8.3,12137.74,48,8.11,691,3,1,1493.23,0,0.5650175076319496,32.44
32,34436.45,3.3,15831.16,48,5.75,805,2,1,2499.72,0,0.4597210223469609,23.0
35,154656.75,1.3,13407.8,12,7.5,704,3,0,11724.84,0,0.08669392056926063,7.5
30,17085.46,2.4,20602.36,48,7.39,758,4,1,926.7,0,1.2058416922927448,29.56
31,15000.0,3.8,4145.62,36,8.25,661,5,1,1119.61,0,0.27637466666666666,24.75
36,15479.58,2.0,17136.21,36,6.94,757,5,0,761.32,0,1.1070203455132503,20.82
42,35489.35,2.8,12868.14,24,8.23,671,2,0,2374.1,0,0.3625915943797224,16.46
43,56413.67,0.6,36969.8,12,7.24,727,3,0,1498.17,0,0.6553340706250809,7.24
41,43026.9,1.7,5787.36,12,10.45,560,1,0,3075.56,1,0.13450562322640022,10.45
24,229273.37,5.6,5977.05,36,10.81,570,3,2,18910.97,0,0.02606953437287549,32.43
26,39651.77,4.7,38187.38,36,13.33,497,4,0,2011.55,0,0.9630687356453445,39.99
33,15000.0,0.7,11686.28,48,9.52,629,1,0,956.29,0,0.7790853333333334,38.08
51,166756.16,0.4,14193.0,36,11.57,515,5,0,13427.85,0,0.085112298100412,34.71
48,34675.36,0.6,25634.93,36,8.88,672,1,0,2075.86,0,0.7392837449993309,26.64
18,79704.28,0.7,30557.2,36,9.44,608,0,1,5664.04,0,0.3833821721995356,28.32
34,58622.48,4.8,14577.82,60,5.24,850,3,0,4608.5,0,0.24867286406170463,26.200000000000003
26,136885.81,5.1,8169.51,24,7.41,717,4,0,11039.86,0,0.059681204355659656,14.82
32,218143.51,2.6,36505.43,60,7.46,773,1,1,17447.83,0,0.16734593662676464,37.3
53,70399.64,2.2,6491.54,48,6.62,776,0,0,5712.33,1,0.09220984652762429,26.48
37,28689.31,4.6,5414.89,36,6.99,739,4,0,2223.6,0,0.18874242705732552,20.97
38,77755.53,6.4,28830.66,60,7.93,650,4,1,5896.01,0,0.3707859749653819,39.65
31,60403.93,4.7,13876.09,36,7.73,699,3,2,4600.56,1,0.22972164228387126,23.19
43,118985.21,2.7,6664.98,36,7.32,740,0,0,9708.66,1,0.05601519718291037,21.96
41,146662.11,1.9,12534.59,48,9.18,642,2,0,11908.85,0,0.08546576890241113,36.72
41,27767.11,4.4,10721.57,48,7.76,704,1,0,2053.39,0,0.3861248073710227,31.04
43,54998.74,8.9,45698.02,36,6.48,770,3,0,3183.05,0,0.8308921258923386,19.44
37,15000.0,0.6,3256.13,36,9.18,629,4,0,1146.18,0,0.21707533333333334,27.54
44,96350.43,0.9,10361.44,36,8.66,645,3,0,7701.35,0,0.10753911528988506,25.98
30,64013.26,1.1,10407.88,12,9.09,679,2,0,4423.82,0,0.16258943850071061,9.09
33,88669.65,3.6,22633.53,36,12.92,465,4,0,6627.4,0,0.255256787412604,38.76
25,46640.71,3.7,33025.63,36,8.17,690,2,0,2849.23,0,0.7080859189321946,24.509999999999998
39,36761.28,3.0,35041.07,60,11.82,511,1,0,2287.15,0,0.953205927541152,59.1
41,144091.13,5.3,7157.43,60,9.71,612,1,0,11856.54,0,0.04967293961814304,48.550000000000004
34,85077.34,0.6,14170.39,24,7.85,718,4,0,6449.86,0,0.16655892156477858,15.7
43,92867.69,9.2,23125.71,12,8.23,679,4,0,5724.84,0,0.2490178230986471,8.23
44,24446.81,8.0,11204.79,24,5.65,746,1,1,1542.4,0,0.4583334185523592,11.3
51,15000.0,2.1,12655.8,36,8.63,669,2,0,849.72,0,0.8437199999999999,25.89
37,23666.48,6.0,2632.74,48,10.86,535,6,0,1904.34,1,0.11124341262409956,43.44
30,24974.28,6.8,7428.03,24,9.54,588,4,0,1740.0,0,0.2974271930962574,19.08
31,25809.34,8.1,9200.76,36,14.81,385,4,1,1832.69,0,0.35648954990712667,44.43
49,15000.0,14.4,25108.15,36,10.14,639,5,0,438.18,0,1.6738766666666667,30.42
33,20436.94,1.5,15141.65,48,6.72,735,1,0,1342.46,0,0.7408961419860312,26.88
27,25357.02,4.4,5544.09,36,8.54,657,3,0,1937.97,0,0.21864122834623312,25.619999999999997
30,86263.36,1.8,6126.48,60,8.52,656,4,2,7062.86,0,0.07102065117797406,42.599999999999994
37,28435.75,5.4,18452.75,12,7.52,752,2,0,768.56,0,0.6489278461092112,7.52
45,58215.14,2.7,22058.97,60,7.06,743,6,1,4413.84,0,0.3789215314091833,35.3
25,46302.28,0.6,14742.08,24,8.65,644,2,0,3187.4,0,0.31838777701659615,17.3
18,15000.0,0.2,18095.48,36,7.27,687,3,0,689.03,1,1.2063653333333333,21.81
42,118056.58,3.3,13672.19,36,8.51,658,1,0,9406.39,0,0.1158104868021757,25.53
25,15209.06,2.0,7001.39,24,6.15,794,5,0,956.64,0,0.4603433742782263,12.3
20,46152.92,5.3,9827.59,48,11.43,569,6,1,3590.02,1,0.2129353895701507,45.72
27,36755.89,1.5,21903.73,48,9.91,632,4,0,2508.4,0,0.5959243538926686,39.64
34,50885.39,6.3,18251.12,48,8.29,702,5,0,3792.4,0,0.3586711234796471,33.16
31,76362.68,0.5,7902.74,48,10.93,557,1,1,6159.57,0,0.10348955798827386,43.72
35,68925.54,2.3,5969.16,60,5.14,850,3,0,5630.77,0,0.08660302117328353,25.7
21,22799.13,4.1,14325.76,24,9.57,610,2,0,1241.71,0,0.6283467834079633,19.14
24,37600.14,5.4,19749.43,48,7.83,717,3,0,2652.78,0,0.5252488421585665,31.32
43,34652.63,7.3,1740.48,24,9.01,635,3,0,2808.2,0,0.05022649074543549,18.02
38,51920.82,0.2,16938.1,36,12.05,507,0,0,3763.74,0,0.326229439365557,36.150000000000006
54,20189.94,2.3,4814.34,36,9.53,589,4,0,1528.21,0,0.23845241739202794,28.589999999999996
30,33859.69,0.5,10506.27,36,8.83,671,0,0,2488.37,0,0.3102884285118972,26.490000000000002
38,34563.59,15.9,5653.72,24,11.77,505,3,0,2614.77,0,0.16357444351122094,23.54
24,33222.61,1.9,18480.25,24,10.02,620,5,0,1915.61,0,0.5562552129408256,20.04
37,61745.19,6.6,14940.33,36,10.54,586,5,1,4659.55,0,0.24196751196328004,31.619999999999997
35,31641.73,1.8,40739.66,36,9.95,617,1,0,1323.21,0,1.2875294745262034,29.849999999999998
45,42056.96,14.4,14688.74,36,9.87,606,3,0,3031.68,0,0.3492582440575829,29.61
25,60747.15,1.3,9643.6,12,9.45,639,3,0,4216.9,0,0.1587498343543689,9.45
37,21102.82,8.4,5080.62,48,9.23,621,3,0,1631.58,0,0.24075550092357326,36.92
30,57478.85,3.3,6155.0,60,6.16,786,3,0,4670.45,1,0.10708286613249918,30.8
37,20068.59,10.5,7887.77,36,7.23,783,2,1,1428.0,0,0.39304056737419024,21.69
47,56725.74,0.6,6727.92,48,10.53,586,2,0,4554.79,0,0.11860435844468491,42.12
40,362219.84,5.3,12372.26,12,9.67,636,3,0,29099.17,0,0.03415677065066342,9.67
46,37760.46,1.1,5625.06,36,5.42,850,4,0,2977.05,0,0.1489669352544964,16.259999999999998
44,136148.47,2.4,12688.36,36,10.52,592,2,0,10933.18,0,0.093195024519923,31.56
19,49070.31,2.2,9651.64,24,11.57,540,1,0,3636.79,1,0.19669001479713497,23.14
26,15000.0,3.1,34019.6,48,10.51,594,2,1,378.82,1,2.2679733333333334,42.04
39,15000.0,1.5,61013.13,36,12.02,521,6,0,-777.09,1,4.0675419999999995,36.06
25,24585.28,1.1,6882.22,36,9.23,586,3,0,1829.18,0,0.2799325450025381,27.69
45,15000.0,2.3,7406.33,48,8.48,684,1,1,1067.52,0,0.4937553333333333,33.92
54,94157.68,2.1,28717.56,12,9.06,645,3,0,5334.28,0,0.30499434565507566,9.06
29,15000.0,1.2,5815.17,48,11.46,531,2,0,1098.4,0,0.387678,45.84
31,24663.37,1.8,39679.26,24,12.16,514,5,0,184.47,0,1.6088336670941563,24.32
34,69945.11,3.5,65852.07,12,7.19,798,3,0,125.02,1,0.9414821136173781,7.19
47,16992.42,6.4,19251.77,36,11.29,506,4,0,783.11,0,1.1329622266869581,33.87
33,30784.79,12.8,11367.79,24,12.61,481,2,0,2027.03,1,0.36926644618982296,25.22
45,54046.29,7.8,6099.38,12,10.17,603,3,0,3967.14,0,0.11285473989056419,10.17
23,46311.91,1.6,20510.02,12,8.95,645,4,0,2066.17,0,0.442867072422623,8.95
31,94691.55,12.9,5536.61,36,7.86,704,1,0,7717.82,0,0.05846994795206119,23.580000000000002
31,36511.09,7.0,8032.82,48,4.57,846,5,0,2859.16,0,0.22001041327443252,18.28
18,39539.37,1.2,75076.89,60,10.14,605,2,0,1694.61,0,1.898788220449643,50.7
30,65659.1,2.4,62749.29,48,13.64,423,1,0,3768.18,1,0.955683066018267,54.56
20,64868.56,3.5,27635.17,36,10.68,561,1,0,4505.16,0,0.42601793534494986,32.04
25,55584.79,0.9,36009.71,36,6.95,783,1,0,3521.01,1,0.6478338768573201,20.85
37,34714.81,6.6,15025.78,36,12.39,489,2,0,2391.03,1,0.4328348621236873,37.17
33,182660.0,0.1,16637.71,48,10.96,576,2,0,14791.98,0,0.09108567830942735,43.84
26,64709.1,3.7,23409.66,36,11.54,574,2,0,4620.02,1,0.3617676648261218,34.62
34,26786.24,8.7,10208.69,60,10.04,622,5,0,2015.08,0,0.3811169466113945,50.199999999999996
31,99847.09,3.9,11162.89,36,7.32,726,0,0,7974.28,1,0.11179985315546001,21.96
20,31409.02,1.9,31737.29,48,8.56,616,7,0,1834.25,0,1.0104514563014064,34.24
33,40886.87,2.9,14881.71,48,7.82,766,4,0,3045.19,0,0.3639728352891771,31.28
18,77077.94,0.0,8405.67,60,9.06,665,4,0,6248.43,0,0.10905415998403693,45.300000000000004
35,25199.41,4.0,5753.33,48,10.39,616,2,0,1952.95,0,0.22831209143388675,41.56
33,19627.53,1.6,4404.7,36,9.38,636,1,2,1494.78,1,0.22441438122881482,28.14
25,66227.16,1.8,39278.99,24,10.64,558,3,0,3694.78,1,0.5930948873543723,21.28
28,19026.72,10.5,18587.19,36,8.39,667,3,0,999.75,0,0.9768993289437169,25.17
43,20272.0,2.8,5958.43,48,8.78,649,3,0,1541.68,0,0.2939241318074191,35.12
33,19658.66,5.7,8116.42,36,8.06,697,6,0,1383.66,0,0.41286740805324473,24.18
37,41441.11,6.6,40844.44,24,9.28,630,6,0,1582.21,0,0.9856019783253875,18.56
29,63148.5,7.0,18042.2,36,7.7,686,0,1,4699.49,0,0.28571066612825324,23.1
40,15000.0,0.8,12344.06,36,8.39,652,3,0,860.96,1,0.8229373333333333,25.17
33,52500.79,1.6,19350.27,24,8.79,602,4,0,3492.92,0,0.36857102531219055,17.58
53,31501.5,1.9,14907.87,48,10.56,548,3,0,2243.0,0,0.47324317889624307,42.24
21,48300.28,1.1,46529.1,12,7.19,725,3,0,-5.06,0,0.963329819206017,7.19
29,20294.36,0.9,38369.14,36,7.57,700,1,1,496.44,0,1.8906306973957296,22.71
40,123106.75,1.3,23047.86,36,6.6,773,2,0,9551.45,0,0.1872184912687566,19.799999999999997
54,15000.0,2.6,5644.33,36,9.24,612,2,0,1069.88,0,0.37628866666666666,27.72
34,30125.95,2.7,18938.14,12,9.59,593,3,0,849.14,1,0.6286321261238235,9.59
31,58219.39,3.3,13140.83,36,8.48,660,3,0,4436.91,0,0.2257122584073794,25.44
27,33946.15,1.2,14546.93,12,10.76,539,4,0,1544.79,1,0.4285295976126895,10.76
40,38114.86,4.5,57845.04,36,6.33,777,5,0,1407.82,0,1.517650596119204,18.990000000000002
40,19615.8,2.7,3031.13,48,5.6,831,4,0,1564.02,0,0.1545249237859277,22.4
31,30694.96,3.4,17462.02,36,9.16,640,0,0,2001.32,0,0.5688888338671887,27.48
31,35002.39,0.7,43511.12,36,8.77,667,2,0,1537.88,1,1.2430899718562076,26.31
28,21903.24,0.8,11059.35,24,10.75,589,1,1,1311.1,0,0.5049184504210336,21.5
49,21976.98,2.7,10189.41,36,6.63,779,2,1,1518.52,0,0.46364013617885624,19.89
25,48884.2,6.2,7995.75,24,10.69,522,5,0,3702.17,1,0.16356511920006875,21.38
48,39951.36,11.4,12771.19,36,10.13,556,2,0,2916.41,1,0.31966846685569655,30.39
45,40439.18,7.4,5454.47,36,8.71,647,4,1,3197.22,0,0.13488082597124867,26.130000000000003
23,55058.76,0.6,9672.03,24,8.7,635,2,0,4147.7,0,0.17566741423163182,17.4
50,38239.28,5.3,16217.58,36,9.19,639,1,0,2669.46,0,0.4241078806923143,27.57
34,23808.93,1.6,37355.23,48,5.06,849,3,0,1122.8,0,1.5689587898322186,20.24
18,23555.68,2.8,8383.23,60,4.81,837,1,0,1805.5,0,0.3558899594492708,24.049999999999997
30,21004.02,1.0,12874.49,48,9.47,648,3,0,1427.07,0,0.6129536155459764,37.88
38,50448.97,0.5,15932.42,12,7.83,697,7,0,2819.4,0,0.31581259240773396,7.83
33,22631.59,3.8,3011.78,24,8.94,650,2,0,1748.46,0,0.13307858617092305,17.88
34,45426.21,15.2,15678.64,36,10.53,532,1,0,3275.7,1,0.34514523663761515,31.589999999999996
27,27872.82,2.4,12039.56,48,9.15,670,2,0,2022.27,0,0.43194624727602016,36.6
26,68708.96,0.1,12167.26,48,10.43,597,1,1,5414.64,1,0.17708403678355777,41.72
31,117136.22,15.8,6186.64,48,7.53,757,3,0,9611.68,0,0.052815772952208975,30.12
35,19944.82,0.2,12192.63,12,7.42,737,4,0,604.72,1,0.6113181267115972,7.42
32,45676.46,2.6,10303.39,36,11.3,518,0,0,3467.59,0,0.22557330406077877,33.900000000000006
27,165524.0,4.4,27799.41,36,12.04,497,2,0,12869.8,0,0.16794791087697253,36.12
28,15365.11,0.5,68642.33,24,6.68,768,1,0,-1782.92,0,4.467415462694377,13.36
35,181892.73,6.3,13297.21,24,5.07,850,2,2,14573.94,0,0.07310468098422625,10.14
20,117385.07,3.1,14131.45,48,11.21,542,3,0,9415.41,0,0.12038541187563291,44.84
28,30034.21,3.4,30410.08,48,10.37,581,3,1,1726.16,1,1.012514729037321,41.48
31,63162.79,0.6,11171.61,60,11.82,519,5,1,5016.07,1,0.17687011609208522,59.1
28,34298.47,0.3,12720.02,48,9.77,580,5,0,2537.0,1,0.3708626069909241,39.08
48,47721.38,0.3,12875.36,24,13.27,448,1,0,3363.03,1,0.26980275926639175,26.54
43,44680.55,7.0,23258.15,12,10.51,572,4,1,1673.1,0,0.5205430550877284,10.51
24,20149.7,4.9,7871.26,48,9.51,639,2,0,1481.35,0,0.3906390665865993,38.04
33,34012.17,2.0,5050.02,12,6.34,738,2,1,2398.92,0,0.1484768540201934,6.34
38,31972.72,14.7,23857.66,48,9.39,629,5,1,2066.27,0,0.7461880002702304,37.56
34,61957.23,2.1,25362.05,36,12.88,463,2,1,4310.02,0,0.40934770647428875,38.64
39,56470.63,1.3,6606.37,24,8.92,646,4,0,4404.32,0,0.1169877155611687,17.84
35,21150.59,1.6,5045.28,36,13.41,405,3,0,1591.56,0,0.23854086339908248,40.230000000000004
24,60607.3,5.8,56763.04,36,8.91,629,2,0,3247.94,0,0.9365710071229043,26.73
28,32688.22,0.8,14513.89,48,11.31,532,1,0,2346.71,0,0.4440097992487813,45.24
40,27182.62,2.9,2464.36,60,8.12,695,1,1,2215.11,0,0.09065939927792098,40.599999999999994
28,100231.54,5.8,7442.93,36,8.49,656,5,0,8117.71,0,0.07425736449824077,25.47
39,118997.89,19.1,7981.21,36,8.06,734,1,0,9666.17,0,0.06707018082421462,24.18
41,43033.07,5.0,5864.49,60,10.24,599,4,0,3460.79,0,0.13627868055892828,51.2
46,23241.48,0.8,23165.38,36,6.23,747,2,0,1229.64,1,0.9967256818412598,18.69
38,25539.03,9.8,2118.0,24,9.9,579,2,1,2030.62,0,0.08293188895584523,19.8
27,28564.05,0.3,15405.27,36,9.67,616,3,0,1885.64,0,0.5393237303533638,29.009999999999998
39,81312.95,0.3,10176.96,24,9.2,648,4,0,6310.21,0,0.12515792379934562,18.4
28,27098.29,3.8,3265.21,36,13.42,439,4,0,2147.51,1,0.12049505706817662,40.26
44,40167.83,1.8,25941.26,36,9.15,636,1,0,2520.58,0,0.6458217932111343,27.450000000000003
36,15000.0,2.0,21020.86,36,8.97,638,3,0,581.84,0,1.4013906666666667,26.910000000000004
49,57051.4,12.8,24250.7,60,8.86,681,2,0,4252.52,0,0.4250675706468202,44.3
33,20541.85,9.4,19189.65,24,9.28,607,2,0,832.68,0,0.9341734069716214,18.56
28,26551.62,3.0,10674.16,24,9.39,604,1,1,1723.08,0,0.4020153949175229,18.78
18,46265.9,4.3,20857.77,36,11.23,524,1,0,3170.36,1,0.45082382489047007,33.69
46,71547.81,0.9,18051.56,48,9.19,641,4,0,5511.47,0,0.2523006644088757,36.76
39,76970.89,1.5,27729.79,48,8.01,705,2,0,5737.15,0,0.36026334111506314,32.04
37,78725.29,2.1,12871.18,36,5.31,828,2,1,6172.89,0,0.16349485660834023,15.93
25,41114.17,1.6,32504.73,48,10.54,558,6,0,2593.32,0,0.7905967699214164,42.16
30,36357.62,1.8,19345.53,36,10.59,596,3,1,2400.2,0,0.532090109308585,31.77
36,81511.41,0.1,17430.02,24,9.2,634,6,0,5994.73,0,0.21383533912614197,18.4
39,27779.54,2.6,21981.18,48,6.35,771,3,1,1795.2,0,0.7912722816864498,25.4
22,65555.54,2.1,15296.69,24,7.48,698,2,0,4774.76,0,0.2333393943517207,14.96
28,65623.96,6.9,14804.12,24,7.23,738,2,0,4804.3,0,0.2255901655431949,14.46
18,68504.44,0.1,9035.67,24,10.51,597,3,0,5289.62,1,0.13189904187232243,21.02
34,141885.46,2.5,8267.58,48,10.23,560,4,0,11613.19,1,0.05826939560966994,40.92
44,20224.88,9.5,25145.3,60,9.95,584,1,1,1151.76,1,1.2432854978620391,49.75
18,15000.0,1.9,18596.89,24,7.7,684,2,0,411.46,1,1.2397926666666665,15.4
38,18985.69,3.2,4661.55,60,11.63,491,6,0,1479.32,1,0.24552965944350721,58.150000000000006
46,34520.19,8.0,8260.45,36,8.4,651,0,0,2616.3,0,0.23929329473563152,25.200000000000003
46,92453.65,11.6,14114.28,24,9.46,646,4,0,7056.68,0,0.15266330750597734,18.92
58,15000.0,4.8,14520.97,48,9.18,652,2,0,887.4,0,0.9680646666666666,36.72
45,29803.51,1.8,14951.6,36,7.75,704,1,0,2016.82,0,0.5016724540163223,23.25
54,79886.87,0.4,10872.57,36,10.12,604,3,1,6305.8,0,0.13609958682822346,30.36
26,70054.43,7.7,10427.32,48,6.68,774,6,2,5589.72,0,0.14884597590759072,26.72
47,17896.9,12.4,16885.46,48,10.3,589,5,1,1060.71,0,0.9434851845850397,41.2
40,29211.57,5.2,33525.72,36,9.28,598,3,0,1363.81,1,1.1476863448284362,27.839999999999996
41,28112.05,8.5,14738.32,36,6.51,781,1,0,1890.89,0,0.524270553019079,19.53
19,15000.0,1.4,16042.06,36,6.18,803,2,0,760.66,0,1.0694706666666667,18.54
34,15000.0,2.4,15244.74,48,5.69,831,4,1,894.14,0,1.016316,22.76
18,52942.0,3.7,24062.97,60,10.45,567,0,0,3895.22,0,0.4545156964225001,52.25
33,15000.0,0.0,7733.93,36,8.44,676,2,0,1006.07,0,0.5155953333333334,25.32
22,75265.37,7.2,7112.71,48,5.26,824,2,0,6107.47,0,0.0945017609027897,21.04
34,37574.42,8.2,45093.09,24,4.53,850,1,1,1162.38,0,1.200100760038345,9.06
19,18330.57,8.1,53764.11,48,9.69,594,2,0,171.94,0,2.933029905780344,38.76
34,106563.73,2.1,4783.97,60,12.56,501,3,0,8772.54,1,0.0448930419383781,62.800000000000004
36,85226.33,1.8,13355.04,48,12.09,544,3,0,6749.91,0,0.1567008693205492,48.36
32,86531.9,4.9,17535.16,36,9.13,665,1,0,6652.32,0,0.20264388046489215,27.39
32,15000.0,6.5,14131.45,24,7.26,749,3,0,615.63,0,0.9420966666666667,14.52
33,59423.52,5.5,31783.27,48,10.89,559,3,0,4132.2,0,0.5348601025317922,43.56
30,15000.0,19.3,6445.82,48,8.54,638,8,1,1091.0,0,0.4297213333333333,34.16
25,124789.4,2.9,7905.61,48,11.74,455,1,0,10191.94,0,0.06335161480061607,46.96
36,19605.7,16.7,10399.47,48,11.92,511,3,0,1360.36,0,0.5304309461024089,47.68
33,38787.33,5.5,32936.9,60,10.01,566,2,1,2532.3,0,0.8491664675036926,50.05
42,149574.34,1.8,6527.77,48,7.29,768,3,0,12307.33,0,0.04364231190991717,29.16
38,38587.6,3.6,2090.32,48,8.55,685,6,0,3164.06,1,0.05417076988462616,34.2
31,20564.74,0.1,20318.15,12,10.34,579,2,0,-75.77,0,0.9880090873991113,10.34
37,71416.75,1.6,28868.49,60,10.02,589,3,0,5337.74,1,0.4042257593631746,50.099999999999994
53,53854.3,1.3,25793.78,60,7.93,708,4,1,3965.72,0,0.47895488382543266,39.65
18,37654.3,1.3,18802.56,48,10.98,511,5,0,2652.08,0,0.49934695373436766,43.92
30,48343.13,0.5,23408.32,12,7.64,685,0,0,1996.24,0,0.48421192421756726,7.64
35,29865.37,0.3,5562.54,48,9.22,682,1,0,2349.77,0,0.18625384517251922,36.88
33,25456.54,6.8,3267.35,24,7.45,748,2,1,1974.42,0,0.12835012142262853,14.9
23,45251.32,0.7,8465.27,48,4.53,850,0,0,3577.79,0,0.1870723329175812,18.12
26,33374.58,2.6,36643.83,36,7.11,729,4,0,1647.92,0,1.0979562888881298,21.330000000000002
37,79514.63,6.6,8211.35,36,9.4,623,5,0,6363.57,1,0.10326841739689915,28.200000000000003
34,16027.42,21.2,59805.86,24,9.01,687,1,0,-1396.87,1,3.731471440818298,18.02
34,92104.03,4.7,17430.78,48,11.41,572,2,1,7221.35,0,0.18925100237199174,45.64
29,91026.58,1.0,40221.2,24,7.98,697,1,1,5766.82,0,0.44186214619949465,15.96
50,87886.74,4.4,4362.63,24,9.91,609,2,0,7122.76,0,0.04963922885295324,19.82
53,15000.0,0.5,20487.9,36,8.09,678,2,0,607.13,1,1.36586,24.27
34,77717.9,9.4,41483.44,48,7.29,718,1,0,5477.53,0,0.5337694405021238,29.16
32,16366.53,0.2,27209.59,24,9.34,675,5,0,116.56,0,1.662514289834192,18.68
44,15000.0,1.3,8234.03,36,6.77,773,0,0,996.62,0,0.5489353333333333,20.31
38,247750.88,1.1,5714.71,36,10.14,563,3,0,20461.13,0,0.023066356010521538,30.42
21,137480.31,10.0,5685.61,48,12.42,495,5,0,11305.79,0,0.041355813061521314,49.68
36,87691.59,0.3,40271.51,24,8.31,713,3,0,5480.56,0,0.45924027606296114,16.62
25,74415.57,2.1,8812.07,60,11.54,529,2,0,6007.32,0,0.11841701944902121,57.699999999999996
34,74013.54,2.7,16569.14,36,8.38,634,0,0,5645.67,0,0.2238663358082859,25.14
26,131150.65,1.7,21874.94,12,9.82,543,3,1,9007.9,0,0.16679246347616272,9.82
36,37528.48,1.6,18970.88,48,7.12,714,2,0,2672.04,1,0.5055062182108094,28.48
34,211884.24,21.2,17554.17,24,12.31,518,3,0,16828.14,0,0.08284792677360052,24.62
18,15000.0,0.7,1214.81,12,10.01,572,3,0,1143.19,1,0.08098733333333333,10.01
41,59120.49,1.9,6927.67,12,8.64,663,0,0,4322.03,0,0.11717883258410071,8.64
53,21337.98,3.4,57025.68,48,8.27,676,6,0,378.76,0,2.6724966468241136,33.08
35,42252.29,4.0,10950.33,36,5.87,766,3,0,3188.54,0,0.25916536121474126,17.61
32,34262.49,5.9,7219.56,24,6.9,724,5,1,2532.3,0,0.21071323187544166,13.8
38,38612.74,5.1,5925.29,48,9.6,586,2,1,3068.58,0,0.15345427441823606,38.4
18,108876.96,16.6,9865.0,60,7.9,685,5,0,8873.53,1,0.0906068648500105,39.5
32,15750.62,4.8,32073.27,36,9.45,582,4,0,285.9,1,2.036317935420955,28.349999999999998
33,17013.44,7.8,5385.87,36,7.16,728,1,0,1251.09,0,0.3165656093065247,21.48
41,15000.0,3.7,23494.57,48,10.41,511,4,0,649.48,1,1.5663046666666667,41.64
18,43681.21,2.8,6859.2,12,10.22,628,2,0,3036.37,0,0.15702861711019453,10.22
40,35743.57,0.9,9470.77,36,10.11,560,0,2,2672.55,0,0.2649642998726764,30.33
34,24134.45,12.1,16109.66,48,9.89,583,2,0,1603.47,0,0.6674964625255599,39.56
41,27585.33,6.9,11732.67,24,7.02,769,3,0,1773.37,0,0.42532280744874174,14.04
34,15000.0,3.8,28075.03,24,9.35,659,1,1,-37.11,0,1.8716686666666666,18.7
19,28427.04,2.2,6803.43,36,7.36,690,2,1,2157.73,1,0.2393295256910322,22.080000000000002
38,45889.56,5.5,32751.9,48,13.23,465,2,1,2941.73,1,0.7137113539550173,52.92
31,50261.0,3.4,3019.92,12,9.32,609,1,0,3923.87,0,0.06008475756550805,9.32
35,32728.82,2.6,5892.85,60,8.52,686,0,0,2606.44,0,0.1800507931541681,42.599999999999994
37,34413.16,0.5,43289.83,24,6.74,753,3,0,934.66,0,1.257944053960752,13.48
19,25723.02,10.8,28115.65,48,9.3,622,6,0,1439.91,0,1.0930151280837166,37.2
35,51242.0,2.0,10426.03,48,8.01,727,2,0,4015.59,1,0.20346649233051015,32.04
37,134272.02,1.5,10231.49,60,12.84,510,2,0,10957.37,0,0.07619971755843101,64.2
44,56948.46,0.3,11737.47,12,10.93,613,2,1,3708.71,0,0.2061068903355771,10.93
43,55311.55,1.8,5420.58,48,8.03,700,6,0,4476.89,0,0.0980008696194556,32.12
38,22002.73,2.0,18797.8,36,9.21,658,3,0,1233.96,1,0.8543394387878231,27.630000000000003
27,19553.97,4.7,10576.79,24,6.09,791,3,0,1160.3,0,0.5409024356690738,12.18
23,40904.98,8.1,6316.09,36,9.08,647,7,0,3207.66,0,0.15440882748261947,27.240000000000002
36,80232.49,5.6,16000.34,36,9.74,581,2,0,6171.71,1,0.19942469690271358,29.22
42,15000.0,0.5,4335.28,36,6.0,764,2,0,1118.11,0,0.28901866666666665,18.0
31,39508.11,1.8,10140.65,24,9.82,613,3,0,2825.24,0,0.25667261734362895,19.64
46,45031.46,0.4,2681.69,36,11.99,475,3,1,3663.56,0,0.059551478011150426,35.97
42,60767.49,5.6,36026.95,24,9.81,616,0,1,3404.65,0,0.5928655272745345,19.62
45,45252.02,1.5,14805.89,24,11.39,488,3,0,3078.25,1,0.327187383016272,22.78
18,88702.23,8.1,8473.94,24,10.38,604,3,0,6999.34,0,0.09553243475389515,20.76
30,25642.49,5.2,5823.55,36,6.61,743,5,0,1958.1,0,0.22710548000603684,19.830000000000002
39,33377.49,2.0,7538.73,48,10.37,579,2,0,2588.91,0,0.22586269968173162,41.48
48,18062.07,1.2,24342.91,60,7.71,713,6,0,1014.96,0,1.3477364443831743,38.55
26,62923.74,8.3,11777.5,24,9.16,639,3,0,4704.73,0,0.18717101049619747,18.32
36,51724.3,5.1,6500.12,36,5.55,810,3,1,4113.93,0,0.12566859290507557,16.65
32,34278.99,0.3,3758.74,48,7.56,693,1,0,2765.59,0,0.10965142205181658,30.24
50,30785.96,7.7,2971.79,48,5.41,783,3,0,2496.5,0,0.09653069126316022,21.64
22,48074.93,0.8,16096.44,48,10.09,577,3,0,3597.3,0,0.33481983229096746,40.36
40,15000.0,2.6,11066.5,48,7.74,702,5,1,981.18,0,0.7377666666666667,30.96
34,35720.05,1.3,17611.82,12,10.12,583,2,0,1427.33,1,0.4930513815070247,10.12
47,128004.0,2.2,51277.05,24,6.46,763,3,0,8383.73,0,0.4005894347051655,12.92
35,54204.61,5.0,2641.71,24,8.58,695,2,0,4396.87,0,0.048735891652020004,17.16
39,37343.16,7.3,44801.58,48,9.26,669,7,0,1991.5,0,1.1997265362652758,37.04
47,21824.18,3.2,22600.04,36,11.93,507,5,0,1068.79,0,1.0355504765814798,35.79
25,96005.43,2.5,15600.96,12,6.01,811,4,0,6657.66,0,0.16250080854801652,6.01
23,61817.33,6.7,60174.05,36,7.91,684,3,0,3268.31,0,0.9734171631159094,23.73
28,84324.02,6.3,16409.89,48,5.05,836,4,0,6648.72,0,0.1946051670686478,20.2
37,21724.51,3.4,12263.61,12,10.52,577,2,0,729.24,0,0.5645057126720004,10.52
55,212428.63,1.2,7054.09,36,9.08,643,3,0,17477.8,0,0.03320687046750714,27.240000000000002
34,45089.76,6.1,30383.75,36,7.92,668,1,0,2806.48,1,0.6738503376376366,23.759999999999998
28,17699.69,3.6,38975.75,36,3.8,843,2,0,327.72,1,2.2020583411347885,11.399999999999999
43,32145.03,3.2,39476.94,48,13.03,422,5,0,1619.1,0,1.2280884478875895,52.12
46,17736.61,7.3,55772.28,24,7.54,751,2,2,-1032.69,0,3.1444723653505373,15.08
47,63793.03,1.0,6010.93,48,9.7,600,1,0,5164.5,0,0.09422549767584328,38.8
27,69774.7,0.3,9997.68,60,9.73,598,4,0,5603.46,0,0.14328517356577672,48.650000000000006
33,28350.68,1.8,62707.52,24,10.19,613,3,1,-536.58,0,2.211852414121989,20.38
38,21733.33,14.6,13484.08,36,9.25,621,4,0,1380.75,0,0.6204332239928257,27.75
41,25555.44,3.4,12604.81,36,8.05,681,2,0,1734.34,0,0.49323392592731724,24.150000000000002
25,169663.15,5.9,37905.48,60,8.77,653,1,0,13355.97,0,0.2234161042041245,43.849999999999994
27,76687.94,5.1,9678.28,48,6.75,748,2,0,6160.02,0,0.12620341607819952,27.0
37,31872.36,6.9,15072.68,60,11.21,542,3,0,2326.73,1,0.47290756003006995,56.050000000000004
46,33254.49,1.8,25705.35,48,5.37,836,3,0,2174.91,1,0.7729888505281542,21.48
25,66345.89,12.6,19536.61,24,8.1,701,6,0,4644.34,0,0.29446601741268374,16.2
37,48966.35,5.3,12309.79,24,11.68,515,0,0,3502.9,0,0.25139284426958514,23.36
26,87344.41,6.8,29734.44,48,11.36,576,2,2,6504.99,0,0.3404275099001756,45.44
24,74525.98,0.4,4825.32,24,12.79,434,3,0,5981.57,0,0.06474681715020722,25.58
29,29567.03,0.9,29865.47,48,9.6,625,4,0,1712.18,1,1.0100936752862903,38.4
42,24107.94,11.1,25799.53,48,12.53,497,6,0,1322.86,0,1.0701673390592477,50.12
18,64607.9,6.0,25177.62,24,7.84,665,2,0,4247.11,0,0.3896987829661697,15.68
40,15000.0,1.9,7287.33,24,5.9,731,2,0,927.35,0,0.485822,11.8
35,60745.92,3.3,16883.83,24,6.63,811,3,1,4309.06,0,0.27794179428017557,13.26
43,40062.88,17.1,35252.19,60,7.99,710,2,0,2623.95,0,0.8799215133809652,39.95
20,24453.63,3.1,9084.49,60,8.2,685,6,0,1852.73,0,0.37149862822002294,41.0
47,22734.35,2.9,19975.05,24,6.43,796,4,0,1005.35,0,0.8786285950554997,12.86
39,221063.29,0.4,20110.32,24,5.43,818,0,0,17535.8,0,0.09097087083070192,10.86
37,122926.98,3.3,7345.57,60,8.35,695,9,1,10093.74,0,0.05975555569656067,41.75
55,40370.37,1.2,13014.79,48,10.75,567,2,1,3029.4,1,0.3223847093796762,43.0
43,30183.58,5.3,12806.22,48,8.05,702,4,0,2202.36,0,0.4242777033075599,32.2
47,26628.75,5.1,5632.56,48,9.37,645,1,0,2077.9,0,0.21152175749894384,37.48
41,28700.14,1.5,13664.42,48,13.39,419,0,1,2022.45,0,0.4761098726347677,53.56
44,67845.5,4.2,10198.51,48,7.3,722,3,0,5408.15,1,0.15031962326167542,29.2
26,33615.14,7.6,100000.0,36,12.28,472,1,0,-533.56,0,2.974850022936094,36.839999999999996
34,48255.23,11.1,5619.96,48,9.15,658,3,1,3881.02,0,0.11646323103215962,36.6
50,36735.86,20.5,26067.87,36,10.68,610,8,2,2211.84,0,0.7096028240525742,32.04
46,89398.85,6.6,17214.95,24,10.27,613,4,0,6653.37,0,0.1925634390151551,20.54
37,104382.52,8.8,15300.12,36,8.66,640,1,0,8214.42,0,0.14657741545231903,25.98
39,15000.0,6.2,5302.92,24,11.77,481,3,1,1000.94,0,0.353528,23.54
24,89840.62,2.2,12095.11,12,10.79,594,3,1,6418.92,1,0.13462852326709235,10.79
28,17478.62,0.0,10434.06,24,9.21,645,0,1,978.87,1,0.5969613161679812,18.42
26,35818.63,6.3,30079.72,60,6.87,711,4,0,2391.11,0,0.8397786291658839,34.35
30,38678.11,1.2,13812.94,48,7.93,699,3,0,2886.42,0,0.35712551621576133,31.72
27,15000.0,0.5,24549.74,60,13.28,463,4,0,687.89,0,1.6366493333333334,66.39999999999999
27,18275.57,6.7,17530.42,24,7.24,722,5,0,736.17,0,0.9592269899105745,14.48
31,102509.51,15.3,39214.86,48,11.12,553,4,0,7526.64,0,0.382548506962915,44.48
47,17568.66,3.5,42896.86,36,11.78,495,1,0,43.77,1,2.4416694272642308,35.339999999999996
43,37772.2,9.7,2920.39,24,8.31,695,1,0,3015.19,0,0.07731585663530322,16.62
26,22398.81,1.7,13107.02,36,9.23,645,2,0,1448.36,0,0.5851659083674534,27.69
31,90167.73,2.5,17707.68,24,11.37,558,5,0,6685.62,0,0.19638600195435774,22.74
24,15000.0,1.3,11120.83,36,6.29,786,4,1,910.22,0,0.7413886666666667,18.87
43,15528.02,1.7,18215.45,48,9.07,648,3,0,840.1,0,1.173069715263118,36.28
50,37179.81,1.8,38527.94,48,11.36,534,2,0,2095.79,1,1.036259733441349,45.44
38,117552.34,4.6,6842.84,36,7.97,670,6,1,9581.69,1,0.05821100626325261,23.91
28,49820.91,5.2,21403.75,36,7.85,716,3,0,3482.51,0,0.42961379067544125,23.549999999999997
34,151029.43,4.6,24897.04,48,8.68,690,4,1,11970.0,0,0.16484893043693538,34.72
42,19203.75,4.7,12028.74,36,9.36,638,1,0,1215.78,1,0.6263745362233939,28.08
33,30025.1,1.2,2619.5,36,11.44,531,0,0,2415.79,0,0.08724367279376255,34.32
37,71297.5,6.9,9767.29,36,5.97,765,5,1,5644.45,0,0.13699344296784602,17.91
26,61673.89,8.9,12600.27,48,4.65,850,6,0,4851.31,0,0.20430477143569184,18.6
27,31347.54,2.0,16949.29,24,9.92,630,1,0,1830.8,0,0.5406896362521588,19.84
37,89616.77,1.9,19644.88,12,6.84,755,2,0,5769.71,0,0.2192098644037271,6.84
24,24828.79,5.9,81877.76,36,8.57,646,1,1,-518.27,0,3.297694329848534,25.71
25,61263.6,4.7,18344.23,24,6.21,814,5,0,4290.54,0,0.29943114671681065,12.42
30,81467.9,9.3,6232.0,60,9.94,617,6,0,6656.76,0,0.07649638692049261,49.699999999999996
28,36151.61,14.0,18239.98,36,13.03,427,2,1,2397.79,1,0.5045412915220097,39.089999999999996
37,47154.55,8.9,23266.41,48,7.78,689,6,0,3363.94,0,0.4934075290719559,31.12
33,15000.0,2.0,10831.72,48,12.6,475,6,2,961.56,1,0.7221146666666666,50.4
44,27238.86,3.4,18363.42,60,9.96,565,5,0,1880.1,1,0.6741625750857414,49.800000000000004
39,21256.24,6.6,5303.49,36,8.24,696,0,0,1604.57,0,0.2495027342559173,24.72
28,152261.75,0.9,99085.12,36,13.55,382,4,1,9323.6,0,0.6507551633946148,40.650000000000006
32,29327.58,5.9,3068.97,24,11.2,567,3,0,2300.64,0,0.10464450186479755,22.4
20,21174.81,4.6,51246.37,24,10.59,618,2,0,-614.17,0,2.4201572528868027,21.18
28,77650.27,0.8,17847.95,60,8.22,684,4,0,6107.08,0,0.22985045641180643,41.1
18,107323.8,2.9,67754.34,24,9.97,643,3,0,5818.07,1,0.6313076875772196,19.94
33,19281.93,11.7,33907.81,36,8.41,704,1,0,537.85,1,1.7585278029740796,25.23
22,15000.0,3.5,4675.96,48,4.37,850,2,0,1143.65,1,0.31173066666666666,17.48
18,15000.0,3.3,6013.18,36,8.13,702,4,0,1061.21,0,0.40087866666666666,24.39
18,19741.21,1.1,12300.0,12,8.24,669,4,1,573.78,0,0.6230621122008225,8.24
36,40038.25,2.3,26096.21,48,10.18,598,3,0,2672.4,1,0.6517819834782989,40.72
52,30512.56,1.8,8215.27,36,10.96,549,2,0,2273.91,0,0.26924223991693913,32.88
42,42005.29,0.2,4286.1,36,12.54,487,2,0,3356.97,0,0.10203714817824136,37.62
39,97764.88,2.2,15376.26,12,8.26,638,2,0,6807.67,0,0.15727795093698269,8.26
44,129067.27,2.2,19918.94,24,9.96,631,4,1,9836.82,1,0.15432990873673857,19.92
50,22415.46,7.7,16080.31,24,12.36,501,3,0,1108.29,1,0.7173758646933858,24.72
37,15000.0,6.8,7056.69,24,11.03,562,2,3,921.0,1,0.470446,22.06
48,19589.07,0.6,17284.57,36,6.2,798,3,0,1105.02,1,0.8823578658915405,18.6
22,65110.35,0.8,23614.81,24,9.38,680,5,1,4342.9,0,0.3626890348462265,18.76
24,45636.66,5.2,7333.88,48,7.77,727,2,0,3624.8,0,0.16070150620137405,31.08
34,36146.12,0.5,5572.67,48,7.68,700,5,0,2876.97,0,0.15417062744217083,30.72
41,23278.5,8.7,5297.33,48,10.9,580,3,0,1803.22,0,0.227563202096355,43.6
38,18355.52,16.6,11067.92,48,8.3,722,4,0,1257.86,0,0.602975017869284,33.2
39,56158.78,1.9,11428.36,36,9.49,593,3,0,4313.87,1,0.20350085952721908,28.47
46,15000.0,1.8,11502.57,60,9.47,678,2,1,1008.59,0,0.766838,47.35
46,187369.46,24.8,100000.0,48,12.39,494,3,0,12961.55,0,0.5337049058048201,49.56
29,62257.55,2.7,17497.11,60,12.87,482,0,0,4791.18,0,0.2810439858298311,64.35
37,18518.05,3.1,13662.59,12,6.88,725,5,0,361.75,0,0.7377985263027155,6.88
18,28869.16,0.2,2385.12,36,8.54,681,3,0,2330.43,0,0.08261826807569046,25.619999999999997
43,21870.46,11.0,10132.58,48,7.42,744,4,0,1577.92,0,0.4632998117094931,29.68
43,25160.74,0.1,9973.18,36,9.59,605,2,1,1776.84,0,0.3963786438713647,28.77
39,18913.03,4.7,18104.57,60,7.93,681,2,0,1209.6,0,0.9572538086176567,39.65
33,49638.04,5.7,18613.96,48,9.71,605,1,0,3666.99,0,0.3749938555188722,38.84
48,37270.77,5.9,8536.15,48,11.97,484,1,3,2881.23,1,0.22903068544062816,47.88
33,63161.43,7.0,5722.37,24,12.15,523,3,0,4993.68,0,0.09059912038090334,24.3
47,32390.32,3.3,13371.5,24,10.45,580,2,0,2079.39,0,0.4128239548111905,20.9
37,49470.78,5.6,29619.95,36,9.74,564,8,0,3170.42,0,0.598736264113887,29.22
33,15000.0,2.0,6547.68,36,7.45,712,3,0,1046.48,1,0.436512,22.35
40,16557.96,2.3,19102.0,24,10.07,569,6,0,497.75,1,1.1536445310895787,20.14
34,89355.36,4.8,4968.6,48,10.5,598,5,0,7319.07,0,0.05560494636247899,42.0
30,40903.11,1.5,33420.89,60,9.35,640,2,0,2709.14,0,0.8170745451873953,46.75
19,104527.0,2.0,6783.11,36,9.74,621,4,0,8492.54,0,0.06489337683086667,29.22
23,71486.66,6.6,30035.96,24,9.86,628,2,0,4573.15,0,0.42016174766033265,19.72
46,20925.29,0.3,19980.18,24,7.95,649,6,0,840.58,0,0.9548340787630661,15.9
31,99516.34,5.3,9386.34,24,8.61,628,6,1,7865.89,0,0.0943195861101805,17.22
46,42806.69,0.7,12062.54,48,12.21,482,0,0,3248.33,0,0.2817910004254008,48.84
25,22562.02,9.2,13076.8,48,10.32,574,2,0,1546.49,1,0.579593493844966,41.28
20,15000.0,5.5,16497.59,60,11.09,560,4,0,890.56,1,1.0998393333333334,55.45
18,25767.85,1.1,4192.0,48,11.63,525,1,0,2037.69,0,0.16268334377916668,46.52
45,39991.85,2.4,13812.38,36,6.71,806,3,0,2908.0,0,0.3453798711487466,20.13
30,24718.62,0.3,29031.41,36,8.35,682,1,0,1145.45,1,1.1744753550157736,25.049999999999997
18,28926.53,8.5,7402.6,48,11.39,541,2,0,2217.82,1,0.2559104047391789,45.56
23,43607.44,11.9,13142.76,12,7.93,720,3,1,2491.11,1,0.3013880200259405,7.93
40,15000.0,0.7,10521.01,60,7.86,721,3,1,1037.38,0,0.7014006666666667,39.300000000000004
32,41266.71,3.2,17349.67,36,9.02,610,0,0,2887.02,0,0.4204277491469516,27.06
18,41595.41,10.0,21945.86,36,5.03,850,1,0,2808.25,0,0.5276029254189344,15.09
50,88494.87,10.0,7246.58,24,10.55,610,3,0,7038.34,0,0.08188700655755526,21.1
18,24930.47,0.0,2156.34,36,6.73,767,0,0,2011.22,0,0.08649415755098079,20.19
39,49689.63,2.2,4323.8,24,6.31,809,5,1,3948.56,0,0.08701614401234223,12.62
31,25305.02,3.8,3544.44,36,7.89,701,1,0,1997.86,0,0.14006865041007674,23.669999999999998
31,103352.35,3.7,14428.56,48,7.19,755,4,0,8265.91,0,0.13960553388481248,28.76
35,15000.0,0.6,32967.13,48,10.56,582,2,0,404.97,0,2.1978086666666665,42.24
24,33465.33,1.2,22811.97,36,5.73,770,2,0,2097.58,0,0.6816597953762894,17.19
22,45643.53,2.8,7182.79,48,7.65,706,4,4,3629.45,1,0.15736710109844704,30.6
30,30774.04,3.7,32399.04,36,9.52,620,1,0,1526.36,0,1.0528042466962413,28.56
47,31793.37,5.2,22033.3,24,12.99,439,2,0,1602.05,0,0.6930155563880143,25.98
33,15000.0,0.3,9065.75,48,6.21,761,1,1,1036.22,0,0.6043833333333334,24.84
35,15000.0,5.1,45899.02,36,7.89,707,5,0,-185.98,0,3.0599346666666665,23.669999999999998
42,28405.36,2.0,13914.08,24,5.12,812,1,1,1755.93,0,0.4898399457003889,10.24
50,26367.33,7.0,40564.87,48,9.87,625,1,1,1170.98,0,1.538451940336773,39.48
36,35381.61,0.0,2655.64,48,7.86,723,4,1,2883.81,1,0.07505707060814926,31.44
28,59799.53,0.5,13244.37,12,9.43,631,2,1,3822.41,0,0.22147949992249105,9.43
31,53360.49,6.4,41228.8,36,10.09,591,3,0,3114.63,0,0.7726465780205543,30.27
37,41396.36,0.6,2181.82,36,8.26,700,2,0,3381.06,0,0.05270560020252989,24.78
30,15000.0,19.6,12191.78,36,10.98,555,3,0,850.97,1,0.8127853333333334,32.94
22,32625.24,2.8,48065.57,24,5.5,819,1,0,599.29,0,1.4732633384459393,11.0
43,24837.56,13.2,23097.7,12,5.93,764,5,0,82.6,0,0.9299504460180469,5.93
42,37836.24,0.8,4979.46,24,10.39,618,3,1,2922.35,0,0.1316055718010035,20.78
25,16614.0,0.4,4184.43,48,8.39,662,1,0,1281.58,0,0.25186168291802097,33.56
30,20063.57,2.5,38068.2,24,9.79,582,2,1,-81.0,1,1.8973791802754942,19.58
47,15000.0,5.1,13924.35,24,7.51,758,5,0,623.35,0,0.9282900000000001,15.02
35,64049.82,2.4,12766.23,48,11.09,518,3,1,5006.98,1,0.19931718777664012,44.36
23,15000.0,8.3,19528.77,48,7.25,747,6,0,780.09,1,1.3019180000000001,29.0
49,99208.0,1.3,27266.43,24,5.27,822,5,1,7067.82,0,0.274841041045077,10.54
52,40039.3,3.2,9876.22,12,13.72,397,2,1,2451.15,0,0.24666315345173365,13.72
18,56191.44,11.8,25361.61,48,10.07,607,2,1,4038.53,0,0.45134294476169323,40.28
28,48951.12,0.6,15294.92,48,6.45,765,1,1,3716.89,0,0.3124529122112017,25.8
25,88833.01,1.6,49088.34,24,4.82,850,4,0,5253.13,1,0.5525912045533524,9.64
40,16402.64,6.9,2484.53,48,7.31,745,2,0,1307.03,0,0.15147134851462937,29.24
27,23761.6,2.1,12726.89,48,10.16,612,4,0,1656.37,1,0.5356074506767221,40.64
36,28327.96,1.0,5331.09,36,8.46,677,2,0,2192.47,0,0.18819180766987811,25.380000000000003
31,41201.29,4.3,13162.36,24,8.59,699,3,0,2834.6,0,0.3194647546229742,17.18
20,16055.68,1.6,3533.83,24,7.85,721,4,0,1178.39,0,0.2200984324550564,15.7
31,25878.98,8.7,29846.79,36,7.82,648,2,0,1223.77,0,1.1533217306091663,23.46
30,48666.71,1.3,28650.3,36,8.83,644,2,0,3146.75,0,0.588704270331814,26.490000000000002
34,102169.15,8.2,13677.95,24,8.73,690,3,0,7890.92,0,0.13387553875117883,17.46
27,25465.51,0.5,53824.3,24,10.14,575,4,0,-365.07,0,2.113615631495305,20.28
40,108013.62,8.8,12608.93,60,8.21,693,2,0,8744.2,0,0.11673463031791732,41.050000000000004
45,44483.83,0.7,25132.68,36,7.27,732,4,0,2927.86,1,0.564984624750162,21.81
31,16975.26,0.8,8311.11,36,9.91,640,6,0,1146.78,0,0.48960133747583257,29.73
35,83723.05,1.6,42973.21,48,8.0,701,1,1,5927.82,0,0.5132781235275112,32.0
34,23008.83,5.1,28264.02,48,10.54,589,2,0,1193.2,1,1.2283988364467031,42.16
25,15000.0,15.7,11457.99,36,8.83,630,5,1,886.54,0,0.7638659999999999,26.490000000000002
30,45160.27,8.8,30298.71,36,9.55,576,3,0,2792.09,0,0.6709151650333357,28.650000000000002
23,19985.2,2.4,7218.09,36,11.59,541,3,0,1427.1,0,0.36117176710765964,34.769999999999996
41,25822.02,2.1,22933.15,24,9.78,621,4,0,1095.91,0,0.8881237796268456,19.56
30,27835.74,4.5,12627.22,36,7.07,707,3,0,1929.35,0,0.45363335050550113,21.21
50,84015.6,7.0,10195.01,24,9.06,622,2,1,6535.26,0,0.12134663086379195,18.12
24,65980.24,2.9,13294.49,36,7.27,736,8,0,5086.22,0,0.20149199214795216,21.81
18,25960.53,20.3,8063.52,48,6.77,753,3,1,1971.15,0,0.31060690979729616,27.08
36,15000.0,3.9,9439.41,36,9.4,599,3,0,948.07,0,0.629294,28.200000000000003
47,21605.64,2.4,7074.0,12,6.66,734,6,0,1189.49,0,0.32741450843390896,6.66
42,18083.74,4.6,21265.78,12,7.32,695,0,1,-336.22,0,1.1759613885180829,7.32
29,48738.13,4.5,22545.95,24,12.17,494,2,1,2998.4,0,0.4625936612668562,24.34
18,72875.83,6.1,28179.99,36,10.73,581,4,0,5154.01,1,0.38668499556025643,32.19
46,28420.51,2.9,13849.21,48,10.87,604,2,0,2011.31,0,0.4872963222686715,43.48
18,54277.06,4.6,10535.21,60,9.35,648,7,0,4302.6,0,0.19410060161696302,46.75
25,34404.57,0.3,3660.29,60,11.56,513,2,0,2786.44,0,0.10638964532909437,57.800000000000004
40,38605.51,1.5,3348.07,24,11.85,520,3,0,3059.75,0,0.08672518508368365,23.7
29,32013.99,4.8,3816.55,12,11.23,551,3,0,2330.11,0,0.11921506816238775,11.23
23,38107.89,2.2,23010.84,36,6.41,771,3,0,2471.34,0,0.603834009177627,19.23
30,15000.0,6.1,31770.75,36,12.29,488,2,0,190.35,1,2.11805,36.87
37,261816.77,3.6,11576.25,48,9.87,571,4,0,21525.18,0,0.04421508217368964,39.48
25,59356.54,18.2,2569.86,24,4.77,850,4,0,4833.9,0,0.04329531337237649,9.54
30,41794.37,8.2,9870.23,36,10.87,600,2,0,3160.33,0,0.23616171269001063,32.61
18,28378.49,4.1,16822.46,36,7.19,764,3,0,1843.98,0,0.592789115981858,21.57
29,28779.23,2.3,39675.49,24,11.29,546,2,0,543.73,0,1.3786154111836904,22.58
19,54814.5,5.9,1988.16,12,8.33,664,2,1,4394.62,0,0.036270694797909314,8.33
20,86042.68,19.4,15357.28,48,7.42,713,2,1,6799.47,1,0.17848444516140133,29.68
30,38547.14,3.7,3507.93,36,8.44,691,2,0,3101.62,0,0.09100363866164908,25.32
43,37048.98,1.3,44991.02,60,9.6,621,3,0,2140.32,0,1.2143659555539719,48.0
29,34899.03,3.3,72492.81,36,9.58,640,2,0,583.38,1,2.07721561315601,28.740000000000002
35,153606.57,0.7,27007.92,36,10.79,581,2,0,11919.03,0,0.17582529184786821,32.37
39,33039.82,2.7,1620.21,24,4.78,847,4,0,2682.4,0,0.04903810008650168,9.56
34,93874.11,11.3,3138.26,48,9.33,624,2,1,7744.25,0,0.03343051667813415,37.32
26,45435.12,8.5,30629.32,36,8.35,683,1,0,2821.5,0,0.674133137537658,25.049999999999997
28,39568.5,1.1,9015.42,24,8.67,710,2,0,2886.87,0,0.22784336024868265,17.34
21,64217.18,0.1,32287.45,12,10.21,547,1,0,2509.7,1,0.5027852359757934,10.21
35,15000.0,0.6,13553.59,36,6.87,749,5,0,832.31,0,0.9035726666666667,20.61
41,35388.46,7.5,16110.58,12,7.13,721,3,1,1554.08,0,0.4552495361482246,7.13
18,16967.46,3.8,18859.97,36,7.08,743,3,1,830.92,0,1.1115376137618713,21.240000000000002
51,126426.56,0.7,19010.01,24,8.21,717,2,0,9673.95,0,0.15036405324957033,16.42
27,34291.8,1.4,24548.19,36,5.65,850,0,0,2114.73,0,0.7158618095288085,16.950000000000003
20,102405.4,1.3,5148.05,24,8.53,657,6,1,8299.7,0,0.05027127475699524,17.06
38,39719.27,2.5,16255.11,12,9.94,584,2,1,1881.31,1,0.40924996859207136,9.94
36,15000.0,2.1,17501.08,36,8.89,667,5,1,694.37,0,1.1667386666666668,26.67
20,49026.17,0.6,12592.33,48,7.21,750,2,0,3782.75,0,0.2568491481182397,28.84
18,20704.26,0.5,25948.44,24,7.95,707,3,0,552.37,0,1.253289902657714,15.9
34,15000.0,0.7,47206.11,36,6.36,777,3,0,-193.81,0,3.147074,19.080000000000002
23,34991.61,3.5,42247.19,36,10.93,586,4,0,1534.25,1,1.2073519909486874,32.79
28,19828.96,1.8,24859.34,60,9.97,614,3,0,1124.59,0,1.2536885444319823,49.85
22,26336.13,4.7,78189.59,24,10.34,584,5,1,-1425.66,0,2.9689096309898226,20.68
36,30341.94,2.2,38350.26,48,9.83,618,3,0,1558.96,1,1.2639356613321364,39.32
37,78047.38,0.4,4160.85,60,7.79,713,0,0,6420.0,0,0.05331184723945891,38.95
31,32649.56,4.8,2883.4,48,11.35,541,3,0,2645.78,1,0.08831359442516223,45.4
36,35125.47,10.5,4375.68,48,6.46,776,2,0,2823.43,0,0.12457285269065439,25.84
37,35243.03,0.0,5449.96,48,11.13,549,2,0,2795.72,0,0.15463937124588892,44.52
47,33871.0,5.6,13485.6,60,8.01,659,3,0,2549.08,0,0.3981459065277081,40.05
55,18831.27,0.1,21036.61,36,6.41,792,4,1,925.38,0,1.1171105294544659,19.23
42,45086.5,6.0,10491.24,24,5.74,802,4,0,3293.46,0,0.23269138212103402,11.48
28,28953.48,5.5,25850.7,48,9.19,622,2,0,1767.16,0,0.8928356798561002,36.76
31,25238.25,6.6,39659.65,36,8.33,652,3,0,854.35,0,1.5714104583320951,24.990000000000002
30,26198.17,8.5,14443.82,36,6.27,830,4,0,1742.0,1,0.5513293485766373,18.81
28,38878.84,5.5,14092.72,36,11.0,564,2,0,2778.53,1,0.36247789285894333,33.0
41,18160.25,0.2,10723.45,48,5.56,832,3,0,1263.67,0,0.5904902190223152,22.24
31,201196.78,4.1,13865.28,36,10.03,545,5,0,16318.81,0,0.0689140253636266,30.089999999999996
23,126396.54,1.5,5985.12,36,6.72,799,2,1,10349.01,0,0.047351929095527455,20.16
30,70578.74,1.0,4569.52,24,8.93,695,9,0,5672.95,0,0.06474357575666553,17.86
19,59657.79,1.2,29659.87,24,9.97,648,4,0,3603.24,1,0.4971667572667375,19.94
32,60139.82,0.5,12900.25,36,10.68,540,6,0,4591.27,1,0.21450430014589336,32.04
30,75794.82,9.4,13096.18,60,10.58,529,1,0,6034.23,0,0.17278463092860435,52.9
26,144461.36,6.3,14627.16,36,12.79,462,2,1,11547.08,0,0.10125309632970368,38.37
28,22191.28,1.0,12982.11,48,7.27,732,4,0,1536.77,0,0.5850095172518215,29.08
42,53633.05,1.2,9959.75,48,7.02,745,3,1,4230.83,0,0.18570172682702177,28.08
33,40251.7,1.2,21433.56,48,5.59,850,5,0,2854.96,0,0.5324883172636188,22.36
39,19545.1,10.3,24873.81,48,6.23,736,3,1,1041.97,0,1.2726366199200825,24.92
25,48933.5,6.1,3191.55,12,9.5,617,3,0,3797.95,0,0.06522218929772038,9.5
18,105829.77,4.3,4948.24,48,9.33,668,1,0,8695.23,0,0.046756597883563386,37.32
28,15000.0,8.5,10037.19,60,11.22,499,1,1,1030.66,1,0.669146,56.1
35,79025.61,7.0,8001.66,48,8.31,672,0,0,6388.96,0,0.10125401119966046,33.24
48,43178.66,0.2,8002.27,36,6.92,755,2,0,3351.43,0,0.18532928071413055,20.759999999999998
37,19797.03,13.7,12994.15,12,10.48,575,3,0,504.46,0,0.6563686573187999,10.48
31,27573.91,0.6,3783.28,48,7.12,746,3,1,2207.02,0,0.1372050608709465,28.48
27,58612.47,2.0,35789.51,48,6.12,764,3,0,4041.88,0,0.610612553949697,24.48
44,30141.28,1.7,31393.1,24,5.74,818,5,0,1124.09,0,1.041531746495172,11.48
35,42264.54,3.2,10338.27,24,11.14,522,2,0,3039.53,0,0.2446086009690393,22.28
24,32549.38,11.7,9060.12,60,8.94,654,5,0,2524.64,0,0.27835000236563645,44.699999999999996
60,41545.09,4.1,9921.02,36,6.35,778,2,0,3158.7,1,0.23880126387979905,19.049999999999997
37,17038.38,0.8,4140.22,36,10.24,569,1,0,1285.8,0,0.2429937587963175,30.72
48,73377.69,9.1,5232.29,48,6.24,798,2,2,5991.35,0,0.07130627851599035,24.96
35,100526.53,11.1,14785.33,48,13.3,440,4,0,7978.35,0,0.14707888554394546,53.2
48,93613.63,6.0,28202.88,36,8.63,706,2,0,6909.14,0,0.301268949831344,25.89
36,23310.73,9.8,5413.8,36,10.66,626,2,1,1766.19,0,0.2322449790289708,31.98
32,33246.37,11.7,19949.58,48,7.0,742,7,0,2292.81,0,0.6000528779532923,28.0
24,66647.72,2.2,10171.49,48,9.54,607,2,1,5298.24,1,0.15261572338858703,38.16
51,17374.44,2.0,8786.41,48,8.51,653,2,0,1231.26,0,0.5057089609794618,34.04
34,51210.65,1.5,5528.48,24,8.97,704,3,0,4015.06,0,0.10795566937736582,17.94
27,85302.6,0.7,5866.02,36,8.06,705,3,0,6924.57,0,0.06876718880784408,24.18
18,22797.93,15.0,8229.34,12,10.8,623,8,0,1173.27,0,0.3609687370739361,10.8
33,78023.69,0.2,10082.52,24,10.97,582,2,0,6032.19,1,0.12922382932670834,21.94
46,32805.12,0.7,15139.27,24,5.9,776,2,1,2063.46,0,0.46149107212532675,11.8
43,77162.22,7.3,10635.39,36,6.17,775,3,0,6105.82,0,0.13783157094236012,18.509999999999998
54,106360.04,7.2,28464.07,36,5.27,850,1,0,8006.79,0,0.2676199632869638,15.809999999999999
42,25963.64,4.4,10669.02,36,11.83,522,2,2,1810.14,0,0.41092158110342003,35.49
18,15000.0,2.0,71906.99,24,9.3,713,4,0,-2044.96,0,4.793799333333333,18.6
28,20765.24,0.9,38698.8,24,8.13,691,1,0,-22.1,0,1.8636336493100971,16.26
25,19010.55,0.5,3613.25,48,8.74,661,2,0,1494.74,0,0.19006551625281753,34.96
18,19065.92,0.5,33771.16,48,9.56,607,3,1,739.42,1,1.771284050284487,38.24
41,25748.79,5.1,15873.78,24,9.74,628,3,2,1415.14,1,0.6164864446057465,19.48
31,39268.81,0.3,1672.46,36,5.55,844,2,1,3221.86,0,0.04259003519587174,16.65
28,56758.03,11.5,5738.57,36,10.46,621,1,0,4543.43,0,0.10110586995355547,31.380000000000003
33,63754.21,1.1,8352.79,24,10.15,602,2,1,4926.83,0,0.1310155047015719,20.3
27,56959.47,1.5,27532.53,12,12.99,450,1,0,2287.62,1,0.48337054400260393,12.99
33,22828.99,0.5,13792.03,36,7.98,667,3,1,1470.35,0,0.6041454308753913,23.94
35,22930.32,7.1,16343.03,24,10.28,594,2,1,1154.6,0,0.7127257709443218,20.56
27,23122.76,10.9,12554.16,48,13.04,453,4,1,1589.85,0,0.5429351859380109,52.16
31,26592.96,1.7,42443.33,12,13.34,473,1,0,-1581.62,1,1.5960363193867853,13.34
32,37209.48,2.5,30606.0,36,11.28,551,2,0,2094.73,0,0.8225323224081604,33.839999999999996
39,23606.57,0.2,12652.75,36,10.04,627,2,1,1558.71,0,0.5359842620084154,30.119999999999997
48,20099.96,1.5,13226.31,48,9.99,587,1,0,1339.61,1,0.6580266826401645,39.96
50,34207.73,2.2,13522.43,48,9.05,632,1,0,2513.82,0,0.3953033422562678,36.2
30,15000.0,0.0,26998.06,60,5.42,805,1,1,735.3,0,1.7998706666666668,27.1
47,74659.78,3.1,100000.0,36,10.88,549,6,1,2953.46,1,1.3394092508710849,32.64
38,89174.3,2.6,8425.75,36,12.01,505,4,0,7151.3,1,0.09448630378932046,36.03
39,69429.23,7.8,11191.86,48,10.56,600,3,0,5498.9,0,0.16119810056945758,42.24
38,15000.0,0.2,21933.38,24,11.88,509,3,0,218.75,0,1.4622253333333335,23.76
42,25149.05,0.9,14824.47,48,15.88,317,1,1,1676.53,0,0.5894644131686883,63.52
43,15000.0,0.9,14625.68,36,10.71,568,0,0,773.18,1,0.9750453333333333,32.13
39,62654.54,2.1,6353.15,48,11.26,511,1,1,5056.21,1,0.10139967510734257,45.04
47,38071.8,12.7,3446.79,60,8.32,668,6,2,3102.23,0,0.0905339385056656,41.6
34,45918.0,4.5,13328.02,24,9.26,653,6,0,3216.02,0,0.2902569798336165,18.52
33,32530.54,0.5,14302.42,48,9.06,639,3,0,2354.55,0,0.43966131518259455,36.24
52,54958.76,8.7,2698.1,48,10.48,584,3,2,4510.84,1,0.049093174591275344,41.92
19,24660.38,2.8,11082.5,36,8.21,700,3,0,1706.67,0,0.4494050781050413,24.630000000000003
32,18051.8,18.6,8765.41,60,9.11,638,3,0,1321.89,0,0.485569860069356,45.55
51,51230.51,2.5,36355.61,24,7.17,683,3,1,2638.67,0,0.7096476298986678,14.34
24,124084.46,2.3,27904.12,36,6.36,796,2,1,9486.92,0,0.2248800534732552,19.080000000000002
33,15000.0,3.5,19166.87,12,7.87,694,2,0,-416.14,0,1.2777913333333333,7.87
46,18073.34,0.2,26354.65,36,9.5,622,3,0,661.89,0,1.4582058435242187,28.5
29,70507.51,1.9,6616.55,36,9.02,652,3,0,5665.16,0,0.09384177657103478,27.06
29,22912.3,2.1,29251.28,24,7.58,703,3,0,592.0,0,1.2766627531936994,15.16
45,60964.98,3.4,7200.34,60,8.0,728,2,0,4934.42,0,0.118106165211569,40.0
27,114966.77,0.4,20681.33,48,11.82,546,1,0,9037.77,0,0.17988963245640457,47.28
35,17722.2,0.5,10098.83,36,4.7,850,4,0,1175.54,0,0.569840651837808,14.100000000000001
34,24976.09,8.1,19436.25,48,10.28,570,2,1,1585.77,1,0.7781942649950413,41.12
27,156433.28,2.2,18458.73,12,12.04,488,2,0,11395.73,0,0.11799746192114619,12.04
18,48064.66,3.5,11482.59,12,10.39,569,3,0,2993.8,1,0.2388988083968554,10.39
42,279253.84,4.8,13434.9,48,8.12,736,2,0,22942.41,0,0.04810999197002984,32.48
46,40813.62,2.4,25947.2,24,8.3,713,1,0,2224.06,0,0.6357485564867806,16.6
42,15000.0,7.8,15551.78,48,10.99,568,1,0,848.13,0,1.0367853333333334,43.96
35,42002.6,9.6,5650.31,48,9.23,613,3,0,3358.99,0,0.13452286287039375,36.92
43,67623.45,3.2,8457.07,36,7.7,711,3,0,5371.44,0,0.1250612028815448,23.1
21,90576.66,1.3,21887.86,24,9.23,663,1,0,6545.8,0,0.24165011162919894,18.46
27,44402.64,3.3,9659.36,60,9.34,634,1,1,3498.11,0,0.2175402183293606,46.7
50,53417.75,12.3,12662.63,60,9.93,581,5,0,4182.87,0,0.23704910820841385,49.65
30,15000.0,3.1,15989.7,12,11.39,532,0,0,-166.11,1,1.0659800000000001,11.39
49,76347.95,0.1,8220.86,48,6.46,749,4,0,6167.52,0,0.10767623754141402,25.84
32,49848.69,8.8,13577.28,48,8.04,668,3,1,3822.34,0,0.2723698456268359,32.16
27,37757.56,0.4,11393.41,48,8.81,646,5,0,2863.96,0,0.30175175514519476,35.24
42,25672.13,9.7,25365.37,48,7.41,718,2,0,1527.1,0,0.9880508551491441,29.64
29,70609.67,0.3,6718.34,48,7.18,715,1,1,5722.7,0,0.09514759097443735,28.72
50,60951.36,16.0,8710.92,36,7.77,729,1,0,4807.24,0,0.14291592509174528,23.31
28,89967.01,0.3,8363.87,36,8.27,656,3,0,7234.11,0,0.0929659660802332,24.81
37,33222.71,1.1,37867.38,60,9.3,618,4,0,1976.97,0,1.139804067759674,46.5
34,53337.17,7.4,27289.53,24,4.77,850,4,0,3250.34,0,0.5116418812621667,9.54
34,36807.36,10.4,26458.11,48,7.11,738,2,1,2432.36,0,0.7188266151117603,28.44
31,51746.14,3.8,8669.13,60,7.35,756,3,0,4139.08,0,0.16753191639028533,36.75
21,90288.71,1.5,16881.78,24,6.18,758,3,0,6774.48,0,0.18697553658702176,12.36
21,21380.91,2.1,30869.62,48,8.61,660,5,0,1019.25,0,1.4437935522856604,34.44
50,62837.86,5.3,11477.1,48,10.02,620,1,1,4945.29,0,0.18264625816347024,40.08
42,19228.74,1.9,41882.46,36,11.29,539,7,0,225.46,0,2.178117754985506,33.87
33,121284.8,1.8,6432.74,48,9.79,613,0,0,9944.56,0,0.05303830323338126,39.16
42,29194.08,9.2,5612.03,60,10.65,601,3,0,2311.8,0,0.19223178123784,53.25
35,40442.43,7.8,19973.87,36,6.69,784,1,0,2756.29,0,0.49388402230034145,20.07
18,43436.22,4.7,14300.31,24,9.94,575,2,1,2960.19,0,0.32922547127719676,19.88
42,62457.27,3.0,3966.68,60,10.7,586,2,0,5119.12,1,0.06351030072239788,53.5
39,65824.76,6.0,6760.3,48,10.89,558,4,1,5311.03,0,0.10270147585802061,43.56
47,18441.62,1.2,16963.01,48,8.89,679,2,0,1115.56,0,0.9198221197486989,35.56
33,43463.63,7.8,18309.03,36,9.87,623,4,0,3032.3,0,0.42124944465061936,29.61
19,24501.42,8.7,22901.18,12,6.09,757,3,1,69.81,1,0.9346878670705617,6.09
26,35426.48,5.3,6575.38,24,7.36,717,5,0,2656.74,0,0.18560635998834768,14.72
44,46365.39,3.5,15673.26,36,10.59,605,2,0,3353.7,0,0.33803792009513994,31.77
43,57326.46,6.1,11463.17,36,6.02,803,3,0,4428.37,0,0.19996298393446935,18.06
30,24043.01,0.8,10219.66,48,8.25,666,4,0,1752.89,0,0.42505742833364046,33.0
31,19083.68,0.6,25121.21,24,9.77,604,3,0,433.76,1,1.316371370720951,19.54
38,31101.81,2.2,26145.22,24,7.77,727,1,0,1412.08,1,0.8406333907897965,15.54
18,18019.39,2.8,8768.08,36,9.81,613,2,0,1219.48,1,0.4865913884987228,29.43
22,54075.62,23.3,11025.18,48,6.65,794,5,0,4244.08,0,0.20388448620653818,26.6
47,29340.75,0.1,7837.78,48,8.89,601,4,0,2250.43,0,0.2671295041878616,35.56
27,22746.11,1.4,17780.3,24,7.65,735,2,0,1094.19,0,0.7816853079493592,15.3
18,66054.74,10.2,100000.0,36,8.84,642,2,0,2332.03,0,1.5138958990679547,26.52
51,36588.36,0.9,13653.2,24,7.37,740,3,0,2435.45,0,0.37315692750371976,14.74
28,18466.46,6.9,30015.66,12,9.36,653,6,0,-1091.06,1,1.625414941466854,9.36
43,29671.41,0.7,32031.65,24,5.57,792,0,0,1059.15,1,1.0795459332738149,11.14
29,81234.54,3.1,1769.17,48,8.86,633,2,0,6725.64,0,0.02177854395433273,35.44
21,57988.14,1.8,6189.75,24,11.44,549,5,0,4542.59,1,0.10674165441416124,22.88
37,42547.09,2.5,20347.86,48,4.82,850,0,0,3078.65,0,0.47824328291312057,19.28
31,52395.67,20.1,27101.44,24,4.97,850,2,0,3177.69,1,0.5172457953109484,9.94
45,40498.75,4.4,7734.29,60,5.8,822,1,0,3226.09,0,0.19097601777832648,29.0
45,15000.0,5.4,12507.56,24,6.12,800,7,0,694.98,0,0.8338373333333333,12.24
22,44398.92,2.4,35950.12,24,8.82,613,4,0,2060.51,0,0.8097070829650812,17.64
26,48323.21,8.5,41140.25,48,7.64,719,4,0,3029.52,1,0.8513559012325547,30.56
53,51336.04,1.4,20258.64,48,8.62,634,3,0,3777.51,0,0.39462802350940973,34.48
41,15000.0,12.0,40367.94,48,8.66,731,6,0,251.95,0,2.691196,34.64
26,15000.0,0.1,1688.3,36,5.17,850,4,0,1199.27,0,0.11255333333333332,15.51
26,72845.07,11.0,11264.66,60,9.85,628,0,1,5831.91,1,0.1546386049186307,49.25
50,34150.56,14.2,10356.08,48,9.48,646,7,0,2585.8,0,0.3032477359082838,37.92
27,68332.5,0.2,5991.27,12,6.55,730,4,0,5177.21,0,0.08767819119745364,6.55
28,34046.55,0.1,9454.49,36,9.74,623,4,1,2533.3,0,0.2776930408514225,29.22
32,98924.5,3.7,11482.27,24,9.92,610,4,0,7714.28,0,0.1160710440790704,19.84
29,126217.68,9.2,10884.16,48,8.25,686,3,0,10251.15,0,0.08623324402730267,33.0
56,31844.15,4.1,23619.99,24,8.83,634,4,0,1576.45,1,0.7417371793563339,17.66
33,120185.98,16.8,35120.31,60,9.76,593,1,2,9273.44,1,0.2922163633395509,48.8
46,70743.32,1.1,10335.73,36,8.38,670,5,3,5569.58,1,0.14610185102989226,25.14
22,108099.4,10.0,6307.32,60,9.96,563,4,1,8874.4,1,0.05834740988386614,49.800000000000004
18,74563.26,2.7,11160.23,48,9.51,608,0,2,5933.17,0,0.14967465210077993,38.04
28,15000.0,0.1,12013.92,24,7.37,748,3,1,710.09,0,0.800928,14.74
39,22585.28,0.3,1490.5,48,10.38,606,0,0,1844.03,0,0.06599431133906686,41.52
34,85934.36,7.2,7326.07,48,5.57,800,5,0,6990.58,0,0.08525192949595481,22.28
30,43725.2,8.7,19713.77,36,9.65,625,5,0,3010.89,0,0.45085602810278746,28.950000000000003
32,31232.93,24.8,4665.93,36,12.11,508,2,0,2447.52,1,0.14939136353841923,36.33
19,27631.84,6.6,5301.62,12,9.51,628,5,0,1837.76,0,0.19186633970086683,9.51
19,34576.17,3.4,18090.5,36,8.38,667,4,0,2311.28,1,0.5232071684052919,25.14
22,32332.45,13.5,9266.15,36,5.69,850,6,0,2413.78,1,0.28658978827772097,17.07
18,15843.8,6.7,15883.0,24,8.91,622,1,0,595.36,0,1.0024741539277193,17.82
46,25513.02,0.1,20316.99,48,7.45,761,2,0,1635.32,0,0.7963381050146161,29.8
37,15000.0,11.6,3643.57,36,6.52,758,2,1,1138.3,0,0.24290466666666669,19.56
26,42942.91,0.5,15059.06,24,13.15,445,3,0,2861.58,1,0.3506762816027139,26.3
58,47260.41,8.4,16774.01,12,9.43,566,3,0,2468.11,1,0.35492730596285554,9.43
33,27311.9,7.6,33720.37,48,10.59,565,2,0,1411.17,0,1.2346402117758193,42.36
31,82053.38,3.9,40563.42,48,9.36,648,3,1,5821.41,0,0.4943540412351081,37.44
45,79138.81,2.4,5988.65,60,8.8,623,7,0,6471.17,0,0.07567273250633917,44.0
20,62336.06,8.9,29262.62,36,10.43,586,3,0,4244.53,0,0.46943326222414444,31.29
35,45898.62,0.4,21743.9,24,8.21,700,5,1,2839.38,0,0.4737375546367189,16.42
35,82839.57,4.5,20127.86,24,13.56,489,3,0,5941.08,0,0.24297397970559237,27.12
42,59082.41,12.6,75673.2,12,9.27,639,4,0,-1703.68,1,1.2808076041583272,9.27
37,15000.0,0.9,8065.05,24,6.62,777,0,1,890.29,1,0.53767,13.24
46,36808.4,7.1,13619.1,36,8.3,637,6,0,2638.71,0,0.36999978265830624,24.900000000000002
18,20563.46,4.7,3998.34,36,9.22,622,3,1,1586.07,0,0.1944390681334756,27.660000000000004
50,29234.61,3.1,10841.0,36,13.1,451,0,0,2070.42,0,0.370827590995741,39.3
28,54501.34,1.9,50015.18,48,8.92,681,5,0,3299.05,1,0.9176871614532781,35.68
37,49841.49,7.4,46921.62,48,7.68,729,3,0,3015.0,1,0.9414168797923177,30.72
30,78662.56,2.4,2816.78,60,7.48,695,3,2,6498.8,0,0.03580839474331881,37.400000000000006
23,17707.66,4.3,3106.84,48,11.09,570,2,1,1395.2,0,0.17545175364785637,44.36
62,15000.0,5.6,14624.66,36,6.7,786,2,0,800.44,0,0.9749773333333334,20.1
33,65544.54,0.7,5085.43,36,10.29,577,6,0,5297.26,1,0.07758739324434957,30.869999999999997
34,70295.41,5.3,6028.07,48,6.53,739,2,2,5714.91,1,0.0857533941405278,26.12
23,81407.18,5.8,21731.32,36,8.12,643,3,1,6101.75,0,0.2669459868281889,24.36
18,75194.52,4.7,25296.94,36,12.68,498,3,0,5417.75,0,0.3364199944357647,38.04
30,23914.95,1.5,9482.7,48,8.01,681,2,0,1761.37,0,0.3965176594556961,32.04
38,57143.69,1.4,25917.4,24,9.75,607,5,0,3569.01,0,0.45354788953951,19.5
42,123746.0,0.3,38412.45,12,6.96,749,3,0,6989.17,0,0.310413669936806,6.96
18,31278.87,2.3,4381.28,60,8.27,671,3,0,2517.17,0,0.14007155629343387,41.349999999999994
22,38659.68,11.3,100000.0,60,8.07,685,2,0,1190.65,0,2.5866742818357524,40.35
38,21615.94,7.2,10099.66,24,6.18,777,4,0,1352.89,0,0.46723205190243866,12.36
48,34011.88,5.0,65135.91,48,10.1,615,2,0,1179.18,1,1.9150929028327752,40.4
28,27392.28,0.2,26177.02,36,11.61,523,4,1,1418.11,1,0.9556349453203604,34.83
29,32187.23,1.0,7646.39,60,8.11,689,4,1,2526.83,0,0.23755974030694782,40.55
37,26813.33,10.0,31423.64,48,10.66,568,3,0,1427.46,1,1.1719409711512891,42.64
41,85468.08,9.7,7534.46,36,8.96,670,4,0,6882.89,0,0.08815525047479714,26.880000000000003
24,15000.0,11.9,10808.27,24,6.31,773,2,1,769.46,0,0.7205513333333333,12.62
39,36828.2,0.1,27740.91,12,9.74,623,6,0,633.5,1,0.7532518559147611,9.74
40,15000.0,5.7,29371.4,36,12.04,491,4,0,273.89,0,1.9580933333333335,36.12
29,26661.26,1.2,19282.99,24,10.52,602,1,0,1327.32,0,0.7232587657147488,21.04
26,32772.92,1.0,5304.98,36,10.03,609,1,1,2559.82,0,0.16187083726442442,30.089999999999996
29,32398.17,4.8,9954.08,36,12.46,491,1,1,2367.04,0,0.3072420448438909,37.38
38,19491.87,1.4,13395.81,36,8.66,690,4,0,1200.46,0,0.6872511462471277,25.98
48,129588.27,2.0,8126.99,24,8.2,737,2,0,10430.72,0,0.06271393236440304,16.4
53,51173.32,2.3,27614.24,48,7.62,667,4,0,3595.21,0,0.5396218185570137,30.48
37,61871.93,2.1,7322.69,60,10.69,647,4,2,4997.91,0,0.1183523772411819,53.449999999999996
44,21223.34,1.2,31905.92,48,7.39,715,4,0,998.8,0,1.5033411329225277,29.56
26,32274.02,0.9,2826.13,60,9.88,595,2,1,2629.62,0,0.08756671775006647,49.400000000000006
37,15000.0,4.4,27507.38,48,7.4,672,2,0,586.18,0,1.8338253333333334,29.6
42,38437.96,2.3,18055.76,48,9.24,642,7,0,2751.78,0,0.4697377280167834,36.96
29,16136.59,7.9,8706.19,36,5.61,776,5,1,1081.39,0,0.5395309665796801,16.830000000000002
42,43134.29,1.7,13499.22,36,6.94,731,7,0,3178.08,0,0.31295797380691787,20.82
49,31675.34,9.2,36963.02,48,8.78,678,4,0,1723.64,0,1.1669336461739637,35.12
23,54363.55,5.8,8165.66,36,7.62,714,3,0,4275.84,0,0.1502046867800208,22.86
35,46273.1,2.0,8108.74,36,7.28,710,3,0,3604.68,0,0.1752365845383171,21.84
26,22663.76,9.8,28574.0,36,7.16,725,3,0,1004.27,0,1.2607793234661857,21.48
38,46432.92,6.2,42673.18,48,12.14,478,2,0,2742.73,0,0.9190285685242281,48.56
39,83240.49,3.0,7464.41,24,7.03,710,1,0,6602.4,1,0.08967282628922535,14.06
34,56265.3,2.1,21657.94,48,10.58,564,3,0,4133.42,0,0.3849253447506722,42.32
35,39458.95,0.5,13506.35,24,8.74,663,4,0,2672.82,0,0.34228863160322315,17.48
27,25059.42,1.8,13670.44,24,6.77,734,1,0,1477.65,1,0.5455210056737148,13.54
32,39759.15,0.2,18378.1,36,11.79,486,5,0,2704.69,0,0.4622357369309957,35.37
39,32809.6,2.1,7627.86,48,12.16,512,3,2,2532.66,0,0.2324886618550668,48.64
43,133208.47,4.5,5044.88,60,9.45,610,4,0,10994.88,0,0.037872066243235136,47.25
23,35856.61,1.4,12100.97,48,9.6,619,4,0,2683.46,1,0.33748226617072835,38.4
41,68281.82,7.9,28149.53,36,10.1,597,1,0,4780.52,0,0.41225512149500404,30.299999999999997
61,61778.4,3.4,8127.53,24,6.67,765,4,0,4785.52,0,0.1315594123512425,13.34
39,15000.0,3.7,5896.78,36,6.71,762,1,0,1068.71,0,0.39311866666666667,20.13
43,44582.92,0.7,18637.27,24,11.11,556,4,0,2845.65,0,0.41803609992346846,22.22
20,34341.36,2.5,16271.42,36,11.23,534,8,2,2327.3,0,0.4738140830765002,33.69
36,20680.51,0.1,16097.04,36,6.76,757,3,0,1228.11,0,0.7783676514747462,20.28
18,45645.93,0.9,7035.74,60,8.22,702,4,0,3660.43,1,0.15413729110130958,41.1
18,46742.36,9.1,6553.58,24,9.07,687,2,1,3595.59,0,0.14020644229345716,18.14
38,143272.33,0.9,4265.53,36,5.69,827,5,0,11810.19,0,0.02977218280738507,17.07
40,64407.42,16.8,47415.86,48,6.37,778,5,0,4245.66,0,0.7361862965478202,25.48
31,37422.79,5.0,23225.45,36,10.21,620,3,0,2366.85,0,0.6206231550346727,30.630000000000003
18,35252.3,3.5,48217.53,60,11.63,528,4,0,1874.11,1,1.3677839460120331,58.150000000000006
41,86080.92,4.1,6232.6,36,6.44,766,3,0,6982.56,0,0.07240396594274318,19.32
24,57496.8,2.9,100000.0,12,7.59,739,2,1,-3888.5,1,1.7392272265586954,7.59
27,65984.63,4.4,40982.72,48,10.41,606,0,0,4451.2,1,0.6210949428677557,41.64
31,83968.44,2.7,26518.25,36,5.67,791,5,1,6194.59,0,0.31581210750134214,17.009999999999998
38,38679.97,10.5,36056.94,48,8.57,667,2,0,2333.4,0,0.9321863486450481,34.28
18,93914.4,6.2,25946.47,24,13.16,430,8,0,6590.71,1,0.27627786580119773,26.32
18,57834.12,12.5,6909.53,48,8.2,681,1,0,4650.18,1,0.11947151612231671,32.8
32,61090.2,8.6,36912.62,48,6.06,814,3,1,4222.94,1,0.6042314479245444,24.24
24,20087.37,11.4,4193.3,36,8.75,652,3,0,1541.09,1,0.2087530622475715,26.25
35,30574.65,3.7,26400.25,36,12.46,511,4,0,1665.21,0,0.8634685924450484,37.38
18,158713.84,7.0,30169.46,36,9.61,660,5,0,12258.18,1,0.19008714047873834,28.83
37,20127.22,0.2,14522.03,24,12.34,464,0,1,991.36,1,0.7215119624071282,24.68
30,43460.34,5.4,15935.53,60,9.69,653,4,2,3285.54,0,0.36666832334951827,48.449999999999996
43,52329.94,21.1,28856.65,36,10.2,611,3,1,3426.99,0,0.5514367109918338,30.599999999999998
54,15000.0,11.0,29871.58,36,9.15,625,1,0,298.0,0,1.9914386666666668,27.450000000000003
18,15727.58,2.7,10766.7,24,10.25,607,4,0,812.56,0,0.6845744863481859,20.5
33,66319.07,12.5,26287.72,60,11.47,567,3,0,4948.85,0,0.39638251863302665,57.35
31,37021.03,2.3,3281.44,24,11.99,514,5,0,2930.63,0,0.08863718810632767,23.98
48,35255.18,1.4,19792.96,24,15.15,357,3,0,1976.83,1,0.5614199104925858,30.3
63,15000.0,7.6,9762.05,24,10.15,577,2,1,798.85,1,0.6508033333333333,20.3
46,107957.32,6.3,9619.5,48,6.85,766,2,0,8766.76,1,0.08910465728493445,27.4
27,44509.88,4.3,69095.45,24,10.45,579,0,0,506.38,0,1.5523620823062205,20.9
37,29347.38,0.2,12997.27,48,9.58,644,4,0,2118.59,0,0.44287667246616225,38.32
32,33268.88,1.0,15977.63,48,6.98,738,4,1,2389.95,0,0.48025752595218113,27.92
48,72949.58,4.7,11989.5,48,7.19,752,2,0,5790.97,0,0.16435324233532256,28.76
39,15000.0,3.1,4712.78,48,9.09,657,3,0,1132.52,0,0.3141853333333333,36.36
41,65708.12,9.4,15528.73,48,10.81,558,2,0,5075.76,0,0.23632893468874167,43.24
41,15000.0,3.1,15677.14,24,6.9,731,5,0,548.8,1,1.0451426666666666,13.8
39,21884.77,13.9,13166.96,48,8.53,633,1,0,1499.0,0,0.6016494575908268,34.12
38,37332.65,0.8,21100.58,12,11.05,562,2,1,1245.66,0,0.5652044524029235,11.05
40,44254.61,12.3,11234.03,60,8.19,672,5,0,3459.08,0,0.253849937893476,40.949999999999996
25,50268.87,20.4,6718.53,36,9.82,608,0,0,3972.85,0,0.13365190027148013,29.46
18,24421.95,5.9,5417.64,36,9.81,603,5,0,1860.83,0,0.22183486576624717,29.43
29,42136.35,1.5,22681.63,36,9.89,636,1,1,2780.66,1,0.5382912853154106,29.67
51,36565.84,1.2,9909.37,60,9.08,661,7,1,2841.07,0,0.2710007482393404,45.4
34,31025.22,1.1,10396.19,36,6.19,804,5,1,2268.27,0,0.33508835714944163,18.57
36,16429.72,0.4,2781.75,48,5.79,832,2,0,1304.08,1,0.169312075920953,23.16
48,42209.7,4.8,6463.98,36,9.27,616,1,0,3311.11,0,0.15313968116333448,27.81
38,31176.95,11.5,14968.35,48,6.08,753,3,0,2246.0,0,0.48010950397649543,24.32
21,52774.67,5.6,100000.0,36,5.69,818,5,1,1369.72,0,1.8948484187584689,17.07
20,15000.0,3.4,12780.82,24,8.36,644,4,0,669.86,1,0.8520546666666666,16.72
22,19185.01,2.1,6810.83,48,8.62,699,5,0,1430.49,0,0.3550078941840531,34.48
36,54300.3,3.8,17850.5,36,10.99,583,5,0,3940.71,0,0.32873667364637027,32.97
31,71975.74,12.9,17530.17,36,7.22,757,5,0,5454.93,1,0.2435566483929168,21.66
24,74529.42,6.7,4777.38,36,9.59,619,2,0,6057.55,0,0.06410059275920837,28.77
40,51684.24,5.4,1860.47,36,9.55,642,3,0,4247.38,0,0.03599685319935052,28.650000000000002
35,69381.69,1.2,8493.72,24,12.85,455,4,1,5378.6,0,0.12242019472284402,25.7
42,17962.0,0.4,72361.23,12,7.08,734,4,0,-4767.02,0,4.028573098764057,7.08
35,15779.67,9.2,10975.86,36,6.71,743,3,0,977.52,0,0.6955696792138238,20.13
39,15000.0,19.8,4776.94,48,9.61,628,4,0,1129.74,0,0.3184626666666666,38.44
43,82917.14,6.4,8458.81,60,10.33,621,8,2,6728.66,0,0.10201521663675327,51.65
20,100969.43,0.2,21668.0,36,5.89,808,1,0,7756.02,1,0.21459960702957323,17.669999999999998
36,32457.44,3.0,7565.34,12,9.03,654,2,0,2043.08,1,0.233084925983072,9.03
45,33916.79,1.3,23985.06,48,9.42,584,1,0,2224.74,0,0.7071736446756901,37.68
31,19094.94,1.0,5221.93,24,11.17,579,6,0,1347.45,1,0.273471925023069,22.34
18,33130.7,1.7,8372.98,36,4.97,817,2,0,2510.06,0,0.2527257196497508,14.91
18,15630.57,8.8,7270.86,24,8.08,686,2,0,973.44,0,0.46516921647771003,16.16
37,27577.6,2.5,7372.65,24,10.2,618,6,0,1957.24,0,0.267341973195637,20.4
38,110285.72,6.2,48199.11,48,9.56,580,4,0,7978.18,0,0.43703853953168187,38.24
33,57512.87,11.8,27056.33,36,6.77,723,4,0,3960.16,0,0.470439572916462,20.31
25,39824.0,0.2,12220.15,36,12.79,482,8,1,2908.16,0,0.30685390719164324,38.37
30,16003.08,0.3,43257.14,36,8.1,727,2,0,-23.93,0,2.703050912699305,24.299999999999997
40,200562.08,25.7,9698.07,36,8.21,723,1,0,16408.66,0,0.04835445464067784,24.630000000000003
30,21652.64,10.0,52592.15,24,8.46,675,4,0,-585.26,1,2.4289024340680863,16.92
44,48690.45,2.6,53909.71,48,7.02,773,3,0,2766.1,0,1.1071926835755266,28.08
29,40444.8,32.9,53369.88,48,4.5,850,4,0,2153.38,0,1.319573344410159,18.0
29,51988.64,7.6,14695.26,60,10.31,603,4,1,4017.91,0,0.28266290481920664,51.550000000000004
35,76322.98,4.9,19500.55,24,9.73,601,3,1,5462.82,0,0.25550037485433613,19.46
49,25901.07,0.0,17970.93,36,8.19,704,2,1,1593.7,0,0.6938296371539863,24.57
33,111932.8,9.7,32780.01,48,9.24,646,4,0,8508.26,0,0.2928543733382887,36.96
28,20364.42,0.7,2034.59,48,11.7,502,4,1,1643.76,1,0.09990905707110735,46.8
32,15000.0,2.0,5967.96,36,8.88,632,1,2,1060.55,0,0.397864,26.64
37,18754.9,2.9,9984.6,48,10.54,518,3,0,1307.08,0,0.5323728732224645,42.16
40,18794.43,2.5,3660.61,36,9.01,607,5,1,1449.78,1,0.19477100396234417,27.03
18,23528.88,10.8,23373.27,36,7.32,707,3,0,1235.62,1,0.993386425533217,21.96
34,19241.67,7.5,18891.24,60,7.26,752,8,1,1227.08,0,0.981787963310877,36.3
39,17692.23,2.6,6958.73,12,8.53,669,6,0,867.32,0,0.39332124893244097,8.53
31,29137.43,6.3,10108.12,48,11.95,485,4,0,2162.18,1,0.3469118587329082,47.8
35,41437.24,11.3,19476.36,36,12.7,489,3,1,2799.68,0,0.4700206867059679,38.099999999999994
43,33020.67,0.6,11776.41,12,11.64,524,6,0,1707.38,1,0.3566375243143159,11.64
51,15000.0,6.8,22572.07,24,7.52,745,4,1,234.06,1,1.5048046666666666,15.04
38,39779.45,4.4,37532.78,24,11.53,547,2,0,1556.38,0,0.9435218435649563,23.06
35,85473.83,5.9,12751.89,48,6.9,744,3,0,6818.05,0,0.1491905768116393,27.6
42,69404.25,6.7,6279.01,12,8.12,702,5,0,5237.14,0,0.09047010809856745,8.12
27,40332.41,0.5,37938.64,60,10.02,613,2,0,2554.58,0,0.9406489718814223,50.099999999999994
35,68125.63,19.9,18355.09,60,7.79,715,0,0,5306.8,0,0.26943002215172174,38.95
24,36180.25,5.5,6556.48,24,12.32,474,3,1,2705.4,0,0.18121710048990816,24.64
22,72901.81,10.0,18260.67,36,9.58,683,2,1,5489.52,1,0.2504830812842644,28.740000000000002
19,26623.11,1.7,3347.61,48,5.69,760,2,0,2140.45,0,0.12574075680865232,22.76
36,53856.88,4.3,5719.78,12,8.09,715,4,0,3990.28,0,0.10620333001094753,8.09
49,70683.64,6.7,5314.44,36,9.85,614,3,0,5719.2,0,0.0751862807291758,29.549999999999997
28,58332.89,3.8,22663.36,24,7.55,736,2,0,3840.72,0,0.38851769559162935,15.1
39,44482.41,0.9,14073.18,36,8.77,662,5,0,3260.85,0,0.3163762934607185,26.31
40,41392.25,2.1,26407.75,12,10.2,580,7,2,1125.24,1,0.6379877875689289,10.2
34,17963.74,2.2,8995.86,24,6.45,783,5,0,1096.45,1,0.5007787910535334,12.9
40,64717.71,4.9,6270.9,12,10.15,586,2,0,4841.39,0,0.09689619734690859,10.15
45,15000.0,15.9,12082.99,48,8.15,727,3,0,954.17,0,0.8055326666666667,32.6
22,40729.58,5.2,19452.83,48,4.55,850,1,0,2950.1,1,0.4776093934678433,18.2
30,64750.84,9.0,22861.09,36,6.37,773,4,0,4696.59,0,0.35306244675744747,19.11
50,34870.25,11.8,9912.9,48,10.41,608,6,0,2652.48,0,0.2842795792975387,41.64
35,64931.12,2.3,38078.4,48,6.04,810,1,0,4515.96,0,0.5864429875843817,24.16
40,29334.31,5.1,47898.18,60,11.45,525,6,2,1392.32,1,1.6328381339121323,57.25
29,15819.66,0.4,2753.52,24,10.75,531,1,0,1190.29,1,0.17405683813684997,21.5
33,16145.53,6.4,14396.16,48,9.02,629,5,1,987.08,0,0.8916498869965866,36.08
42,31396.8,0.9,7237.12,12,9.22,598,4,0,1982.76,1,0.23050501961983388,9.22
48,24300.34,1.4,31795.63,12,9.86,609,0,0,-768.24,1,1.308443832473126,9.86
32,25009.32,2.6,37116.97,48,4.79,829,2,0,1232.86,0,1.484125518006887,19.16
20,38000.48,2.7,28903.13,24,7.41,711,4,0,1867.26,1,0.7605990766432423,14.82
58,19939.31,2.4,5336.6,24,8.34,661,3,0,1419.42,1,0.2676421601349294,16.68
58,85437.12,4.3,43311.38,24,9.64,610,2,0,5128.35,0,0.5069386702173482,19.28
52,17190.18,0.2,3222.17,24,4.67,850,3,0,1291.63,0,0.18744248169594502,9.34
34,15000.0,2.8,18734.64,24,9.9,566,5,1,386.36,0,1.2489759999999999,19.8
21,73065.28,5.6,46466.13,24,6.22,763,3,0,4024.76,1,0.635953629411945,12.44
18,26405.98,3.2,17497.15,48,7.1,757,4,2,1780.69,1,0.662620739696084,28.4
31,43429.39,1.4,2326.6,48,5.77,799,2,1,3564.72,1,0.05357201655376693,23.08
44,93059.95,14.6,30322.78,12,7.87,728,5,0,5119.09,0,0.325841352805369,7.87
33,27697.86,1.1,25926.69,36,10.2,571,2,0,1469.14,1,0.9360539045254759,30.599999999999998
29,95306.19,3.3,41582.81,48,7.82,704,3,0,6930.53,0,0.43630754728522875,31.28
26,26787.36,13.3,15768.91,48,7.6,768,2,0,1850.27,0,0.5886698054604859,30.4
36,45107.81,7.6,14189.15,12,7.52,734,1,0,2527.84,0,0.3145608266063017,7.52
45,32731.7,6.3,19875.82,24,10.11,580,1,0,1809.46,0,0.6072345768780723,20.22
34,22500.61,0.9,4900.78,48,8.71,682,4,0,1753.77,1,0.2178065394671522,34.84
36,73580.38,2.8,4727.98,36,6.91,772,2,0,5985.91,0,0.06425598780544486,20.73
26,37957.73,2.9,6419.99,12,7.92,684,4,0,2604.92,0,0.1691352459696615,7.92
46,48609.12,0.1,7962.85,48,9.99,606,2,0,3848.84,0,0.16381390981774613,39.96
41,22088.46,1.4,5230.02,60,10.76,552,4,0,1727.62,0,0.23677612653847305,53.8
39,64621.76,9.1,11091.47,12,8.81,667,4,0,4416.16,0,0.17163676755322044,8.81
30,29297.55,0.5,6358.33,48,5.61,815,2,0,2293.27,1,0.2170259970543612,22.44
53,15000.0,7.9,14971.3,36,10.5,576,3,0,763.4,1,0.9980866666666666,31.5
27,52168.78,0.0,7671.42,24,5.3,819,4,0,4009.81,0,0.14705001727086583,10.6
38,91241.91,15.2,2689.34,48,5.45,803,3,0,7541.01,0,0.029474832344040146,21.8
28,27016.47,1.3,3909.77,36,6.93,764,2,0,2130.78,0,0.14471801830513015,20.79
46,41796.88,1.5,9825.26,48,10.32,572,0,0,3232.37,0,0.23507161300077903,41.28
55,63468.31,7.7,8786.86,48,6.98,722,0,0,5078.69,0,0.138444839637293,27.92
24,24360.6,4.0,8272.41,36,11.95,503,3,0,1755.49,0,0.33958153740055663,35.849999999999994
27,53873.12,13.1,12147.11,36,9.07,667,5,0,4102.76,1,0.22547626719967212,27.21
45,34360.21,7.3,2021.44,24,10.11,611,3,0,2769.97,0,0.05883083950883886,20.22
39,17504.12,1.8,13138.45,36,6.7,748,6,2,1054.8,1,0.7505918606590907,20.1
50,29388.4,0.5,51816.32,36,11.64,531,5,0,736.89,0,1.7631555307536306,34.92
18,44684.25,0.7,19807.7,12,10.93,549,6,0,1973.7,0,0.44328146942155233,10.93
28,18401.13,10.1,32629.2,24,11.64,540,5,0,2.94,0,1.7732171882922407,23.28
32,157917.3,5.0,14013.32,24,7.34,689,4,0,12530.2,0,0.08873834595702941,14.68
37,55254.5,0.6,49563.45,48,9.79,597,3,0,3352.48,0,0.8970029590350107,39.16
50,15000.0,4.2,4937.86,48,11.52,553,2,0,1121.13,0,0.32919066666666663,46.08
44,28803.83,14.5,3564.14,60,10.47,582,1,1,2323.76,0,0.12373840562175237,52.35
49,45218.74,9.9,25110.94,60,8.45,726,4,0,3253.64,0,0.5553215326212096,42.25
20,31002.15,2.5,11132.76,48,10.28,559,3,0,2299.66,0,0.35909638525070037,41.12
35,19807.09,0.4,5402.84,60,8.67,695,1,0,1539.3,0,0.2727730322828846,43.35
38,15000.0,0.4,12503.22,48,6.77,756,2,0,951.93,0,0.833548,27.08
40,21182.2,1.2,24132.63,60,7.34,671,4,1,1283.45,0,1.1392881759212925,36.7
38,19558.68,2.0,9181.55,24,8.33,688,4,0,1213.25,0,0.46943607646323776,16.66
38,58428.63,6.1,31085.82,36,11.76,489,4,0,3840.12,1,0.5320306158128302,35.28
42,45955.34,0.6,4588.08,24,10.73,563,5,0,3616.35,0,0.09983779904576923,21.46
45,26308.14,4.3,24045.32,36,7.29,749,6,0,1446.7,1,0.9139878379847454,21.87
32,57259.15,1.7,60398.11,60,12.02,552,2,0,3427.46,0,1.054820233971339,60.099999999999994
34,33253.87,5.4,14516.11,48,9.82,602,4,1,2404.24,0,0.4365239293952854,39.28
37,48433.75,5.4,8710.66,36,9.69,642,1,0,3756.34,0,0.1798469042764601,29.07
25,24759.07,0.9,9087.59,48,4.84,842,3,1,1854.63,0,0.36704084604147086,19.36
35,50338.18,1.6,2850.85,48,12.62,494,3,0,4118.9,1,0.056633950611643086,50.48
28,15000.0,2.6,3824.95,24,9.52,638,0,0,1074.34,0,0.25499666666666665,19.04
38,33147.07,8.2,13225.8,12,9.71,610,1,1,1601.28,0,0.3990035921727018,9.71
49,59318.74,2.7,8752.74,48,6.3,770,3,1,4736.46,0,0.14755438163386478,25.2
34,43180.03,0.1,6911.69,36,10.34,615,4,0,3374.21,0,0.16006681792486016,31.02
40,70229.38,5.0,7576.95,48,10.07,611,3,1,5660.02,0,0.10788860730366692,40.28
36,104155.18,19.7,16926.73,24,6.32,741,6,0,7926.95,0,0.16251452880212008,12.64
39,17394.63,1.5,12526.04,36,11.71,504,3,0,1035.24,1,0.7201095970423056,35.13
20,33279.51,1.5,9411.83,48,10.53,624,1,0,2532.18,0,0.2828115558191812,42.12
36,18283.98,0.0,18533.22,60,8.58,628,2,0,1142.71,0,1.0136316053725722,42.9
36,51220.33,2.6,41144.91,36,9.21,636,2,0,2955.94,1,0.8032925598097475,27.630000000000003
42,16292.37,1.8,10985.72,60,10.31,543,2,1,1122.6,1,0.674286184269078,51.550000000000004
36,43872.14,3.7,8586.39,12,6.98,770,2,0,2913.14,0,0.19571395423154647,6.98
36,52104.35,3.2,27773.8,36,9.69,606,3,0,3449.88,0,0.53304186694585,29.07
47,49409.11,1.9,16084.5,36,10.45,572,3,2,3595.02,1,0.3255371327271428,31.349999999999998
25,62961.86,3.2,12797.52,12,13.86,458,5,0,4098.61,0,0.20325829001875104,13.86
51,27209.08,2.7,9722.14,36,11.45,533,2,0,1947.06,0,0.357312338381158,34.349999999999994
59,68546.84,3.1,23126.17,36,7.9,689,2,0,4988.61,0,0.337377623826277,23.700000000000003
49,32236.14,9.7,67501.35,24,8.37,695,2,0,-377.96,0,2.093965034275196,16.74
56,52555.51,7.8,3414.44,24,8.98,699,6,0,4223.67,0,0.06496825927481248,17.96
32,22403.92,4.6,9492.07,48,8.86,661,5,0,1631.41,1,0.42367898117829383,35.44
26,118079.39,12.0,9194.28,48,8.3,685,4,0,9614.19,0,0.07786523964935795,33.2
38,15000.0,13.6,3428.74,36,9.52,645,3,0,1140.14,0,0.22858266666666666,28.56
48,15000.0,2.3,9901.0,48,8.87,595,1,1,1004.22,1,0.6600666666666667,35.48
35,70052.47,2.2,17524.33,24,9.0,634,2,0,5037.11,0,0.2501600585960781,18.0
34,36682.95,0.1,5939.55,36,7.32,743,6,0,2872.65,0,0.161915821928171,21.96
21,58811.87,8.5,4041.31,36,9.82,608,3,0,4770.93,0,0.0687158901765919,29.46
39,150892.72,1.3,45467.48,36,7.35,660,2,0,11163.2,0,0.3013232182440611,22.049999999999997
31,85272.03,1.3,17764.94,12,11.17,597,1,0,5534.5,1,0.20833255640800388,11.17
32,26024.48,3.7,6931.06,36,8.83,688,5,1,1948.85,0,0.26632847226918654,26.490000000000002
41,149113.72,0.2,5240.99,48,6.37,778,3,0,12302.17,1,0.035147604123886116,25.48
23,28590.63,1.9,41197.5,48,9.59,619,0,0,1345.77,0,1.4409441135085166,38.36
40,169789.87,0.5,8220.31,48,6.99,768,5,0,13952.35,0,0.04841460800929996,27.96
37,37285.25,17.9,6702.31,48,9.98,605,1,0,2937.18,0,0.17975767897492978,39.92
52,63535.09,3.2,7107.64,12,9.68,602,4,1,4670.77,0,0.11186951966228427,9.68
40,23735.7,6.0,7181.59,36,12.6,436,3,0,1737.38,1,0.3025649127685301,37.8
18,15000.0,2.2,5861.28,48,11.32,528,3,0,1097.6,1,0.390752,45.28
22,30226.83,1.2,6339.75,60,11.34,482,1,0,2379.98,0,0.20973916219464628,56.7
31,57223.7,2.3,11284.91,48,9.45,614,4,0,4485.4,0,0.1972069265007331,37.8
38,73622.81,4.0,17757.12,36,8.88,672,1,0,5571.55,0,0.24119046800848812,26.64
28,31970.59,1.0,18432.6,48,10.9,567,4,0,2188.71,0,0.5765486342291462,43.6
45,30080.2,1.9,60462.02,48,6.06,770,1,0,1085.07,0,2.010027193968125,24.24
41,68828.54,0.6,36714.05,24,7.47,708,3,0,4084.1,0,0.5334131742442889,14.94
23,30585.61,1.9,3524.04,24,9.81,620,4,1,2386.49,0,0.11521888888271314,19.62
24,100852.33,4.8,5622.09,36,9.32,647,2,0,8224.74,0,0.055745762145505216,27.96
30,32530.76,2.0,13653.61,48,9.37,631,4,0,2368.72,0,0.4197138339221094,37.48
37,89207.66,1.0,18663.47,48,9.02,635,3,0,6969.35,1,0.20921376034300193,36.08
31,25246.08,0.6,21160.3,12,11.67,531,2,0,227.04,1,0.8381618057139959,11.67
44,27301.24,1.4,12640.39,60,12.98,435,6,0,1987.63,1,0.4629969188212696,64.9
47,15000.0,2.7,12398.32,36,6.56,771,1,1,869.67,0,0.8265546666666667,19.68
25,17402.01,3.4,16620.06,60,5.32,799,1,0,1134.08,0,0.9550655355329645,26.6
36,31163.7,8.1,55236.57,48,8.47,661,2,0,1236.27,0,1.7724650795637231,33.88
31,20638.34,27.7,21348.0,36,12.44,488,2,0,1006.31,0,1.0343855174398715,37.32
30,124708.12,2.2,25009.05,36,9.68,672,0,0,9589.12,0,0.20054067048721447,29.04
55,15000.0,1.9,2312.68,12,12.13,519,2,0,1044.38,0,0.15417866666666666,12.13
23,44566.55,2.4,4797.65,24,8.56,641,5,0,3495.67,0,0.10765136632743615,17.12
18,52024.24,2.9,61655.55,48,9.02,637,4,0,2800.47,0,1.1851312003789003,36.08
37,47241.25,0.1,4600.18,12,12.61,476,2,1,3526.74,0,0.0973763395337761,12.61
23,60826.81,0.6,11556.01,48,13.32,449,6,1,4757.04,1,0.18998218055492308,53.28
33,115559.94,9.4,24111.95,60,8.9,659,3,2,9130.64,0,0.2086531889857333,44.5
35,18164.86,0.3,4619.2,36,9.68,705,1,0,1365.38,0,0.2542931792482849,29.04
41,20222.74,5.9,5465.38,24,6.21,804,1,0,1442.48,0,0.2702591241345139,12.42
28,34746.42,6.9,7470.18,36,8.38,689,3,0,2660.13,1,0.21499135738300523,25.14
43,43509.82,5.7,24646.82,24,11.4,522,2,0,2472.5,1,0.5664656852177279,22.8
35,21506.96,1.5,22000.41,36,12.99,470,5,0,1051.07,1,1.0229437354233235,38.97
41,24085.59,17.1,19551.9,36,8.77,681,4,0,1387.48,0,0.8117675340317593,26.31
25,45608.05,0.9,10690.13,36,7.42,707,5,0,3468.53,0,0.23439129715039336,22.259999999999998
32,51905.32,0.7,14369.67,48,11.13,545,3,0,3953.14,1,0.27684387650437375,44.52
32,30885.34,6.0,40356.8,60,11.28,504,4,0,1690.68,1,1.3066652334084716,56.4
43,71141.72,11.3,99057.27,12,8.55,661,1,1,-2713.57,1,1.3923935209888094,8.55
42,36389.96,0.1,24521.59,36,6.68,727,1,0,2278.92,0,0.673855920699006,20.04
29,37430.56,0.5,20914.78,36,8.73,661,6,0,2456.75,0,0.5587621451562573,26.19
30,19112.17,5.9,7675.02,48,8.18,671,3,1,1404.66,0,0.401577633518329,32.72
42,30896.41,1.4,10505.74,12,5.55,810,5,1,1672.68,0,0.34003109099083034,5.55
27,25806.74,13.7,16219.66,24,6.81,732,4,1,1425.76,0,0.6285048014588437,13.62
37,15000.0,0.2,16775.56,48,12.79,478,1,0,801.7,0,1.1183706666666668,51.16
18,178967.97,5.6,17732.47,36,8.62,674,2,0,14353.24,1,0.09908180776705464,25.86
45,50200.66,2.4,14108.05,36,10.01,586,4,0,3728.1,1,0.28103315773139237,30.03
42,42099.34,0.0,8253.21,60,7.52,738,4,0,3342.82,0,0.19604131561207372,37.599999999999994
32,15000.0,6.1,9701.45,48,8.61,655,5,0,1010.37,0,0.6467633333333334,34.44
39,37093.17,13.3,10601.47,12,10.39,584,2,0,2157.14,0,0.2858065244895489,10.39
36,28593.53,7.4,13386.52,24,8.92,649,4,0,1771.73,0,0.46816605015190504,17.84
33,138979.49,0.6,7256.42,36,12.42,528,5,0,11339.15,0,0.052212164543127916,37.26
25,21323.81,9.6,6748.54,60,12.96,453,6,0,1623.57,0,0.31647909074410246,64.80000000000001
55,26034.05,2.5,8418.94,48,8.17,676,4,1,1963.3,0,0.32338187873189156,32.68
40,22629.33,1.0,44322.0,24,8.25,675,2,0,-123.84,1,1.9586085845228294,16.5
25,46785.82,4.4,13950.47,48,11.21,547,3,2,3536.84,0,0.29817731098867134,44.84
35,28014.41,3.8,17780.72,24,7.26,739,3,0,1536.35,0,0.6346990709424186,14.52
26,15000.0,2.8,4723.27,48,9.42,645,3,0,1131.52,0,0.3148846666666667,37.68
19,15000.0,3.0,19325.25,48,9.15,626,3,0,767.71,0,1.28835,36.6
38,51851.25,3.6,14226.9,48,8.28,676,1,0,3971.74,1,0.274379113328994,33.12
28,15503.85,4.6,8270.82,24,8.77,714,4,0,915.01,1,0.5334687835602124,17.54
39,64559.66,6.0,13487.82,60,6.57,771,3,0,5115.62,0,0.2089202452429272,32.85
46,92369.03,1.3,15438.55,24,9.01,587,1,0,6992.04,0,0.1671398952657617,18.02
18,40887.6,16.3,10614.76,12,8.28,638,1,0,2482.56,0,0.2596082920005087,8.28
30,15000.0,3.4,19421.31,36,9.58,634,3,1,627.15,1,1.2947540000000002,28.740000000000002
18,89308.36,1.8,14978.13,24,11.0,525,1,0,6744.26,1,0.1677125187384473,22.0
24,23396.26,0.8,21871.47,48,8.83,643,3,1,1407.18,0,0.934827617747452,35.32
43,102613.33,4.8,11950.99,12,8.54,668,4,0,7508.53,0,0.1164662524839609,8.54
42,81709.9,3.8,48195.25,48,6.42,772,2,0,5667.99,1,0.5898336676461482,25.68
37,45548.94,5.4,17617.57,48,9.29,627,2,0,3354.9,0,0.3867833148257676,37.16
37,134055.5,1.6,18092.23,48,12.79,475,3,0,10687.81,1,0.13496074387100865,51.16
35,83241.8,4.8,17365.13,12,9.86,573,0,0,5411.28,0,0.20861069799067297,9.86
18,18362.81,18.2,9618.52,24,5.47,787,3,0,1106.23,1,0.5238043632755554,10.94
21,44239.1,5.2,4049.43,24,6.91,783,2,0,3505.45,0,0.09153508999957051,13.82
42,50062.14,1.7,34980.35,24,10.9,571,3,1,2543.11,0,0.6987386076584021,21.8
33,41082.97,15.3,5674.26,36,12.88,476,3,0,3232.72,1,0.13811708355067806,38.64
25,15000.0,1.9,10690.25,36,7.91,668,2,0,915.45,0,0.7126833333333333,23.73
48,39053.21,0.5,5692.45,48,10.26,593,7,1,3109.35,1,0.1457613855557584,41.04
58,38039.95,4.9,12382.02,24,8.38,712,2,0,2607.84,0,0.3255004278396791,16.76
46,103342.47,10.3,2690.08,36,7.41,751,6,0,8528.31,0,0.026030730637655552,22.23
43,68589.17,4.9,67334.63,48,7.6,746,2,0,4084.54,0,0.9817093573227378,30.4
24,15000.0,4.6,26361.65,48,9.09,654,3,0,592.86,0,1.7574433333333335,36.36
33,15000.0,1.5,26873.15,24,10.89,562,3,0,-1.13,1,1.7915433333333335,21.78
22,129885.19,10.4,18897.55,48,8.62,690,3,0,10356.9,0,0.14549426304877408,34.48
40,123916.43,1.6,12643.71,60,10.66,533,1,0,10053.6,0,0.10203416931879009,53.3
40,44980.79,4.7,5682.02,60,9.51,595,5,0,3629.04,0,0.12632103615787985,47.55
34,69252.98,0.1,4741.72,24,11.18,533,3,0,5549.68,1,0.06846954455967094,22.36
51,46821.46,17.9,5055.0,48,9.49,624,5,0,3774.82,0,0.10796331425803467,37.96
44,61457.08,8.5,6524.16,36,9.31,677,3,0,4913.01,0,0.10615798863206648,27.93
27,30467.07,0.8,19268.79,36,8.31,713,4,0,1932.35,1,0.6324464413545511,24.93
32,22111.55,1.9,35627.36,48,8.32,712,4,0,967.5,0,1.6112556559806979,33.28
31,22943.17,2.5,42367.02,36,10.5,624,5,0,534.9,0,1.846607073041781,31.5
39,18893.44,2.5,7543.0,36,7.44,704,5,0,1340.03,1,0.39923910097896415,22.32
25,38157.89,5.6,30320.04,24,12.52,487,1,0,1745.18,1,0.7945942503634242,25.04
44,50081.8,0.1,35994.51,36,4.98,833,1,0,3095.02,0,0.718714383268972,14.940000000000001
47,59832.77,8.2,8622.51,48,12.33,499,4,0,4757.6,0,0.14411015903158086,49.32
33,78788.32,2.5,18185.42,36,9.38,604,2,1,5984.18,0,0.23081365359738595,28.14
25,15000.0,7.3,10345.83,24,10.3,591,3,0,771.16,1,0.689722,20.6
25,39922.6,7.2,7403.56,24,9.54,602,6,1,2986.82,0,0.18544784157344463,19.08
44,65952.25,2.3,4208.0,36,8.67,716,4,0,5362.85,0,0.06380373679442324,26.009999999999998
23,15153.59,1.7,9339.38,24,8.47,664,2,1,838.4,1,0.616314681867465,16.94
43,35894.35,18.9,6974.84,24,7.76,703,3,0,2676.51,0,0.19431581850625518,15.52
18,79436.88,2.3,16955.93,24,5.27,827,5,1,5873.81,1,0.213451610889048,10.54
29,54358.71,3.6,6627.64,24,9.21,613,3,1,4226.47,0,0.12192415898022599,18.42
36,85813.06,8.8,16344.77,48,11.93,552,1,0,6721.23,0,0.19046949263899926,47.72
49,36277.02,0.9,37022.99,48,8.6,651,3,0,2108.78,0,1.0205631554080241,34.4
29,38416.93,0.2,12805.3,48,9.44,603,2,1,2880.07,0,0.33332439630131816,37.76
26,27633.58,0.7,10502.14,24,11.48,513,1,0,1810.97,1,0.38004992476544835,22.96
32,43322.34,1.5,5000.2,24,8.34,683,1,1,3383.27,0,0.11541851155777828,16.68
23,32861.52,2.5,25550.64,48,10.71,552,1,0,2081.68,1,0.7775245941149406,42.84
42,57814.37,0.0,24355.45,48,9.8,621,2,0,4202.48,0,0.4212698330882097,39.2
30,16923.74,15.2,18599.14,12,10.78,566,4,0,-231.6,1,1.098997030207271,10.78
32,63078.03,10.6,7830.96,48,7.08,759,4,0,5068.69,0,0.1241471872219218,28.32
20,190581.3,2.7,1594.92,36,8.92,655,6,0,15831.12,0,0.008368711935536174,26.759999999999998
38,40992.62,11.5,14599.35,48,7.63,740,7,0,3062.17,0,0.3561458135635146,30.52
39,27232.83,7.6,9265.08,12,9.45,613,2,0,1457.22,0,0.3402173038938663,9.45
33,51947.59,14.6,8854.57,36,10.31,647,3,0,4041.96,0,0.17045198824430546,30.93
34,30588.5,8.3,34624.67,36,6.69,790,4,0,1484.83,0,1.1319505696585317,20.07
18,74409.71,0.2,10410.78,12,8.45,670,2,0,5293.02,0,0.13991157874422572,8.45
31,58556.21,2.9,12947.07,24,8.3,662,6,0,4292.35,0,0.22110498613212842,16.6
29,41889.91,3.5,26952.7,48,8.37,733,3,0,2828.14,1,0.643417472131117,33.48
21,29757.69,6.9,8011.26,36,6.55,777,5,0,2234.09,0,0.2692164613583917,19.65
37,40636.74,1.8,2754.03,24,8.33,679,3,0,3261.42,0,0.06777192264930701,16.66
32,39383.51,1.4,32271.91,24,10.57,603,2,0,1784.27,1,0.8194269632137917,21.14
46,43150.25,2.7,32276.71,48,7.73,747,5,0,2811.97,0,0.7480074854722741,30.92
29,39722.35,3.6,12418.43,36,9.81,574,4,1,2910.59,0,0.31263079853029846,29.43
18,15000.0,3.1,4466.57,36,8.62,686,3,0,1108.75,0,0.29777133333333333,25.86
33,42365.53,8.2,17833.43,24,7.64,683,1,3,2726.83,1,0.4209419780656586,15.28
29,27668.37,1.6,32201.23,48,6.55,760,2,1,1541.3,0,1.1638282269609665,26.2
58,29083.9,0.9,16743.25,60,9.82,658,1,0,2069.4,1,0.5756879235590825,49.1
40,53543.36,5.6,8741.67,48,4.87,850,3,0,4261.15,0,0.1632633813044232,19.48
41,22147.22,13.6,5553.49,24,10.38,591,2,0,1588.36,1,0.25075336769129486,20.76
33,55816.53,0.7,5111.88,48,11.45,528,4,0,4518.14,0,0.09158362227103692,45.8
47,113344.21,1.2,2741.71,36,8.46,681,2,0,9358.85,0,0.024189237368190224,25.380000000000003
26,64527.12,4.8,3152.58,48,13.35,424,2,0,5292.14,0,0.048856666778247654,53.4
31,59602.58,4.6,21997.82,60,9.81,641,3,0,4501.55,0,0.36907496286234587,49.050000000000004
45,35573.09,0.3,2954.33,24,9.57,661,5,0,2828.68,0,0.08304957483311122,19.14
42,20975.74,2.3,10711.54,48,6.03,806,0,0,1496.27,0,0.5106632709978289,24.12
45,34184.6,4.0,18358.15,12,6.48,788,2,1,1264.64,0,0.5370298321466392,6.48
35,41329.76,0.9,20868.1,36,5.68,786,5,0,2812.32,0,0.5049170379890906,17.04
41,24831.91,3.2,19306.65,24,7.18,717,4,0,1203.34,0,0.7774935556709089,14.36
38,15000.0,2.5,23258.1,48,11.91,482,2,0,638.55,0,1.5505399999999998,47.64
33,53755.25,5.0,49438.25,36,8.68,663,2,1,2914.83,0,0.9196915650099292,26.04
30,22035.31,9.1,7217.19,48,14.28,425,4,2,1638.04,1,0.3275284078145485,57.12
38,28254.85,12.9,6839.89,36,11.08,556,6,2,2130.38,0,0.2420784396307183,33.24
21,64217.94,2.1,8270.27,36,10.7,560,3,0,5081.91,1,0.12878441756306727,32.099999999999994
34,44334.76,2.7,5368.84,48,4.94,847,5,0,3571.07,0,0.12109775715488254,19.76
36,285407.25,1.7,24239.02,48,10.0,585,2,1,23169.17,1,0.08492783557530512,40.0
28,79209.99,3.8,9106.2,48,9.43,646,0,0,6372.36,0,0.11496277174129173,37.72
45,45947.41,2.4,9516.57,60,8.19,688,4,1,3635.12,0,0.2071187472808587,40.949999999999996
49,39451.65,4.2,13666.17,48,5.4,816,2,0,2970.43,0,0.3464030021558034,21.6
40,116829.73,7.7,12990.41,48,8.59,646,3,1,9415.07,0,0.11119096141025063,34.36
38,29062.07,9.5,6960.53,24,9.93,614,3,0,2100.87,1,0.23950565118038736,19.86
33,57939.16,8.6,15454.67,36,5.51,802,3,0,4361.53,0,0.26673962825833164,16.53
38,98143.87,11.6,38334.21,36,12.79,467,4,0,6890.9,0,0.39059199520051535,38.37
22,43097.43,6.5,4840.92,48,11.06,578,2,0,3466.2,0,0.1123250272696075,44.24
18,106390.5,7.5,6642.02,24,10.5,581,3,1,8557.84,0,0.062430574158407005,21.0
32,38538.84,9.7,23131.21,24,9.98,584,2,1,2144.4,0,0.6002051436939981,19.96
26,33806.68,2.2,48366.04,48,11.21,540,5,0,1562.24,1,1.4306651821474337,44.84
30,69241.49,4.1,6204.05,48,12.56,469,3,0,5605.04,0,0.08960018046983102,50.24
24,111196.4,5.9,19838.18,36,8.43,733,3,0,8640.77,1,0.1784066750362422,25.29
24,39036.46,3.4,16551.6,36,8.38,636,1,1,2731.46,0,0.424003610983168,25.14
35,38407.08,7.7,21317.26,36,10.75,570,3,0,2505.21,1,0.5550346446540585,32.25
52,15000.0,0.8,5869.79,60,9.65,625,3,0,1126.29,0,0.39131933333333335,48.25
31,18278.2,4.1,13721.55,48,10.4,623,2,1,1172.53,1,0.7507057587727456,41.6
31,39319.07,0.2,17644.1,36,7.69,702,3,1,2726.21,0,0.44874153941077444,23.07
44,17979.04,3.3,13075.13,48,8.08,716,3,1,1178.56,0,0.7272429451183154,32.32
18,56423.08,0.4,5103.85,12,8.5,688,3,1,4256.77,1,0.09045677761653564,8.5
40,60066.31,7.0,16775.8,48,9.63,660,1,0,4583.02,0,0.27928800687107297,38.52
48,33402.36,20.5,7831.03,48,8.76,651,5,2,2589.55,1,0.23444541044405245,35.04
34,24515.24,5.2,18194.5,36,10.28,584,1,0,1453.46,0,0.7421709924112511,30.839999999999996
50,168408.32,2.8,69259.98,36,8.43,691,2,0,11849.91,0,0.4112622226740341,25.29
29,19617.9,1.0,11827.24,48,9.68,594,3,0,1336.67,0,0.6028800228362872,38.72
41,23565.58,3.6,49167.31,12,8.72,661,5,1,-2329.57,1,2.0864035597681023,8.72
18,19045.44,2.3,7028.11,36,9.24,652,4,0,1362.84,0,0.3690179906581313,27.72
31,97583.87,6.4,30427.27,48,7.2,722,1,0,7400.54,1,0.31180634668413953,28.8
25,78400.92,11.7,9732.03,48,10.44,612,4,0,6284.52,0,0.12413157906820482,41.76
18,15000.0,2.3,13317.32,24,8.03,702,5,0,647.51,0,0.8878213333333334,16.06
40,42976.41,7.2,34243.13,60,10.17,598,0,0,2850.93,1,0.7967889826069696,50.85
28,22137.37,8.5,12805.73,12,8.78,664,4,0,726.21,0,0.5784666380875416,8.78
39,45149.18,5.4,16626.73,24,11.69,520,3,0,2982.16,0,0.3682620592444868,23.38
35,83605.5,5.6,6392.91,24,10.67,620,3,0,6670.14,0,0.07646518470674776,21.34
28,34582.52,9.3,100000.0,48,12.15,479,1,1,241.12,1,2.891634270724054,48.6
38,35364.36,6.2,8910.73,36,8.86,634,2,0,2664.25,0,0.25196921420322604,26.58
33,45705.52,13.6,35124.59,12,10.59,524,2,0,711.14,1,0.7684977656965722,10.59
47,60430.13,2.8,11887.62,36,5.72,777,5,0,4675.71,0,0.1967167702601335,17.16
39,28095.26,3.3,5968.54,48,9.06,634,2,0,2192.57,1,0.21243939369132017,36.24
44,102537.41,5.9,23143.53,12,12.2,535,6,0,6486.34,0,0.22570815861254928,12.2
28,41963.44,2.1,10011.65,48,12.28,489,2,0,3231.93,1,0.23858029751612353,49.12
53,15000.0,4.0,92855.97,24,6.84,737,6,1,-2900.67,1,6.190398,13.68
41,23413.65,8.0,28232.88,48,10.94,524,1,2,1222.27,1,1.205829932539352,43.76
50,36247.29,0.0,26223.73,12,9.24,674,0,0,724.38,0,0.7234673267987758,9.24
32,85059.94,0.1,3251.19,60,11.11,575,2,0,7017.46,0,0.03822234062238934,55.55
46,32332.3,9.9,11327.68,48,4.38,798,3,0,2436.66,0,0.35035181536729526,17.52
24,41234.66,5.4,39058.94,48,7.69,724,5,0,2488.35,1,0.9472356507850435,30.76
56,126304.01,1.4,4517.12,24,6.77,758,1,0,10323.56,0,0.03576386846308364,13.54
18,75900.99,3.7,3937.76,12,8.01,680,4,0,5982.52,0,0.051880219217167,8.01
30,41663.91,0.2,11718.63,24,8.48,649,1,0,2939.42,1,0.2812657285406002,16.96
44,81026.4,0.1,11487.93,48,9.0,675,4,0,6466.32,0,0.14178008649032908,36.0
32,52961.95,2.2,7057.45,48,14.26,358,5,1,4219.72,0,0.1332551010678421,57.04
29,110697.61,8.6,41867.0,48,8.38,647,4,0,8195.22,0,0.3782105142107404,33.52
18,81197.03,2.1,16480.62,48,10.74,550,3,0,6342.55,1,0.2029707244218169,42.96
46,110057.2,1.7,23142.82,24,6.1,783,3,0,8144.69,1,0.21027992716514685,12.2
23,22619.38,6.9,29158.47,36,8.47,674,5,0,964.89,1,1.2890923623901274,25.410000000000004
22,15000.0,0.0,11015.26,48,9.3,623,6,1,974.31,0,0.7343506666666667,37.2
30,28864.01,3.4,8862.55,60,10.55,621,3,0,2214.62,0,0.3070450017166707,52.75
40,20382.5,3.3,14951.9,36,7.27,719,3,0,1235.02,0,0.7335655586900527,21.81
37,60539.79,0.3,11264.43,60,10.09,583,0,0,4805.15,0,0.1860665522625698,50.45
38,18676.16,2.3,11059.64,48,10.51,579,1,0,1273.13,1,0.5921795486866679,42.04
25,22482.73,3.0,9210.17,36,13.89,430,3,0,1559.27,0,0.4096553221072352,41.67
38,61883.04,1.7,17485.67,60,9.44,611,1,0,4790.2,0,0.28255997119727794,47.199999999999996
30,35103.39,25.1,13120.77,48,9.53,642,1,1,2595.46,0,0.3737750114732509,38.12
24,38589.39,4.7,26323.28,24,5.31,796,2,1,2057.29,0,0.6821377585911568,10.62
18,20156.18,0.4,11939.12,36,6.11,771,2,1,1315.87,0,0.5923304911942641,18.330000000000002
48,37974.68,3.2,3384.49,48,8.95,679,3,0,3080.41,0,0.08912491165165841,35.8
29,61303.78,9.8,18258.92,48,10.42,573,2,0,4641.86,1,0.29784329775423307,41.68
34,25557.19,3.5,14077.79,48,9.14,619,1,0,1778.5,0,0.5508348139995047,36.56
33,20900.48,2.6,27895.12,48,10.0,582,5,0,1034.21,0,1.334664084269835,40.0
47,38211.15,4.0,5960.16,48,9.32,596,4,0,3035.04,1,0.15597960281226814,37.28
29,15000.0,1.7,12997.47,36,6.73,776,2,2,850.28,0,0.866498,20.19
35,22151.13,4.1,22958.83,48,8.02,699,0,0,1285.22,0,1.036463151089809,32.08
38,30231.46,4.3,16711.85,48,14.17,422,0,0,2061.19,1,0.5527966561985428,56.68
44,42832.44,12.2,14811.29,12,8.77,672,3,1,2275.68,0,0.3457960835292129,8.77
39,23485.3,4.7,19908.69,36,8.49,672,6,1,1328.73,0,0.8477085666352995,25.47
30,16938.44,2.0,4836.43,48,10.5,601,3,0,1287.71,0,0.285529836277721,42.0
26,79457.61,9.8,6346.75,36,6.26,784,3,0,6427.64,0,0.07987592377872932,18.78
30,21242.17,5.2,3478.38,24,11.69,508,1,0,1606.94,0,0.16374880720754992,23.38
24,15000.0,3.7,37052.67,60,7.3,747,2,1,511.06,1,2.4701779999999998,36.5
46,22036.6,0.1,53504.42,48,6.49,785,3,0,567.77,0,2.42797981539802,25.96
37,38302.55,14.7,32103.25,48,10.67,613,4,0,2367.29,1,0.8381491571709977,42.68
24,83491.36,12.2,4178.62,36,9.2,667,3,1,6824.34,0,0.05004853196785871,27.599999999999998
54,35149.39,3.3,20572.07,36,9.49,658,4,0,2270.23,0,0.585275306342443,28.47
29,24568.95,18.9,14621.46,60,8.62,651,2,1,1746.58,0,0.595119449549126,43.099999999999994
51,35146.33,1.5,4133.13,24,7.36,667,2,0,2743.13,0,0.117597769098509,14.72
35,24463.75,5.7,39249.89,24,12.66,464,3,0,178.9,1,1.6044101987634765,25.32
38,40223.53,6.3,10275.14,12,8.91,707,2,0,2453.81,0,0.2554509760829047,8.91
32,65298.48,1.7,29256.76,48,8.67,660,3,0,4718.06,0,0.44804657014987176,34.68
29,120278.6,11.3,41399.78,24,8.99,691,3,0,8132.07,0,0.3441990512027908,17.98
36,18661.62,1.8,24615.03,48,8.4,690,4,1,949.58,0,1.3190189276172166,33.6
37,29374.16,4.5,25060.89,24,7.46,681,4,1,1320.57,0,0.8531610776274113,14.92
24,48579.86,5.8,21645.06,36,9.63,586,3,0,3353.65,0,0.44555624491301543,28.89
41,18559.74,1.2,5006.53,36,6.21,761,2,0,1393.86,0,0.269752162476414,18.63
42,15000.0,3.5,6218.72,48,13.64,426,2,0,1081.19,1,0.41458133333333336,54.56
55,56688.48,3.0,17810.7,12,11.29,559,5,0,3147.49,1,0.3141855276415949,11.29
36,75909.79,9.0,2900.69,48,9.53,647,3,0,6252.9,1,0.0382123307151818,38.12
41,32638.58,4.3,8221.63,12,9.5,621,3,0,1998.98,0,0.2518991328666872,9.5
31,78113.39,6.2,5595.52,12,8.22,710,1,0,6022.13,0,0.07163330128163686,8.22
32,74535.75,4.0,100000.0,12,8.88,649,2,0,-2528.27,0,1.3416380730052357,8.88
39,29187.86,0.2,7851.44,24,13.59,429,2,0,2056.87,0,0.2689967678342982,27.18
33,18243.88,1.2,11982.06,48,8.63,670,1,0,1224.25,0,0.6567714762429921,34.52
22,40731.87,2.1,6770.65,24,7.54,696,2,0,3089.52,0,0.16622487501801414,15.08
27,196447.04,8.9,18276.98,12,12.67,453,1,0,14740.96,0,0.09303769606302034,12.67
30,53103.84,3.3,26496.98,36,10.0,592,4,0,3570.34,0,0.4989654232160989,30.0
38,30558.94,2.7,7882.32,24,10.14,577,3,1,2182.34,0,0.25793826618331656,20.28
23,107271.44,14.5,14723.3,48,8.73,687,8,0,8574.78,0,0.13725274872789997,34.92
41,20309.33,23.5,9976.07,48,12.31,527,1,0,1428.22,0,0.4912062584043885,49.24
37,59213.07,8.9,5761.56,48,8.72,677,1,0,4791.81,0,0.09730216656559101,34.88
46,23218.63,3.9,7176.82,36,10.99,587,2,3,1699.96,0,0.30909747905022816,32.97
30,68843.99,0.6,8585.1,36,7.67,724,2,0,5469.28,0,0.12470369599437801,23.009999999999998
25,66312.23,3.9,14206.66,36,10.79,547,7,0,5062.32,1,0.2142389118869928,32.37
20,38741.51,5.3,24878.29,36,8.31,641,3,0,2445.3,1,0.6421610825184666,24.93
26,21469.1,2.9,14624.89,36,11.11,563,4,1,1309.53,0,0.6812064781476634,33.33
41,15274.22,2.8,14620.67,48,4.52,850,1,0,939.32,0,0.9572122177106261,18.08
48,24194.62,3.0,44986.3,36,7.12,691,5,0,624.7,0,1.859351376463032,21.36
42,41924.66,1.1,42092.58,24,8.02,709,1,0,1589.6,0,1.0040052799474104,16.04
46,92962.99,7.0,20032.96,36,8.95,658,3,1,7110.34,0,0.21549392935833925,26.849999999999998
20,15000.0,3.5,16687.87,36,7.08,745,7,0,734.12,1,1.1125246666666666,21.240000000000002
50,68372.36,3.3,43913.84,24,12.65,447,3,0,3617.17,0,0.6422747437707284,25.3
18,68689.01,2.9,19847.55,36,8.53,648,1,1,5097.27,1,0.2889479699882121,25.589999999999996
48,15833.05,13.8,1527.74,36,6.95,713,3,0,1272.28,0,0.0964905687785992,20.85
36,27368.59,1.9,6335.17,24,8.56,650,8,0,1992.57,0,0.23147593646585374,17.12
33,50576.26,0.5,60954.52,36,7.16,717,4,1,2328.13,0,1.2052002263512565,21.48
24,42704.65,4.9,10635.6,48,8.55,615,1,1,3296.32,0,0.2490501619847019,34.2
47,64657.58,1.1,6977.78,12,10.02,612,2,0,4774.61,0,0.1079189787183498,10.02
53,28240.16,12.1,1875.68,36,7.42,723,4,2,2295.07,0,0.06641888714511533,22.259999999999998
38,36809.22,6.5,20562.83,36,11.54,526,6,0,2388.96,0,0.5586325925950075,34.62
30,38488.96,0.9,52760.49,36,7.35,728,2,0,1569.87,0,1.3707954176989974,22.049999999999997
55,66855.66,8.1,8731.67,48,9.97,631,5,0,5349.97,0,0.13060479845685466,39.88
37,70304.5,0.1,4471.87,60,8.35,701,2,0,5767.28,0,0.0636071659708838,41.75
20,111233.43,7.7,2420.58,48,8.04,664,1,0,9210.31,0,0.02176126367765518,32.16
24,70667.41,10.4,12080.01,36,12.02,506,2,0,5487.61,0,0.17094173962226716,36.06
45,23865.63,0.7,23308.6,24,8.08,684,3,0,933.77,0,0.9766597403881648,16.16
36,34592.13,1.8,4179.05,48,8.74,643,4,0,2779.2,0,0.1208092707792206,34.96
34,31332.64,1.7,3304.72,48,5.6,791,1,0,2534.05,0,0.10547212108523252,22.4
26,29005.61,11.5,5796.38,48,6.92,755,1,0,2278.55,0,0.1998365143846311,27.68
37,62933.75,1.1,22196.82,36,9.75,624,3,0,4530.85,0,0.3527013724750233,29.25
42,15000.0,4.3,21249.18,48,9.48,576,6,0,716.36,1,1.416612,37.92
22,35606.49,0.3,4565.82,48,9.35,614,4,0,2852.83,0,0.12822999402636992,37.4
48,15000.0,15.6,4966.96,24,5.68,834,0,0,1030.58,0,0.3311306666666667,11.36
50,31702.28,8.7,1962.42,48,9.68,617,2,0,2592.39,0,0.06190154146641819,38.72
65,45651.08,14.3,41549.72,48,7.8,713,1,0,2793.8,1,0.9101585329416084,31.2
43,26933.17,2.4,35192.05,36,6.63,766,1,1,1163.75,0,1.3066434437535577,19.89
23,32482.25,3.4,27545.01,48,8.55,683,7,0,2027.27,0,0.8480019087347704,34.2
38,40496.09,1.6,53313.48,24,7.01,758,1,1,987.45,0,1.3165093222580255,14.02
34,19531.28,4.3,16340.85,60,5.28,813,4,0,1317.13,0,0.8366502349052393,26.400000000000002
29,51237.03,7.9,8590.69,48,7.81,717,2,1,4060.79,0,0.16766565119016463,31.24
32,15434.28,16.3,5060.03,36,10.49,582,5,0,1121.75,0,0.3278436052734562,31.47
24,19749.55,1.9,11614.69,12,11.12,561,1,0,618.62,0,0.5880989693436054,11.12
26,28811.76,0.7,25607.23,36,7.96,699,3,1,1599.02,0,0.8887770132751349,23.88
38,30896.73,12.0,29094.2,36,12.63,502,2,0,1599.61,0,0.9416595218976248,37.89
34,185929.88,1.9,39689.34,36,7.47,712,1,0,14260.12,0,0.21346402202808928,22.41
23,54724.79,2.8,55558.35,12,9.89,607,1,1,-321.22,1,1.0152318537905765,9.89
44,17162.33,0.7,31942.62,60,6.02,781,5,0,812.36,0,1.8612053258502776,30.099999999999998
18,33161.55,0.3,44819.04,48,8.15,673,4,0,1666.14,0,1.3515363425412865,32.6
32,52801.39,1.1,3950.83,48,8.96,650,1,0,4301.87,0,0.07482435594972026,35.84
18,98291.82,17.7,18643.89,24,13.05,447,3,0,7304.18,0,0.18967895802519474,26.1
18,15000.0,10.3,4905.66,12,6.96,706,3,1,825.62,0,0.327044,6.96
34,43499.43,6.5,6322.03,24,10.29,551,2,0,3332.38,0,0.14533592739031292,20.58
42,82543.23,11.1,4502.24,36,8.54,646,5,0,6736.39,0,0.05454402499151051,25.619999999999997
37,33218.08,5.9,9707.64,36,5.75,816,3,2,2473.95,0,0.2922396478062549,17.25
39,139036.75,2.0,19138.98,36,8.57,663,1,0,10981.6,0,0.1376541094350954,25.71
35,61410.06,0.9,7917.88,36,8.05,658,3,0,4869.2,0,0.12893457521454954,24.150000000000002
38,38970.6,0.8,15693.65,60,6.97,724,2,1,2937.02,0,0.4027048595607971,34.85
22,15000.0,4.3,14179.89,36,8.4,695,1,0,803.03,1,0.945326,25.200000000000003
21,16358.45,7.1,1747.58,48,8.91,613,8,0,1319.79,0,0.10683041486204377,35.64
45,16730.22,8.3,2952.26,24,10.62,539,4,0,1257.11,0,0.176462712385133,21.24
40,192763.33,9.0,12958.53,60,7.89,703,4,0,15801.54,1,0.06722507854580019,39.449999999999996
33,46217.39,2.4,20159.95,36,8.89,641,8,0,3211.4,0,0.43619836602629447,26.67
34,61544.81,5.6,20652.98,48,8.79,660,4,0,4616.84,0,0.335576306109321,35.16
35,15805.78,0.3,30050.34,60,5.53,830,2,0,742.74,0,1.9012247418349488,27.650000000000002
20,127537.71,16.4,8766.04,24,10.34,598,6,0,10222.26,0,0.06873292612828003,20.68
27,100587.84,1.9,13228.61,48,7.81,740,3,1,8060.55,0,0.13151301389909556,31.24
32,43464.66,0.5,4115.44,24,6.15,775,4,0,3439.38,0,0.0946847392801416,12.3
24,79047.3,1.6,7648.95,36,11.64,496,2,0,6334.53,0,0.09676421585557002,34.92
32,46165.93,1.2,9198.37,24,8.43,665,3,0,3429.34,0,0.19924585078216772,16.86
27,33377.98,6.0,30632.34,48,8.63,660,3,0,2024.58,0,0.9177409777344224,34.52
25,15000.0,4.8,14243.66,36,8.01,705,4,0,803.59,0,0.9495773333333333,24.03
33,138486.02,1.1,17735.82,12,8.72,667,2,0,9991.78,0,0.12806938924232208,8.72
55,56250.9,4.0,22570.26,36,13.45,429,2,0,3922.19,1,0.4012426467843181,40.349999999999994
40,20683.75,6.9,12034.74,48,11.71,506,3,1,1408.44,0,0.5818451683084547,46.84
36,20470.36,0.7,18911.78,36,13.92,395,3,2,1060.24,0,0.9238616223652147,41.76
18,88596.22,6.0,7462.39,48,7.54,735,3,0,7202.45,0,0.08422921429379267,30.16
41,31625.85,2.5,7793.13,24,8.04,710,3,0,2282.88,0,0.24641645995285505,16.08
39,75585.8,14.6,27118.46,36,12.9,432,0,0,5386.39,0,0.35877717772385814,38.7
36,15000.0,4.9,8297.67,24,9.71,680,1,0,868.21,0,0.5531780000000001,19.42
35,24304.28,15.2,23019.12,60,8.7,695,6,0,1550.86,0,0.947122070680555,43.5
36,66516.77,0.2,19496.62,36,6.42,774,4,0,4946.22,0,0.2931083394458269,19.259999999999998
26,51824.0,0.3,12399.11,36,9.65,655,6,0,3920.62,0,0.23925420654523002,28.950000000000003
18,28331.34,23.9,7683.18,36,8.97,677,0,1,2116.73,1,0.271190137847345,26.910000000000004
18,36319.58,14.2,8718.89,12,9.38,662,4,0,2262.61,0,0.24006032008079387,9.38
23,15538.59,1.2,14583.8,60,12.55,509,3,0,966.41,0,0.9385536268091248,62.75
34,33939.75,4.3,4758.13,36,9.27,638,1,2,2676.41,0,0.1401934310064158,27.81
34,72931.31,11.7,14256.52,48,9.35,627,6,0,5720.46,0,0.1954787319739629,37.4
27,27559.13,4.9,6825.99,48,8.73,688,3,0,2127.6,0,0.24768524986093535,34.92
25,18727.94,3.6,4009.09,48,9.74,676,1,0,1459.48,0,0.2140699938167252,38.96
57,22960.05,10.2,23412.94,48,10.05,597,3,0,1318.96,0,1.0197251312606026,40.2
43,24383.38,13.7,11707.53,48,8.39,698,1,0,1743.99,0,0.48014385208285315,33.56
33,15000.0,5.2,14071.75,60,7.05,742,1,0,971.03,0,0.9381166666666667,35.25
36,63307.22,5.0,5754.06,48,8.67,675,2,0,5133.31,0,0.09089105476436969,34.68
41,15000.0,4.9,17103.34,24,4.79,844,3,2,501.26,1,1.1402226666666666,9.58
28,29296.34,5.2,8577.02,48,9.48,609,3,0,2225.96,0,0.29276762899392894,37.92
40,23664.23,3.6,17169.23,48,8.53,708,1,0,1548.58,0,0.7255351219963633,34.12
29,28971.82,1.0,18965.38,48,8.29,674,3,0,1948.73,0,0.6546147256195849,33.16
27,68931.66,4.2,18634.28,36,6.49,804,4,0,5173.27,0,0.27032977299545663,19.47
51,27622.29,5.3,16242.18,48,5.78,825,4,0,1922.05,0,0.588009900699761,23.12
49,21792.02,1.0,10833.65,36,11.96,545,2,0,1456.38,0,0.49713840203891146,35.88
37,34139.76,10.6,30295.09,48,9.67,614,4,0,2081.41,0,0.8873843870021347,38.68
48,15000.0,10.3,9657.96,24,10.83,553,4,0,800.63,1,0.643864,21.66
18,55771.53,0.1,15496.47,36,7.9,725,6,0,4162.74,0,0.277856282587191,23.700000000000003
43,45676.88,12.1,10054.08,48,5.58,850,6,0,3572.22,0,0.220113107550253,22.32
52,45651.73,1.8,12685.07,36,8.2,694,2,2,3405.63,0,0.2778661400126567,24.599999999999998
45,24702.46,4.3,9010.84,36,8.42,652,1,0,1774.42,0,0.36477500621395603,25.259999999999998
27,15414.17,0.7,8905.39,48,10.75,615,3,0,1055.43,0,0.5777404816477306,43.0
53,26811.81,3.3,12542.59,24,10.11,588,5,0,1654.9,0,0.4678009429426808,20.22
30,78667.4,0.4,3849.79,48,6.71,743,4,1,6463.95,0,0.04893755227705505,26.84
24,18195.43,0.8,27763.48,24,4.89,850,4,0,299.63,0,1.52584907309143,9.78
23,15000.0,2.0,8945.28,48,6.89,750,7,0,1036.25,0,0.596352,27.56
39,19997.58,2.1,25647.27,24,8.75,673,1,0,497.72,1,1.282518684760856,17.5
27,27043.69,0.5,21885.4,24,9.88,604,2,0,1244.95,1,0.8092608663980397,19.76
56,16256.61,5.7,8520.76,24,10.63,617,2,0,959.05,0,0.5241412570025362,21.26
61,43178.72,0.9,2891.07,48,8.08,676,6,0,3527.54,0,0.06695589864637025,32.32
20,115640.82,1.1,5481.95,60,12.1,478,6,0,9514.52,0,0.04740497343412127,60.5
43,15000.0,2.2,5895.95,48,10.61,607,4,0,1098.73,0,0.3930633333333333,42.44
19,17990.05,4.8,16548.88,12,7.06,691,0,0,66.79,1,0.9198907173687678,7.06
18,39087.31,8.1,92288.96,36,7.32,727,1,0,394.14,0,2.361097757814493,21.96
22,15000.0,1.9,7953.56,12,10.04,599,3,1,550.61,0,0.5302373333333333,10.04
41,100587.26,1.6,4553.58,60,8.55,688,7,0,8288.74,0,0.04526994770510699,42.75
49,72824.04,5.0,78176.64,36,10.06,623,1,0,3543.93,0,1.073500453970969,30.18
36,15000.0,3.5,14972.94,48,7.86,723,1,0,885.45,0,0.9981960000000001,31.44
18,28645.47,24.7,13123.9,60,9.45,620,3,0,2111.82,0,0.45814922918004136,47.25
25,28295.73,3.1,9882.96,12,8.15,701,2,1,1497.59,0,0.3492739010444332,8.15
29,43552.26,0.4,33025.32,12,9.84,605,4,0,728.36,1,0.758291762585914,9.84
19,54117.53,0.7,14199.93,48,11.76,493,2,0,4137.53,0,0.26239057843179464,47.04
28,22457.43,7.1,70074.11,48,10.21,587,5,0,87.12,0,3.120308512594718,40.84
35,27596.36,3.0,16168.98,36,11.12,549,4,0,1769.43,0,0.5859098808683464,33.36
41,15000.0,0.8,27802.34,36,9.39,633,0,0,360.84,1,1.8534893333333333,28.17
21,15385.17,0.6,2898.46,36,8.47,640,4,2,1190.64,1,0.18839310842844115,25.410000000000004
35,173650.37,1.3,4309.26,12,9.85,601,1,1,14092.31,0,0.02481572599010299,9.85
29,29736.21,7.1,51634.01,24,8.24,679,5,0,137.1,1,1.736401848117161,16.48
48,32177.75,3.4,10830.81,48,9.03,632,1,0,2411.8,0,0.33659314277722957,36.12
47,36631.84,2.7,25632.69,12,9.38,642,2,0,806.52,1,0.6997379874993994,9.38
50,15504.87,1.3,5962.28,60,9.52,587,4,0,1166.79,0,0.3845424050636993,47.599999999999994
30,57749.78,0.5,4844.28,48,10.54,577,3,0,4688.36,0,0.08388395592156368,42.16
38,52415.68,4.3,10002.1,24,7.74,672,4,0,3916.79,0,0.19082266985756935,15.48
21,62321.75,3.4,15652.18,48,11.22,552,3,1,4787.27,1,0.2511511631172103,44.88
56,44000.25,2.0,12676.21,12,9.58,604,3,0,2554.72,0,0.2880940449201993,9.58
36,21294.26,0.1,11268.04,60,8.9,671,3,0,1541.16,1,0.5291585619786742,44.5
21,19800.98,8.2,6179.94,24,10.36,550,3,0,1363.88,1,0.31210273430910995,20.72
35,132370.75,6.2,7337.38,36,8.56,662,1,0,10799.07,0,0.05543052373730602,25.68
38,19428.44,0.5,87345.67,12,4.94,850,3,0,-5856.0,1,4.495763427223184,4.94
20,40292.66,14.8,6020.14,36,10.9,574,3,1,3160.92,1,0.14941033925285646,32.7
51,15000.0,6.9,3473.51,36,8.66,641,5,0,1140.09,0,0.23156733333333335,25.98
33,19884.45,0.9,14943.54,36,7.61,671,3,1,1191.44,0,0.7515189004473345,22.830000000000002
24,94190.7,1.2,25515.52,36,10.1,585,2,0,7024.71,1,0.2708921369094826,30.299999999999997
33,25025.43,3.2,9720.81,24,11.51,542,2,1,1630.08,0,0.38843728159715935,23.02
35,143013.19,10.2,9936.1,48,10.29,643,4,0,11664.37,0,0.06947680839788274,41.16
40,15000.0,6.0,13441.64,24,11.34,560,4,0,621.39,0,0.8961093333333333,22.68
43,65379.31,0.1,26017.82,36,11.88,575,2,1,4585.6,0,0.3979518902845564,35.64
36,38125.35,5.5,9480.13,48,8.99,634,1,1,2941.24,1,0.248656864789438,35.96
18,21760.61,0.2,6682.1,12,11.03,526,2,0,1222.72,0,0.3070731932606669,11.03
23,30847.31,0.5,5576.69,48,8.0,676,7,0,2434.47,0,0.18078367287131356,32.0
38,23325.27,8.1,86304.73,48,6.03,789,4,0,-84.28,1,3.7000527753805206,24.12
42,56177.14,14.0,3895.07,48,6.74,731,1,0,4588.62,0,0.06933549838955846,26.96
35,90230.57,3.5,6560.37,24,5.86,773,5,0,7228.87,0,0.07270673342748471,11.72
43,29615.93,0.6,9810.38,36,7.41,679,0,2,2163.24,0,0.33125348418908335,22.23
28,28093.62,11.8,66782.27,24,12.25,521,6,0,-810.34,1,2.3771329575896596,24.5
40,53108.36,12.2,30962.78,48,7.28,707,3,0,3680.23,0,0.5830114128924335,29.12
31,15000.0,2.8,29399.1,36,8.47,705,2,0,322.35,0,1.9599399999999998,25.410000000000004
34,18116.83,6.8,46472.61,48,6.51,796,4,0,407.43,1,2.5651623380028403,26.04
27,42784.7,3.5,2727.99,48,12.36,483,2,1,3493.07,0,0.06376087713598552,49.44
44,89962.62,10.6,97540.76,36,8.65,605,4,3,4410.98,0,1.0842365417992494,25.950000000000003
51,38091.44,1.2,10935.65,36,9.29,635,4,0,2825.06,0,0.28708943531670106,27.869999999999997
44,23545.92,9.0,13304.38,24,10.89,554,7,0,1342.75,0,0.5650397181337574,21.78
29,17926.38,8.8,20417.88,48,8.68,644,5,0,988.86,0,1.1389851157902489,34.72
44,53395.17,10.6,42528.35,24,9.7,577,3,1,2493.01,1,0.7964830901371791,19.4
26,15000.0,1.5,9645.9,60,10.1,611,3,2,1044.58,1,0.64306,50.5
33,42860.33,12.8,8871.34,48,4.63,849,4,0,3368.88,0,0.20698254073172093,18.52
43,15000.0,23.7,5179.78,36,12.39,486,4,0,1076.99,0,0.34531866666666666,37.17
44,71867.18,3.8,18251.76,12,6.59,761,5,1,4413.11,0,0.2539651618443913,6.59
48,36760.9,3.6,12832.76,36,15.1,345,3,0,2617.93,1,0.34908720950792826,45.3
28,24651.63,4.4,20020.89,12,9.7,638,3,0,296.94,0,0.8121527866514303,9.7
23,52761.58,18.4,2526.11,36,10.07,589,4,0,4315.2,1,0.04787783080036648,30.21
36,25506.77,0.1,12407.59,24,7.7,693,1,1,1566.1,0,0.4864430110123704,15.4
42,59299.01,5.2,5092.79,12,8.07,690,1,0,4498.41,0,0.0858832213219074,8.07
34,66507.77,5.1,25155.16,60,6.09,783,7,0,5054.94,0,0.37822888964702917,30.45
40,28454.84,6.0,11697.79,12,9.89,620,4,0,1343.41,1,0.41110018541661103,9.89
35,15000.0,0.4,6229.44,36,9.7,602,5,1,1049.87,1,0.415296,29.099999999999998
36,105289.07,2.6,19231.8,60,10.81,548,2,0,8357.76,0,0.1826571362060658,54.050000000000004
26,23717.3,1.6,5723.1,12,8.64,692,3,0,1476.9,0,0.24130487028456024,8.64
43,102708.65,19.3,54744.56,48,9.16,615,4,1,7192.57,0,0.533008271455228,36.64
55,44220.76,0.5,38198.3,24,14.09,410,3,1,1849.43,1,0.8638092154001876,28.18
36,18819.76,2.8,3680.29,48,7.48,709,3,0,1479.36,0,0.1955545660518519,29.92
28,15000.0,7.5,7072.42,36,7.34,753,5,1,1030.52,0,0.4714946666666667,22.02
31,21730.55,31.5,4715.84,24,7.79,653,8,0,1598.05,0,0.2170142955424506,15.58
19,17558.66,1.0,11760.49,36,8.24,685,2,0,1093.39,0,0.6697828877602278,24.72
18,17165.76,3.7,16422.32,24,7.04,709,3,0,694.91,0,0.956690528121097,14.08
32,15000.0,7.6,9989.39,24,8.36,653,3,0,796.57,1,0.6659593333333333,16.72
38,15000.0,5.2,3796.27,12,10.81,564,1,0,914.82,0,0.2530846666666667,10.81
26,71178.94,15.3,100000.0,48,13.66,442,6,0,3215.96,1,1.4049099354387689,54.64
22,59509.07,6.2,21645.66,60,9.66,630,3,0,4502.8,0,0.363737158050025,48.3
55,34831.35,6.2,4765.06,48,6.33,739,3,0,2789.98,0,0.13680377016681813,25.32
49,21871.3,0.5,12496.63,60,7.77,720,6,0,1570.59,0,0.5713711576358058,38.849999999999994
30,19639.83,4.6,8512.94,24,5.07,796,3,0,1262.91,0,0.4334528353860497,10.14
27,68019.5,12.1,11649.65,36,8.89,698,1,0,5298.43,0,0.17126926837156992,26.67
20,26457.71,0.7,5065.27,48,8.82,664,3,0,2079.19,0,0.1914477859194919,35.28
21,15000.0,1.2,42785.93,36,9.04,699,2,0,-111.38,0,2.8523953333333334,27.119999999999997
29,116016.7,1.7,35285.64,60,10.6,581,3,0,8907.88,0,0.3041427656535654,53.0
26,49036.87,0.6,4793.29,48,10.51,609,2,0,3963.66,0,0.09774869399290778,42.04
21,20244.11,13.7,44753.1,12,13.15,490,2,0,-2313.37,0,2.2106726351516564,13.15
41,19715.96,11.7,30968.41,12,8.47,658,1,0,-1057.63,0,1.5707279787542683,8.47
45,43125.21,3.2,6704.6,60,11.58,546,5,0,3446.05,1,0.15546822844456876,57.9
40,33657.44,3.6,6421.22,12,9.7,546,3,0,2241.15,0,0.19078159242057624,9.7
41,66471.19,2.9,8029.84,48,8.98,656,7,0,5339.52,0,0.12080180902433069,35.92
26,27127.58,4.3,50248.15,60,8.56,645,2,0,1228.26,1,1.8522901784825627,42.800000000000004
38,48705.11,22.4,42369.65,36,8.22,625,6,2,2726.74,0,0.8699220677255426,24.660000000000004
32,15000.0,1.1,6083.59,36,8.8,654,0,1,1057.11,0,0.4055726666666667,26.400000000000002
21,83574.17,1.3,11324.62,36,4.93,847,1,0,6625.46,0,0.13550382851543727,14.79
31,32760.53,16.3,11171.58,12,7.3,709,4,0,1761.86,0,0.34100730360589404,7.3
25,32724.83,11.1,46164.73,24,6.88,745,3,0,662.67,0,1.4106942648747145,13.76
35,36208.84,11.3,24295.05,48,7.74,671,2,0,2427.25,0,0.6709701277367627,30.96
18,72274.38,6.4,43885.41,48,9.24,641,8,0,4925.77,0,0.6072056239015817,36.96
22,69682.77,7.9,11787.91,48,11.33,534,3,1,5500.34,1,0.16916534747398818,45.32
32,26164.42,5.5,8451.68,36,7.8,656,1,0,1916.3,1,0.32302187474440486,23.4
42,26666.85,10.7,8752.2,48,7.34,770,2,0,2011.27,0,0.32820524358895037,29.36
25,22205.41,6.9,29879.55,60,10.38,570,3,0,1210.0,1,1.3455977619868311,51.900000000000006
33,24276.98,8.2,10943.65,36,7.16,733,2,0,1684.37,0,0.45078300513490555,21.48
22,66335.45,5.2,8183.2,36,7.11,713,1,0,5274.87,0,0.1233608877304669,21.330000000000002
28,31467.32,11.3,5082.76,48,7.08,738,1,0,2500.38,0,0.16152503613272437,28.32
47,40712.03,2.5,13001.65,12,5.74,780,4,0,2275.22,0,0.31935646539855667,5.74
31,34257.73,6.3,6365.25,48,7.35,725,0,0,2701.35,0,0.18580478041014392,29.4
31,114062.86,2.5,2226.39,48,9.23,633,3,0,9449.59,0,0.01951897401134778,36.92
18,73969.01,5.4,7672.75,24,7.65,674,3,0,5818.29,0,0.10372925093900812,15.3
28,32181.97,3.8,17673.72,48,10.16,632,5,0,2232.22,0,0.5491807990623321,40.64
21,18794.98,0.6,70410.25,36,10.86,572,2,1,-734.23,0,3.746226385981789,32.58
40,68167.22,1.0,47276.8,36,9.26,644,5,2,4171.48,0,0.6935415585379601,27.78
38,18031.99,1.6,8745.4,48,7.36,732,1,0,1291.78,0,0.4849936141268933,29.44
33,15000.0,4.3,44511.72,24,10.89,579,2,1,-822.32,1,2.967448,21.78
38,15833.82,1.4,21855.24,48,9.67,631,0,0,768.64,0,1.3802885216580714,38.68
35,50232.74,0.3,38041.0,12,8.0,730,2,0,876.93,0,0.7572949434970101,8.0
31,15214.28,0.3,48555.59,36,8.14,693,3,3,-256.84,1,3.1914484287130245,24.42
46,147464.94,0.3,3220.78,48,4.25,850,5,0,12215.66,1,0.021840988101985464,17.0
55,129541.33,0.4,7975.01,36,9.46,602,6,0,10539.8,0,0.06156344079530448,28.380000000000003
50,15000.0,4.0,18193.01,36,7.37,760,3,0,685.17,0,1.2128673333333333,22.11
41,15000.0,15.3,78819.64,48,10.8,557,3,0,-779.49,0,5.254642666666666,43.2
27,18789.11,2.2,3433.58,48,5.81,832,0,0,1485.42,0,0.1827430889488645,23.24
38,15000.0,0.6,12384.46,36,10.63,590,2,0,846.72,1,0.8256306666666666,31.89
18,25568.94,10.9,3401.9,24,8.35,675,3,3,1976.34,0,0.1330481435679383,16.7
29,22623.9,8.0,9780.15,36,13.14,477,1,1,1555.13,0,0.4322928407568986,39.42
30,15000.0,0.8,5686.69,24,10.43,570,4,0,986.46,1,0.37911266666666665,20.86
20,96658.44,1.1,6323.59,48,7.88,706,2,0,7900.85,0,0.0654220159150096,31.52
29,28351.73,6.3,22207.52,36,6.5,746,4,0,1682.01,0,0.7832862403810985,19.5
40,27576.92,17.0,30174.87,12,7.8,730,1,0,-324.0,0,1.0942074024220254,7.8
32,22358.01,0.1,25821.54,36,8.59,625,0,0,1046.97,0,1.1549122663421298,25.77
44,69965.95,0.7,37427.3,48,11.84,483,4,0,4847.83,0,0.5349359224022543,47.36
41,44008.05,5.4,4713.5,48,5.67,782,4,1,3557.35,0,0.10710540457938944,22.68
33,34376.53,0.0,30992.09,48,7.0,718,1,1,2122.57,1,0.901547945647801,28.0
35,17414.54,2.7,16530.6,36,10.74,565,6,0,912.05,0,0.949241266206285,32.22
40,36558.11,1.7,6932.66,36,12.28,467,3,0,2815.32,0,0.1896339827195662,36.839999999999996
34,149259.17,24.4,32198.23,36,9.6,632,2,0,11405.35,0,0.2157202803687036,28.799999999999997
46,15574.72,3.3,38230.37,48,10.81,554,6,1,313.33,0,2.4546425232684763,43.24
18,25424.24,11.4,14546.28,24,5.38,850,3,1,1478.04,0,0.5721421761279787,10.76
31,22749.43,5.5,10090.56,36,4.36,850,7,0,1596.25,0,0.4435522120774015,13.080000000000002
38,205401.04,8.1,24395.85,12,10.97,570,4,1,14960.95,0,0.11877179395002088,10.97
44,41506.94,4.4,41910.59,36,4.77,850,3,1,2207.14,1,1.0097248797430018,14.309999999999999
35,23717.91,1.8,20848.68,36,5.42,833,1,0,1347.7,0,0.8790268619789855,16.259999999999998
34,53737.6,9.1,5206.31,48,10.58,577,3,0,4344.63,0,0.09688393229321743,42.32
18,22890.81,7.3,8186.13,48,10.22,609,1,2,1699.08,0,0.35761644083367955,40.88
43,79407.07,3.8,24837.32,60,9.19,656,4,0,6099.38,0,0.31278474322248634,45.949999999999996
34,111372.49,4.6,11108.12,48,6.75,706,3,2,9016.33,0,0.09973845426280763,27.0
31,26810.31,2.8,24223.9,60,8.08,739,6,2,1742.09,0,0.9035292766103786,40.4
30,17111.52,2.2,8873.47,48,8.6,701,4,0,1206.82,1,0.5185670238529364,34.4
18,66964.57,1.9,16853.64,24,12.25,496,1,0,4785.05,1,0.2516799555346954,24.5
27,22231.28,3.6,2623.56,48,10.56,620,2,0,1785.36,0,0.11801209826874566,42.24
27,28299.21,0.3,16314.87,60,7.95,668,6,0,2027.85,0,0.5765132666247574,39.75
35,20759.74,3.5,7507.04,24,8.9,643,7,0,1387.37,0,0.361615318881643,17.8
20,15000.0,7.2,3628.76,36,11.06,578,7,0,1131.1,0,0.24191733333333335,33.18
41,34427.31,3.4,5989.59,36,7.77,706,3,0,2681.89,0,0.17397786815176675,23.31
28,15000.0,4.4,17545.09,48,7.67,729,4,1,824.39,1,1.1696726666666666,30.68
55,15000.0,3.5,6345.53,48,5.78,785,2,0,1101.61,0,0.4230353333333333,23.12
43,140023.34,29.9,4521.33,48,11.16,598,2,0,11551.4,0,0.03228983110958502,44.64
33,36974.01,0.8,18782.65,24,10.52,593,3,0,2209.93,0,0.5079960220706383,21.04
64,64320.73,2.6,21526.43,36,6.31,794,6,0,4702.16,1,0.33467328495805315,18.93
39,41569.23,2.1,28584.85,36,10.89,572,3,0,2529.76,0,0.687644442776544,32.67
40,29975.09,0.9,2929.2,48,6.63,730,3,1,2428.28,0,0.097721141120844,26.52
34,70444.75,7.6,20160.72,48,12.57,489,4,1,5333.83,0,0.2861919447510283,50.28
41,16004.73,14.7,19224.07,24,9.08,648,3,1,454.78,1,1.2011492852425503,18.16
27,44010.14,4.1,12161.18,48,7.38,724,7,1,3374.15,0,0.2763267737844051,29.52
45,15000.0,0.0,56669.28,36,8.16,675,1,0,-530.0,0,3.777952,24.48
18,31958.41,0.1,6281.07,12,6.53,757,2,0,2121.08,0,0.1965388766212086,6.53
34,28362.29,0.5,26115.53,12,12.45,479,9,0,37.69,1,0.9207835474498004,12.45
34,45710.24,0.6,10679.35,48,12.44,477,5,1,3525.65,1,0.23363145763400062,49.76
26,16452.82,0.4,11573.72,36,8.89,645,4,1,1003.62,0,0.7034490136037469,26.67
27,36808.41,6.4,9559.67,60,9.59,610,1,0,2866.18,0,0.25971428812056807,47.95
21,39928.43,8.8,19686.29,36,10.25,620,2,0,2689.84,0,0.49303942078363716,30.75
21,38451.44,5.2,6183.96,24,7.63,702,1,0,2925.64,0,0.16082518626090467,15.26
40,71415.13,1.6,11769.31,48,6.64,780,1,2,5671.39,0,0.16480135231847928,26.56
38,47086.31,8.7,7510.63,36,4.99,841,2,0,3698.79,0,0.15950772103399058,14.97
42,74571.88,0.4,8770.41,36,8.68,681,4,0,5936.73,0,0.11761015009947448,26.04
31,15000.0,5.9,12969.05,48,8.37,713,1,1,931.13,1,0.8646033333333333,33.48
46,37164.57,10.0,12854.56,48,5.98,791,4,1,2795.28,0,0.34588211299094807,23.92
45,24975.72,1.0,21409.85,48,9.81,584,7,0,1540.25,1,0.8572265384141077,39.24
34,52780.4,1.1,9866.78,48,11.03,549,2,0,4143.21,1,0.18694022781183925,44.12
34,17252.61,5.5,6654.85,24,8.84,677,6,0,1134.18,1,0.3857300431644835,17.68
31,15388.99,25.4,19402.15,48,9.53,612,4,0,794.69,1,1.2607812468524575,38.12
38,89837.11,2.2,37385.78,36,7.78,701,2,0,6318.68,0,0.4161507421598936,23.34
21,15000.0,8.6,10225.0,48,8.34,673,5,0,998.74,0,0.6816666666666666,33.36
21,44027.31,1.8,19552.65,48,11.63,511,1,0,3157.59,0,0.44410276258077097,46.52
37,48216.61,2.7,18960.38,48,15.76,325,3,0,3483.04,0,0.3932333691646924,63.04
25,31668.72,4.9,3845.24,24,9.63,604,2,1,2462.28,0,0.12142075840134997,19.26
34,159724.93,0.6,8811.63,36,10.47,573,2,0,13024.14,0,0.05516753082940778,31.410000000000004
41,15000.0,3.6,23612.02,48,10.01,609,4,0,651.02,0,1.5741346666666667,40.04
31,18540.41,15.3,18500.21,48,4.32,846,3,0,1124.66,0,0.9978317631594986,17.28
21,15000.0,1.2,37847.41,48,6.6,724,2,0,350.7,0,2.523160666666667,26.4
34,46101.71,5.4,32564.89,36,11.78,525,1,1,2763.61,0,0.7063705446066968,35.339999999999996
45,62755.42,8.9,18820.82,48,7.39,719,2,0,4775.52,0,0.29990748209477364,29.56
21,42895.09,3.0,18782.7,36,12.01,540,7,0,2950.65,1,0.43787529062184044,36.03
41,36796.33,3.7,22643.56,24,9.66,646,3,0,2025.03,1,0.6153755007632554,19.32
22,15118.2,5.8,4334.61,48,10.03,565,5,0,1149.85,0,0.28671468825653845,40.12
29,15000.0,0.3,22948.29,48,7.78,683,0,0,692.13,0,1.529886,31.12
38,30729.18,4.5,24934.55,12,7.04,701,8,0,402.8,0,0.8114290716511147,7.04
22,34352.73,4.3,6948.19,48,13.21,423,2,1,2675.6,0,0.20226019882553728,52.84
24,106731.91,7.6,11201.37,60,12.58,478,4,1,8641.86,0,0.10494865125153294,62.9
46,41228.7,1.7,9168.54,24,11.87,532,5,0,3004.69,0,0.22238246658274458,23.74
28,42855.08,4.6,9908.86,60,8.89,618,4,0,3366.09,1,0.23121786261978744,44.45
34,45374.77,4.0,5509.56,60,6.52,734,5,0,3673.38,0,0.12142342539697723,32.599999999999994
21,40484.41,0.8,11158.94,48,9.11,603,2,1,3095.43,0,0.2756354853633781,36.44
24,53100.53,7.3,8775.18,36,12.95,488,2,0,4129.59,1,0.16525597767103267,38.849999999999994
39,57394.58,2.1,29733.72,48,12.66,470,3,0,3990.21,0,0.5180579769030456,50.64
46,15000.0,0.6,4788.82,36,7.61,686,2,1,1100.8,1,0.31925466666666663,22.830000000000002
38,31625.83,1.4,12748.75,48,8.46,668,7,3,2321.49,0,0.4031119499472425,33.84
43,54936.81,1.5,2834.72,24,13.52,411,4,0,4442.61,0,0.05159964693982049,27.04
52,27938.59,7.6,3509.92,12,10.82,523,3,0,2018.3,0,0.1256298188276502,10.82
44,40110.47,11.0,32428.62,12,4.35,850,3,1,576.06,0,0.8084826729779032,4.35
30,39059.15,1.1,19016.41,60,8.46,667,3,0,2865.15,0,0.48686184927219356,42.300000000000004
45,51734.35,3.7,6434.53,48,5.51,781,1,0,4161.52,0,0.12437635729452481,22.04
37,91678.97,2.9,10600.59,48,6.11,775,2,0,7390.42,0,0.11562728071661364,24.44
24,65745.74,8.1,14154.09,48,10.03,628,2,0,5119.62,0,0.21528527931999852,40.12
53,24147.82,4.6,15700.99,12,7.32,716,3,0,651.45,1,0.6502032067490978,7.32
51,15424.08,0.6,8080.65,48,9.67,624,5,0,1081.67,0,0.5238983459629358,38.68
18,30396.78,5.2,21930.3,36,8.43,666,5,1,1841.49,0,0.7214678660042281,25.29
33,52319.09,6.7,12756.52,36,9.58,647,1,1,3950.82,0,0.243821519066941,28.740000000000002
47,40966.55,8.6,5095.79,36,6.55,763,4,1,3257.58,0,0.12438904423242864,19.65
33,33450.19,2.6,19389.64,36,9.22,647,5,0,2168.94,1,0.5796570961181385,27.660000000000004
43,49113.96,3.5,5602.71,48,7.57,665,1,0,3957.18,0,0.11407571289303489,30.28
24,52350.23,2.5,3318.33,24,14.7,442,4,0,4202.1,0,0.06338711405852467,29.4
44,58023.7,0.6,5017.63,24,10.13,592,1,0,4603.47,0,0.08647552637973795,20.26
37,24104.04,4.1,18229.39,24,8.78,675,2,0,1177.7,0,0.756279445271415,17.56
30,22198.73,4.0,100000.0,12,10.22,547,3,0,-6951.93,0,4.504762209369635,10.22
45,86304.22,0.6,11995.35,48,10.22,589,3,1,6886.52,0,0.1389891479234735,40.88
48,41968.49,1.2,7406.14,48,11.75,524,3,0,3303.25,0,0.1764690604784685,47.0
55,29946.34,3.8,14636.9,24,11.53,508,4,0,1809.73,0,0.488770914909802,23.06
44,163606.19,1.2,2738.49,48,7.66,690,2,0,13567.43,0,0.016738303116770825,30.64
18,41367.38,5.1,5600.53,12,7.47,748,3,0,2961.47,0,0.13538517546917403,7.47
24,66656.35,7.9,25178.68,36,9.92,596,4,0,4743.2,0,0.37773865505687004,29.759999999999998
40,71074.04,0.2,4260.81,36,14.48,417,1,2,5776.22,0,0.059948892732142434,43.44
44,41773.76,2.7,1796.76,48,8.17,670,1,0,3437.14,0,0.04301168963483296,32.68
34,19109.04,0.1,24666.63,48,6.4,763,4,0,1008.59,1,1.2908356463747002,25.6
26,16435.11,5.3,47606.89,36,8.33,702,5,1,-129.49,0,2.8966578258374907,24.990000000000002
37,37732.85,13.0,3167.43,24,10.93,560,1,0,2996.88,0,0.08394356641494083,21.86
28,16767.24,4.4,3957.8,60,10.4,593,2,1,1312.4,1,0.23604361838919224,52.0
28,130938.59,4.6,7414.99,48,9.71,648,4,0,10724.52,0,0.056629523809596544,38.84
20,73663.27,2.0,29531.42,48,9.03,633,3,0,5403.29,0,0.4008974893457757,36.12
24,15000.0,0.2,29985.84,36,7.17,714,6,0,321.79,1,1.999056,21.509999999999998
34,39820.25,1.1,49566.68,48,10.91,584,4,1,2039.44,0,1.2447606431401108,43.64
39,37132.53,3.1,14620.19,48,9.94,579,2,0,2723.99,0,0.39372997207569754,39.76
27,32936.61,0.2,21991.86,48,10.28,594,3,0,2183.99,0,0.6677025959866544,41.12
39,29178.74,8.0,8190.04,60,10.74,529,4,1,2254.55,1,0.2806851838016309,53.7
45,24722.15,13.8,7556.19,12,8.04,702,4,0,1402.74,0,0.3056445333435805,8.04
28,15000.0,2.5,2571.27,60,6.87,790,2,1,1199.24,0,0.171418,34.35
22,43289.28,17.1,3084.86,48,8.88,691,6,0,3530.85,1,0.07126152248316443,35.52
31,49931.79,1.1,9533.74,24,6.41,739,1,0,3736.68,0,0.19093527390065526,12.82
27,44238.14,2.6,27675.62,36,11.13,567,2,0,2778.74,0,0.6256054165025925,33.39
25,15000.0,0.0,42594.13,24,7.88,696,5,1,-674.09,0,2.8396086666666664,15.76
30,42286.85,9.8,12134.67,36,10.77,585,4,1,3127.95,0,0.2869608400720319,32.31
21,176261.99,12.1,10663.64,60,6.21,778,2,1,14481.3,0,0.06049880635070556,31.05
34,15000.0,8.0,6826.51,12,9.65,628,2,0,650.95,0,0.4551006666666667,9.65
37,15000.0,9.5,3235.96,48,12.13,488,1,0,1164.58,0,0.21573066666666668,48.52
44,86069.45,0.3,15305.37,48,10.57,609,0,0,6780.07,1,0.1778258139211997,42.28
23,42990.32,0.3,25442.72,24,6.45,795,4,0,2449.72,0,0.591824392095709,12.9
23,19031.47,0.0,14425.94,36,7.3,731,6,0,1138.54,0,0.7580045051695954,21.9
42,20775.39,8.0,16649.75,36,10.76,555,3,0,1188.08,0,0.8014169649763494,32.28
26,60342.57,2.4,4251.9,60,7.69,692,1,1,4942.96,0,0.07046269325287272,38.45
36,66069.42,10.1,15681.38,48,8.33,732,3,0,5120.52,0,0.23734702075483635,33.32
36,37473.01,0.3,5629.47,36,8.94,708,1,0,2943.89,0,0.15022732361238128,26.82
20,105888.84,0.5,5509.09,36,7.11,741,4,0,8653.69,1,0.05202710691702733,21.330000000000002
18,15000.0,4.6,50818.59,36,12.35,487,1,0,-446.41,0,3.3879059999999996,37.05
42,34687.32,2.2,22415.44,12,10.8,568,5,1,911.59,1,0.6462142362108113,10.8
42,32664.56,0.2,20577.5,24,10.97,569,2,1,1763.26,1,0.629964095643719,21.94
26,34131.49,2.1,11951.2,24,7.6,714,1,0,2305.95,0,0.3501517220607715,15.2
28,15000.0,5.2,8820.22,60,8.41,700,4,0,1069.42,0,0.5880146666666666,42.05
18,22058.63,0.3,27336.7,48,8.4,669,2,0,1165.71,0,1.2392746059025423,33.6
38,15000.0,0.4,22982.6,24,6.46,763,3,0,226.63,1,1.5321733333333332,12.92
33,50285.56,4.7,32187.52,24,7.71,711,4,0,2738.96,0,0.6400946911996208,15.42
37,88269.19,2.0,12844.0,36,10.55,565,5,0,6938.0,0,0.14550943539869346,31.650000000000002
30,27490.12,12.5,94537.43,48,7.38,716,3,0,10.32,0,3.43896025190141,29.52
30,61059.37,2.1,14808.73,48,10.42,603,1,0,4709.7,0,0.24253001627759996,41.68
27,15000.0,8.8,13463.82,36,11.66,547,0,0,804.99,0,0.8975879999999999,34.980000000000004
18,15000.0,24.5,8159.99,24,10.45,578,6,0,871.76,1,0.5439993333333333,20.9
42,30218.12,2.2,4865.59,36,9.86,601,4,0,2361.5,0,0.161015642270267,29.58
42,15000.0,1.5,16336.18,36,7.43,720,4,0,742.37,0,1.0890786666666668,22.29
32,15000.0,9.5,56550.97,24,7.68,699,2,0,-1299.4,0,3.770064666666667,15.36
27,34507.14,1.7,4532.89,36,6.59,814,4,0,2736.48,0,0.131360929940876,19.77
20,56930.97,4.3,16803.71,24,9.8,612,7,0,3970.39,1,0.2951593833725299,19.6
26,16006.2,0.3,11168.37,36,9.56,617,1,0,975.78,1,0.6977527458109982,28.68
18,83685.78,8.9,11499.7,12,9.3,625,4,0,5966.55,1,0.13741522155854916,9.3
27,21328.53,3.5,20451.47,36,10.69,593,3,1,1110.82,1,0.9588785537493677,32.07
37,98575.23,3.5,13107.88,36,7.6,689,5,1,7806.26,0,0.13297336460690987,22.799999999999997
48,15000.0,13.8,26017.58,24,7.89,727,1,0,74.6,1,1.7345053333333333,15.78
18,22641.58,5.0,6715.62,24,9.32,629,3,0,1579.01,0,0.29660562557913356,18.64
30,88449.56,15.4,7058.23,24,11.32,577,2,0,7040.78,0,0.0797994925017151,22.64
27,317302.93,0.2,11672.46,48,9.25,655,3,0,26150.05,0,0.036786486654882135,37.0
27,15000.0,16.1,2416.42,24,10.69,581,3,0,1137.72,0,0.16109466666666666,21.38
25,28394.21,0.4,64261.38,36,9.05,628,4,0,321.19,1,2.2631860509589807,27.150000000000002
30,82593.76,0.6,12610.1,24,8.78,680,3,0,6308.0,0,0.1526761828012189,17.56
40,15000.0,2.4,8928.31,36,12.45,434,1,0,951.53,1,0.5952206666666666,37.349999999999994
38,23217.33,1.1,21952.88,48,8.66,613,4,0,1392.02,0,0.9455385266092182,34.64
46,35641.91,6.8,6591.06,36,5.07,850,3,0,2772.41,0,0.18492443306208897,15.21
60,15000.0,2.0,19016.42,48,11.75,521,3,0,751.56,0,1.2677613333333333,47.0
18,28890.81,0.1,22698.6,48,6.63,744,3,0,1867.91,0,0.7856685222740379,26.52
28,15000.0,3.9,28132.73,24,10.21,572,2,0,-50.91,1,1.8755153333333332,20.42
35,15000.0,1.3,7383.5,36,13.07,451,3,1,1000.97,1,0.49223333333333336,39.21
23,15000.0,3.0,12886.88,36,5.2,844,2,1,862.61,0,0.8591253333333333,15.600000000000001
31,15000.0,4.5,7097.46,48,7.89,710,2,0,1077.1,0,0.47316400000000003,31.56
38,15000.0,0.2,9842.78,12,10.46,562,3,0,382.56,1,0.6561853333333334,10.46
42,25888.79,9.7,20700.85,48,10.65,574,3,1,1625.89,0,0.7996067023603651,42.6
40,21224.45,3.1,11635.16,24,8.0,697,3,1,1242.48,0,0.5481960663291628,16.0
29,36446.48,1.5,14115.38,36,5.37,840,2,1,2611.81,0,0.3872906244992657,16.11
46,28864.29,7.7,15104.44,48,11.42,556,3,1,2011.89,0,0.5232915827827395,45.68
25,24551.84,2.3,49439.43,60,12.48,473,6,0,934.2,1,2.01367514613976,62.400000000000006
41,15000.0,0.3,11185.41,36,9.26,623,3,0,892.95,0,0.745694,27.78
34,79661.55,6.9,23428.1,36,10.16,610,2,0,5880.74,0,0.29409545759528904,30.48
44,65832.85,3.5,13092.03,48,9.6,631,5,1,5156.53,0,0.19886773852263726,38.4
42,28847.46,3.8,15074.4,48,7.81,685,3,0,2037.29,0,0.5225555386852083,31.24
42,30490.16,1.5,12451.68,12,10.15,569,6,0,1445.28,1,0.40838355718697444,10.15
34,36321.2,5.5,26984.5,36,6.49,772,4,0,2199.84,0,0.7429407618691013,19.47
43,56570.14,10.2,6519.51,48,8.72,655,2,1,4552.81,0,0.1152464886952728,34.88
34,108015.57,8.7,5147.26,36,10.32,605,2,0,8834.44,0,0.04765294484859914,30.96
37,49831.56,15.9,4347.77,36,8.99,657,6,0,4014.39,0,0.08724932552783819,26.97
39,92973.47,10.3,12348.46,24,10.45,611,4,0,7175.4,0,0.1328170283415258,20.9
52,49937.7,5.5,9548.49,24,9.87,589,6,0,3721.43,0,0.19120804522434956,19.74
39,38850.02,0.5,11408.9,48,8.49,709,4,0,2956.35,0,0.2936652284863689,33.96
24,202350.59,0.7,1605.14,48,10.07,631,3,1,16821.78,0,0.007932470075822365,40.28
32,15000.0,8.9,1844.47,24,9.72,609,2,0,1165.13,0,0.12296466666666667,19.44
20,28314.16,11.9,45201.14,48,6.98,764,2,0,1277.54,1,1.596414656129654,27.92
23,43814.36,0.4,10775.49,48,7.41,728,3,1,3391.11,0,0.24593512264015724,29.64
45,67060.39,12.9,7500.97,36,4.45,850,3,0,5365.4,0,0.11185395730624292,13.350000000000001
42,75307.79,2.0,3281.08,36,9.9,612,5,1,6169.93,0,0.0435689322445925,29.700000000000003
40,34367.72,1.5,9845.11,48,8.18,703,0,0,2622.8,0,0.2864638678387743,32.72
36,30102.91,2.5,20351.07,48,9.29,669,5,1,1999.33,0,0.6760499234127199,37.16
32,40285.31,7.4,16247.34,60,7.79,689,3,1,3029.3,1,0.40330681332724017,38.95
47,110746.21,1.7,18784.95,60,8.1,699,5,0,8847.06,0,0.16962160601252177,40.5
47,37318.37,1.9,7146.72,48,10.3,588,4,1,2927.57,0,0.19150675659199476,41.2
47,156298.16,0.7,47262.26,48,9.49,599,4,0,11837.7,1,0.302385261605127,37.96
54,15000.0,1.4,7575.56,24,8.91,703,3,0,904.23,0,0.5050373333333333,17.82
35,61767.3,0.6,31642.56,36,8.87,678,5,0,4142.96,1,0.5122865982485878,26.61
18,57174.37,11.7,11020.77,36,11.82,547,5,0,4399.43,0,0.19275717423733746,35.46
37,40731.09,39.1,6150.99,36,9.66,659,2,0,3196.76,0,0.15101461807184635,28.98
49,107086.16,2.3,23636.29,60,7.34,720,0,0,8452.02,0,0.2207221736216893,36.7
28,29830.41,3.4,8259.1,36,11.07,538,2,0,2215.2,0,0.2768684707987587,33.21
50,67318.31,1.6,27922.23,48,4.79,850,2,0,4969.48,0,0.4147791291849127,19.16
36,42515.32,8.6,7819.67,24,9.67,679,2,0,3183.29,0,0.18392593540399085,19.34
52,49988.52,2.4,5642.76,48,6.38,748,3,0,4032.2,0,0.11288111750457906,25.52
39,43195.53,1.6,15130.32,48,8.97,626,3,0,3223.32,0,0.35027513263525184,35.88
51,108964.78,10.4,11821.64,36,8.52,725,3,0,8707.11,1,0.1084904682044969,25.56
28,126039.59,0.4,16725.97,60,14.19,396,6,0,10112.47,0,0.13270409718089374,70.95
46,59999.08,2.4,23517.82,48,8.38,694,2,0,4421.58,0,0.39196967686837864,33.52
31,81811.55,6.9,37001.1,36,10.5,526,2,1,5615.0,0,0.4522723258513009,31.5
24,142494.86,18.8,17181.57,36,7.75,689,2,0,11338.14,0,0.12057677027788934,23.25
24,57734.74,3.1,16470.17,36,11.57,540,1,1,4267.56,0,0.28527313018123923,34.71
55,55721.49,3.3,7716.64,12,8.0,697,9,1,3972.2,0,0.13848588758125457,8.0
21,15000.0,2.4,4606.44,24,11.68,518,10,0,1033.85,1,0.307096,23.36
44,66967.86,7.1,22091.73,48,7.88,709,4,1,5042.58,0,0.3298855600283479,31.52
46,44467.47,2.7,27513.1,36,9.21,619,3,0,2828.02,0,0.6187242044577755,27.630000000000003
36,21569.37,3.9,4556.54,36,7.41,737,3,1,1655.9,0,0.2112504908581011,22.23
50,47848.42,0.9,2200.66,36,13.02,474,2,0,3913.2,0,0.045992323257486874,39.06
34,15000.0,3.8,16470.21,36,9.03,661,2,0,726.02,1,1.098014,27.089999999999996
29,63543.03,2.3,9275.01,60,9.29,638,1,0,5101.41,0,0.14596423872138298,46.449999999999996
38,50747.95,3.2,6803.06,48,8.92,628,5,0,4059.96,0,0.1340558584139852,35.68
34,32305.89,8.4,5240.18,48,8.35,649,3,0,2563.37,0,0.16220509634620808,33.4
30,305126.24,1.9,8794.49,36,7.46,730,4,1,25153.78,0,0.028822463777615454,22.38
31,47827.92,2.9,36446.59,24,8.01,644,0,0,2337.11,0,0.762035856880249,16.02
26,16781.91,7.1,7435.88,36,6.74,750,3,1,1169.78,1,0.4430890166852283,20.22
33,145562.6,2.4,42268.13,48,9.99,583,1,0,11058.39,0,0.29037767943139237,39.96
40,20443.35,1.6,4552.06,60,8.37,704,3,1,1610.5,0,0.22266702864256596,41.849999999999994
50,142666.32,10.6,20840.64,48,11.22,589,0,0,11347.99,0,0.146079607296242,44.88
29,29373.25,0.8,26964.1,60,7.33,694,1,0,1909.64,0,0.9179814967700203,36.65
38,36406.69,8.6,12509.9,60,8.12,676,1,1,2779.52,0,0.3436154179355497,40.599999999999994
51,21592.0,4.7,3462.96,24,7.55,715,5,0,1643.42,0,0.16038162282326787,15.1
18,15000.0,1.3,7833.13,48,9.62,606,4,0,1052.76,1,0.5222086666666667,38.48
40,29879.7,3.6,19321.74,48,10.18,585,1,0,1998.25,0,0.6466510707938835,40.72
35,51022.55,6.2,12775.22,48,9.21,637,1,1,3932.69,0,0.2503838008880387,36.84
42,50144.85,1.1,17675.87,48,10.65,563,3,0,3724.89,0,0.35249621845513546,42.6
36,67598.16,3.9,7782.13,48,11.25,495,6,1,5431.1,0,0.11512339980851549,45.0
23,40355.34,6.9,6696.27,12,10.1,620,4,0,2773.93,0,0.16593268697525534,10.1
36,139728.76,21.8,9966.73,24,11.78,489,2,0,11175.92,0,0.07132912365356996,23.56
18,37590.56,0.5,10137.41,36,7.77,716,1,0,2815.95,0,0.2696796748971018,23.31
33,123363.77,1.7,11121.47,24,6.46,742,1,0,9785.1,0,0.09015183307060086,12.92
40,47020.38,0.6,25510.9,48,9.02,635,2,0,3283.28,0,0.5425498475341969,36.08
50,44155.29,5.7,7643.21,60,10.31,564,4,0,3516.04,0,0.17309839885549386,51.550000000000004
37,89825.77,8.2,7129.37,36,5.49,850,2,0,7270.24,0,0.07936887153875775,16.47
29,16471.06,4.2,13053.39,36,6.47,766,3,0,972.69,1,0.7925045504053776,19.41
18,15000.0,7.6,3639.83,36,6.58,775,1,0,1138.31,0,0.24265533333333333,19.740000000000002
42,15000.0,3.6,31719.81,36,8.67,614,2,1,246.18,1,2.1146540000000003,26.009999999999998
37,59565.24,2.0,23853.45,48,9.72,595,4,1,4361.99,1,0.40045922756292096,38.88
27,48753.71,2.4,52769.85,24,7.68,748,2,0,1683.87,0,1.0823760899426935,15.36
39,24334.93,0.1,8125.09,24,11.04,514,3,0,1649.07,0,0.33388589981561484,22.08
47,102918.66,0.2,9191.92,36,6.6,742,2,0,8294.41,0,0.08931247258757546,19.799999999999997
35,44614.38,11.6,29745.66,36,11.46,511,3,0,2737.54,1,0.6667280818426705,34.38
29,52602.03,0.3,74995.2,48,7.01,759,3,0,2587.3,0,1.4257092359363317,28.04
19,24061.95,1.5,22630.69,48,10.94,578,5,0,1420.92,1,0.9405177053397583,43.76
24,22007.07,15.8,15863.23,36,10.48,578,4,1,1318.48,1,0.7208242623847699,31.44
30,176981.09,0.2,8531.78,48,9.13,654,3,1,14535.58,0,0.04820729717508238,36.52
37,52478.61,1.4,7320.59,48,6.93,710,3,0,4198.15,0,0.13949664444237375,27.72
34,15000.0,2.8,6234.18,36,11.46,531,3,0,1044.54,0,0.41561200000000004,34.38
33,83250.89,12.1,8136.06,24,5.86,769,2,1,6577.49,0,0.0977294056556032,11.72
29,159697.96,9.3,8827.78,24,7.62,697,2,0,12910.43,1,0.055277975999192486,15.24
31,18283.02,11.0,3596.9,24,10.79,579,6,0,1356.29,0,0.1967344563425517,21.58
49,70044.64,8.5,19283.19,36,12.83,473,2,0,5188.9,1,0.27529858101919,38.49
27,36102.25,5.8,12334.68,48,9.65,594,1,0,2697.75,1,0.3416595918536933,38.6
43,53188.56,2.1,46572.36,36,5.67,824,2,0,3022.51,0,0.8756085895162419,17.009999999999998
51,132161.48,1.7,25454.33,48,7.69,751,6,1,10395.74,0,0.1926002190653434,30.76
24,29065.3,1.7,7119.87,12,8.63,676,4,0,1800.69,0,0.24496117363316394,8.63
39,29299.28,8.1,14705.23,12,7.23,714,2,1,1167.65,0,0.5018973162480443,7.23
26,86235.62,8.8,39198.4,12,4.58,850,2,0,3838.17,0,0.4545499875805381,4.58
30,24662.68,6.9,18844.56,48,13.41,437,1,0,1545.83,1,0.7640921424597814,53.64
35,36611.43,0.0,21767.62,36,6.72,765,6,0,2381.61,0,0.5945580382956906,20.16
31,15000.0,0.2,10380.5,36,9.55,633,3,0,917.24,0,0.6920333333333333,28.650000000000002
25,95949.37,13.0,7058.26,48,9.93,596,5,3,7817.0,1,0.07356233813729053,39.72
48,40102.67,0.5,20802.01,60,6.68,752,7,0,2933.12,0,0.5187188284470834,33.4
32,79340.3,1.2,27396.15,36,8.16,700,3,0,5751.17,0,0.3452992993472422,24.48
49,25544.81,1.0,5056.24,60,8.16,668,2,2,2025.82,0,0.19793609739121173,40.8
18,64226.73,0.9,2570.83,48,4.27,850,2,0,5293.87,0,0.04002741537674423,17.08
42,26515.91,3.8,27533.63,48,5.06,850,1,0,1574.83,0,1.0383814849273512,20.24
46,43305.96,16.8,4986.02,36,9.43,614,3,0,3449.28,0,0.11513472972311434,28.29
52,63373.62,7.3,4801.67,24,10.0,559,3,0,5059.56,1,0.07576764590692468,20.0
32,27644.07,5.2,5077.55,48,8.63,696,3,0,2178.21,0,0.18367592036917865,34.52
21,15000.0,0.8,8775.44,36,11.44,546,5,0,960.87,0,0.5850293333333334,34.32
34,15353.24,0.7,5860.82,48,13.72,454,3,0,1120.1,0,0.38173180384075284,54.88
36,17165.28,5.4,5115.85,48,5.29,850,4,1,1311.95,0,0.2980347538752645,21.16
30,28010.88,13.3,8976.35,48,8.87,661,3,1,2111.42,0,0.320459407201773,35.48
18,31602.82,3.0,12209.51,24,9.22,644,2,0,2074.55,0,0.38634242134088037,18.44
29,19396.29,6.1,20775.46,60,7.79,694,3,0,1197.19,0,1.0711048349967958,38.95
39,88030.72,5.9,8443.25,36,6.31,776,6,0,7077.85,0,0.09591254053130543,18.93
24,34405.57,0.3,14045.28,48,10.58,610,1,0,2506.98,0,0.40822692372194386,42.32
29,72868.23,9.4,29479.46,36,5.02,850,4,0,5188.56,0,0.40455847493482416,15.059999999999999
40,16547.15,10.5,7539.39,48,13.85,428,5,0,1173.47,0,0.4556307279501304,55.4
24,41595.42,0.2,5493.33,24,6.89,753,5,1,3220.61,0,0.13206574185330983,13.78
27,59982.95,10.5,11667.91,48,9.71,610,6,0,4704.27,0,0.19452044289252196,38.84
41,16532.11,2.0,4121.5,36,10.35,581,1,0,1244.01,0,0.2493027205843658,31.049999999999997
44,21824.2,3.1,8135.16,24,11.14,567,3,0,1438.99,1,0.3727586807305651,22.28
37,170203.13,14.4,16041.37,36,6.62,743,4,0,13691.07,0,0.09424838426884394,19.86
30,94072.16,4.9,21020.99,24,10.22,599,2,0,6867.2,0,0.22345601504206983,20.44
24,15000.0,1.9,12646.91,36,15.58,354,5,0,807.99,0,0.8431273333333333,46.74
22,44238.65,14.9,9622.54,36,8.42,683,3,0,3383.15,0,0.21751432288281855,25.259999999999998
32,49074.76,1.5,4638.32,36,6.57,780,3,0,3947.26,0,0.0945153883584963,19.71
51,45791.6,0.7,8993.57,48,10.71,587,4,0,3584.79,0,0.1964021785655011,42.84
54,58772.81,4.3,29991.29,12,9.24,663,2,0,2271.61,0,0.5102919190013205,9.24
41,43785.04,11.0,4502.99,48,8.01,681,5,0,3538.8,0,0.10284311719253882,32.04
41,51138.49,8.4,16207.76,60,11.86,530,2,0,3902.15,1,0.31693857210097526,59.3
38,103869.84,5.2,8708.04,24,8.71,626,2,0,8259.15,1,0.08383607792213794,17.42
40,33495.95,1.3,2483.34,48,12.04,490,4,0,2725.88,1,0.0741385152533366,48.16
29,98228.56,0.1,15185.53,24,10.85,624,3,1,7479.01,1,0.1545938370673458,21.7
36,30611.56,2.1,10470.17,12,5.92,834,2,1,1650.22,0,0.3420332057562568,5.92
46,141382.22,33.7,21084.92,48,5.26,834,5,1,11293.79,0,0.14913416977042798,21.04
31,35693.06,4.5,5128.16,24,8.39,758,2,0,2741.58,0,0.14367386825338035,16.78
33,15000.0,0.4,25593.04,60,11.31,538,2,0,689.58,0,1.7062026666666668,56.550000000000004
43,34519.01,5.9,8513.66,36,7.86,689,2,0,2610.35,0,0.24663685314265962,23.580000000000002
26,33478.14,0.2,24302.27,12,11.45,534,0,0,636.87,0,0.7259145818734255,11.45
19,34741.41,10.6,49962.54,12,10.78,556,3,0,-1515.53,0,1.4381264318287599,10.78
36,24703.09,0.7,5879.26,12,8.75,644,2,0,1545.12,1,0.23799694694064588,8.75
34,49912.76,1.6,15206.78,36,7.13,764,6,1,3688.95,1,0.30466718330142434,21.39
31,63648.03,13.3,10966.53,24,6.6,760,1,0,4814.99,0,0.17229959827507624,13.2
21,15000.0,0.7,10947.71,48,9.13,645,1,1,976.89,0,0.7298473333333333,36.52
47,33747.43,0.0,9606.88,36,9.69,655,3,1,2503.7,0,0.28466997338760314,29.07
27,76110.48,5.9,8003.55,12,7.54,739,1,0,5648.03,0,0.10515700334566279,7.54
44,15000.0,2.9,9137.93,24,6.91,756,4,0,841.24,0,0.6091953333333333,13.82
55,57081.29,3.5,8169.38,24,11.78,529,3,0,4373.05,0,0.14311834928748107,23.56
29,70429.72,12.9,3485.66,24,7.08,675,3,0,5712.95,0,0.04949132269729313,14.16
29,21863.2,1.1,15472.15,36,5.44,802,1,0,1355.16,0,0.7076800285411101,16.32
27,24997.18,5.0,33022.11,36,11.86,545,2,0,988.5,1,1.3210334125689378,35.58
22,20790.54,5.4,4387.4,36,11.98,513,5,0,1586.86,0,0.21102866977000115,35.94
59,23027.5,6.9,20668.49,36,10.6,590,2,1,1246.21,1,0.8975568342199545,31.799999999999997
34,93659.03,8.6,9724.97,12,8.76,709,3,0,6955.54,0,0.10383376808408115,8.76
38,21757.17,6.8,24877.77,60,7.67,734,4,0,1312.59,1,1.1434285800956652,38.35
30,17215.16,11.7,6541.95,24,12.13,557,8,0,1126.25,0,0.3800109903131891,24.26
33,87303.06,3.5,32441.21,36,7.94,707,2,0,6259.56,0,0.3715930461085786,23.82
29,34371.62,2.0,5999.6,24,6.14,783,4,0,2598.02,0,0.17455098130376165,12.28
43,50732.0,5.2,2471.93,24,10.27,643,2,0,4113.29,0,0.048725262161949064,20.54
40,31846.48,6.9,4531.48,48,10.13,536,3,0,2538.66,0,0.14229139295771462,40.52
59,16616.58,13.6,28851.1,48,8.64,681,5,1,671.68,0,1.7362838803171288,34.56
32,28169.67,0.1,3847.17,24,9.59,622,3,0,2170.67,1,0.13657135493600034,19.18
46,19536.35,5.3,14771.26,24,11.42,565,3,0,936.69,1,0.7560910814967996,22.84
23,42266.66,0.5,32868.21,48,8.91,652,2,0,2705.7,1,0.7776391605109085,35.64
47,19279.28,0.0,15075.54,36,12.11,494,2,0,1105.09,0,0.7819555502072693,36.33
18,37578.74,10.3,16018.42,60,9.98,621,3,0,2791.38,0,0.4262628283971203,49.900000000000006
35,22414.64,5.0,23484.14,12,13.96,406,5,0,-240.24,0,1.0477143509777538,13.96
21,56089.19,2.8,98736.42,60,8.68,616,3,2,2639.79,0,1.7603466906903094,43.4
42,93163.61,2.4,22181.46,12,9.6,608,2,0,5817.66,0,0.2380914608182315,9.6
19,44483.24,11.8,32790.51,12,9.08,618,4,0,838.14,1,0.7371430228553496,9.08
49,15000.0,5.0,17556.51,12,11.3,573,1,1,-304.13,1,1.170434,11.3
46,48134.83,11.7,43880.94,12,10.17,596,0,0,149.93,1,0.9116255318653873,10.17
34,25453.67,2.9,4599.11,12,10.13,584,5,0,1716.53,0,0.18068553572038923,10.13
43,20002.65,4.1,12530.55,60,9.33,656,3,1,1404.76,1,0.6264444961042661,46.65
34,69205.27,10.1,14308.05,36,9.64,645,3,1,5307.84,0,0.20674798320994917,28.92
29,69119.07,7.9,13578.92,24,6.42,803,1,0,5155.52,0,0.19645692570805712,12.84
31,51263.71,9.7,9976.99,36,10.33,573,4,0,3948.5,1,0.19462091214233226,30.990000000000002
39,47091.36,8.0,4663.15,60,6.83,744,2,0,3832.32,0,0.09902347267099526,34.15
18,15000.0,9.0,5519.38,36,10.08,555,4,0,1071.7,0,0.36795866666666666,30.240000000000002
38,95280.65,4.9,21677.46,48,8.45,718,0,0,7406.25,0,0.2275116720971152,33.8
32,64319.78,1.2,6175.71,12,6.73,756,2,0,4826.39,0,0.09601572020302308,6.73
35,15000.0,15.8,10384.82,48,8.28,725,2,0,995.11,0,0.6923213333333333,33.12
26,81416.19,8.8,23183.02,48,9.93,633,1,2,6197.48,0,0.2847470509243923,39.72
35,32615.72,3.1,27493.19,24,14.0,426,3,1,1397.95,0,0.8429429121908085,28.0
45,37951.4,11.8,13267.53,36,5.78,828,5,0,2760.31,0,0.3495926368987705,17.34
47,45118.52,1.8,17722.2,24,10.74,569,3,0,2936.02,0,0.3927921394584752,21.48
37,15000.0,5.3,20318.47,36,9.77,616,1,1,596.57,0,1.3545646666666666,29.31
42,31913.11,2.3,8257.24,36,9.04,643,3,0,2396.69,0,0.25874131352287505,27.119999999999997
41,37930.3,0.6,7802.63,36,5.08,850,2,0,2926.73,0,0.20570968328750364,15.24
18,29995.22,12.5,14588.06,60,10.84,545,1,0,2183.58,1,0.48634615782114615,54.2
29,26878.18,13.2,27983.54,36,7.76,727,3,1,1366.04,1,1.0411248083017526,23.28
40,83323.92,7.0,5992.65,36,6.82,797,3,0,6759.12,0,0.07191992407462347,20.46
51,27125.94,10.7,18160.07,12,10.41,613,4,0,660.47,0,0.6694724680508768,10.41
39,23466.09,0.8,18741.25,12,9.11,658,1,0,315.6,1,0.798652438476116,9.11
40,15000.0,2.9,5952.27,48,10.2,567,1,0,1098.46,0,0.396818,40.8
35,40294.56,22.8,11754.87,24,8.08,718,6,0,2825.81,0,0.29172349815955306,16.16
41,25984.02,8.8,16751.18,48,8.81,689,1,0,1749.99,0,0.6446723794085749,35.24
18,29171.57,2.7,78927.22,60,8.1,676,4,0,826.82,0,2.7056212607000583,40.5
34,77073.5,7.9,37385.1,36,9.85,628,1,2,5219.11,0,0.4850577695316808,29.549999999999997
33,262214.17,0.6,19392.26,24,8.35,678,2,0,20971.02,0,0.07395580490558538,16.7
22,16616.33,9.4,20810.99,36,10.74,590,5,1,705.93,1,1.2524420254051285,32.22
20,20030.16,3.7,19304.2,48,7.64,685,4,0,1201.16,0,0.9637566549643138,30.56
48,29267.13,15.0,34404.87,36,10.46,601,6,0,1321.33,0,1.1755464235816768,31.380000000000003
20,55512.64,14.5,43414.69,36,6.52,809,7,1,3295.04,0,0.7820685523152926,19.56
45,15000.0,1.1,4507.01,60,8.46,696,3,0,1157.62,0,0.30046733333333336,42.300000000000004
27,37377.55,4.8,11235.83,48,11.9,531,4,0,2819.47,1,0.30060370463018576,47.6
42,70754.62,9.2,11033.26,24,5.69,821,4,1,5408.76,0,0.15593695507091976,11.38
24,32487.0,0.9,3303.99,36,13.35,450,3,0,2595.37,0,0.1017019115338443,40.05
26,68790.55,1.2,5638.77,48,12.01,525,2,0,5584.03,0,0.08197012525703022,48.04
31,47582.35,2.8,16023.66,12,10.93,568,3,0,2549.52,0,0.3367563813052529,10.93
19,23581.11,2.3,5429.13,36,9.18,638,2,0,1791.99,0,0.2302321646436491,27.54
36,51673.58,1.3,4404.57,60,4.98,850,0,0,4223.05,0,0.08523833649613592,24.900000000000002
41,30044.94,0.6,53388.7,48,8.75,674,0,0,1181.49,0,1.7769614450885907,35.0
23,15000.0,7.0,28819.88,36,10.91,604,2,1,307.7,0,1.9213253333333333,32.730000000000004
18,33728.04,1.9,16016.88,12,6.42,721,2,1,1429.06,0,0.47488321289941543,6.42
43,19929.96,0.5,6566.17,36,6.91,748,3,0,1458.36,1,0.3294622768936817,20.73
19,15000.0,1.7,14433.73,36,7.57,686,6,0,800.56,1,0.9622486666666666,22.71
49,43027.89,2.4,4460.63,12,8.03,713,5,0,3197.57,0,0.10366834162679137,8.03
41,15000.0,8.2,53909.86,60,6.56,732,4,0,193.68,0,3.5939906666666666,32.8
44,45688.72,2.7,17957.92,48,6.77,771,5,3,3379.28,0,0.3930493128281991,27.08
21,32498.57,1.3,34477.46,48,7.79,739,4,0,1869.91,0,1.0608916023074246,31.16
39,15000.0,1.7,15856.01,60,9.24,642,4,0,919.01,1,1.0570673333333334,46.2
35,117521.77,1.2,6723.0,24,7.41,716,3,1,9491.22,0,0.05720642226542367,14.82
21,38202.35,22.2,9122.7,48,6.83,744,3,1,2965.79,0,0.238799445583845,27.32
36,15000.0,0.5,7096.51,48,10.05,579,5,0,1069.84,0,0.47310066666666667,40.2
52,39909.15,5.5,10244.99,24,6.21,802,2,0,2870.73,0,0.2567077975852655,12.42
36,40987.57,2.1,14421.6,24,12.05,507,3,0,2736.42,0,0.35185301299881894,24.1
18,20538.51,6.5,3543.82,48,8.85,650,6,0,1623.61,0,0.17254513594218862,35.4
48,50786.38,11.5,10989.65,36,8.2,699,2,0,3886.81,0,0.21638970920943765,24.599999999999998
19,15331.92,10.6,10192.79,12,10.53,600,4,0,379.04,1,0.6648084519094805,10.53
40,57975.38,4.1,52797.76,48,7.99,685,3,0,3542.58,0,0.9106927802801811,31.96
38,28639.92,0.7,5811.23,24,6.88,775,4,0,2126.79,0,0.20290664219732457,13.76
39,32022.28,2.5,8065.14,48,8.62,683,6,0,2469.27,0,0.2518602672889001,34.48
43,111686.84,8.4,7226.77,48,8.41,651,3,0,9129.42,0,0.06470565377263786,33.64
25,102567.99,4.0,33711.87,36,15.92,376,2,0,7363.45,0,0.3286782747716905,47.76
37,16684.13,0.7,26168.07,36,6.7,751,0,0,585.93,1,1.5684407877426032,20.1
24,32731.86,0.7,16267.98,48,7.88,692,0,0,2331.42,0,0.4970075027816934,31.52
30,36638.62,4.4,19004.93,36,8.16,695,6,1,2456.27,0,0.5187130410479434,24.48
29,15768.93,6.0,4218.42,36,10.39,603,2,1,1177.19,0,0.26751466332845664,31.17
34,31841.0,4.4,33848.72,48,7.48,728,4,0,1835.31,0,1.0630545523067743,29.92
42,60432.55,0.7,8407.09,12,9.98,647,4,1,4297.01,0,0.13911526156020224,9.98
23,47778.0,0.7,9676.37,36,7.96,742,2,0,3678.46,0,0.2025277324291515,23.88
22,24871.2,2.6,11253.73,48,9.8,625,1,0,1788.26,0,0.45248037891215537,39.2
28,15000.0,5.6,13767.26,24,8.94,655,3,0,621.43,1,0.9178173333333334,17.88
26,23520.35,1.2,7791.21,48,7.58,670,4,0,1771.36,1,0.33125399919644055,30.32
34,95578.52,1.3,12622.77,48,9.1,638,2,0,7650.16,1,0.13206701673137436,36.4
50,72377.74,0.4,15859.88,48,8.92,646,4,0,5637.41,0,0.2191264883374363,35.68
42,37390.43,3.2,2377.39,12,10.54,585,4,1,2906.26,0,0.06358284726867275,10.54
30,31072.43,0.9,9829.54,24,11.86,487,6,1,2127.3,0,0.31634281580166085,23.72
21,25508.75,2.4,13195.19,12,7.53,719,2,0,980.77,0,0.5172809330131818,7.53
30,85944.07,6.8,27339.21,24,8.68,700,5,1,5917.03,0,0.31810466969972445,17.36
27,30467.52,8.6,3488.7,24,6.05,768,2,0,2384.26,1,0.11450554557771685,12.1
33,25840.66,1.2,17594.62,36,8.51,617,4,0,1597.89,0,0.6808889556226505,25.53
41,22188.22,1.2,56601.14,36,9.8,583,2,0,27.97,1,2.5509545155041726,29.400000000000002
34,45009.72,12.5,36294.86,24,6.66,748,4,0,2131.38,1,0.8063782667388288,13.32
18,37955.7,1.7,91112.84,36,8.42,681,4,0,290.14,0,2.4005047990156947,25.259999999999998
46,41178.28,0.8,9428.4,60,10.35,638,4,0,3229.57,0,0.22896536717900795,51.75
20,84309.43,5.9,5784.83,48,10.54,563,0,0,6877.56,1,0.06861427007631293,42.16
45,43981.14,2.0,2788.1,12,6.59,803,4,0,3424.38,0,0.06339308167091622,6.59
36,18161.5,4.0,12712.69,12,6.7,739,2,0,415.23,0,0.699980177848746,6.7
41,21710.12,0.3,9674.73,48,5.55,814,1,0,1583.96,0,0.4456322673481307,22.2
30,73796.02,0.5,7187.18,36,12.63,490,2,0,5908.78,0,0.0973925152061046,37.89
32,45836.43,9.9,9548.02,60,9.0,641,4,0,3621.5,0,0.20830636242831305,45.0
43,23621.29,4.5,12694.91,36,14.49,388,4,0,1531.53,0,0.5374350850440429,43.47
21,52073.05,2.1,20853.53,48,6.13,771,0,0,3848.43,0,0.4004668441737136,24.52
22,84704.65,9.0,8403.33,36,4.85,850,1,1,6807.43,0,0.09920742249687592,14.549999999999999
40,126008.71,11.1,51029.64,36,8.04,701,3,0,8900.7,0,0.40496914856123833,24.119999999999997
44,54764.42,0.2,19024.07,60,6.91,691,2,0,4187.81,0,0.3473801055502825,34.55
38,15000.0,1.5,7625.93,48,10.3,606,3,0,1055.49,0,0.5083953333333333,41.2
25,15000.0,5.9,44120.14,48,10.71,587,1,1,115.9,0,2.9413426666666664,42.84
32,53883.07,2.8,10114.81,36,6.48,794,2,0,4180.34,0,0.1877177748038484,19.44
38,77762.04,0.4,7701.7,24,7.36,770,4,0,6134.09,0,0.09904189756338698,14.72
43,15000.0,2.9,7155.27,24,11.05,516,5,1,916.34,0,0.47701800000000005,22.1
21,15000.0,11.8,31073.24,36,8.59,654,2,1,267.8,0,2.0715493333333335,25.77
21,15000.0,9.6,27785.09,36,8.43,661,4,0,373.79,0,1.8523393333333333,25.29
21,40392.97,3.2,11194.01,24,9.84,561,7,0,2850.36,1,0.2771276784054255,19.68
34,128426.79,0.6,17157.29,48,9.39,576,6,0,10272.09,0,0.13359587980046844,37.56
40,35872.92,4.6,50352.68,60,8.63,662,4,0,1953.19,0,1.4036404061894043,43.150000000000006
22,36312.16,14.8,6687.73,12,7.35,716,2,0,2446.27,0,0.1841732907103295,7.35
34,44468.54,4.6,21239.28,24,8.39,690,4,2,2741.33,0,0.4776248556844906,16.78
64,67856.75,4.3,4626.2,48,9.3,648,2,0,5538.95,1,0.06817597365037377,37.2
24,49969.99,2.9,38276.8,48,10.47,528,2,0,3184.7,1,0.76599575064954,41.88
31,56401.86,5.1,29412.5,48,10.03,614,1,0,3953.75,0,0.521481029171733,40.12
31,47909.23,2.9,28014.53,36,8.86,650,4,0,3103.41,0,0.5847418127989116,26.58
31,25948.82,5.2,56074.82,36,10.02,607,1,0,352.5,0,2.160977647538501,30.06
32,15000.0,4.6,17510.21,36,11.0,548,3,0,676.74,0,1.1673473333333333,33.0
49,48098.24,3.1,24885.2,60,8.96,659,5,0,3492.09,0,0.5173827566247746,44.800000000000004
32,53847.1,2.8,22483.04,24,11.64,549,3,1,3432.68,0,0.41753483474504666,23.28
28,37328.65,3.5,34214.99,36,5.37,808,1,0,2079.57,1,0.9165879291107499,16.11
55,15000.0,7.6,25332.68,60,10.86,538,1,0,700.97,1,1.6888453333333333,54.3
34,21675.04,1.4,7580.84,48,9.8,625,3,0,1614.71,0,0.3497497582472743,39.2
55,15000.0,7.4,15307.3,24,10.07,635,5,0,543.15,0,1.0204866666666665,20.14
20,129835.61,1.8,10934.01,36,8.93,636,4,0,10472.29,0,0.08421426140332379,26.79
47,60772.75,8.1,5939.13,48,7.6,701,3,0,4920.52,1,0.0977268594888334,30.4
46,22623.64,0.5,25661.26,24,5.58,800,2,0,752.83,0,1.134267518401106,11.16
43,18565.97,9.3,46609.16,36,6.84,773,4,0,111.42,0,2.5104618826810556,20.52
27,26804.01,0.9,14844.33,12,8.53,710,5,0,938.74,0,0.5538100455864626,8.53
24,20567.96,7.4,20719.07,36,9.59,650,5,0,1049.43,0,1.0073468637628622,28.77
36,51819.19,3.5,3523.27,48,11.08,562,3,0,4227.07,0,0.0679916069703135,44.32
46,60134.58,8.6,18959.38,36,8.58,656,6,0,4412.01,0,0.3152824880459795,25.740000000000002
38,15000.0,7.2,23942.08,12,9.84,600,1,0,-853.11,0,1.5961386666666668,9.84
28,41368.09,8.3,8151.87,24,9.06,658,3,0,3074.7,0,0.19705695863647563,18.12
28,18062.09,1.8,24194.15,48,8.67,674,1,1,906.89,1,1.339498917345667,34.68
46,18077.62,0.8,12343.94,36,10.99,535,7,0,1102.4,1,0.6828299300461013,32.97
49,17708.06,2.5,11446.3,36,11.08,568,2,1,1100.5,0,0.6463892713261644,33.24
29,46859.97,3.3,4481.44,24,9.39,632,3,0,3699.46,0,0.09563471764920037,18.78
36,56798.76,2.5,9792.55,48,7.69,737,3,0,4495.59,0,0.17240781312831474,30.76
42,27383.05,0.7,17559.46,24,11.93,484,1,0,1455.91,0,0.641252891843677,23.86
47,52959.04,4.1,5479.83,36,6.24,782,1,0,4245.95,1,0.10347298591515254,18.72
27,16980.58,6.5,23322.79,48,9.97,605,4,1,823.86,0,1.3734978428298679,39.88
32,81985.48,3.4,5427.69,36,7.97,686,3,1,6662.11,0,0.06620306424991353,23.91
33,31183.41,6.6,7810.85,48,13.23,471,2,0,2388.18,0,0.2504809448357316,52.92
42,31139.09,1.1,67884.35,36,9.38,645,0,0,424.19,0,2.1800364108263923,28.14
23,77715.07,1.7,83580.66,24,8.43,677,2,0,2679.72,0,1.0754755802188687,16.86
29,20120.26,0.6,31000.08,36,8.86,687,1,0,692.91,0,1.5407395331869471,26.58
24,53235.42,6.0,66467.9,36,11.29,570,4,0,2251.07,0,1.2485653348841805,33.87
31,137761.05,0.8,8960.38,36,12.82,456,3,0,11178.95,0,0.0650429130730348,38.46
27,16316.63,6.1,11869.19,48,9.23,622,3,1,1063.06,0,0.7274290095442503,36.92
35,19713.66,5.7,16748.15,36,5.62,812,7,0,1136.17,0,0.8495708052183106,16.86
40,45712.94,0.9,3501.0,48,10.17,601,5,0,3720.33,0,0.07658662951890646,40.68
24,21524.45,4.3,4567.75,36,8.42,704,5,1,1649.68,0,0.2122121587311174,25.259999999999998
46,24109.35,3.5,34190.92,24,9.35,684,0,0,441.61,0,1.4181601743721834,18.7
33,22698.04,14.4,27980.85,36,12.61,484,6,1,953.97,0,1.2327430033606426,37.83
19,27471.62,0.7,27752.89,48,6.26,773,3,3,1634.21,0,1.0102385662003188,25.04
26,44140.02,0.2,32153.63,36,6.89,756,3,0,2687.14,0,0.7284462036945158,20.669999999999998
39,35400.7,4.1,20468.49,36,9.79,641,3,0,2291.61,0,0.5781944989788338,29.369999999999997
30,57181.33,2.2,24989.19,36,8.74,659,2,0,3973.48,0,0.4370165926535811,26.22
27,104669.65,6.3,20488.89,36,7.66,646,4,0,8083.63,0,0.19574814666906787,22.98
39,50020.12,0.5,15392.02,60,13.64,418,3,1,3813.06,1,0.30771657485028026,68.2
31,24684.5,9.6,17385.91,12,11.61,520,2,0,515.49,0,0.7043249812635459,11.61
40,26778.77,5.7,11054.03,12,8.3,706,2,0,1268.46,0,0.4127908040585882,8.3
23,17399.3,5.2,28432.98,60,7.75,742,8,0,876.82,0,1.6341450518124292,38.75
18,15000.0,4.8,4665.25,48,8.25,691,4,1,1135.56,0,0.31101666666666666,33.0
20,31463.94,5.7,24049.37,48,11.1,564,1,0,1999.26,1,0.7643470588870942,44.4
55,52450.15,0.9,14486.45,12,7.25,700,4,1,3115.71,1,0.2761946343337436,7.25
25,15000.0,1.3,6131.05,36,12.86,444,1,0,1043.83,0,0.4087366666666667,38.58
41,57978.83,3.1,28673.53,36,10.66,569,4,0,3897.44,1,0.4945517182737216,31.98
46,54724.63,5.1,25170.73,36,8.2,695,2,0,3769.3,0,0.4599524930547726,24.599999999999998
35,55982.95,6.8,9133.61,48,10.49,541,2,0,4431.44,0,0.16314985187454398,41.96
32,72523.59,3.3,12914.47,36,9.12,622,4,1,5632.23,0,0.1780726795240004,27.36
38,50052.24,2.0,10947.53,36,8.02,714,4,0,3827.86,0,0.21872207917168146,24.06
35,15000.0,3.9,14007.38,36,10.47,552,2,0,794.92,0,0.9338253333333333,31.410000000000004
30,31998.2,6.9,22971.79,24,9.62,639,3,0,1610.51,0,0.7179088198711178,19.24
34,104471.21,6.1,6922.56,36,12.85,483,4,0,8473.19,1,0.06626284887482398,38.55
43,130437.96,6.4,46606.54,48,11.69,508,4,1,9649.58,0,0.3573081026412863,46.76
24,19953.55,6.8,11363.98,36,9.6,610,1,0,1298.24,1,0.5695217141811858,28.799999999999997
37,115398.57,0.9,5257.47,60,10.63,587,3,0,9503.21,0,0.04555923006671573,53.150000000000006
27,57082.81,0.7,7731.56,36,6.44,819,3,1,4520.15,1,0.13544462860185055,19.32
29,15000.0,4.9,3740.2,36,10.38,622,1,0,1128.65,0,0.24934666666666666,31.14
44,32860.33,6.5,56164.89,24,7.46,718,4,0,211.98,0,1.709200424950084,14.92
34,55915.98,2.6,15826.29,36,7.82,726,1,0,4165.04,0,0.2830369779801767,23.46
30,43422.36,0.3,35892.85,24,9.06,638,2,1,1977.79,0,0.8265983239971295,18.12
35,18721.07,2.1,49103.99,60,4.94,850,5,1,634.79,0,2.622926467344014,24.700000000000003
33,58053.31,1.3,12708.95,36,7.79,717,2,0,4440.75,0,0.21891861118685568,23.37
27,28869.57,0.4,22083.74,36,4.86,833,8,0,1745.32,0,0.7649486985777759,14.580000000000002
38,43102.76,6.2,9172.72,48,6.9,782,2,1,3372.67,0,0.21281050215809844,27.6
32,17645.32,5.3,10084.56,36,5.64,815,3,0,1165.29,0,0.5715147132497456,16.919999999999998
19,26820.36,3.6,2263.23,48,8.4,651,4,0,2179.35,0,0.08438477335874686,33.6
41,49009.92,8.2,12361.49,36,11.2,600,2,0,3678.29,0,0.25222424358170753,33.599999999999994
30,25638.27,6.4,6655.81,36,6.97,724,6,0,1931.1,1,0.2596044896945075,20.91
45,55769.24,2.4,14467.11,24,8.46,688,5,0,3990.09,0,0.2594102053390005,16.92
31,83021.52,12.5,7207.61,48,14.23,395,2,1,6720.67,1,0.08681616525450268,56.92
29,130056.51,10.0,24525.6,48,10.45,555,5,0,10210.7,1,0.18857648878937316,41.8
36,112047.61,5.3,10810.93,36,9.83,614,2,2,8989.32,0,0.09648514591252771,29.490000000000002
34,35706.21,2.9,12397.28,60,6.64,806,2,1,2732.14,0,0.3472023493952453,33.199999999999996
36,35027.65,4.8,4295.3,24,10.88,592,3,0,2719.02,0,0.12262598261659004,21.76
46,63264.09,5.7,36034.22,48,7.78,738,4,0,4396.02,1,0.5695841037150776,31.12
41,67175.13,1.5,56842.3,48,8.71,650,4,0,4191.22,0,0.8461807219427785,34.84
37,29425.04,15.6,7905.7,12,7.19,711,5,0,1767.34,0,0.26867253196597185,7.19
18,41803.98,6.5,8570.26,48,8.24,660,3,1,3273.47,0,0.20501062339040443,32.96
40,107796.2,3.0,16706.05,48,8.5,676,3,0,8571.24,0,0.15497809755816996,34.0
36,40895.67,3.2,21972.15,48,8.72,688,3,0,2864.11,0,0.5372732614479724,34.88
21,23495.27,2.2,8759.96,36,9.19,617,2,1,1678.6,0,0.37283929914404046,27.57
40,15000.0,0.8,27766.97,24,6.64,792,5,0,11.33,0,1.8511313333333335,13.28
45,21150.85,2.0,13502.33,36,14.22,389,3,0,1299.65,0,0.6383823817955308,42.660000000000004
33,45284.35,11.3,7845.19,24,7.28,748,7,0,3421.45,0,0.17324285321529403,14.56
25,34314.63,8.0,12602.88,36,10.0,606,1,0,2452.89,0,0.36727425007933934,30.0
39,26269.1,0.9,17151.48,24,10.42,612,2,0,1394.31,0,0.6529146411563396,20.84
22,69198.69,8.2,25286.25,60,7.1,730,5,0,5264.67,0,0.3654151545354399,35.5
25,65692.48,4.9,3857.74,36,9.55,605,1,0,5350.71,0,0.05872422536034566,28.650000000000002
40,33363.46,3.3,4644.94,48,9.19,651,2,1,2664.28,0,0.13922237082125175,36.76
48,27230.8,5.2,2274.65,36,8.91,655,2,0,2197.0,0,0.08353225024604492,26.73
29,45757.22,4.3,17179.24,60,8.12,715,1,0,3463.78,0,0.3754432633800743,40.599999999999994
33,39366.4,1.0,3686.27,12,10.29,618,4,0,2955.95,0,0.09364000772232157,10.29
27,30278.01,15.4,19880.85,24,10.56,594,3,0,1600.62,0,0.6566101933383337,21.12
26,64233.43,11.0,13016.27,24,10.73,550,1,0,4747.76,0,0.20264012057272981,21.46
19,46066.81,3.9,8651.27,36,9.2,674,5,0,3562.99,0,0.1877983302946308,27.599999999999998
23,104384.37,3.1,24615.77,24,6.84,764,1,0,7598.37,0,0.23581854256532853,13.68
28,16888.06,2.1,13400.48,36,7.73,693,2,0,989.08,0,0.7934884172604786,23.19
24,31007.8,0.1,14493.35,36,11.87,500,4,0,2103.5,1,0.46740981301478984,35.61
19,53400.16,9.7,4638.61,24,6.64,753,2,0,4243.09,0,0.08686509553529427,13.28
33,21114.62,6.5,36566.75,12,10.44,568,3,1,-1462.73,1,1.7318213635859894,10.44
35,83972.63,4.2,5129.28,48,12.28,533,2,0,6861.94,1,0.061082759942138284,49.12
33,22043.33,6.6,8491.57,36,7.67,696,6,1,1572.14,0,0.3852217428129053,23.009999999999998
35,44292.69,0.6,7319.17,48,6.73,752,4,1,3516.71,0,0.16524555180550107,26.92
34,25326.2,7.3,11762.21,12,8.38,722,6,0,1085.27,0,0.46442853645631793,8.38
25,35006.42,4.4,2155.26,24,7.33,712,2,1,2820.38,0,0.061567563892566,14.66
27,27202.91,9.1,13986.72,36,10.11,590,1,0,1814.87,1,0.5141626392176425,30.33
41,15000.0,5.8,22474.68,36,6.52,746,2,0,560.97,0,1.498312,19.56
25,72443.32,1.3,7619.31,12,9.32,607,4,0,5369.49,0,0.10517615702869498,9.32
34,15000.0,3.0,20986.7,24,9.97,642,6,1,281.86,1,1.3991133333333334,19.94
39,39154.38,1.8,16982.95,12,7.01,752,3,0,1793.31,0,0.4337433002386962,7.01
18,15000.0,8.4,9199.88,12,8.35,665,6,0,448.23,1,0.6133253333333333,8.35
31,58074.45,6.0,53072.95,24,10.94,524,1,0,2367.4,0,0.9138777896303796,21.88
41,28067.26,3.6,41938.89,24,10.01,597,3,0,403.48,1,1.4942281505212835,20.02
29,32024.57,0.4,23886.5,24,13.43,442,3,0,1528.28,0,0.7458804286833516,26.86
29,56053.69,3.2,13320.7,48,10.52,603,0,0,4329.96,0,0.23764180377777092,42.08
40,34286.41,2.8,13916.32,48,9.18,679,4,0,2509.7,0,0.40588443059509577,36.72
32,20636.86,12.6,25118.22,12,6.41,833,5,0,-446.83,1,1.21715319094087,6.41
31,15000.0,0.1,40190.04,24,6.88,758,1,0,-547.23,0,2.679336,13.76
30,20268.17,3.7,3934.61,48,9.81,637,4,1,1589.58,0,0.19412754086826786,39.24
39,15335.88,5.9,36844.31,36,9.56,622,2,0,96.72,0,2.402490760230257,28.68
35,153026.57,6.5,7676.71,12,5.35,802,2,0,12093.8,0,0.05016586335301118,5.35
32,45552.85,10.9,14682.94,24,6.5,746,2,0,3142.0,0,0.3223275821381099,13.0
30,49789.96,11.6,14728.76,12,9.45,610,4,1,2858.04,0,0.2958178717155025,9.45
28,64627.56,6.1,14893.22,36,10.47,592,5,0,4901.77,0,0.23044688674614977,31.410000000000004
20,68224.15,5.0,6729.57,36,7.99,688,4,0,5474.5,1,0.09863911825944333,23.97
34,36869.45,0.9,11036.05,48,8.21,719,3,0,2801.94,1,0.29932776322944876,32.84
23,30640.87,12.7,14800.78,12,10.1,586,4,0,1251.49,1,0.4830404619712169,10.1
34,21426.95,17.1,5440.6,36,8.28,661,6,0,1614.39,0,0.2539138794835476,24.839999999999996
35,35447.2,6.1,23456.21,60,11.4,504,3,0,2439.25,0,0.6617225055857727,57.0
55,48459.32,4.0,11764.38,60,9.37,597,1,0,3791.95,0,0.24276816100597365,46.849999999999994
18,24604.5,8.6,19882.37,48,9.65,613,4,0,1549.44,0,0.8080786035074884,38.6
49,15000.0,7.7,6941.63,48,8.26,725,3,0,1079.69,0,0.4627753333333333,33.04
27,103975.38,0.4,21249.54,48,7.2,754,3,0,8153.79,0,0.2043708808758381,28.8
44,15000.0,0.9,7374.54,60,7.21,749,3,0,1103.24,1,0.491636,36.05
28,26694.76,5.1,3297.27,48,9.05,632,2,0,2142.43,0,0.12351749931447221,36.2
18,15136.26,6.0,13355.25,48,7.4,738,4,0,939.06,0,0.8823348700405517,29.6
33,16403.97,5.3,5147.36,12,9.17,641,0,1,916.45,0,0.313787455109952,9.17
18,20792.99,15.2,8958.48,36,12.59,547,1,0,1432.67,0,0.43084135566842474,37.769999999999996
36,33033.12,1.1,21680.31,48,9.0,683,1,0,2213.24,1,0.6563203839056074,36.0
31,37449.02,7.9,64942.75,24,9.75,612,3,0,131.46,1,1.7341642050980242,19.5
44,43453.76,2.0,69901.2,24,11.06,540,3,0,361.26,1,1.6086340974866156,22.12
29,15000.0,2.3,15102.31,24,9.64,588,6,1,555.61,0,1.0068206666666666,19.28
48,18634.87,0.1,15661.07,24,10.24,611,2,0,828.49,0,0.8404174539452114,20.48
23,116793.85,3.9,70190.45,36,6.76,763,1,1,7573.24,1,0.600977277485073,20.28
31,50324.47,3.3,12892.29,48,9.01,659,6,0,3872.82,0,0.2561833239376391,36.04
48,78553.62,0.2,59928.78,48,10.2,600,0,0,5020.42,0,0.7629028426697586,40.8
30,76404.77,9.3,7719.72,36,11.97,498,1,0,6110.77,0,0.10103714728805545,35.910000000000004
48,51063.56,4.1,15305.33,48,8.31,706,4,0,3879.42,0,0.2997309627452532,33.24
28,21558.27,3.3,5643.7,48,10.78,602,3,0,1651.26,0,0.26178816760343016,43.12
28,26118.66,0.3,29801.92,12,8.78,661,1,0,-426.63,0,1.1410202514217804,8.78
58,64513.9,13.9,2796.33,48,5.89,845,2,0,5310.63,0,0.04334461255636382,23.56
32,32741.8,0.8,11841.03,48,8.96,652,5,0,2434.04,0,0.3616487181523313,35.84
44,139367.02,3.5,14745.65,60,10.72,568,3,1,11295.37,1,0.10580444354769156,53.6
29,63338.51,0.2,64884.63,24,4.54,850,2,0,2444.98,0,1.0244104258215103,9.08
30,42549.06,1.6,3709.77,48,14.48,389,4,0,3443.48,0,0.08718806008875402,57.92
32,52378.6,33.5,59052.41,60,7.48,691,2,0,3182.15,0,1.1274148220838283,37.400000000000006
31,71241.09,13.8,37109.73,24,6.93,695,2,0,4276.44,0,0.5209034561374624,13.86
33,25241.07,1.5,12809.98,24,7.87,654,4,1,1524.82,0,0.5075054266716902,15.74
40,15000.0,8.6,46990.52,12,8.28,662,9,0,-2843.72,0,3.1327013333333333,8.28
30,35714.4,4.0,19897.44,12,10.66,585,2,0,1220.79,0,0.5571265371950809,10.66
34,133912.2,13.6,2700.26,48,11.53,529,1,0,11088.86,1,0.020164406230350932,46.12
49,66034.97,4.2,23598.67,48,10.54,553,2,0,4898.25,1,0.3573662560912801,42.16
29,129311.17,4.6,20528.3,48,11.42,501,3,0,10241.17,1,0.15875117362251073,45.68
37,55619.5,8.9,22969.68,48,9.59,679,2,1,4056.9,0,0.4129789012846214,38.36
48,25689.85,5.6,6239.01,60,8.21,691,2,0,2013.69,1,0.24285895013010977,41.050000000000004
37,15000.0,0.7,35856.98,36,6.82,738,2,1,145.79,0,2.3904653333333337,20.46
18,16920.27,5.2,5045.2,48,6.42,763,0,0,1290.56,1,0.2981749109204522,25.68
33,153629.0,3.5,11566.49,24,8.93,673,2,1,12274.38,0,0.07528845465374376,17.86
26,23573.79,3.5,6811.01,36,11.6,535,3,0,1739.56,1,0.28892299456302956,34.8
40,46463.72,0.4,12224.67,48,10.56,614,2,0,3558.63,0,0.2631014047088782,42.24
24,39885.15,6.1,18045.58,12,8.3,678,6,0,1751.5,0,0.45243856422753836,8.3
39,22315.75,7.2,37852.3,36,10.98,572,3,0,620.77,0,1.6962145569832967,32.94
36,57252.0,3.1,7885.55,36,12.71,457,4,0,4506.4,0,0.1377340529588486,38.13
39,20589.57,0.3,23995.26,60,9.41,629,1,0,1212.91,0,1.165408505374323,47.05
37,37547.84,3.3,31649.83,24,8.89,646,0,0,1684.67,1,0.8429201253654006,17.78
29,15000.0,6.6,1632.93,48,12.19,502,1,0,1206.85,0,0.108862,48.76
42,25169.0,2.0,37229.7,36,8.75,703,2,0,917.85,0,1.4791886844928284,26.25
33,15917.23,6.0,1457.94,48,8.5,701,4,0,1290.5,0,0.09159508281277584,34.0
34,80036.22,9.6,9098.63,36,9.22,641,4,0,6379.42,0,0.1136814057435496,27.660000000000004
31,15000.0,1.1,5110.51,12,7.43,727,3,0,806.79,0,0.3407006666666667,7.43
26,33632.28,1.5,13446.03,48,8.8,680,4,0,2469.36,0,0.39979537515743807,35.2
44,15000.0,5.2,7484.88,36,7.71,786,3,0,1016.45,1,0.498992,23.13
38,20879.61,5.0,3422.82,48,6.49,761,3,0,1658.81,0,0.16393122285330042,25.96
31,32976.48,2.4,36979.98,48,7.88,723,2,1,1847.33,0,1.1214047102662261,31.52
36,27117.53,1.0,13734.35,36,7.54,726,3,2,1832.32,1,0.5064749628745686,22.62
39,47619.8,2.4,21500.65,24,5.01,850,3,0,3024.96,0,0.45150651619704407,10.02
18,48832.73,2.9,27089.9,36,10.09,594,0,0,3194.13,0,0.554748833415621,30.27
41,16179.16,5.9,12192.84,60,8.16,653,2,0,1100.1,0,0.7536139082622336,40.8
32,24143.83,1.9,7183.24,48,11.61,539,2,0,1824.2,0,0.2975186621178164,46.44
39,33155.05,5.2,50832.22,48,6.99,749,3,0,1545.92,0,1.5331667423213053,27.96
42,138982.26,11.4,8005.71,36,13.32,467,4,0,11310.88,1,0.05760238752773195,39.96
50,21773.11,1.8,11250.53,24,10.69,533,3,0,1291.68,0,0.516716720762445,21.38
49,33856.26,4.2,4307.64,48,12.38,461,2,0,2707.11,0,0.1272331911439716,49.52
42,34778.57,0.9,28492.62,36,11.17,529,5,0,1963.11,1,0.8192579510888458,33.51
30,32026.83,4.1,5135.77,24,14.53,403,3,1,2421.03,1,0.1603583620358306,29.06
49,86077.79,3.4,10437.15,24,8.86,621,8,0,6697.0,0,0.12125253215724986,17.72
35,28645.85,8.5,10883.26,60,9.6,607,2,0,2158.05,0,0.3799244916802958,48.0
35,50922.03,1.1,15365.6,48,11.14,564,0,0,3845.33,0,0.3017475933304309,44.56
23,58562.91,11.7,7282.39,60,6.72,801,2,1,4737.0,0,0.1243515733763913,33.6
25,39938.23,4.2,56935.27,48,10.13,621,4,0,1880.6,0,1.4255832068672045,40.52
18,132489.28,1.1,2400.26,24,8.86,636,0,1,10931.27,0,0.01811663554968372,17.72
28,37200.43,0.9,7741.17,48,13.38,454,1,0,2890.9,0,0.20809356235935983,53.52
46,17274.19,2.8,15148.16,36,8.04,687,3,0,964.55,0,0.8769244751852331,24.119999999999997
24,19911.78,4.8,8897.13,36,11.29,576,2,0,1366.81,0,0.4468274559080102,33.87
24,22345.12,0.1,5413.19,48,10.82,588,0,1,1722.66,1,0.24225378964176517,43.28
44,15051.94,3.4,1690.36,36,8.16,678,3,0,1201.23,1,0.11230180295696102,24.48
25,24184.84,4.8,16611.87,12,9.21,651,4,0,561.05,1,0.6868711969977886,9.21
44,47800.12,2.8,16530.53,48,7.49,774,3,0,3583.73,0,0.34582611926497253,29.96
33,36241.47,2.7,82505.15,48,8.26,662,0,0,995.85,0,2.276539831303752,33.04
32,81085.91,8.7,15880.96,36,5.51,835,3,0,6277.55,0,0.19585350895118522,16.53
27,47327.55,6.7,38719.64,60,6.2,745,6,0,3191.8,1,0.8181205238809107,31.0
23,38368.85,3.8,4960.6,60,11.44,583,1,0,3088.46,1,0.129287169148932,57.199999999999996
34,34987.16,0.1,22121.19,48,9.5,604,2,0,2359.84,0,0.6322659512804125,38.0
31,71642.49,7.0,8778.61,24,9.76,611,1,0,5566.09,0,0.12253356911519965,19.52
33,59198.91,2.4,2683.35,48,10.91,560,8,0,4864.01,0,0.04532769268893633,43.64
42,15000.0,2.3,13414.21,36,7.26,740,5,0,834.21,0,0.8942806666666666,21.78
31,15000.0,4.8,25162.92,48,9.5,610,1,1,617.83,0,1.677528,38.0
23,40812.98,10.0,10483.63,24,8.89,642,3,0,2922.67,0,0.2568699957709532,17.78
51,83392.55,1.3,19709.4,48,10.52,596,2,0,6444.56,0,0.23634485334721148,42.08
18,70939.64,4.8,10722.32,36,10.15,569,2,0,5564.9,1,0.15114708786230097,30.450000000000003
32,45004.57,8.3,78622.76,36,10.24,620,8,0,1204.58,0,1.7469950273938846,30.72
31,21248.52,6.6,13329.99,12,10.15,652,2,1,597.86,0,0.6273373392593931,10.15
39,25531.04,0.5,12761.72,24,9.44,664,4,0,1541.99,1,0.49985116156646964,18.88
48,66552.81,10.7,4322.16,24,5.75,815,1,0,5354.99,0,0.06494331343785484,11.5
36,40036.46,5.7,35082.4,60,10.61,568,4,1,2580.4,0,0.8762612878361374,53.05
25,22798.91,31.0,20779.93,48,8.21,682,3,0,1390.56,0,0.9114440120163639,32.84
43,21946.64,8.9,91541.14,24,7.0,752,1,0,-2269.65,0,4.171077668381128,14.0
19,39772.99,4.2,10987.31,36,11.57,523,5,0,2951.73,1,0.27625054088214135,34.71
45,42664.67,0.2,13614.84,24,5.69,818,2,0,2953.87,0,0.3191127459792845,11.38
42,265618.3,0.5,13828.89,36,11.32,563,1,0,21680.02,1,0.05206301674244583,33.96
35,15000.0,0.6,9992.78,60,7.35,711,6,0,1050.48,0,0.6661853333333334,36.75
36,116301.83,3.6,16330.42,36,7.63,724,2,0,9182.87,1,0.14041412761948802,22.89
55,41598.31,0.7,33477.46,24,6.16,797,1,1,1980.37,0,0.8047793287756162,12.32
33,36207.3,2.8,5698.16,60,9.17,678,2,1,2898.52,0,0.15737599876268044,45.85
39,20033.15,13.5,32975.36,24,6.86,761,2,0,195.13,0,1.646039689215126,13.72
26,15000.0,0.1,17694.38,48,7.77,673,2,0,819.94,1,1.1796253333333333,31.08
25,22791.12,2.2,5187.87,48,7.11,737,4,0,1774.77,1,0.22762681254804504,28.44
18,16798.94,4.5,4536.97,36,8.62,643,1,1,1256.44,0,0.27007477852769285,25.86
37,23665.24,2.1,6148.62,48,12.82,454,3,0,1807.7,1,0.25981650724860594,51.28
41,15000.0,0.6,4161.67,24,9.68,581,5,1,1058.57,0,0.2774446666666667,19.36
29,60085.83,4.7,21938.77,48,11.96,502,4,0,4429.85,1,0.36512385698924354,47.84
36,15000.0,5.5,6435.79,48,8.1,688,5,0,1092.58,0,0.42905266666666664,32.4
53,37786.03,1.4,32803.11,48,8.19,637,3,0,2345.09,0,0.8681279827491801,32.76
49,69464.02,7.1,16421.68,60,5.63,802,2,1,5474.01,0,0.2364055521117263,28.15
36,15000.0,7.4,5344.96,48,5.72,780,0,0,1125.16,0,0.3563306666666667,22.88
42,24022.52,1.9,13022.93,48,6.23,800,1,0,1694.66,0,0.5421134002594232,24.92
32,37908.88,8.5,61834.18,24,10.31,604,0,1,296.88,0,1.6311265328862263,20.62
39,89051.34,2.7,25911.61,48,10.28,569,8,1,6760.27,0,0.2909738359916875,41.12
40,15205.75,1.9,5223.97,48,11.97,529,2,0,1129.66,0,0.34355227463295135,47.88
19,49867.65,2.4,3829.26,12,6.51,744,2,0,3825.17,0,0.07678845905110829,6.51
33,15000.0,5.3,8180.06,24,12.33,532,4,3,863.67,1,0.5453373333333333,24.66
24,15000.0,10.7,12324.05,24,11.56,503,3,0,672.39,0,0.8216033333333332,23.12
26,17523.47,6.7,7670.43,60,8.52,697,2,0,1302.84,0,0.43772323632248633,42.599999999999994
66,37127.47,9.9,25749.17,36,10.77,538,3,1,2253.76,1,0.6935341944926492,32.31
49,16854.32,3.0,7170.64,36,7.31,726,4,0,1182.1,0,0.4254481936975209,21.93
18,112596.42,2.0,6478.72,12,14.25,382,1,0,8800.57,0,0.057539307199998016,14.25
24,19311.06,8.0,29382.47,36,7.71,694,3,0,692.44,1,1.5215358452617307,23.13
18,34873.89,3.6,23648.53,36,9.19,604,3,0,2152.05,0,0.6781156332144191,27.57
36,72704.06,14.6,16168.14,60,7.1,718,0,0,5737.76,0,0.22238290406340444,35.5
34,15000.0,5.3,6921.46,24,12.47,475,1,0,922.66,1,0.46143066666666666,24.94
30,44605.98,16.3,30031.93,36,9.91,620,2,0,2749.39,0,0.6732713864822608,29.73
31,23749.94,4.5,8141.89,12,14.12,417,5,0,1247.67,0,0.342817287117357,14.12
28,42371.29,27.3,10689.61,48,12.57,529,4,1,3246.44,1,0.25228427078807375,50.28
39,15736.24,0.5,40878.66,36,9.15,657,6,0,8.57,1,2.5977399937977563,27.450000000000003
51,92388.24,2.6,14585.83,48,8.81,597,1,1,7337.37,0,0.15787539626255462,35.24
39,21360.21,0.7,12623.47,48,7.79,701,5,0,1473.09,1,0.5909806130183177,31.16
46,39912.11,0.3,33517.59,24,13.64,379,2,0,1722.43,1,0.839784967519883,27.28
31,79945.21,4.2,33352.98,36,7.4,725,3,0,5626.15,1,0.41719797846550155,22.200000000000003
42,27744.48,8.9,56154.18,36,9.57,626,1,0,511.42,0,2.0239766613034376,28.71
33,54288.65,21.5,3320.33,24,7.38,739,4,0,4374.82,0,0.06116066617976317,14.76
28,22518.22,11.4,3749.69,36,10.42,604,3,0,1754.79,1,0.16651804627541608,31.259999999999998
48,40168.43,10.8,12231.03,36,9.35,618,3,0,2956.43,0,0.3044936035588147,28.049999999999997
31,25999.06,0.9,8609.37,36,8.79,677,2,1,1893.65,0,0.33114158742662236,26.369999999999997
59,53809.09,0.4,22206.35,36,6.51,812,6,0,3803.39,1,0.41268770759735945,19.53
24,31797.89,17.6,19933.54,24,10.31,557,5,1,1727.14,1,0.6268824755353264,20.62
21,32278.73,7.3,8353.01,36,11.9,499,2,0,2412.85,0,0.25877752935137166,35.7
30,93103.94,1.1,3208.75,12,6.1,750,2,1,7482.35,0,0.03446416982997712,6.1
24,15000.0,14.4,5874.1,48,7.35,753,1,0,1108.38,0,0.3916066666666667,29.4
19,52289.77,2.0,6748.81,36,11.51,519,2,0,4134.9,1,0.12906558969373935,34.53
48,92464.39,2.6,19597.2,48,8.5,696,2,0,7222.33,0,0.21194321403082853,34.0
41,23198.4,2.5,13507.85,48,9.94,579,4,0,1591.0,1,0.5822750706945307,39.76
38,17804.78,2.5,5385.42,12,5.75,813,5,1,1020.85,1,0.30247046017979445,5.75
46,30540.99,3.1,38723.67,36,12.35,514,2,1,1252.42,1,1.2679245171816629,37.05
20,68305.4,0.2,5679.63,48,12.14,518,4,1,5542.16,0,0.0831505268983126,48.56
37,63698.05,1.6,8089.44,48,12.27,472,4,0,5094.07,1,0.12699666630297157,49.08
45,106186.12,2.0,31234.76,48,7.06,706,5,0,8100.02,0,0.29415106230456484,28.24
29,19975.38,5.6,4861.74,12,13.67,472,1,0,1228.85,0,0.24338660891557504,13.67
20,44478.84,8.2,19757.72,36,11.24,507,3,0,3057.48,0,0.4442049298048241,33.72
34,40130.1,0.4,7083.57,12,10.86,596,2,1,2718.58,1,0.17651513452495757,10.86
27,38993.84,16.7,14726.79,24,8.96,677,2,1,2576.97,0,0.3776696524374107,17.92
26,25305.61,4.9,19252.97,48,5.78,820,4,1,1658.58,0,0.7608182533438238,23.12
19,45052.02,4.1,26072.24,48,7.42,692,2,0,3124.91,0,0.5787141175911757,29.68
41,25063.18,2.8,5769.57,60,5.76,809,3,0,1977.7,0,0.23020103594196745,28.799999999999997
53,18529.59,2.5,9901.09,48,12.15,498,5,0,1282.67,0,0.5343393998464079,48.6
55,148394.88,9.3,9859.89,60,8.57,657,0,1,12163.62,0,0.06644359967136332,42.85
31,20979.7,1.9,20423.81,48,8.55,674,2,0,1244.41,0,0.9735034342721774,34.2
50,44862.23,8.8,10902.44,36,4.8,850,2,0,3412.74,0,0.24302046509948347,14.399999999999999
33,18727.62,1.8,21912.65,48,10.19,619,6,0,1002.87,1,1.1700712637270514,40.76
51,20413.18,2.5,12025.7,12,8.18,696,3,0,654.0,0,0.5891144838775733,8.18
44,28391.3,1.3,51135.33,36,8.48,637,0,0,752.2,0,1.8010915315607248,25.44
21,234504.52,7.0,27370.01,60,8.25,717,2,0,18983.8,0,0.11671421088173481,41.25
32,16626.53,0.2,38165.93,48,7.36,724,3,0,465.23,1,2.2954837840487463,29.44
23,27616.68,0.1,23860.04,36,10.68,571,4,0,1523.85,0,0.8639720632603195,32.04
26,127760.36,0.9,14300.07,48,9.11,638,2,0,10290.09,0,0.11192884866636255,36.44
31,49142.73,2.3,29647.87,12,8.77,662,7,0,1505.64,0,0.6033012410991412,8.77
47,44286.43,1.7,7457.17,48,9.87,593,4,0,3501.87,0,0.16838498835873653,39.48
23,35752.81,0.4,16833.73,48,13.87,406,4,1,2520.49,0,0.4708365580215933,55.48
19,15000.0,0.7,3961.8,24,6.03,796,4,0,1074.36,0,0.26412,12.06
28,23937.53,0.7,14739.74,24,12.67,472,1,2,1296.32,0,0.6157586016602381,25.34
39,44791.35,0.9,23830.46,36,11.6,529,3,0,2945.65,0,0.532032635765611,34.8
47,15000.0,0.9,18719.76,24,12.02,501,4,0,368.62,1,1.247984,24.04
29,60724.23,4.6,5710.9,48,11.15,560,5,0,4912.33,0,0.09404647864616808,44.6
27,39503.28,11.6,6952.14,60,7.32,722,1,2,3153.23,0,0.17598893053943876,36.6
32,28952.8,4.2,17788.22,36,9.18,612,8,0,1845.58,0,0.6143868641374928,27.54
46,107296.2,1.2,26286.0,36,11.46,513,7,0,8075.04,0,0.2449853769285399,34.38
28,15000.0,4.1,14057.53,24,8.01,712,2,1,614.15,1,0.9371686666666668,16.02
40,104885.39,5.0,11539.58,24,11.76,557,4,0,8198.53,0,0.11002085228457462,23.52
32,47643.44,4.0,8179.3,48,9.76,634,4,0,3763.78,0,0.17167735998911918,39.04
19,42991.4,1.3,29233.4,48,7.57,698,2,0,2874.83,0,0.6799825081295329,30.28
42,16252.33,1.0,17648.64,24,5.18,830,0,1,578.67,1,1.0859144504203397,10.36
25,15000.0,5.9,12729.44,36,10.19,565,3,0,838.12,1,0.8486293333333333,30.57
41,112089.54,0.2,18605.0,48,8.25,641,5,1,8884.41,0,0.16598337364931645,33.0
35,15530.73,1.2,13670.34,36,11.33,521,3,0,844.54,0,0.880212327430842,33.99
18,43308.97,12.6,3548.33,12,9.09,650,3,1,3298.63,0,0.08193060236713087,9.09
34,72599.95,21.2,3173.45,48,10.44,559,4,0,5968.84,0,0.043711462611200146,41.76
39,31860.43,2.9,5101.88,60,10.53,579,6,1,2545.3,0,0.16013217649604855,52.65
50,15000.0,1.9,16388.29,24,7.5,711,3,1,512.53,1,1.0925526666666667,15.0
52,22779.49,0.9,10918.0,36,11.24,504,3,1,1539.61,1,0.47929080062810886,33.72
39,49095.27,3.6,48026.76,60,7.81,693,6,1,3121.82,0,0.9782359889252061,39.05
21,35420.75,2.1,8299.46,48,5.16,799,4,0,2760.0,1,0.23431067947460174,20.64
38,81997.7,4.3,38310.94,60,11.37,524,5,0,5993.08,0,0.4672196903083867,56.849999999999994
31,15000.0,2.3,10366.3,12,9.82,619,4,0,339.51,1,0.6910866666666666,9.82
44,15000.0,3.1,23362.42,24,14.86,399,5,0,118.79,1,1.5574946666666665,29.72
50,24244.51,8.2,55905.21,24,10.77,568,2,0,-579.28,0,2.3058915193584033,21.54
30,46172.24,2.6,7782.45,36,10.23,587,4,2,3595.73,1,0.16855257617997307,30.69
44,15000.0,2.1,16823.58,36,9.28,661,6,1,712.82,0,1.121572,27.839999999999996
30,54673.92,5.6,8652.34,24,8.62,619,3,2,4162.39,0,0.15825351465561643,17.24
43,40096.14,1.2,48299.29,36,7.21,682,0,0,1845.36,0,1.2045870250852078,21.63
27,58357.66,2.0,48008.71,36,10.85,536,2,1,3294.8,1,0.8226633830074749,32.55
54,17846.42,1.9,27210.33,36,6.05,796,4,0,658.79,0,1.5246940282700958,18.15
48,33264.4,9.0,28230.83,24,6.95,758,3,1,1508.71,0,0.8486799701783287,13.9
43,37543.68,35.9,24469.31,36,4.78,850,1,0,2397.69,0,0.6517557682145171,14.34
18,19505.0,2.8,1736.4,24,8.33,695,3,1,1546.62,0,0.08902332735196104,16.66
32,15000.0,0.6,25359.83,48,11.13,563,1,0,592.96,1,1.6906553333333334,44.52
46,31033.16,8.5,10579.93,24,8.87,677,2,0,2103.39,0,0.34092338646789433,17.74
27,25407.41,3.7,37191.7,60,9.69,622,2,0,1332.73,1,1.463813115937437,48.449999999999996
46,97402.2,5.7,36947.18,60,7.65,746,1,1,7373.87,1,0.3793259289831236,38.25
46,40639.06,0.3,20003.28,36,11.65,537,2,0,2725.53,1,0.4922180778787698,34.95
29,116711.29,9.2,10116.43,36,6.78,787,2,0,9414.59,0,0.08667910362399388,20.34
57,33237.42,2.8,4462.92,36,9.76,652,3,0,2626.28,0,0.13427395989219382,29.28
40,15648.49,6.4,9677.64,24,7.75,713,4,1,867.45,1,0.6184392232093959,15.5
33,55200.13,0.9,3167.75,12,9.92,599,4,0,4321.63,0,0.05738664021262269,9.92
35,25076.41,6.6,41008.83,48,10.75,555,3,0,1034.78,0,1.6353549012797288,43.0
45,75570.05,5.2,18385.2,60,9.6,617,3,0,5910.48,0,0.24328685769031513,48.0
53,128423.36,1.5,1327.96,24,11.24,526,4,0,10639.91,0,0.010340486341425734,22.48
29,36601.54,12.6,8971.31,60,9.46,646,5,0,2861.89,0,0.24510744629870762,47.300000000000004
32,68813.11,2.1,34546.86,36,9.66,604,2,0,4625.2,0,0.5020389283379286,28.98
42,33383.25,5.6,3134.15,48,6.91,747,3,1,2707.02,0,0.09388390884650237,27.64
26,70277.81,2.6,7547.35,48,9.0,618,4,0,5668.67,0,0.10739307329013241,36.0
29,89198.33,7.2,3404.34,36,7.67,700,1,2,7327.03,0,0.038165961178869605,23.009999999999998
34,15000.0,8.5,7871.83,36,8.55,681,1,1,1001.32,1,0.5247886666666667,25.650000000000002
53,35441.24,0.6,5887.67,36,11.84,496,5,0,2758.33,0,0.16612483084677626,35.519999999999996
31,37293.51,2.0,14829.34,48,10.23,588,4,1,2730.04,0,0.397638623985782,40.92
18,46540.8,3.3,7788.44,36,10.45,591,2,1,3625.44,0,0.16734650027502748,31.349999999999998
23,41131.76,8.7,6944.83,48,8.37,677,5,1,3256.89,0,0.16884349223082112,33.48
23,22559.09,1.4,5173.2,24,11.15,540,0,0,1638.45,0,0.229317760601159,22.3
24,32220.65,0.7,21108.74,24,8.24,752,2,1,1728.05,1,0.655130793450784,16.48
50,54483.28,0.5,7645.67,48,8.76,695,4,0,4350.88,0,0.14033057481120814,35.04
38,30089.32,10.4,33093.03,36,5.38,806,2,0,1509.96,0,1.0998264500493862,16.14
42,59458.69,5.7,13661.9,36,5.91,752,1,0,4539.83,0,0.22977129163121487,17.73
26,22806.26,0.7,11315.86,48,10.2,630,2,0,1612.43,1,0.4961734190524883,40.8
38,24799.8,4.1,14087.17,36,7.8,694,5,0,1626.51,1,0.5680356293195913,23.4
39,40760.54,1.6,37499.27,12,5.31,837,0,0,181.16,1,0.9199895290886724,5.31
23,67205.82,0.4,5136.1,24,11.44,552,6,0,5360.05,1,0.07642344070796249,22.88
37,25390.2,5.3,8197.4,60,8.38,667,3,0,1948.14,0,0.322856850280817,41.900000000000006
30,45377.82,5.4,37863.53,12,7.94,720,5,1,488.85,0,0.834406104127523,7.94
39,41276.15,7.7,100000.0,36,8.52,672,5,0,282.0,1,2.4227065751045096,25.56
24,21961.83,9.0,27776.79,48,7.59,712,2,0,1157.37,0,1.2647757495618535,30.36
41,16699.14,2.2,4744.79,24,10.32,604,4,0,1171.95,0,0.28413379371632314,20.64
36,17509.13,18.0,13243.52,60,7.09,755,5,0,1196.29,0,0.756377958242357,35.45
30,29691.17,1.4,70643.49,36,12.02,510,1,0,127.21,1,2.3792760608625394,36.06
36,146586.13,1.0,15066.95,36,7.68,703,1,0,11745.59,0,0.10278564554504577,23.04
28,56499.84,4.0,3668.97,24,9.31,661,7,0,4540.18,0,0.06493770601828253,18.62
32,15000.0,10.1,20948.8,60,7.67,696,0,0,828.53,0,1.3965866666666666,38.35
29,18155.0,1.4,6133.62,48,7.34,717,3,0,1365.07,0,0.3378474249518039,29.36
47,39850.06,0.0,3530.35,24,9.73,620,2,0,3158.37,0,0.08859083273651282,19.46
23,45021.8,2.0,19044.39,48,8.42,702,3,0,3283.12,0,0.42300374485249365,33.68
27,27549.07,0.6,9270.23,36,11.25,527,1,0,1991.16,0,0.3364988364398508,33.75
20,38183.85,9.5,8272.32,60,9.33,662,3,1,3008.94,0,0.21664447141919949,46.65
24,20199.53,1.0,28499.62,36,9.6,608,3,0,769.03,1,1.4109051052177948,28.799999999999997
49,30038.14,2.1,15903.87,36,8.51,700,4,0,2001.06,1,0.5294558850847623,25.53
27,25755.13,1.6,10028.24,48,12.12,511,4,0,1881.59,1,0.3893686422860222,48.48
31,26397.81,15.1,9724.8,48,6.77,731,3,1,1967.98,0,0.36839419633674153,27.08
18,15000.0,0.5,19969.33,48,13.7,418,4,0,707.31,0,1.3312886666666668,54.8
37,46526.97,4.0,31465.9,36,8.33,668,5,0,2886.42,1,0.6762937711181278,24.990000000000002
32,17992.11,3.6,7337.08,24,10.63,586,2,1,1158.64,1,0.4077943053927527,21.26
49,80742.33,15.8,10463.12,24,9.32,666,0,1,6248.98,0,0.1295865502023536,18.64
32,15000.0,1.7,2290.7,36,6.19,754,1,0,1180.12,0,0.1527133333333333,18.57
28,15904.19,8.5,10623.79,12,7.68,695,1,1,402.77,0,0.6679868638390261,7.68
34,209455.47,9.2,25439.69,36,8.59,638,3,0,16650.49,1,0.12145631718283605,25.77
42,22672.52,12.2,17597.34,12,10.87,556,2,0,335.16,1,0.7761528052461747,10.87
21,46517.11,4.9,2534.84,48,9.22,642,2,0,3813.08,0,0.05449263722531344,36.88
27,28936.74,13.7,6966.05,48,8.54,675,3,0,2239.56,0,0.24073375231625954,34.16
50,36002.51,0.1,2532.48,36,8.75,690,4,0,2919.97,0,0.0703417622826853,26.25
45,57711.72,5.6,6946.33,60,8.5,710,6,1,4666.8,0,0.12036255374125047,42.5
28,63277.41,3.0,8705.19,48,10.02,628,4,2,5052.25,0,0.1375718443596222,40.08
18,56565.05,9.0,13920.26,36,7.27,766,1,0,4282.22,0,0.2460929496217187,21.81
38,15000.0,1.4,24863.66,12,6.7,756,3,0,-897.93,1,1.6575773333333332,6.7
36,161898.49,5.7,6443.66,24,7.13,737,7,1,13202.66,0,0.03980061827630388,14.26
22,38096.42,2.4,10266.46,24,10.2,634,6,0,2700.01,0,0.26948621419020474,20.4
33,89734.05,4.5,23962.71,24,9.25,675,3,0,6380.36,0,0.26704144079087033,18.5
49,64516.55,8.5,13887.76,36,6.51,749,6,0,4950.67,0,0.21525887543583777,19.53
31,34760.62,1.7,7565.0,36,7.36,691,4,0,2661.89,0,0.21763133108672975,22.080000000000002
34,19211.1,8.5,7907.24,48,10.94,566,1,1,1396.79,0,0.41159746188401497,43.76
31,89913.55,0.9,3920.98,48,10.41,624,4,0,7392.58,0,0.043608332670659763,41.64
18,36722.17,9.3,32867.24,24,14.91,381,3,0,1467.96,0,0.8950244498078409,29.82
24,15000.0,1.5,9318.78,24,11.19,567,2,0,814.85,0,0.621252,22.38
37,15710.14,4.2,1622.37,36,9.23,647,5,0,1257.41,0,0.10326897150502796,27.69
38,31309.52,0.4,5148.2,60,10.37,591,1,0,2498.8,0,0.16442922152750983,51.849999999999994
18,29480.17,0.5,44364.98,48,8.29,657,7,3,1367.55,1,1.5049092322059203,33.16
31,33100.45,3.1,23700.75,24,12.26,503,2,0,1639.81,1,0.7160250087234464,24.52
24,48477.2,0.6,17848.49,12,6.93,753,1,1,2495.97,0,0.3681831871477726,6.93
18,48993.27,4.7,28173.78,36,8.01,710,3,1,3199.78,0,0.5750540839588785,24.03
41,17499.9,3.6,8272.58,36,8.31,624,3,0,1197.91,0,0.4727215584089052,24.93
35,49612.42,6.4,12038.84,48,8.37,686,3,0,3838.37,1,0.24265778609469163,33.48
50,15000.0,2.3,5132.94,48,11.31,524,1,0,1116.56,0,0.342196,45.24
43,110906.65,5.3,23279.04,48,10.42,583,5,1,8647.1,0,0.2098976030742972,41.68
32,31025.24,7.9,23448.48,36,8.2,679,4,0,1848.48,0,0.7557872235637823,24.599999999999998
41,20465.86,1.5,3606.62,48,6.27,790,3,1,1620.34,0,0.17622616396281415,25.08
43,23139.34,1.6,2590.91,24,7.36,716,5,0,1811.85,0,0.11196991789739896,14.72
42,65787.54,9.1,8713.67,36,10.0,605,4,0,5201.13,0,0.132451677019691,30.0
34,37456.83,3.0,18148.08,12,11.06,516,1,0,1516.94,1,0.48450656395642666,11.06
35,24809.9,3.0,21937.06,12,7.38,705,4,0,165.5,0,0.8842059016763469,7.38
29,20207.97,0.7,5605.56,48,14.44,322,4,1,1529.58,0,0.2773935234464422,57.76
70,22424.6,5.5,23570.21,48,8.6,666,4,0,1286.64,1,1.0510871988798016,34.4
34,30709.67,1.3,5358.27,36,5.22,841,2,0,2398.02,1,0.17448152324658653,15.66
52,15000.0,4.6,14058.15,48,4.89,850,3,1,926.95,0,0.93721,19.56
21,51415.3,0.7,7001.85,48,9.94,635,1,0,4107.23,0,0.13618222591329818,39.76
41,37723.49,4.1,9226.39,48,7.73,729,2,1,2919.55,0,0.24457943843477897,30.92
21,39785.19,2.1,15554.88,12,6.47,798,1,1,1973.32,0,0.3909716153171569,6.47
30,56829.81,1.1,3423.9,24,8.08,667,0,1,4580.84,0,0.06024830982190509,16.16
42,87820.42,9.2,22604.73,48,6.95,715,1,0,6777.59,0,0.2573971975993738,27.8
51,15084.09,6.0,62321.43,48,7.52,765,1,1,-250.44,1,4.131600249004083,30.08
28,36533.19,5.3,37338.88,48,7.15,723,2,0,2147.71,0,1.0220536449184974,28.6
38,25588.37,1.3,9877.99,60,8.62,651,3,0,1929.13,0,0.3860343585777445,43.099999999999994
19,15000.0,0.8,19616.98,12,11.22,539,6,1,-485.8,1,1.3077986666666666,11.22
31,113150.09,0.5,7473.26,12,8.19,703,1,0,8778.43,0,0.06604731821247337,8.19
21,28974.59,10.0,11114.25,48,10.07,590,3,2,2132.29,1,0.3835861007869309,40.28
25,94048.85,11.7,13549.78,48,8.78,668,4,0,7501.63,0,0.1440717244283157,35.12
18,15000.0,3.3,52360.35,24,12.73,477,2,0,-1232.67,1,3.49069,25.46
35,28178.61,2.0,2336.49,48,8.77,661,4,0,2290.33,0,0.08291714885865555,35.08
41,21669.63,0.3,7256.03,48,10.74,565,1,0,1619.18,0,0.3348478954186112,42.96
35,242891.92,13.8,63859.02,48,10.53,595,3,0,18605.06,0,0.2629112569903519,42.12
37,19858.46,4.1,19115.02,36,12.03,530,4,0,1019.71,1,0.9625630587668934,36.089999999999996
25,51780.45,1.3,32482.74,36,8.57,688,3,0,3288.58,0,0.6273166803301247,25.71
32,28372.76,0.5,30551.85,12,7.4,723,3,0,-284.79,1,1.076802186322374,7.4
25,62884.63,5.8,18529.89,24,11.05,556,1,0,4376.32,0,0.29466484894639594,22.1
34,90127.35,0.9,23955.11,48,9.69,615,3,0,6906.61,0,0.26579179350108484,38.76
33,61968.11,3.9,51801.08,12,8.05,695,3,1,656.72,0,0.8359312556087317,8.05
20,51601.01,3.6,9303.98,12,4.69,850,6,0,3504.91,0,0.1803061606739868,4.69
26,103216.62,12.1,16266.86,24,11.63,554,3,0,7838.46,0,0.1575992315966169,23.26
30,21521.32,9.2,21191.2,48,10.56,617,4,0,1250.26,0,0.9846607921818923,42.24
31,148728.77,3.7,17556.41,36,8.76,678,4,0,11837.73,0,0.11804313314767546,26.28
50,46058.62,5.1,25469.45,60,9.1,639,3,0,3308.28,1,0.5529790080553868,45.5
35,139718.76,1.7,47685.86,24,9.41,599,1,0,9455.73,0,0.34129890646037797,18.82
46,23674.84,15.4,39137.16,36,4.73,849,3,1,804.67,0,1.653111911210382,14.190000000000001
38,40085.91,4.2,10181.38,60,7.46,733,3,0,3136.67,0,0.2539889951356973,37.3
40,95424.09,29.8,4246.79,24,6.44,743,2,0,7762.94,0,0.04450438039283372,12.88
33,117612.27,1.2,58142.05,60,8.26,655,6,0,8614.86,0,0.49435360783360444,41.3
43,151972.85,2.3,15769.15,12,8.79,601,4,0,11286.9,0,0.103762941867577,8.79
61,27913.07,11.4,37349.02,36,5.31,836,1,0,1201.5,0,1.338047731761501,15.93
18,31858.13,5.1,17468.71,36,6.25,750,3,0,2121.43,0,0.5483281661541339,18.75
24,45142.84,1.2,2609.93,36,12.84,421,5,0,3674.17,1,0.05781492701832672,38.519999999999996
23,93675.96,5.0,23925.12,48,8.6,684,3,0,7215.49,0,0.2554029870630629,34.4
35,44131.15,8.9,33904.09,36,11.14,551,5,0,2565.37,0,0.7682575686334935,33.42
40,15919.67,0.2,1902.68,12,13.29,458,2,0,1156.44,0,0.11951755281359476,13.29
47,181675.68,3.9,13239.32,12,11.35,557,2,0,13967.36,0,0.07287337523657542,11.35
24,26766.33,3.5,3851.83,36,9.88,600,4,0,2106.46,0,0.1439057950791162,29.64
31,30038.03,3.6,2514.5,24,7.47,717,2,2,2390.05,0,0.08371054959329889,14.94
55,28829.12,6.2,41822.84,48,8.56,611,4,0,1370.38,1,1.450715110277386,34.24
50,58337.77,0.5,20793.53,48,8.69,638,1,0,4347.09,1,0.3564334049793127,34.76
27,19903.02,8.7,17893.9,36,7.66,716,1,0,1100.66,0,0.8990545153449075,22.98
35,15000.0,2.1,23060.71,48,10.23,626,1,1,662.57,0,1.5373806666666665,40.92
35,15000.0,5.1,18228.09,48,7.96,651,3,0,805.34,0,1.215206,31.84
30,15000.0,3.6,10209.35,36,5.08,850,3,1,943.65,0,0.6806233333333334,15.24
18,71456.36,1.4,15554.56,60,6.2,822,2,1,5652.53,0,0.2176791541018882,31.0
38,51146.45,6.0,15467.26,12,12.69,482,3,0,2882.96,1,0.302411213290463,12.69
18,15000.0,8.1,9048.41,36,11.1,591,6,0,953.34,1,0.6032273333333333,33.3
29,60231.08,9.7,17824.11,36,10.8,572,5,0,4437.4,1,0.2959287796267309,32.400000000000006
31,24510.03,0.9,9164.0,24,9.03,655,5,0,1623.72,0,0.3738877512593824,18.06
25,59029.24,3.2,16566.91,36,8.89,625,0,0,4393.13,0,0.2806559935381177,26.67
38,18458.6,7.6,22148.19,48,7.66,718,4,0,1001.04,0,1.1998846066332225,30.64
18,21042.91,6.7,13036.94,24,8.9,653,5,0,1158.58,0,0.619540738424486,17.8
25,27843.77,1.3,32615.14,36,8.44,661,4,0,1291.64,1,1.1713622113672106,25.32
49,34719.52,9.6,11129.45,36,5.95,805,2,1,2554.97,0,0.32055310672497783,17.85
37,43682.65,0.9,6376.03,60,9.96,603,4,2,3504.87,0,0.1459625274565531,49.800000000000004
28,32447.11,2.4,9697.83,24,8.42,696,0,0,2263.46,1,0.29888116383862845,16.84
18,15000.0,0.6,9941.85,48,6.66,750,4,1,1013.5,0,0.66279,26.64
38,15000.0,0.2,7693.93,36,8.7,657,2,0,1006.41,0,0.5129286666666667,26.099999999999998
39,111590.51,0.1,31289.58,60,10.68,577,3,0,8623.88,0,0.28039642439128565,53.4
47,142732.62,2.1,46957.76,48,7.1,750,2,0,10767.74,0,0.32899108837209046,28.4
18,72914.91,4.0,24254.95,36,8.58,615,1,0,5309.67,0,0.33264732823506193,25.740000000000002
33,28085.82,6.3,9734.35,48,7.39,696,4,2,2105.62,0,0.34659304944630426,29.56
21,33078.1,9.2,41443.66,24,9.83,518,1,0,847.34,0,1.2529032804181621,19.66
25,44320.24,3.0,100000.0,60,11.88,515,1,1,1474.97,0,2.2563054712700112,59.400000000000006
18,80660.91,1.8,17365.78,48,8.74,665,1,0,6291.73,1,0.21529362859903264,34.96
40,23129.05,4.8,38317.87,36,4.52,850,2,0,787.24,0,1.6566988268000633,13.559999999999999
45,18612.56,5.9,18575.0,36,8.72,692,3,0,962.78,0,0.9979820078484636,26.160000000000004
39,32505.88,0.0,9185.29,48,6.27,783,7,0,2491.97,0,0.2825731836824599,25.08
36,32554.28,11.2,27127.45,36,10.21,628,4,0,1834.85,0,0.833299031648066,30.630000000000003
32,94901.54,0.1,6385.99,48,8.1,628,5,0,7752.26,0,0.06729068885499645,32.4
43,15000.0,1.0,21194.21,48,10.53,539,1,1,707.05,1,1.4129473333333333,42.12
60,72414.65,2.0,3001.14,24,7.64,757,2,0,5899.31,0,0.04144382386713186,15.28
38,92463.87,3.1,5950.9,48,10.79,566,5,0,7552.12,0,0.0643591924067206,43.16
26,44128.89,5.7,21848.28,12,10.35,610,6,0,1753.04,0,0.49510150833161676,10.35
23,17031.92,7.2,4512.52,24,8.11,675,4,1,1215.01,1,0.26494487996655697,16.22
28,36699.7,3.5,6392.67,60,7.96,685,4,1,2928.81,0,0.1741886173456459,39.8
24,86088.18,4.7,14599.5,48,8.08,754,2,0,6817.05,0,0.1695877413136159,32.32
37,95343.16,0.6,16166.87,60,11.47,515,2,0,7589.96,0,0.16956507420144246,57.35
30,45122.24,0.6,46538.26,36,6.43,769,1,0,2335.32,0,1.0313818640209351,19.29
28,41155.0,9.6,9930.13,24,10.02,601,4,1,2971.27,0,0.241286113473454,20.04
41,34020.46,1.3,9464.69,48,8.67,690,3,2,2600.99,0,0.278205820850159,34.68
41,31886.44,2.0,9382.51,36,9.07,628,1,1,2358.54,0,0.2942476488438346,27.21
43,20468.92,0.6,6775.28,36,8.2,675,4,1,1492.81,0,0.33100329670544415,24.599999999999998
20,32466.79,2.7,10171.75,48,9.4,638,6,0,2450.5,0,0.31329706447727046,37.6
48,15000.0,6.8,4602.16,12,7.47,726,1,0,850.79,0,0.3068106666666667,7.47
40,18638.74,8.9,44657.55,12,8.53,692,6,1,-2342.41,0,2.395953267227291,8.53
22,23378.22,1.7,8971.81,24,8.66,624,4,1,1539.71,1,0.3837678830980288,17.32
48,15486.91,2.6,25825.44,60,8.18,693,4,1,764.7,0,1.6675657054893454,40.9
38,145552.32,0.3,6637.39,36,11.24,578,7,0,11911.3,0,0.0456014029869122,33.72
23,54762.52,3.2,8966.82,36,7.26,766,2,0,4285.61,0,0.16374009085045757,21.78
39,20518.57,23.7,31479.78,24,8.93,630,4,1,272.75,1,1.5342092553233486,17.86
19,30671.07,0.3,17292.28,48,7.15,717,4,0,2140.63,0,0.5637977416503565,28.6
37,97546.33,2.7,25425.54,24,9.29,653,0,0,6963.92,0,0.26065091326347184,18.58
54,34648.81,4.9,15717.04,24,9.23,613,1,0,2167.71,0,0.45360980651283556,18.46
18,58327.08,1.4,42433.94,48,7.16,772,4,0,3841.3,0,0.7275169612468171,28.64
21,17397.29,1.7,5550.16,48,8.63,689,8,0,1312.63,0,0.31902439977720665,34.52
29,60740.62,2.4,7152.87,36,8.23,702,4,0,4836.81,0,0.11776089871983525,24.69
32,148187.94,1.3,9150.65,36,11.69,499,2,0,12046.42,1,0.061750301677720866,35.07
51,50112.8,0.4,14636.29,48,6.07,805,0,0,3831.86,0,0.29206689708018707,24.28
41,35426.16,7.4,7008.68,48,10.19,591,2,0,2773.78,1,0.19783911098465087,40.76
35,57825.59,4.9,14469.18,24,8.47,679,2,0,4161.29,0,0.2502210526516029,16.94
18,37255.48,0.9,22292.57,36,9.73,595,4,0,2388.13,1,0.5983702263398565,29.19
36,57046.87,13.9,47294.39,36,4.08,850,5,0,3355.9,0,0.8290444331126318,12.24
42,31951.32,5.5,12353.3,36,5.67,850,5,0,2288.64,0,0.38662878403771733,17.009999999999998
43,183996.42,22.9,4712.34,48,10.68,546,2,1,15211.97,0,0.025611041780052024,42.72
42,53121.54,0.5,10938.51,24,9.58,677,2,1,3924.16,0,0.20591477581410478,19.16
50,108103.56,2.4,9946.6,36,7.36,697,3,0,8699.87,0,0.09200992085737048,22.080000000000002
29,47015.94,2.0,8993.99,48,6.75,755,4,0,3703.66,0,0.19129661131948014,27.0
41,67034.28,7.0,15254.89,36,6.03,807,3,0,5121.9,0,0.22756849182239294,18.09
28,124547.15,3.9,12521.08,36,7.4,728,3,0,9990.02,0,0.10053285041046704,22.200000000000003
32,88270.86,3.0,11319.92,48,9.27,614,1,0,7072.76,0,0.12824073539104525,37.08
37,18350.84,0.8,15805.98,60,9.47,636,1,0,1197.51,0,0.8613218795433887,47.35
42,72810.7,1.3,6498.04,60,9.28,590,4,0,5931.78,0,0.08924567405614835,46.4
34,56841.31,1.5,40606.64,48,11.29,534,3,0,3681.55,1,0.7143860688643524,45.16
33,68562.6,12.8,4184.96,24,10.51,557,3,1,5519.45,0,0.06103852537680893,21.02
33,52279.46,0.5,12376.73,48,10.05,626,1,0,4042.42,0,0.2367417337516493,40.2
27,23990.88,4.9,37898.85,48,10.14,610,2,0,1035.48,0,1.5797190432364296,40.56
35,30019.43,25.8,31193.55,36,13.02,471,2,0,1450.28,0,1.039112001793505,39.06
37,16359.64,2.6,9278.04,36,7.99,664,4,1,1072.61,1,0.567129839042913,23.97
23,28985.68,1.2,16045.75,36,8.02,672,1,0,1912.51,0,0.5535750756925488,24.06
41,62521.21,2.0,8709.09,36,5.86,835,3,0,4945.71,0,0.1392981677737843,17.580000000000002
42,17663.25,0.2,14060.51,24,9.21,593,1,0,828.23,1,0.7960318740888568,18.42
40,36870.45,5.9,16207.78,24,7.28,716,2,0,2344.81,0,0.4395872575463549,14.56
44,49179.34,12.6,3275.51,48,9.92,599,5,0,4015.33,0,0.06660337450644926,39.68
21,21653.0,3.7,2524.72,60,7.68,754,2,0,1753.61,0,0.11659908557705628,38.4
46,39443.9,0.9,22413.66,36,7.84,694,5,0,2586.28,0,0.5682414771358816,23.52
47,108615.82,6.3,6101.64,24,9.52,629,1,0,8771.11,0,0.05617634705515274,19.04
31,85688.42,2.3,12451.6,36,10.85,542,4,1,6733.94,0,0.14531251714058913,32.55
18,15000.0,1.7,5327.11,48,11.42,537,3,1,1111.23,0,0.35514066666666666,45.68
37,54295.31,5.7,16179.57,48,8.0,709,3,0,4129.62,0,0.2979920365129143,32.0
35,48995.64,2.0,6596.63,24,4.9,850,4,0,3793.86,0,0.1346370819934182,9.8
34,114892.07,1.0,35263.85,48,7.65,701,4,0,8719.23,0,0.3069302346106219,30.6
31,44587.55,0.9,7481.55,36,7.85,688,2,0,3481.7,0,0.16779459737079072,23.549999999999997
32,16122.74,8.7,1254.35,60,8.49,699,2,0,1317.83,0,0.07780005135603502,42.45
35,27424.14,6.4,5010.77,36,11.87,524,3,0,2119.23,1,0.18271384262186527,35.61
22,18549.3,9.8,48896.48,12,5.4,850,2,0,-2649.1,1,2.6360283137369067,5.4
19,66684.17,15.8,7225.87,36,7.93,712,4,0,5330.81,0,0.10835960018697091,23.79
24,91568.97,0.0,6671.33,12,12.95,418,2,0,7035.04,0,0.07285579383496396,12.95
20,76003.77,3.8,6488.1,48,6.28,789,4,0,6180.44,0,0.08536550226390086,25.12
45,119820.93,6.6,17771.6,24,11.18,541,4,0,9155.3,0,0.14831799419350192,22.36
48,35005.77,4.6,2352.24,48,10.42,560,3,0,2857.01,1,0.06719577943864682,41.68
26,65431.37,11.3,7177.02,36,6.91,759,0,0,5231.3,0,0.10968775374869882,20.73
31,22581.97,12.2,3450.89,36,9.04,623,4,1,1772.03,0,0.15281616262885833,27.119999999999997
18,71417.84,2.0,28445.89,36,9.85,569,1,1,5035.62,1,0.39830230093769287,29.549999999999997
21,15494.65,5.7,4209.27,24,10.44,591,7,0,1096.13,0,0.27165957282029607,20.88
34,59043.42,0.7,28681.59,48,7.99,675,2,0,4220.22,0,0.4857711494354494,31.96
37,131029.78,5.8,3845.22,24,10.95,583,1,1,10740.02,1,0.029346153217993647,21.9
47,27478.6,1.1,2628.53,36,11.92,586,3,0,2202.68,0,0.09565734789982024,35.76
33,149764.6,3.5,17480.82,36,5.28,810,2,1,11954.27,0,0.1167219756871784,15.84
19,76984.29,0.3,22788.16,36,13.24,449,1,0,5644.9,0,0.29601052370555087,39.72
22,15000.0,3.8,33814.5,36,11.78,556,0,0,130.42,1,2.2543,35.339999999999996
63,35160.78,11.9,51967.43,24,10.05,626,2,1,530.83,0,1.4779942310722345,20.1
49,23070.44,9.4,19412.42,36,12.0,530,6,0,1277.77,0,0.8414412555633962,36.0
24,16431.94,0.3,13544.9,48,7.52,691,2,1,1041.7,1,0.8243031559268109,30.08
35,223732.42,10.0,2966.6,36,11.3,569,2,1,18546.82,0,0.013259589289741736,33.900000000000006
19,25644.35,4.6,13580.86,24,10.32,631,3,1,1508.33,0,0.5295848793203962,20.64
38,15000.0,1.3,17996.86,12,10.66,510,4,0,-337.74,1,1.1997906666666667,10.66
18,25443.47,0.4,57452.07,48,12.14,509,3,0,603.4,0,2.2580280912941513,48.56
49,140289.13,1.2,34833.04,48,10.6,589,2,0,10797.23,1,0.24829464691954395,42.4
53,68120.91,1.1,12073.36,48,8.02,717,2,0,5381.88,0,0.17723427358794824,32.08
31,165929.21,16.8,27647.6,48,11.98,510,4,0,13099.64,0,0.16662286284614988,47.92
27,53720.44,2.6,39411.66,12,8.18,710,0,0,1045.06,0,0.7336436559343148,8.18
41,22072.24,0.2,25143.03,36,8.26,731,3,1,1048.44,0,1.139124529272969,24.78
33,15000.0,18.7,5435.5,60,8.22,687,0,0,1139.21,0,0.36236666666666667,41.1
31,32120.0,7.9,11134.93,48,7.75,710,5,1,2406.14,0,0.34666656288916564,31.0
41,78403.56,0.7,22295.67,36,11.89,501,1,0,5794.27,0,0.2843706331702285,35.67
34,25420.3,11.7,28780.83,60,8.65,668,4,0,1525.79,1,1.132198675861418,43.25
32,55552.21,0.2,2808.24,36,7.13,745,2,1,4542.47,0,0.05055136420315231,21.39
33,94594.62,13.1,3645.86,48,11.97,512,4,2,7786.93,0,0.03854193822016517,47.88
52,21753.37,3.4,9551.23,36,10.17,631,2,0,1503.83,0,0.43906898103604175,30.509999999999998
32,90089.43,7.7,60268.42,24,13.65,450,4,1,4623.75,1,0.6689843636484325,27.3
40,59022.72,4.5,7211.07,36,7.07,771,1,0,4695.67,0,0.12217447789596954,21.21
20,18168.33,4.8,11980.9,48,9.96,623,1,0,1210.39,1,0.6594387046030097,39.84
32,35512.72,4.3,6521.53,36,11.3,530,2,0,2744.96,1,0.18363927066132923,33.900000000000006
41,18923.96,0.7,18299.86,36,9.29,600,5,0,992.59,0,0.9670206447276364,27.869999999999997
30,41625.88,14.6,5101.99,12,14.4,386,2,0,3009.77,0,0.12256773910845849,14.4
46,108930.88,0.4,4471.45,36,9.99,596,4,1,8933.31,0,0.041048507090000554,29.97
18,15000.0,3.2,3439.68,48,11.89,493,3,0,1159.61,0,0.229312,47.56
28,22618.98,4.1,16306.13,24,6.93,764,6,0,1155.37,0,0.720904744599447,13.86
40,112883.44,1.0,25668.5,24,8.64,689,1,0,8238.53,0,0.2273894204499792,17.28
43,186838.04,0.2,28032.23,36,13.52,448,1,0,14618.28,0,0.15003491794283433,40.56
27,41058.6,2.5,15587.54,12,6.27,783,3,0,2078.05,0,0.3796412931760947,6.27
18,37931.06,9.5,1000.0,36,9.94,614,2,0,3128.68,0,0.026363618628111107,29.82
32,78456.52,0.2,21119.32,36,7.65,744,3,0,5879.65,0,0.2691850212066505,22.950000000000003
33,15000.0,2.5,23445.63,24,7.16,762,4,2,198.58,0,1.563042,14.32
41,16194.69,3.8,32793.48,48,12.63,497,6,0,475.8,0,2.024952623359879,50.52
50,50083.3,6.2,45034.97,48,7.47,691,4,0,3085.34,1,0.8992013305832482,29.88
28,119350.51,14.4,20848.07,36,7.75,679,4,1,9294.97,1,0.1746793541141969,23.25
18,24191.38,13.2,12478.07,36,11.79,567,2,0,1602.75,1,0.515806456680024,35.37
53,44795.25,0.1,2248.92,60,12.25,463,8,1,3682.63,1,0.05020443015721533,61.25
34,27654.73,0.5,22920.5,12,12.17,490,7,0,266.28,1,0.8288093935467821,12.17
21,30986.74,1.6,22898.7,36,12.18,531,1,0,1819.69,0,0.7389838363119192,36.54
18,18143.47,1.3,1593.41,48,5.88,830,1,0,1474.62,0,0.0878227814194308,23.52
38,111332.68,4.7,12046.93,36,8.66,645,1,0,8896.54,0,0.10820659306863,25.98
25,52151.08,3.1,17287.07,48,9.8,604,4,1,3909.14,0,0.3314805752824294,39.2
43,64064.11,1.6,2762.79,36,4.94,827,4,0,5255.95,1,0.04312539423399466,14.82
48,73300.25,7.5,4459.09,24,9.27,578,1,0,5904.09,0,0.060833216803489756,18.54
26,20868.01,10.0,7686.38,12,9.62,609,1,1,1064.6,0,0.3683331568271244,9.62
46,21435.8,10.6,11060.6,60,6.94,743,4,0,1567.62,0,0.5159872736263634,34.7
48,53242.53,0.1,22693.14,24,10.47,592,1,0,3384.77,0,0.42622204466992836,20.94
31,88408.29,4.6,18037.9,24,9.32,588,4,0,6540.65,0,0.20402950899740288,18.64
18,49343.76,1.1,12790.15,36,9.49,654,3,0,3702.33,0,0.25920501396731827,28.47
45,90572.68,0.2,6257.37,24,10.92,546,3,0,7256.31,1,0.0690867268143109,21.84
33,37906.46,6.2,21702.74,60,6.73,796,1,0,2731.89,0,0.5725340746669566,33.650000000000006
27,60047.32,1.2,52986.15,48,9.27,618,4,0,3678.58,0,0.8824065753475759,37.08
31,64368.55,5.8,4545.31,36,5.81,820,2,0,5226.16,0,0.07061383237621478,17.43
37,28015.45,2.2,31546.28,48,10.71,545,0,1,1523.73,0,1.1260315290313023,42.84
56,27773.39,6.5,16550.14,48,7.25,701,2,1,1916.21,0,0.595899168232614,29.0
51,52006.99,6.0,10948.82,48,5.79,811,4,0,4077.84,0,0.2105259312257833,23.16
41,30374.41,9.7,24379.27,48,5.72,830,4,0,1961.78,1,0.8026253020223274,22.88
34,56448.03,2.9,12424.36,48,9.94,565,4,0,4389.25,0,0.22010263245679257,39.76
24,46170.12,8.1,3672.31,12,7.47,766,2,0,3528.96,0,0.07953867133115529,7.47
39,21030.24,1.6,6370.22,36,10.11,597,3,0,1546.64,1,0.3029076225473413,30.33
25,26554.19,2.7,10538.46,12,8.13,683,4,0,1295.49,0,0.39686618194718043,8.13
33,21609.76,1.1,14007.06,48,10.14,606,5,1,1444.62,0,0.6481821177097756,40.56
29,30541.89,2.5,19269.26,48,7.2,708,4,0,2081.94,0,0.6309124942824429,28.8
38,16759.69,7.5,22850.99,48,9.88,574,1,0,818.4,0,1.3634494432772923,39.52
40,29535.82,4.4,20028.85,36,7.73,702,1,1,1836.18,0,0.6781206683951893,23.19
31,19346.5,12.4,27220.95,36,13.33,447,3,1,690.69,1,1.407021941953325,39.99
42,29530.04,5.0,6215.1,60,7.54,713,4,0,2336.18,1,0.21046703627898913,37.7
49,53353.88,0.6,8332.89,24,11.57,551,2,0,4055.57,0,0.15618151856997092,23.14
39,15000.0,16.2,4349.2,36,6.36,760,6,0,1116.98,0,0.28994666666666663,19.080000000000002
36,37813.74,5.1,24285.41,48,9.21,690,1,0,2544.38,0,0.6422377157086286,36.84
36,32531.86,3.6,19419.3,36,14.8,361,1,1,2039.71,0,0.5969317462942482,44.400000000000006
49,16701.83,1.7,51750.83,36,10.14,571,0,2,-281.44,1,3.0985125582046993,30.42
40,31268.32,0.6,11750.33,48,6.62,813,1,0,2326.38,0,0.3757902567199005,26.48
40,31422.26,4.5,38655.76,48,8.93,647,2,0,1657.86,0,1.2302030471391938,35.72
40,79784.93,1.0,18717.44,24,9.93,584,2,0,5785.63,0,0.23459868925121574,19.86
41,15000.0,8.9,23902.43,48,10.07,591,4,1,642.97,0,1.5934953333333333,40.28
38,15000.0,1.0,10950.48,24,8.42,678,6,0,752.64,1,0.730032,16.84
42,51602.53,0.7,8031.01,48,9.14,694,3,2,4099.83,0,0.15563209788357277,36.56
44,65841.33,0.1,10991.58,36,8.62,668,4,0,5139.19,0,0.16694043088133242,25.86
41,22021.42,5.3,9688.2,36,11.96,491,8,1,1513.52,0,0.4399443814249945,35.88
35,36681.78,2.6,13101.81,12,8.61,707,3,0,1913.41,0,0.3571748699217977,8.61
24,15000.0,8.1,2634.69,12,6.19,833,2,0,1023.01,1,0.175646,6.19
50,73172.46,0.2,13356.91,36,10.71,612,0,1,5662.25,0,0.1825401250689125,32.13
28,20192.9,23.0,20315.32,60,6.66,720,1,0,1283.72,0,1.0060625269277814,33.3
29,17243.11,13.6,20521.5,48,12.79,500,4,0,888.52,1,1.190127534998037,51.16
53,57652.05,3.1,16180.81,12,12.4,461,0,1,3363.66,1,0.2806632201283389,12.4
29,66991.28,0.5,8624.09,36,8.87,664,3,0,5308.88,0,0.12873451589520307,26.61
46,37367.58,13.6,77155.53,36,10.15,572,2,1,618.94,1,2.0647719226131316,30.450000000000003
30,85348.71,12.5,17436.33,48,9.47,662,3,0,6674.59,0,0.20429517915385012,37.88
36,15000.0,2.9,3874.69,36,8.07,684,4,0,1128.46,0,0.2583126666666667,24.21
18,50190.28,4.0,6442.41,12,10.82,554,3,0,3613.67,0,0.12835971427136889,10.82
45,55657.16,1.5,4915.64,36,9.36,600,2,0,4480.96,0,0.08831999333059753,28.08
33,45093.57,3.2,4714.5,24,8.6,622,4,1,3543.28,0,0.10454927387651942,17.2
46,102658.63,3.6,10479.15,36,14.15,430,6,0,8195.97,1,0.10207763341474554,42.45
36,28151.36,3.2,3845.8,36,7.93,670,2,1,2225.56,0,0.1366115171700408,23.79
33,36664.31,21.7,22862.65,24,6.62,754,2,0,2035.67,0,0.623566896526895,13.24
36,48938.01,1.1,37347.57,48,6.9,771,6,0,3185.56,0,0.763160782385716,27.6
37,27459.54,0.0,17711.21,48,7.63,715,2,0,1858.98,0,0.6449929605521432,30.52
41,81802.06,2.6,7777.7,12,7.8,675,1,0,6140.99,0,0.0950795126675294,7.8
27,58794.26,15.3,4669.27,36,10.84,589,2,0,4747.01,1,0.07941710636378449,32.519999999999996
39,37074.83,2.9,17910.84,24,6.94,773,4,1,2288.14,0,0.48309972021449593,13.88
29,33554.31,2.9,9381.14,48,5.32,843,0,0,2578.79,0,0.2795807751671842,21.28
27,46614.52,6.2,20127.06,24,13.67,448,2,0,2921.32,1,0.43177662239147807,27.34
18,23486.25,4.7,10794.0,12,11.87,502,6,0,998.81,1,0.4595880568417691,11.87
18,28028.42,0.9,3754.54,48,5.97,807,7,0,2247.58,1,0.13395475021424683,23.88
30,60975.86,5.5,22488.26,48,8.61,655,2,1,4525.86,0,0.36880595042037945,34.44
38,87303.39,0.5,5457.09,48,10.12,586,3,1,7136.56,0,0.06250719473779884,40.48
49,28611.88,19.9,56187.88,36,10.52,566,1,0,557.55,0,1.9637954583900112,31.56
26,54954.5,5.2,23828.89,12,9.97,567,2,1,2484.94,1,0.4336112602243674,9.97
36,68590.66,3.1,26012.56,48,7.08,747,2,1,5092.02,1,0.3792434713414334,28.32
28,44214.83,1.5,15789.66,48,11.44,483,5,0,3273.1,1,0.35711230824589846,45.76
48,58256.74,0.9,7826.94,48,10.3,620,2,0,4655.09,0,0.13435252298703979,41.2
35,23151.03,5.4,13021.45,36,8.86,652,5,2,1516.02,0,0.5624566164010846,26.58
25,51272.18,9.8,2686.82,48,8.61,649,3,1,4206.32,0,0.05240307706830488,34.44
28,35198.57,14.9,19854.14,24,9.9,609,3,1,2017.96,0,0.564060983159259,19.8
44,25063.37,4.3,4006.0,48,8.11,687,4,0,1990.61,0,0.15983485062064678,32.44
44,35096.5,3.7,2460.97,36,5.8,850,5,0,2850.06,0,0.07012009744561423,17.4
41,37238.2,0.4,3342.78,48,9.09,657,2,0,3019.85,0,0.0897674968177839,36.36
33,38924.85,6.0,10062.9,60,8.86,660,0,0,3035.53,0,0.2585212274421096,44.3
46,19348.81,1.3,7071.19,24,8.1,682,2,0,1292.27,0,0.3654586509454586,16.2
28,24027.65,10.3,21361.53,24,10.25,591,3,0,1014.11,1,0.8890395024066023,20.5
50,35273.06,5.0,6885.36,12,9.34,655,3,0,2336.2,0,0.19520166381935675,9.34
31,21210.76,1.6,46327.96,36,9.24,634,3,0,289.17,0,2.1841725614735163,27.72
31,15000.0,0.5,54259.68,48,11.24,537,2,0,-158.7,1,3.617312,44.96
39,42492.97,2.6,5527.82,48,7.53,729,3,0,3407.35,0,0.1300878710054863,30.12
27,15485.05,3.2,6767.35,60,15.42,308,2,1,1127.93,0,0.4370247432200736,77.1
27,65953.74,3.5,8868.08,36,5.79,775,2,0,5227.2,0,0.13445909208484613,17.37
43,15000.0,1.4,22575.93,36,9.57,616,2,1,526.09,0,1.5050620000000001,28.71
20,25745.44,1.9,4047.93,48,10.73,586,4,0,2041.36,0,0.15722900832147363,42.92
31,15000.0,0.0,8673.13,48,5.47,850,2,1,1048.41,1,0.5782086666666666,21.88
42,82503.21,3.9,22157.25,60,4.93,850,3,0,6457.84,0,0.26856227775864716,24.65
41,26247.92,1.7,24442.02,60,8.59,664,5,2,1684.8,0,0.9311983578127334,42.95
25,25088.59,1.8,13868.01,60,10.35,560,2,0,1793.67,0,0.5527616338742034,51.75
47,70232.12,5.6,12816.8,12,9.26,649,2,0,4730.28,0,0.18249199938717497,9.26
40,64390.6,5.2,4466.26,48,5.16,811,4,0,5262.7,0,0.0693619876193109,20.64
40,18644.77,15.3,4972.64,48,4.96,822,0,1,1439.3,0,0.26670428221962517,19.84
22,58747.17,1.6,9557.43,48,6.82,767,5,0,4667.53,0,0.16268749626577758,27.28
47,34004.0,6.2,18108.37,36,6.98,754,4,0,2274.7,0,0.5325364662980826,20.94
46,66067.53,2.3,32950.36,36,11.97,491,2,0,4411.68,0,0.4987375795644245,35.910000000000004
20,24848.22,4.6,21016.42,36,9.02,643,3,1,1402.17,0,0.8457917710000957,27.06
35,65047.04,12.1,35783.83,60,5.75,814,5,0,4732.94,1,0.5501223422310992,28.75
43,35527.46,1.3,12158.9,36,8.35,682,0,0,2577.64,0,0.3422394958716441,25.049999999999997
34,15000.0,0.8,28909.34,48,12.09,471,0,0,487.43,0,1.9272893333333334,48.36
29,82298.32,4.4,9181.3,36,11.29,520,3,0,6556.35,0,0.11156120805382173,33.87
19,57002.22,5.2,30653.97,48,8.11,692,2,1,4000.25,0,0.5377680027198941,32.44
33,90947.4,9.0,1643.19,24,9.65,629,1,0,7503.39,0,0.018067476365459596,19.3
32,32435.23,1.0,22173.89,48,9.34,610,5,1,2147.55,0,0.6836359723670835,37.36
40,36571.14,0.6,29092.39,12,9.19,643,7,0,500.86,0,0.795501316065072,9.19
47,15040.37,9.1,13602.28,12,9.15,654,3,0,62.88,1,0.9043846660687204,9.15
22,48042.72,0.6,28886.63,24,9.44,650,5,1,2678.04,0,0.6012696616677824,18.88
46,47990.72,4.0,17899.42,24,9.0,623,4,0,3181.5,0,0.3729766921604843,18.0
37,80127.04,9.4,25248.06,12,6.09,787,7,0,4503.2,1,0.315100370611469,6.09
60,32833.35,0.8,47684.96,24,9.27,629,5,0,551.73,0,1.4523330698816905,18.54
41,38269.99,0.9,36011.14,36,10.62,572,5,0,2016.68,0,0.9409759448591443,31.86
21,36987.29,3.6,4466.91,48,10.24,600,4,0,2968.47,0,0.12076878300627053,40.96
29,161308.34,4.5,19136.96,36,7.13,725,1,0,12850.33,0,0.11863589942094749,21.39
37,15000.0,1.9,7604.9,48,6.45,773,6,0,1069.83,0,0.5069933333333333,25.8
33,48773.98,1.9,2536.2,36,11.87,539,5,0,3980.42,0,0.05199903719155172,35.61
33,24349.52,1.2,20060.25,60,8.84,634,1,0,1614.26,0,0.8238458088701544,44.2
43,52178.74,1.6,5247.99,48,7.99,676,6,1,4220.13,0,0.1005771699354948,31.96
59,50213.49,0.9,18632.69,48,7.64,712,4,0,3732.72,0,0.3710694078423945,30.56
46,27328.74,3.8,10876.56,24,7.94,730,1,0,1785.77,0,0.3979898085312385,15.88
19,51765.06,1.0,11109.1,48,10.79,594,4,0,4027.77,0,0.2146061455352317,43.16
27,20233.18,2.6,12697.2,36,12.32,463,3,0,1262.43,1,0.6275434706753956,36.96
27,22695.97,6.4,9099.31,36,6.99,731,3,0,1610.41,0,0.40092183766545336,20.97
35,34387.7,1.5,16591.61,48,4.71,811,3,0,2485.72,0,0.48248676125475104,18.84
54,17299.02,3.1,9648.84,48,8.26,703,2,0,1204.85,0,0.5577680122920258,33.04
25,38880.27,4.8,12600.03,12,10.86,501,2,0,2127.23,0,0.32407259517487924,10.86
58,17454.74,5.9,13617.24,36,9.94,624,7,0,1015.56,1,0.7801456796262791,29.82
32,32227.81,2.4,7849.11,48,14.28,413,2,0,2470.06,1,0.24355083389159857,57.12
54,44507.2,2.8,7151.74,48,8.66,665,2,0,3532.11,0,0.1606872595894597,34.64
30,45156.21,14.6,14622.47,48,9.77,616,1,0,3393.77,0,0.3238196916880314,39.08
36,69943.02,13.2,7921.12,48,5.31,846,3,0,5645.05,0,0.11325104349225984,21.24
21,39452.2,2.0,7380.86,36,6.7,801,5,1,3060.8,0,0.18708361003949084,20.1
47,84563.01,0.0,30410.09,48,7.55,687,3,0,6310.93,0,0.3596145643349261,30.2
24,24684.7,1.4,8122.54,36,10.68,585,0,0,1792.37,0,0.3290515987636066,32.04
18,39929.18,3.0,21853.81,36,6.89,765,1,0,2653.75,1,0.5473142699148843,20.669999999999998
39,15197.63,5.6,22945.76,36,7.24,721,5,0,555.45,0,1.5098248871699074,21.72
45,31030.44,0.5,4369.16,36,7.75,689,2,0,2449.46,0,0.1408023863019667,23.25
29,45215.1,3.5,7293.64,36,6.5,807,1,0,3544.38,0,0.16130982791147205,19.5
33,20994.03,1.3,6796.7,36,7.9,740,0,0,1536.83,0,0.32374441686517547,23.700000000000003
20,54475.65,5.4,37080.78,24,10.59,547,4,0,2818.43,0,0.6806854071498,21.18
27,30225.36,3.6,62071.94,12,5.08,824,6,0,-2797.32,0,2.053637739964057,5.08
31,20042.34,6.5,41790.68,36,6.85,769,3,0,382.68,1,2.0851198013804777,20.549999999999997
35,39817.66,0.6,13420.42,60,9.16,625,4,0,3038.51,0,0.3370469284232172,45.8
43,54460.94,6.0,27200.68,36,8.67,671,9,0,3677.61,0,0.4994530024637841,26.009999999999998
28,15000.0,3.4,18032.55,36,12.46,521,7,0,647.09,0,1.20217,37.38
32,17057.89,21.2,15335.54,36,7.24,751,1,0,946.29,1,0.8990291296285766,21.72
48,55509.24,1.2,14993.77,36,6.4,769,3,0,4166.91,0,0.27011304784572804,19.200000000000003
49,15000.0,6.3,29226.99,24,10.41,576,0,0,-104.21,1,1.948466,20.82
27,27037.01,6.7,8426.95,36,9.67,593,4,0,1982.47,1,0.3116820240107912,29.009999999999998
33,36369.39,3.6,3817.95,48,12.93,473,2,0,2928.49,1,0.10497701501179975,51.72
40,38264.59,2.1,14833.24,36,9.93,563,2,1,2710.58,0,0.387649260060019,29.79
35,59964.09,2.4,4678.19,48,6.57,775,2,0,4885.91,0,0.07801652622427856,26.28
41,29449.27,1.5,25005.38,36,8.7,650,2,1,1662.43,0,0.8491001644522937,26.099999999999998
20,26378.66,5.4,27414.34,48,10.26,601,1,0,1499.5,0,1.0392620398458452,41.04
26,40244.28,2.7,12037.53,12,10.43,625,10,0,2292.99,0,0.2991115756077634,10.43
33,49861.88,0.4,5012.23,48,8.3,669,3,1,4032.09,0,0.10052228275387931,33.2
35,25252.54,2.5,11660.57,24,8.71,673,2,0,1573.22,0,0.4617583023331514,17.42
34,15000.0,3.4,39637.92,48,9.38,658,2,0,256.44,0,2.642528,37.52
49,45772.07,0.5,7926.43,60,7.31,724,8,2,3656.22,0,0.17317176173155377,36.55
45,78206.76,32.5,23591.23,48,8.57,661,1,0,5934.97,0,0.3016520566764305,34.28
19,25771.88,9.8,60342.48,36,9.23,626,2,0,222.32,0,2.341407766914948,27.69
35,55676.19,8.9,94489.04,60,8.51,673,4,0,2700.64,0,1.6971175649770573,42.55
21,17657.81,7.4,11922.33,48,12.91,509,4,0,1152.17,1,0.6751873533580891,51.64
21,92163.2,2.3,35114.27,48,8.68,673,1,0,6811.77,0,0.3810009852088469,34.72
28,15000.0,3.5,100000.0,24,11.88,513,1,0,-3451.75,1,6.666666666666667,23.76
44,54085.46,3.7,37650.09,24,7.77,719,1,2,2808.26,1,0.6961222110341669,15.54
24,39188.92,3.7,19586.01,24,9.92,579,3,2,2362.67,0,0.49978437782924356,19.84
26,32698.53,2.7,7228.31,36,10.14,615,2,1,2491.16,0,0.22105917299646194,30.42
41,82907.78,2.0,14056.11,12,9.4,640,3,1,5677.15,0,0.16953909512472776,9.4
30,21968.76,3.6,7589.46,36,9.71,652,5,0,1586.87,0,0.34546601628858437,29.130000000000003
25,102009.16,1.1,18159.28,36,6.4,793,2,0,7945.03,0,0.17801617031254838,19.200000000000003
18,43626.13,7.8,17487.02,36,7.51,716,4,0,3091.48,0,0.40083821324513547,22.53
33,15000.0,0.5,28659.13,48,10.14,574,2,0,521.2,0,1.9106086666666668,40.56
40,117562.57,1.2,24581.4,48,10.78,587,3,1,9164.18,1,0.20909206050871462,43.12
22,121564.3,0.8,45331.08,60,8.87,658,2,0,9192.22,0,0.3728979642872126,44.349999999999994
39,22445.65,0.5,11578.6,24,8.67,695,6,1,1343.26,0,0.5158505100097346,17.34
34,19507.2,5.0,6809.11,36,10.26,564,1,0,1405.06,0,0.3490562458989501,30.78
43,26281.41,0.1,7908.7,36,9.44,682,3,0,1937.0,0,0.30092373278298234,28.32
34,103193.4,1.3,11871.36,36,6.36,788,2,0,8236.36,0,0.11503991534342314,19.080000000000002
28,26563.44,2.4,12590.61,48,5.28,835,3,0,1922.07,0,0.4739826618841536,21.12
26,78607.45,25.4,3306.07,24,6.02,788,3,0,6404.06,0,0.04205797287661666,12.04
54,23605.27,0.7,19937.77,36,4.83,850,5,0,1371.07,0,0.8446321520575703,14.49
59,24718.79,2.8,7582.93,48,9.56,576,7,0,1869.17,0,0.3067678474553164,38.24
39,31041.6,6.3,16514.98,24,12.33,481,2,0,1806.84,1,0.5320273439513428,24.66
21,24059.68,1.0,5532.93,48,9.82,640,0,0,1865.12,1,0.22996689897787503,39.28
36,43548.7,9.6,13846.02,24,10.06,584,3,0,2989.75,1,0.31794335996252476,20.12
45,32560.39,1.3,22986.85,12,9.45,616,3,0,698.33,0,0.7059758805100307,9.45
46,33786.29,9.0,17768.06,12,8.38,672,6,1,1266.79,0,0.5258955629635571,8.38
18,53731.95,4.5,10250.91,48,8.25,664,4,1,4226.2,0,0.19077867079084232,33.0
41,34132.33,1.3,6785.51,12,12.09,522,5,0,2241.19,0,0.1988000819164704,12.09
25,77781.95,1.9,10446.83,12,5.14,846,5,0,5586.83,1,0.1343091809860771,5.14
29,42757.56,2.1,75433.32,36,11.75,533,3,0,1066.66,1,1.7642101186316528,35.25
25,27331.07,0.6,2758.14,60,12.64,493,2,1,2215.34,0,0.10091591730583545,63.2
57,15000.0,25.5,2988.13,12,8.08,686,4,1,989.96,0,0.19920866666666667,8.08
18,17538.34,4.1,17300.25,36,13.1,455,2,1,877.78,0,0.9864245989073082,39.3
25,25501.38,3.2,18992.94,12,11.28,535,3,0,444.01,1,0.7447808706822924,11.28
47,19356.59,0.1,16084.53,24,9.5,649,5,1,874.54,0,0.8309588620722969,19.0
20,37064.77,2.4,38397.74,24,7.82,740,3,1,1355.26,0,1.0359632610697436,15.64
18,23782.3,2.3,37748.31,48,7.61,687,1,0,1067.21,0,1.5872438746462705,30.44
18,25834.22,12.0,4506.48,24,11.77,500,4,0,1941.2,1,0.17443839992072527,23.54
35,66678.53,10.1,13736.36,48,7.87,707,3,0,5222.04,0,0.2060087407445845,31.48
42,34180.74,4.4,6345.72,48,8.51,655,4,0,2691.95,1,0.18565191976534157,34.04
34,67944.81,20.1,16840.77,48,11.23,543,4,0,5224.93,0,0.24785954953733774,44.92
36,46964.73,1.5,20808.16,48,8.14,674,2,1,3404.37,0,0.44305929151514334,32.56
34,61444.79,21.8,3479.13,48,9.68,680,3,0,5032.69,0,0.05662205046188619,38.72
29,19541.03,7.1,73540.16,48,5.91,797,2,0,-95.64,1,3.7633717362902575,23.64
41,41694.29,4.0,24932.02,48,11.83,528,2,1,2820.05,1,0.5979720484507591,47.32
33,25353.72,4.4,7518.06,36,11.3,555,4,0,1865.61,0,0.29652690019452765,33.900000000000006
39,55306.16,11.1,7070.42,24,8.12,729,4,0,4288.68,0,0.12784145563532162,16.24
44,15000.0,5.7,3439.9,36,9.12,628,2,0,1140.42,0,0.22932666666666668,27.36
47,23150.98,0.8,48703.97,24,8.39,655,0,1,-282.17,0,2.103754139133635,16.78
32,41799.85,2.7,13092.16,48,10.37,594,4,0,3148.94,1,0.31321069333980867,41.48
39,56367.9,2.4,58866.69,36,4.92,842,6,0,2935.15,1,1.0443300176164094,14.76
24,37751.4,9.0,3405.55,36,10.92,554,2,0,3034.59,0,0.09020989950041589,32.76
39,17157.04,3.0,9653.03,48,10.22,586,3,1,1183.91,0,0.5626279358210974,40.88
35,51687.96,1.7,30098.75,36,10.99,526,5,0,3322.08,1,0.582316462092913,32.97
38,42233.46,2.3,4226.33,48,7.85,700,5,0,3416.58,0,0.10007065487885672,31.4
40,33671.65,12.2,53937.39,36,10.44,605,8,1,1054.4,0,1.601863585538576,31.32
38,50025.06,11.3,5196.04,36,4.54,850,2,0,4014.1,0,0.10386874098701732,13.620000000000001
37,36329.74,18.2,20801.74,48,9.07,692,4,0,2509.13,1,0.5725815819215883,36.28
26,55235.59,0.9,22357.37,60,9.65,643,3,0,4131.78,0,0.4047638488155916,48.25
26,26358.03,1.2,11589.7,24,11.49,554,2,0,1653.69,0,0.4397028154228522,22.98
60,20019.3,1.3,7709.57,48,9.9,609,4,2,1473.11,0,0.3851068718686468,39.6
50,15000.0,8.1,6954.84,36,8.08,715,6,0,1031.8,0,0.463656,24.240000000000002
48,20699.61,0.1,10397.27,48,8.21,681,4,1,1470.11,0,0.5022930383712544,32.84
18,58167.33,8.6,10499.92,36,10.89,548,0,0,4504.07,0,0.18051232538952708,32.67
38,23321.86,11.0,12466.41,12,6.34,820,3,0,868.6,0,0.5345375540372852,6.34
32,43265.18,2.5,9351.69,36,9.5,618,3,0,3305.87,0,0.21614818197913427,28.5
38,39313.93,1.0,2748.26,36,10.32,549,6,3,3187.07,1,0.06990550168858724,30.96
33,20829.83,1.7,25662.41,12,6.69,807,4,1,-481.0,0,1.2320028535998613,6.69
48,23091.38,6.6,15427.81,48,7.91,697,6,0,1548.3,1,0.6681198785001156,31.64
39,35625.55,12.3,32516.75,36,8.23,685,4,1,1946.39,0,0.9127367858180434,24.69
27,70882.01,6.5,14032.62,36,9.26,630,1,1,5458.9,0,0.19797153043487342,27.78
35,47399.37,0.9,16320.07,48,9.75,642,2,1,3537.98,0,0.34430985053176866,39.0
36,31203.57,1.2,8174.15,24,7.33,702,5,0,2233.1,0,0.2619620126799594,14.66
32,92685.16,5.9,33983.29,36,7.16,723,2,0,6671.97,0,0.36665297875085934,21.48
32,29283.44,2.5,17727.15,48,7.82,689,0,0,2009.01,0,0.605364328781045,31.28
32,31055.93,6.4,4345.58,48,13.0,447,4,0,2471.41,0,0.13992754362854373,52.0
36,52922.46,0.8,13491.26,36,10.87,558,2,0,3969.35,0,0.2549250356087,32.61
53,52702.37,10.9,23324.86,12,6.17,740,2,1,2382.55,0,0.44257706057621315,6.17
34,109648.03,4.1,32152.15,48,10.49,566,6,0,8314.29,0,0.2932305304527587,41.96
46,30090.5,2.1,40836.13,48,8.3,658,2,1,1504.85,0,1.3571103836759109,33.2
45,43614.18,2.3,35888.92,48,5.31,850,2,0,2802.97,0,0.8228727445982017,21.24
26,39145.1,5.9,22699.22,48,7.67,712,1,0,2711.45,0,0.5798738539434055,30.68
37,74157.76,4.4,6290.24,36,9.78,603,3,0,5977.49,0,0.08482241103291147,29.339999999999996
37,107181.18,4.3,32691.91,60,10.25,540,0,1,8233.13,1,0.30501539542669714,51.25
33,79370.78,4.9,16093.8,48,10.78,575,3,0,6200.0,0,0.202767315629253,43.12
26,40467.48,0.4,29699.43,60,11.95,494,0,0,2712.39,1,0.733908560651664,59.75
60,41205.53,8.6,24169.95,36,5.75,819,7,0,2701.23,0,0.5865705404104741,17.25
18,123270.02,11.8,9254.76,24,8.71,672,4,3,9850.93,1,0.07507713554358147,17.42
53,54934.82,1.4,24790.73,24,7.43,707,3,0,3463.12,1,0.4512753477666806,14.86
33,42913.82,1.6,56213.82,36,5.54,850,4,1,1877.71,0,1.3099234698752058,16.62
40,29544.86,0.8,25746.2,24,7.96,690,0,0,1298.11,0,0.8714273819540861,15.92
18,18318.14,1.7,2674.86,60,8.0,698,5,0,1472.28,0,0.1460224673465756,40.0
35,84024.02,8.8,10005.91,48,8.98,642,4,0,6753.1,0,0.11908392385891557,35.92
35,136879.35,4.7,5578.82,24,11.1,542,3,1,11146.34,1,0.040757206985567944,22.2
29,20674.86,2.2,53707.72,36,11.9,517,2,0,-58.4,1,2.5977307706073947,35.7
37,16990.35,1.5,8544.08,48,8.9,688,1,0,1203.65,0,0.5028783986203934,35.6
48,134196.7,0.1,10275.6,24,7.82,673,4,0,10719.16,0,0.07657118245083523,15.64
53,15050.89,6.7,18063.7,36,8.51,674,1,0,683.93,0,1.200174873379581,25.53
44,15000.0,3.5,7479.64,36,11.39,487,5,0,1003.74,0,0.4986426666666667,34.17
30,94070.78,12.9,16397.85,36,9.37,629,1,2,7314.96,0,0.1743139580643426,28.11
18,38711.44,5.7,20505.82,12,8.66,668,3,0,1435.92,0,0.5297095638911907,8.66
24,36646.56,3.0,17381.46,60,8.02,688,4,0,2701.28,1,0.47429990700354957,40.099999999999994
30,106375.82,1.0,9810.03,36,6.96,727,3,1,8561.93,0,0.09222048770105838,20.88
18,158053.84,4.9,7046.66,36,7.78,732,3,0,12951.05,0,0.04458392152952437,23.34
25,48182.84,1.2,7146.7,12,7.44,731,2,1,3395.41,0,0.1483245902483125,7.44
30,33037.84,0.7,61441.17,48,14.43,386,6,0,1060.9,1,1.8597211561046365,57.72
30,27464.53,3.6,32786.88,36,4.46,850,4,0,1313.99,0,1.1937899538058725,13.379999999999999
48,89275.81,3.5,17964.28,24,6.83,790,5,0,6636.73,1,0.20122225718254474,13.66
28,37747.0,1.1,17174.46,36,11.14,563,0,1,2582.17,1,0.45498874082708557,33.42
36,15000.0,2.9,52783.59,36,7.64,739,3,0,-395.29,0,3.518906,22.919999999999998
26,80257.02,0.1,4222.56,60,9.91,637,1,2,6598.56,0,0.05261296768806019,49.55
39,31781.27,7.4,54606.62,24,8.94,672,2,0,155.25,0,1.7182013179460733,17.88
46,26528.69,5.5,8157.57,48,10.27,614,0,1,2002.77,0,0.3074999180132905,41.08
37,24056.17,40.0,25731.48,24,7.46,748,3,0,847.24,1,1.06964159298841,14.92
45,16521.74,0.3,33040.83,48,8.72,675,5,0,558.98,0,1.9998396052715997,34.88
19,38035.15,2.7,33738.13,48,11.57,568,1,0,2288.25,1,0.8870250281647369,46.28
30,30552.43,0.8,19544.58,48,11.37,495,3,0,2037.38,1,0.6397062361324451,45.48
42,98303.67,0.6,8553.14,36,11.22,565,1,2,7911.06,1,0.08700733146585472,33.660000000000004
36,61344.16,7.6,16707.81,36,6.18,826,1,0,4602.37,0,0.27236186786158617,18.54
22,37145.03,2.4,27930.12,36,13.83,393,2,0,2143.14,1,0.7519207818650301,41.49
54,42705.32,11.8,11435.91,36,6.81,759,3,1,3206.66,0,0.2677865427539239,20.43
25,22136.16,1.9,35714.23,60,11.34,536,7,1,1062.1,0,1.6133886816864353,56.7
28,39795.96,0.5,29315.18,36,10.46,559,4,0,2364.07,0,0.7366370857745359,31.380000000000003
37,38382.3,0.4,28250.08,36,7.65,695,5,0,2317.82,0,0.7360184251595137,22.950000000000003
45,31505.65,4.8,5647.16,48,9.07,639,2,1,2484.75,0,0.17924277074112102,36.28
20,91844.31,2.0,27784.4,36,9.76,601,3,0,6760.3,0,0.30251629088399706,29.28
31,43327.77,3.9,13175.19,48,9.6,607,1,0,3279.02,0,0.30408188558977306,38.4
27,32061.45,1.5,10080.1,48,11.36,556,3,0,2409.5,1,0.3143993799407076,45.44
25,24905.22,0.3,3527.27,48,9.18,637,0,0,1987.36,0,0.14162773908441684,36.72
43,24974.22,1.7,3475.24,48,5.22,850,5,1,2000.81,0,0.13915309467122494,20.88
28,15000.0,4.5,7354.46,48,11.54,559,5,0,1057.99,0,0.49029733333333336,46.16
38,61111.63,7.2,19025.29,48,5.13,842,3,1,4653.38,0,0.3113202838804987,20.52
40,30106.98,2.3,10917.07,36,10.35,612,3,0,2154.86,1,0.3626092686812161,31.049999999999997
37,26605.26,6.6,2050.45,36,10.57,553,1,0,2150.39,1,0.07706934643750897,31.71
35,37237.14,2.1,25923.94,48,11.73,546,2,1,2423.85,0,0.6961850453606265,46.92
35,41559.27,0.0,14758.09,24,8.5,673,2,0,2792.43,0,0.35510946173982366,17.0
44,89741.29,25.0,24184.58,12,6.85,728,6,1,5387.5,0,0.269492225930784,6.85
33,20813.92,2.8,23730.73,48,9.45,639,5,1,1138.87,0,1.1401374656960344,37.8
25,41620.24,1.6,9683.58,60,8.26,669,3,0,3270.8,0,0.23266516483326383,41.3
27,32989.74,0.8,5460.26,36,10.06,592,4,0,2572.8,0,0.16551388401363576,30.18
35,15435.76,3.8,21787.13,36,7.74,732,0,0,606.19,0,1.4114711552913495,23.22
47,79097.2,0.2,14183.49,24,9.44,689,3,0,5940.6,0,0.1793172198257334,18.88
26,43276.28,5.3,17655.4,24,9.62,661,4,1,2794.74,0,0.40796944654207806,19.24
37,30803.53,5.9,21713.77,12,12.14,518,0,1,636.3,0,0.7049117422581114,12.14
36,49397.59,3.4,2532.08,48,8.74,623,3,0,4053.77,0,0.05125918086287206,34.96
31,40764.61,4.3,9974.43,60,7.6,693,5,0,3196.71,0,0.24468356253132312,38.0
32,45291.11,26.4,8959.9,60,6.92,727,5,0,3597.18,0,0.19782911039274595,34.6
18,58146.27,1.5,21394.68,36,9.04,661,2,0,4164.78,0,0.3679458716784413,27.119999999999997
34,28931.34,7.3,20891.98,48,10.64,572,2,0,1874.63,0,0.7221227914089012,42.56
35,24389.45,6.5,7184.67,60,12.04,475,1,0,1872.49,1,0.29458105861345785,60.199999999999996
23,15000.0,8.0,19844.68,36,10.69,597,1,1,603.22,1,1.3229786666666667,32.07
34,40186.25,11.2,6803.96,36,6.54,778,3,1,3140.2,1,0.16931064729851628,19.62
28,27695.94,0.8,7861.36,12,10.09,574,3,0,1616.53,1,0.28384521341395164,10.09
38,23594.78,2.7,15445.28,48,10.53,551,3,1,1570.56,1,0.654605806877623,42.12
32,90788.93,1.2,4354.06,48,11.31,512,4,0,7452.55,0,0.047958049511102295,45.24
30,34716.93,3.0,4860.26,48,9.87,586,2,2,2770.11,0,0.13999682575619446,39.48
30,85278.11,0.4,21113.36,12,9.85,670,4,0,5251.78,0,0.24758241006982917,9.85
21,91334.02,0.2,30741.14,24,7.96,699,2,0,6221.39,0,0.3365792943308528,15.92
53,19073.81,13.5,23763.46,12,7.26,735,3,0,-469.54,1,1.2458685495975894,7.26
36,59507.6,1.6,11123.52,24,9.53,659,2,0,4448.08,0,0.18692603969913088,19.06
35,47424.22,4.2,11704.61,48,8.8,635,3,0,3661.86,0,0.24680658954432988,35.2
35,69676.01,5.9,22762.36,36,7.95,705,4,0,5093.57,0,0.32668862640096646,23.85
31,15000.0,3.6,16138.46,24,10.45,613,3,0,501.94,0,1.0758973333333333,20.9
41,48404.82,2.1,5009.22,12,8.67,644,4,1,3596.44,0,0.10348597515701949,8.67
20,33912.65,0.5,14354.04,24,9.86,599,1,0,2164.62,1,0.42326506480620063,19.72
30,48315.87,6.6,13591.07,24,9.96,600,3,0,3399.41,0,0.2812961869464422,19.92
34,42504.78,1.9,10762.41,24,10.36,619,4,0,3043.64,0,0.25320469838921644,20.72
40,141225.0,5.5,9362.39,48,12.2,497,4,0,11521.28,0,0.06629414055585059,48.8
42,35119.04,0.8,27320.5,36,12.66,466,6,0,2010.52,0,0.7779398297903359,37.980000000000004
34,20503.91,6.3,31220.44,36,7.16,751,1,0,742.38,0,1.5226578735470453,21.48
37,15000.0,5.0,31473.17,48,10.18,599,7,0,449.04,0,2.0982113333333334,40.72
43,136422.35,8.4,30287.97,36,7.48,723,0,2,10426.66,0,0.22201618723031818,22.44
35,29664.29,8.1,22785.01,48,12.3,518,1,1,1868.65,0,0.7680955788930056,49.2
33,19915.4,1.9,39255.13,48,11.68,492,1,0,632.04,1,1.9710942285869224,46.72
18,117398.88,7.9,23054.89,48,15.3,331,2,0,9138.09,0,0.1963808342975674,61.2
36,101324.67,9.6,32791.08,48,8.46,663,2,0,7636.1,1,0.32362385192076126,33.84
27,50138.89,3.1,6962.17,24,10.63,576,4,1,3854.94,1,0.1388576811333478,21.26
33,15000.0,2.5,11039.26,24,10.19,544,2,0,739.63,0,0.7359506666666666,20.38
33,20336.82,4.6,13857.02,24,8.94,680,3,0,1062.06,0,0.6813759476653676,17.88
28,17305.84,1.8,34158.08,60,6.09,749,1,0,780.35,0,1.973789194861388,30.45
32,51809.47,1.9,7107.42,24,8.83,657,3,0,3993.31,0,0.13718380056773405,17.66
39,57427.69,1.0,29385.39,36,6.75,739,1,0,3881.66,0,0.5116937491304282,20.25
47,46794.88,2.4,12424.54,36,9.75,638,2,0,3500.13,0,0.26551067125292344,29.25
35,35299.86,6.9,9351.55,36,9.75,625,5,1,2641.0,0,0.26491748125913245,29.25
22,48979.8,0.4,14989.5,60,4.64,850,1,0,3801.25,1,0.3060343243541215,23.2
34,27107.65,0.3,9043.65,36,11.19,533,2,1,1962.08,0,0.3336198453204169,33.57
31,15000.0,0.5,43627.53,60,4.82,824,6,0,430.29,0,2.908502,24.1
39,68631.11,6.3,22520.8,48,14.19,390,1,0,5101.7,0,0.32814273293845897,56.76
49,67086.09,5.6,13138.08,36,9.73,631,1,0,5168.24,0,0.19583910763021067,29.19
59,89904.66,2.5,6602.96,48,10.8,553,6,1,7322.04,0,0.0734440239249,43.2
29,40772.75,0.5,36553.54,48,6.83,744,2,1,2525.29,0,0.8965188759649521,27.32
37,15000.0,2.6,20194.29,24,9.5,587,3,0,322.79,0,1.346286,19.0
33,74495.47,8.2,4582.71,24,8.42,741,2,0,5999.81,0,0.06151662644721887,16.84
40,65456.6,4.3,6847.99,36,9.87,597,2,0,5234.17,1,0.10461878557700828,29.61
29,15000.0,2.3,12317.45,36,10.56,619,3,0,849.3,0,0.8211633333333334,31.68
23,24861.95,10.5,33021.66,36,7.49,721,5,0,1044.8,0,1.3282007244001377,22.47
26,42480.33,8.0,6185.73,48,9.08,659,3,1,3385.86,1,0.14561398181228816,36.32
47,57191.54,0.2,19368.65,24,9.0,667,3,0,3881.11,0,0.33866285118393386,18.0
40,24832.71,0.6,18192.84,12,7.41,708,4,0,491.78,0,0.7326159730452295,7.41
37,20860.18,8.1,16148.82,24,9.09,705,1,0,999.93,0,0.774145764801646,18.18
40,18446.69,6.1,2760.87,24,8.34,642,9,0,1411.93,0,0.1496675013240858,16.68
18,126371.32,2.6,7088.02,48,8.6,612,4,0,10355.9,1,0.056088834080391024,34.4
32,32214.76,17.9,13395.08,36,9.25,636,5,0,2257.04,0,0.41580567416923175,27.75
34,69294.68,0.7,14365.75,48,9.6,615,2,0,5412.96,0,0.20731389480404558,38.4
23,44240.7,10.0,11063.3,48,7.96,708,2,0,3416.85,0,0.25007063631452486,31.84
47,15000.0,1.9,12831.43,48,4.28,838,4,2,958.67,1,0.8554286666666667,17.12
21,24096.8,9.7,58519.61,24,4.93,825,1,0,-557.44,0,2.428522044420836,9.86
39,15000.0,2.7,19086.15,36,8.27,675,2,1,649.53,0,1.27241,24.81
34,35912.3,0.1,3922.86,48,8.52,656,2,0,2895.96,0,0.10923444056771635,34.08
38,26671.97,18.0,8388.22,36,7.2,683,5,1,1962.89,0,0.3144957046667344,21.6
18,30117.99,32.1,3071.95,24,5.05,816,1,0,2374.99,1,0.10199717843056591,10.1
35,94456.27,7.2,13017.46,36,11.28,515,1,0,7443.45,0,0.13781467339330675,33.839999999999996
41,59031.28,5.9,87474.34,48,10.66,591,2,0,2672.87,0,1.4818303109808901,42.64
18,32752.13,6.7,21275.05,60,5.65,816,1,1,2321.49,0,0.6495775999912067,28.25
25,23500.2,6.3,9975.31,12,11.43,554,3,0,1074.71,0,0.42447766401988063,11.43
27,46391.87,5.5,42885.42,48,14.9,323,2,0,2674.63,0,0.9244167135319183,59.6
44,66045.98,5.5,37654.85,24,7.88,707,5,1,3802.86,1,0.5701308391517546,15.76
50,15410.59,0.5,10549.43,24,8.23,708,0,0,805.99,0,0.6845571778887116,16.46
42,66380.21,9.7,19700.12,36,13.06,443,2,0,4867.34,1,0.2967770062794317,39.18
55,95869.82,1.2,5350.78,48,6.98,738,0,0,7861.07,0,0.05581297638818973,27.92
32,38984.87,1.0,10039.59,24,9.99,609,2,0,2785.51,0,0.25752529122195356,19.98
44,24910.17,5.0,21456.77,24,11.47,528,1,0,1071.11,0,0.8613658598074603,22.94
47,70982.38,0.6,77360.23,36,8.78,614,4,2,3463.08,0,1.089851171516086,26.339999999999996
37,72302.59,5.6,20147.68,12,8.54,658,2,1,4267.57,0,0.27865779082049486,8.54
33,100446.24,15.1,5714.14,48,4.71,828,3,0,8239.68,1,0.05688754501910674,18.84
26,43948.01,4.6,12881.55,24,7.77,707,4,0,3081.09,0,0.2931088347344965,15.54
32,33937.48,20.5,13951.09,24,10.18,604,3,0,2183.19,0,0.4110820838789444,20.36
45,69554.93,3.4,8731.62,36,5.04,842,2,1,5534.39,0,0.12553560186172283,15.120000000000001
42,29150.68,5.4,4526.99,36,8.63,672,6,0,2286.04,0,0.1552962057831927,25.89
34,74816.46,6.4,6589.47,36,8.58,724,4,0,6026.45,0,0.08807513747643232,25.740000000000002
22,25105.59,1.6,16813.95,36,7.11,748,2,1,1572.12,0,0.6697293311967574,21.330000000000002
20,43782.76,12.0,12125.01,60,6.51,783,4,0,3411.27,0,0.2769357162499577,32.55
31,83893.65,4.5,11993.91,12,5.61,850,4,0,5961.01,0,0.1429656475788096,5.61
19,65564.68,4.4,12377.92,24,11.28,520,0,0,4885.21,1,0.1887894518817144,22.56
35,18743.15,8.4,3092.46,36,8.88,691,3,0,1463.76,0,0.16499147688622243,26.64
22,15000.0,1.0,12685.61,12,12.7,475,3,0,118.74,1,0.8457073333333334,12.7
42,104559.56,1.8,12976.54,36,9.51,581,5,0,8297.56,1,0.12410668139766465,28.53
26,100707.07,13.7,16237.86,36,10.4,584,6,0,7865.25,0,0.16123853072083222,31.200000000000003
46,32687.77,4.8,28861.07,48,10.08,599,3,0,1990.88,0,0.8829317509270287,40.32
39,15935.61,9.5,14492.44,36,9.75,642,8,0,862.04,0,0.9094374172058679,29.25
40,51336.93,2.3,17787.66,60,9.7,632,2,0,3902.76,0,0.34648858044296765,48.5
29,141021.33,9.8,9473.02,36,9.96,601,5,0,11446.29,0,0.06717437709600385,29.880000000000003
41,15000.0,6.7,5874.73,36,9.58,643,4,0,1061.6,0,0.39164866666666664,28.740000000000002
28,64773.79,0.6,28383.91,36,9.57,620,4,0,4487.67,0,0.438200543769324,28.71
35,49035.74,3.7,19255.2,36,6.53,782,2,0,3495.9,0,0.3926768516188397,19.59
18,24378.26,2.7,15420.07,36,8.85,620,2,0,1542.24,0,0.6325336590880564,26.549999999999997
26,42766.76,1.9,8923.38,24,6.8,755,4,1,3165.18,1,0.20865223365062022,13.6
45,17917.94,2.7,4554.73,48,10.26,555,6,0,1377.07,1,0.2541994224782536,41.04
33,16813.41,2.3,31805.91,24,8.5,679,3,1,-44.64,1,1.8916989474473054,17.0
31,58764.05,4.6,12591.41,60,7.76,704,5,0,4643.14,0,0.21427062974726893,38.8
41,33060.44,0.6,21495.34,60,9.5,608,1,0,2303.59,0,0.6501831191599385,47.5
21,15000.0,13.9,6804.25,48,7.24,731,1,0,1086.31,0,0.45361666666666667,28.96
47,102652.4,3.9,11509.37,36,6.3,806,4,0,8202.66,0,0.11211983353530947,18.9
27,47906.1,1.4,28475.47,12,11.3,497,2,0,1471.48,1,0.5944017567700147,11.3
30,83382.94,6.4,26485.94,36,9.88,619,2,1,6095.44,0,0.31764219395478255,29.64
46,15000.0,4.1,31612.06,36,12.49,469,2,0,192.61,0,2.107470666666667,37.47
28,102056.35,2.3,8863.47,60,9.62,629,5,0,8318.03,1,0.086848785009458,48.099999999999994
48,117436.8,2.3,13467.2,48,6.6,766,4,0,9466.4,0,0.11467614921387505,26.4
31,30134.23,5.5,12250.54,36,11.96,493,6,0,2104.53,0,0.40653237199025827,35.88
32,108851.49,4.1,20212.95,36,9.42,629,4,0,8424.23,0,0.18569291058854592,28.259999999999998
28,90048.91,7.1,14870.38,36,7.56,743,1,0,7041.11,0,0.16513670182126577,22.68
55,76069.44,2.1,6214.27,48,12.84,456,5,0,6172.9,0,0.08169206977203987,51.36
26,70821.31,5.9,11825.73,48,7.01,763,4,0,5618.54,0,0.1669798257050032,28.04
34,28618.57,3.4,15735.7,36,8.77,683,2,0,1886.17,1,0.5498422877173808,26.31
37,36004.76,0.7,5200.66,36,9.41,634,3,1,2834.02,1,0.14444367911353942,28.23
32,30590.8,5.3,19220.17,24,9.15,681,2,0,1669.84,0,0.6282990310812401,18.3
28,57594.03,2.6,3959.79,24,8.55,705,4,1,4619.42,0,0.06875348017841433,17.1
34,193902.09,5.4,7059.46,48,10.2,581,2,0,15978.78,1,0.03640734352063972,40.8
26,32609.22,3.7,27150.95,36,5.35,822,4,1,1899.42,0,0.8326157448721557,16.049999999999997
48,15000.0,6.9,6836.35,36,9.68,610,2,0,1030.44,0,0.4557566666666667,29.04
19,37585.23,7.8,2892.28,60,9.46,645,4,1,3071.42,0,0.07695256886814315,47.300000000000004
18,32819.87,2.9,33495.15,48,9.1,679,2,1,1899.87,0,1.0205753404873328,36.4
27,31689.33,1.2,13348.81,36,6.88,715,4,0,2229.34,0,0.4212398936803018,20.64
42,52297.44,4.7,21913.08,36,7.2,759,1,0,3679.5,0,0.41900865510816593,21.6
32,27366.97,2.8,2486.54,12,7.87,716,2,0,2064.43,0,0.09085916343679991,7.87
31,67730.08,17.8,5286.82,12,12.93,475,0,2,5172.14,0,0.07805719408570018,12.93
28,37405.56,13.1,14544.58,60,7.61,726,4,0,2824.93,0,0.388834707995282,38.050000000000004
42,19296.81,1.3,23599.37,36,8.98,684,3,0,857.83,0,1.2229674231129393,26.94
37,32452.82,2.4,13437.81,60,9.03,635,6,0,2425.26,0,0.41407218232498744,45.15
60,20022.35,2.3,100000.0,12,6.54,706,4,0,-6962.95,1,4.994418737061334,6.54
30,15000.0,1.0,10215.76,24,8.84,684,1,0,784.05,1,0.6810506666666667,17.68
25,55422.56,4.1,27554.91,24,11.17,524,5,0,3332.1,1,0.49717858576002266,22.34
19,62103.19,11.7,63858.24,24,9.88,611,3,1,2232.07,0,1.0282602230255804,19.76
26,15913.39,2.0,11803.83,60,7.07,789,0,0,1092.0,0,0.7417545852894952,35.35
50,15000.0,0.3,11462.54,36,6.66,747,2,0,897.85,0,0.7641693333333334,19.98
40,18316.76,9.1,31343.81,48,5.9,756,5,0,791.72,0,1.7112092968407078,23.6
34,29045.46,0.1,42082.92,24,9.07,624,2,2,496.56,0,1.4488639532649852,18.14
31,25400.43,9.7,8192.87,36,11.86,486,3,0,1845.13,1,0.3225484765415389,35.58
18,15000.0,9.3,5736.8,48,9.1,641,8,0,1106.97,0,0.38245333333333337,36.4
42,15000.0,1.7,12265.87,48,9.5,625,2,0,941.84,0,0.8177246666666668,38.0
18,70083.45,1.5,7410.59,12,7.99,666,3,0,5195.69,0,0.10573951482125953,7.99
37,36880.84,7.1,30810.13,24,9.15,651,0,1,1663.73,0,0.8353966449788021,18.3
41,52120.53,8.1,9847.76,48,5.9,792,3,0,4112.55,0,0.1889420541195571,23.6
20,31465.6,3.9,21008.44,48,7.52,704,7,0,2113.98,0,0.6676637343638767,30.08
30,60286.65,9.6,24236.38,60,11.36,508,3,0,4492.57,0,0.40201902079481944,56.8
24,26116.1,3.3,10213.43,36,10.94,549,1,2,1842.26,1,0.39107791745321857,32.82
18,82054.02,5.8,13862.53,36,5.94,811,3,0,6416.49,0,0.168943946926671,17.82
33,42338.11,7.4,3367.09,48,9.59,641,4,0,3443.44,0,0.07952858547535542,38.36
43,28743.38,1.3,8137.44,24,10.93,550,3,0,2016.28,0,0.2831065796715626,21.86
23,19906.65,1.5,9357.27,12,8.66,716,2,0,842.06,0,0.47005749335021213,8.66
25,86279.17,0.2,9050.22,24,10.87,558,4,1,6768.67,1,0.10489461129493943,21.74
42,37188.56,2.0,10843.91,48,7.77,714,2,0,2835.48,0,0.291592629561349,31.08
41,21960.93,5.7,10291.6,24,7.63,693,7,1,1366.35,0,0.4686322482699959,15.26
40,31485.47,0.5,24313.64,48,9.34,595,5,0,2014.81,1,0.7722177880781198,37.36
23,63261.6,4.7,5141.38,36,10.87,565,4,1,5103.79,0,0.08127173514422652,32.61
33,28693.29,0.9,25807.21,36,10.66,551,3,0,1550.36,0,0.8994162049733578,31.98
40,30406.24,1.8,12585.81,24,10.14,567,2,0,1952.27,0,0.4139219449691905,20.28
35,45815.36,1.8,7522.59,24,7.51,759,2,1,3479.4,0,0.16419362414701097,15.02
32,46203.0,3.1,12098.09,36,9.28,667,2,0,3463.96,0,0.2618464168993355,27.839999999999996
36,74992.35,2.3,31394.7,60,9.28,658,0,0,5593.39,0,0.418638701147517,46.4
40,94020.2,0.6,20588.02,36,8.44,634,1,0,7185.68,0,0.21897443315372656,25.32
18,54927.17,8.4,9911.25,36,10.27,652,3,0,4256.2,0,0.18044348543717073,30.81
41,27614.95,8.6,78664.66,36,8.94,668,5,0,-198.07,0,2.848625834919129,26.82
30,28597.85,10.6,49852.06,24,9.41,629,2,0,96.29,0,1.7432100664910124,18.82
23,65020.92,4.7,9807.69,12,8.07,695,3,1,4564.94,0,0.1508389915122702,8.07
23,15000.0,0.1,5745.27,48,8.4,726,7,1,1108.66,0,0.383018,33.6
23,39685.43,3.1,63928.68,24,10.29,623,4,0,348.57,0,1.6108854055506012,20.58
46,96910.85,4.3,17688.28,48,11.37,514,3,0,7615.56,1,0.18252115217233156,45.48
31,74428.5,1.9,6638.73,36,13.09,463,4,1,5978.4,1,0.08919607408452407,39.269999999999996
25,28763.78,4.7,5369.2,36,8.52,685,4,0,2227.44,0,0.1866653131125325,25.56
58,28370.62,14.7,22376.73,12,7.76,736,4,1,420.18,0,0.7887289738468881,7.76
42,29267.96,6.1,6984.23,48,8.98,639,0,1,2265.26,0,0.23863057076748773,35.92
34,19104.3,15.7,7170.69,60,6.59,809,2,0,1451.42,1,0.3753442942164853,32.95
36,19870.46,17.8,28608.46,36,11.26,545,4,0,715.74,0,1.439748249411438,33.78
31,36220.34,11.5,12439.54,60,7.99,743,1,0,2766.19,0,0.34344072971153783,39.95
51,88732.79,1.1,8454.69,48,7.19,760,5,0,7191.2,1,0.09528258944635913,28.76
18,23450.15,6.2,52136.3,24,5.4,829,1,1,-342.46,0,2.223282153845498,10.8
47,15000.0,1.7,11156.56,48,7.63,715,4,0,979.57,0,0.7437706666666666,30.52
32,39223.23,7.1,12918.3,12,11.4,528,2,0,2124.45,1,0.3293532939536086,11.4
26,31076.2,2.6,55008.87,36,8.35,679,2,0,857.01,0,1.7701285871502952,25.049999999999997
45,101832.9,3.2,21077.31,24,9.0,630,7,0,7523.16,0,0.20697937503498381,18.0
38,31977.44,3.0,25192.93,12,9.77,591,1,0,452.62,1,0.7878344858124978,9.77
30,55651.75,6.7,33013.29,36,8.57,688,3,0,3594.43,0,0.5932120732950895,25.71
36,38177.23,3.6,30047.57,36,11.95,474,2,0,2184.14,0,0.7870547444117867,35.849999999999994
43,27560.44,0.4,6041.77,24,9.72,617,3,0,2018.69,0,0.21921892393590237,19.44
18,24264.81,0.1,17037.29,36,6.51,787,4,0,1499.81,0,0.7021398477878047,19.53
24,20496.99,1.6,16632.96,24,7.73,760,1,0,957.86,1,0.811483051901767,15.46
18,45015.09,1.2,8804.22,24,6.65,756,3,1,3358.46,1,0.1955837475833104,13.3
46,33481.57,12.0,9887.15,48,7.41,693,3,0,2551.49,0,0.29530126574112264,29.64
46,85671.3,5.0,14618.66,48,9.38,631,1,1,6772.85,0,0.17063660759204075,37.52
33,21895.05,5.7,17696.58,48,12.43,468,3,0,1354.82,0,0.8082456993704058,49.72
28,55127.82,5.8,8525.76,48,11.83,488,4,0,4370.18,0,0.15465440135307365,47.32
33,127084.45,1.9,27315.83,24,8.44,687,3,0,9349.46,1,0.21494234739183277,16.88
38,15000.0,8.3,8118.56,48,9.44,644,5,0,1046.27,0,0.5412373333333333,37.76
18,71707.54,0.4,1865.91,24,7.17,739,4,0,5891.94,0,0.026021112981982092,14.34
32,42213.24,0.2,22328.82,12,8.4,674,3,0,1571.29,0,0.5289530014753665,8.4
23,19487.4,6.9,16748.62,12,10.6,597,0,0,146.8,0,0.859458932438396,10.6
30,112032.06,11.0,9633.31,48,9.69,601,4,2,9093.11,0,0.08598708262616968,38.76
53,166728.87,1.5,13074.71,36,9.94,592,3,0,13472.56,1,0.07841899246363272,29.82
27,42613.97,0.2,54780.86,48,6.79,756,3,0,2244.7,0,1.2855141166148096,27.16
45,24285.74,6.5,18313.97,48,9.52,609,3,0,1563.53,0,0.754103848595925,38.08
47,78833.32,0.3,16694.67,24,11.51,561,2,1,5787.38,0,0.21177174829120474,23.02
41,15726.42,6.2,29310.18,24,11.31,530,1,0,-59.77,0,1.8637541156855788,22.62
27,47323.32,2.8,19066.37,48,3.91,850,5,1,3513.88,0,0.40289586613956924,15.64
32,30624.73,0.5,8564.91,60,7.55,719,3,0,2380.23,0,0.2796729963007021,37.75
25,42432.57,0.7,9298.42,48,7.24,724,4,1,3312.35,0,0.21913402841260854,28.96
23,91611.92,2.2,7383.61,48,6.74,706,4,0,7458.41,1,0.08059660795232759,26.96
35,41175.14,10.9,68612.08,36,12.22,491,1,0,1145.14,0,1.6663472182486812,36.660000000000004
32,44507.96,7.8,14459.88,24,9.53,617,3,0,3044.88,0,0.32488300969085077,19.06
57,72364.06,0.7,30461.44,36,5.75,801,3,0,5107.09,0,0.4209470834002404,17.25
40,32588.57,0.9,23921.84,36,8.96,654,2,0,1955.45,0,0.7340561429973761,26.880000000000003
32,36210.35,9.8,11327.19,36,8.9,641,1,0,2657.85,0,0.3128163632773503,26.700000000000003
39,33794.82,3.2,14173.32,48,8.59,641,6,0,2466.28,0,0.4193932679623682,34.36
34,116312.94,2.7,8846.49,24,7.89,704,3,0,9293.09,0,0.07605765962067505,15.78
23,36497.8,0.7,15518.19,48,7.98,687,2,1,2662.78,0,0.4251815177901134,31.92
29,34371.68,0.2,11957.98,12,12.66,484,2,1,1798.16,1,0.3479021101092527,12.66
20,24140.83,3.0,14072.23,36,8.48,676,4,0,1567.64,0,0.5829223767368396,25.44
37,18126.65,5.5,5264.85,36,10.48,552,1,0,1339.48,1,0.29044804197135154,31.44
29,21803.96,2.2,8738.61,48,11.98,533,1,1,1586.96,0,0.4007808673286871,47.92
50,43291.11,4.5,24195.49,24,13.31,391,2,1,2453.77,0,0.5589020470946575,26.62
47,47303.18,22.3,27916.93,24,7.72,735,2,0,2682.89,0,0.5901702591665084,15.44
25,76730.12,1.2,17033.09,48,8.64,709,3,2,5973.21,0,0.22198701109811897,34.56
28,15000.0,6.2,9662.83,24,6.01,800,6,1,821.69,0,0.6441886666666666,12.02
44,65690.24,24.7,8703.63,36,6.07,748,2,1,5209.13,0,0.13249502513615413,18.21
37,163703.94,2.8,38018.58,36,8.77,680,2,1,12437.08,0,0.23223985934608538,26.31
39,16814.36,6.2,4268.61,36,6.8,758,2,0,1269.78,1,0.2538669327884023,20.4
37,69369.63,8.1,44337.15,48,7.57,700,2,0,4707.33,0,0.6391435272178906,30.28
19,22465.97,15.2,18231.55,36,8.42,662,2,2,1297.31,0,0.8115184877394566,25.259999999999998
37,24084.26,8.4,51571.57,60,9.68,621,7,1,919.38,0,2.1412976774042467,48.4
19,25792.94,0.1,2635.03,36,7.98,698,4,0,2066.86,0,0.10216090139394735,23.94
20,37441.99,0.5,31566.77,24,10.97,534,2,1,1649.35,0,0.843084729203763,21.94
49,35200.06,1.7,19178.86,36,10.49,574,1,0,2310.07,0,0.5448530485459401,31.47
34,15000.0,19.1,16230.17,60,8.37,676,5,0,918.03,0,1.0820113333333334,41.849999999999994
40,18110.65,1.4,20801.03,48,11.33,515,6,0,968.27,1,1.148552371118651,45.32
25,31301.96,4.0,20858.94,48,9.42,620,3,0,2085.25,0,0.6663780798390899,37.68
30,68107.48,2.3,3948.63,48,10.5,575,3,0,5574.52,0,0.05797645133838457,42.0
37,15704.89,7.4,6939.65,24,10.97,576,5,0,985.4,0,0.4418782939581239,21.94
18,17512.66,0.8,46636.93,48,8.74,651,5,0,304.58,1,2.6630409086911984,34.96
42,124177.17,7.6,10092.47,12,9.48,612,0,1,9463.25,0,0.08127476250264037,9.48
44,18030.33,13.1,11435.18,36,12.61,500,3,0,1119.38,0,0.6342191185629991,37.83
42,193747.56,2.4,21834.73,48,7.46,732,7,0,15618.1,0,0.11269679989776388,29.84
23,20322.33,2.2,1000.0,24,7.54,747,6,0,1648.51,0,0.049206956092141006,15.08
25,65786.1,0.3,6465.82,48,5.22,833,7,0,5332.63,0,0.09828550408064925,20.88
29,26271.78,0.2,60447.31,24,9.36,608,4,0,-582.2,0,2.300845622184717,18.72
39,24105.34,25.3,11447.04,12,7.33,733,4,0,1016.56,0,0.4748756914443024,7.33
29,29130.11,3.5,36351.23,48,7.79,738,2,0,1543.65,0,1.2478919578401868,31.16
37,38864.19,0.5,7445.56,60,8.86,675,2,1,3084.63,0,0.1915789316591958,44.3
47,66414.68,9.2,15492.34,24,10.22,613,2,0,4818.09,0,0.2332668018576616,20.44
29,79855.65,1.3,15329.5,36,8.46,679,8,1,6171.01,0,0.19196512707616809,25.380000000000003
28,30684.36,2.0,5542.76,24,9.17,658,2,0,2303.38,0,0.18063795366760135,18.34
62,51507.41,24.6,10069.44,36,11.61,523,0,0,3959.71,0,0.19549497829535595,34.83
40,58893.77,0.5,10082.14,24,10.58,565,2,0,4439.87,0,0.17119196139082282,21.16
32,39071.94,7.8,17551.69,12,9.18,659,4,2,1719.61,0,0.44921470497753624,9.18
45,15885.54,6.5,22594.21,60,7.18,720,3,1,874.48,0,1.422312996599423,35.9
35,25570.02,8.8,100000.0,48,12.96,463,2,0,-549.93,1,3.910829948510013,51.84
39,110491.55,6.9,11150.32,36,11.56,556,3,0,8839.62,0,0.10091559037772571,34.68
36,16535.57,5.1,28784.95,36,8.43,665,3,0,470.23,0,1.7407897036509778,25.29
26,27947.37,1.1,5023.11,48,8.3,708,3,0,2205.61,0,0.17973462261386314,33.2
30,16430.1,0.6,3128.13,60,5.08,846,6,0,1310.03,0,0.1903901984771852,25.4
20,52520.03,5.7,9848.74,48,14.27,342,1,0,4106.2,1,0.18752350293783152,57.08
44,24404.79,2.6,66752.88,48,9.84,613,1,0,345.83,0,2.735236812117621,39.36
26,17567.24,7.3,1657.17,48,5.85,772,7,0,1425.13,0,0.09433297433176753,23.4
46,30645.42,5.0,6715.86,48,7.48,709,4,0,2391.47,0,0.2191472657251883,29.92
27,54164.0,2.7,8619.88,36,9.42,631,2,0,4237.87,0,0.1591440809393693,28.259999999999998
27,32844.27,25.4,14592.92,36,9.53,629,1,0,2269.36,0,0.4443064193541218,28.589999999999996
28,28373.69,2.3,14789.69,24,10.57,567,0,0,1678.11,0,0.5212466196677275,21.14
33,71389.17,1.8,45602.81,24,5.36,804,1,0,3941.08,1,0.6387917102832265,10.72
41,30081.67,29.1,6027.39,24,12.03,513,1,1,2222.99,0,0.20036753278657737,24.06
45,94042.68,3.2,88749.95,36,7.56,711,2,0,5073.77,0,0.9437199152554989,22.68
30,18744.02,0.0,4055.46,36,7.47,759,4,1,1435.91,0,0.21636020448121587,22.41
36,23761.15,17.6,9207.91,24,10.93,532,6,1,1551.23,1,0.3875195434564404,21.86
34,15000.0,1.1,5050.29,12,6.06,773,2,0,815.2,0,0.336686,6.06
35,17562.89,3.1,22074.55,48,5.52,850,5,0,950.0,0,1.2568859680838405,22.08
28,15000.0,1.4,12161.56,12,9.39,662,3,0,184.25,1,0.8107706666666666,9.39
44,22954.53,0.6,2670.07,48,5.97,786,7,1,1850.21,1,0.116319959502547,23.88
43,39089.61,0.1,35559.63,48,7.88,720,2,0,2391.35,0,0.9096951849864964,31.52
53,41868.68,0.2,23678.41,60,7.46,702,3,1,3015.04,0,0.565539921487852,37.3
19,15000.0,3.4,6758.78,48,8.77,628,1,1,1082.54,0,0.45058533333333334,35.08
39,39573.31,0.2,13870.95,36,9.7,635,2,2,2852.15,0,0.3505127572093414,29.099999999999998
29,23640.63,5.6,7945.35,48,9.28,634,6,1,1771.27,0,0.3360887590559135,37.12
23,88280.59,18.8,4917.95,36,6.85,722,1,0,7205.2,0,0.05570816869257444,20.549999999999997
23,28486.77,2.5,6209.0,36,6.71,741,1,1,2183.0,0,0.2179608288338762,20.13
35,96699.96,2.7,14011.84,24,7.26,708,2,0,7429.33,0,0.14490016335063632,14.52
26,21948.96,1.2,12163.11,48,7.59,751,7,1,1534.48,0,0.5541542742799659,30.36
35,30120.64,5.5,8173.88,36,7.47,730,1,0,2255.91,1,0.2713713918429356,22.41
18,15664.48,8.4,12093.64,48,12.84,508,5,0,981.89,0,0.7720422254680653,51.36
39,118886.32,2.6,4507.22,36,6.49,766,2,1,9769.07,0,0.03791201544467017,19.47
40,41587.85,14.8,5738.36,48,10.3,595,2,0,3319.29,0,0.1379816460817282,41.2
37,41695.89,7.6,6408.88,36,8.02,707,2,0,3273.77,0,0.15370531723870146,24.06
39,159917.13,14.6,12754.8,24,12.01,559,5,0,12725.95,0,0.07975881007869513,24.02
19,33651.14,2.2,16208.19,36,9.75,633,4,0,2283.17,0,0.48165351901896936,29.25
36,41974.51,4.1,12349.01,48,8.85,676,4,0,3191.45,0,0.29420260057830333,35.4
32,53621.35,7.7,16746.36,48,12.51,492,2,0,4023.24,1,0.3123076908731317,50.04
42,40435.76,1.2,25424.07,12,9.22,681,2,0,1143.68,0,0.628752124357252,9.22
45,64235.51,0.8,23122.13,36,6.64,725,4,0,4642.81,0,0.3599586895161259,19.919999999999998
38,81392.57,3.3,4417.95,36,8.3,656,2,0,6643.66,0,0.05427952453153893,24.900000000000002
40,26347.3,1.3,21276.14,48,12.32,478,2,0,1631.98,1,0.8075263879031248,49.28
25,62221.18,1.1,10200.35,24,11.97,552,1,0,4705.08,0,0.16393694237235618,23.94
41,22093.9,9.9,19449.24,36,7.76,706,5,0,1233.84,0,0.8802990870783338,23.28
34,34578.22,0.4,11232.53,12,5.19,821,6,0,1918.95,0,0.32484407815092853,5.19
38,23546.01,0.5,48012.44,60,9.79,624,0,0,947.0,1,2.03909027474294,48.949999999999996
21,78410.19,0.4,9952.93,48,12.68,477,4,0,6268.75,0,0.12693413955507568,50.72
29,38896.37,0.5,5087.31,24,12.08,490,2,1,3001.7,0,0.1307913823320788,24.16
22,33579.07,7.4,15402.7,36,9.93,634,3,0,2301.76,0,0.45869942199113917,29.79
31,22718.54,0.1,31260.91,12,6.76,751,2,0,-808.24,0,1.3760087576050222,6.76
37,32003.96,1.2,25312.66,36,9.03,621,1,0,1861.71,0,0.7909227483098966,27.089999999999996
25,24896.46,11.1,22103.55,48,4.84,850,5,0,1567.28,0,0.8878189911336792,19.36
42,36170.31,6.1,1877.58,48,7.72,739,5,0,2968.6,0,0.05190942516113354,30.88
18,54257.21,10.9,14391.39,60,12.95,460,5,0,4194.35,0,0.26524382658083595,64.75
36,104472.88,3.9,4733.66,36,10.97,524,1,1,8551.17,1,0.04530994072337242,32.910000000000004
18,61746.81,0.3,1000.0,12,7.21,750,2,0,5058.94,0,0.01619516862490548,7.21
29,85532.83,14.4,17483.04,60,8.01,710,1,1,6773.16,0,0.2044015145997157,40.05
39,89983.33,7.1,3384.0,36,9.02,664,3,0,7390.97,1,0.03760696564574794,27.06
29,63150.36,1.9,8773.02,36,11.61,553,2,0,4972.77,0,0.13892272348091128,34.83
33,48392.79,1.5,1148.9,48,6.69,767,4,0,4005.39,0,0.023741139950806723,26.76
42,15000.0,8.7,5748.41,36,10.44,579,2,0,1063.33,0,0.3832273333333333,31.32
32,15000.0,0.9,3940.71,48,12.04,551,5,0,1146.15,0,0.262714,48.16
23,122199.34,4.7,26617.92,36,10.81,534,5,0,9314.23,1,0.21782376238693268,32.43
39,111154.64,3.9,9982.68,48,11.42,522,6,0,9002.84,1,0.08980893645105593,45.68
23,69842.07,8.0,8426.94,24,8.26,674,5,0,5438.04,0,0.12065707674471847,16.52
36,31113.65,0.1,3871.57,36,10.29,617,1,0,2467.35,0,0.12443316679335276,30.869999999999997
26,15000.0,7.7,8948.38,36,6.92,745,3,0,974.03,0,0.5965586666666666,20.759999999999998
35,49712.25,12.0,5599.34,48,10.21,606,1,0,4000.11,1,0.1126350145084964,40.84
47,238761.52,5.1,13988.24,24,8.89,649,3,2,19258.45,1,0.05858666002796431,17.78
30,47783.28,2.8,13233.14,48,5.78,850,3,1,3672.49,0,0.27694080439852603,23.12
47,69358.93,0.1,74699.81,12,7.6,708,1,0,-704.3,1,1.0770034947194256,7.6
30,53048.7,13.6,11223.59,12,9.86,552,2,0,3434.72,0,0.21157144284402823,9.86
32,24242.45,0.9,4730.22,36,8.03,719,1,0,1871.91,0,0.19512136768354685,24.089999999999996
44,93347.58,0.5,3838.06,12,11.55,532,4,0,7438.77,0,0.041115795396088464,11.55
33,23917.45,6.0,6710.34,36,8.17,680,7,0,1782.32,0,0.2805625181614261,24.509999999999998
24,24922.35,5.8,34100.73,36,7.2,747,6,0,1020.81,0,1.3682790748063487,21.6
33,29569.63,2.7,8952.76,24,10.66,573,4,0,2048.28,1,0.30276875294009425,21.32
42,18614.63,11.3,11861.26,24,8.46,732,2,0,1012.27,1,0.6372009543031476,16.92
51,23852.52,1.3,14210.74,48,11.82,492,1,0,1614.74,0,0.5957752053032551,47.28
45,22346.2,3.2,11809.73,36,8.36,697,2,0,1490.14,0,0.5284894075950273,25.08
55,141935.77,0.1,1341.88,48,8.52,719,3,1,11794.89,0,0.009454135486776873,34.08
35,18545.69,2.7,9511.74,24,12.57,491,7,0,1095.19,1,0.5128814295936145,25.14
37,16775.84,13.9,8131.48,36,5.75,802,3,0,1151.53,0,0.48471373117530925,17.25
38,16183.61,14.9,8207.89,36,12.1,475,1,1,1075.62,1,0.5071729978663598,36.3
29,51654.37,7.7,51996.78,48,7.12,731,0,0,3056.51,0,1.006628867993163,28.48
28,31730.57,0.5,16215.48,48,9.17,617,4,0,2239.38,0,0.5110365177808025,36.68
30,28197.71,8.5,7417.1,48,8.78,616,3,0,2166.01,0,0.26303909076304427,35.12
31,101742.08,9.5,22417.63,24,11.24,536,1,1,7431.17,0,0.22033783858163702,22.48
40,41313.81,0.8,14992.03,48,9.18,641,2,0,3068.46,0,0.36288180634998324,36.72
48,31127.7,7.3,14411.77,48,8.95,643,4,0,2235.68,0,0.4629885921542549,35.8
30,15000.0,0.9,11734.09,12,10.68,590,3,1,214.67,1,0.7822726666666667,10.68
31,15000.0,5.4,6352.83,24,9.08,627,4,0,959.54,1,0.423522,18.16
24,110198.9,19.4,18545.21,48,8.73,734,0,1,8724.12,0,0.16828852193624438,34.92
34,67426.15,0.0,6864.7,12,12.09,517,4,0,5008.64,1,0.10181064764931708,12.09
46,40426.27,13.0,9824.55,24,12.45,537,2,0,2904.31,0,0.24302390500038712,24.9
36,21511.36,9.5,6128.62,36,9.95,604,3,1,1595.0,0,0.28490155899022657,29.849999999999998
39,18152.11,6.9,25148.28,24,10.54,572,2,0,345.93,0,1.3854191055475094,21.08
50,85446.15,5.6,7420.77,36,9.32,644,4,0,6883.43,0,0.08684733016057483,27.96
30,15000.0,5.4,3463.78,36,7.85,700,5,0,1141.7,0,0.2309186666666667,23.549999999999997
32,26084.99,2.5,54374.91,36,13.23,469,1,1,335.61,1,2.084528688720985,39.69
25,50232.2,1.1,10271.49,36,9.86,605,4,0,3855.26,0,0.20448019397916078,29.58
33,15000.0,0.8,34392.62,24,8.61,676,2,0,-315.07,0,2.2928413333333335,17.22
34,15000.0,5.2,9189.77,48,9.99,596,4,1,1016.97,0,0.6126513333333333,39.96
26,22398.6,6.3,65800.7,48,9.68,612,4,0,207.77,0,2.9377148571785736,38.72
39,15218.23,0.8,3694.87,48,6.78,761,3,0,1180.08,0,0.24279236152956027,27.12
36,45427.65,5.3,12777.75,48,8.87,674,3,0,3468.45,0,0.2812769315604043,35.48
18,183217.79,3.6,24404.07,36,7.79,674,6,0,14505.78,0,0.13319705471832183,23.37
52,50875.14,9.6,8946.38,36,6.38,798,4,1,3965.89,0,0.17584973721939634,19.14
22,39072.71,0.5,9444.03,48,6.62,763,3,0,3031.57,0,0.24170399237728843,26.48
45,60678.43,7.2,1438.11,24,9.06,679,3,1,4990.8,0,0.02370051433433594,18.12
40,46537.63,2.7,7178.08,60,10.85,544,5,0,3722.6,0,0.15424249150633584,54.25
48,28226.5,3.9,23990.26,36,8.57,653,5,0,1594.12,0,0.8499197562574177,25.71
18,38751.32,7.3,6615.13,48,8.91,690,3,0,3064.94,0,0.1707072171993109,35.64
49,35524.22,2.4,7878.87,36,8.33,632,0,0,2712.26,0,0.22178868388947032,24.990000000000002
31,42199.9,5.0,25605.45,48,8.6,682,3,0,2884.32,0,0.6067656558427863,34.4
40,21024.35,6.5,22038.65,48,7.7,765,1,0,1217.1,0,1.0482440598639198,30.8
39,63992.27,5.2,34096.01,48,9.41,649,4,0,4477.56,1,0.5328145102525665,37.64
36,15834.23,13.1,4058.65,60,6.99,746,3,0,1239.17,0,0.2563212735952427,34.95
39,60032.62,7.4,2920.12,60,8.07,685,4,0,4943.41,0,0.04864222151223784,40.35
39,51372.67,0.9,7036.36,12,10.64,576,3,0,3660.35,1,0.13696699042506452,10.64
30,19799.28,0.1,8141.6,24,8.53,723,1,1,1279.75,0,0.411206872169089,17.06
49,108166.57,2.1,42329.71,48,7.23,727,4,0,7995.72,1,0.3913381925672599,28.92
39,120404.63,0.9,16362.1,48,7.3,693,0,0,9639.63,0,0.13589261476074466,29.2
36,19625.89,1.8,11336.41,24,6.18,777,2,0,1132.13,1,0.5776252694782249,12.36
37,15000.0,0.5,12363.34,36,9.99,621,1,0,851.13,0,0.8242226666666667,29.97
19,16334.08,4.5,12522.63,24,9.46,657,5,0,786.43,0,0.7666565854948671,18.92
44,100057.51,4.3,55894.33,48,13.79,405,0,0,6816.61,0,0.558622036466828,55.16
21,20969.06,5.2,8616.53,36,6.73,777,1,0,1482.43,0,0.4109163691648553,20.19
37,15000.0,11.3,18065.64,36,10.94,575,4,0,659.07,0,1.204376,32.82
30,42354.53,5.3,1981.4,48,11.68,533,4,0,3477.68,0,0.04678130060704251,46.72
36,63199.28,4.1,13693.12,60,5.62,800,3,0,5004.29,0,0.2166657594833359,28.1
48,23167.62,4.1,26311.57,24,8.08,684,3,0,739.67,0,1.1357044875563393,16.16
31,28212.12,4.9,36357.29,48,9.32,640,2,0,1440.72,0,1.2887117309865406,37.28
22,15000.0,4.1,7602.15,24,7.29,691,3,1,908.63,0,0.50681,14.58
32,145751.53,15.1,25021.82,36,6.94,738,1,0,11374.05,0,0.1716744928852548,20.82
48,45265.34,2.6,5112.42,48,8.8,662,2,1,3645.37,0,0.11294336903246503,35.2
31,36708.78,0.9,11135.78,36,10.51,580,2,0,2697.07,0,0.30335467427683516,31.53
32,54644.87,0.8,11286.55,24,10.44,588,3,0,4030.63,0,0.20654363346458687,20.88
20,28642.25,3.3,9261.65,24,11.98,510,4,0,1950.96,1,0.32335623074304565,23.96
51,15000.0,4.3,25933.56,48,12.84,482,3,0,556.33,0,1.728904,51.36
46,38097.26,8.1,22512.66,48,11.27,516,4,1,2589.96,0,0.5909259616045878,45.08
32,52903.43,0.6,7363.77,24,10.51,548,3,0,4067.08,0,0.1391926761648536,21.02
40,42047.2,6.2,7349.24,36,12.86,461,4,0,3256.8,0,0.1747854791757834,38.58
35,45218.84,2.5,8293.91,36,6.71,719,1,0,3513.24,0,0.1834171332126167,20.13
18,26477.15,11.4,17699.56,48,12.66,472,2,0,1734.58,1,0.6684843346054995,50.64
41,68823.22,5.2,100000.0,60,4.71,850,3,0,3861.4,1,1.4529979852729935,23.55
39,106594.37,1.2,3088.32,12,8.33,669,2,0,8613.74,0,0.028972637110196348,8.33
31,110225.1,12.1,16022.01,24,10.85,554,2,2,8439.79,0,0.145357182710653,21.7
39,19042.84,1.3,45908.28,36,9.29,662,7,0,120.83,1,2.410789567102386,27.869999999999997
51,39237.35,1.1,14633.86,24,11.52,535,4,0,2584.19,0,0.37295739900885255,23.04
36,32294.68,0.7,28997.42,36,8.09,701,1,0,1781.35,0,0.8979008307250606,24.27
49,59245.71,5.2,5073.17,12,8.78,647,3,1,4494.0,0,0.0856293223593742,8.78
62,79446.31,11.2,14883.07,48,9.35,644,2,0,6247.68,0,0.1873349435612554,37.4
24,24787.94,0.3,6631.57,36,11.86,509,2,0,1845.84,0,0.26753211440724806,35.58
26,99165.53,2.2,100000.0,36,8.07,704,2,0,5126.93,0,1.0084149199827803,24.21
35,64471.69,1.2,8321.2,24,7.28,727,3,3,4999.02,0,0.12906750234094996,14.56
41,29816.53,5.0,5980.75,36,7.31,725,2,0,2299.19,0,0.20058504460445264,21.93
43,19598.36,1.5,17294.8,48,8.7,730,3,0,1205.27,0,0.8824615937251892,34.8
33,24011.02,2.1,19973.7,36,8.27,707,4,0,1372.52,0,0.8318555396647039,24.81
57,32256.34,3.2,6206.71,48,9.65,610,3,0,2531.65,0,0.19241829668214064,38.6
36,31907.18,1.9,4108.29,24,10.65,552,4,0,2468.12,0,0.1287575398389955,21.3
38,23361.33,2.1,2801.83,48,5.82,850,2,0,1881.21,0,0.11993452427580106,23.28
31,15881.79,5.9,15147.62,36,6.37,740,3,1,860.12,0,0.9537728429855828,19.11
49,16664.99,6.0,8167.79,48,9.26,652,3,0,1184.48,0,0.49011670574059746,37.04
28,21534.37,2.3,19249.23,48,12.49,478,2,0,1282.98,1,0.8938840560462182,49.96
44,88463.28,1.4,9240.5,36,9.51,604,3,0,7075.9,0,0.10445576967076058,28.53
31,37268.74,5.4,27469.3,24,11.15,522,2,0,1823.53,1,0.7370600669622853,22.3
41,38133.43,1.6,19256.28,60,8.4,704,4,0,2783.64,1,0.5049710975383016,42.0
19,96429.87,10.8,5082.59,24,11.51,532,2,0,7797.73,0,0.05270763094464402,23.02
34,17797.45,2.0,7521.78,36,6.92,757,6,0,1251.14,0,0.4226324557731585,20.759999999999998
29,40004.01,6.2,10042.64,36,9.32,623,3,1,3012.82,0,0.251040833156476,27.96
27,49763.56,6.7,2716.24,48,10.31,552,5,0,4077.67,1,0.05458291167271795,41.24
47,22608.75,2.1,10660.92,36,8.15,683,4,0,1549.25,0,0.4715395587991375,24.450000000000003
33,46893.14,15.2,38900.74,24,6.43,774,3,0,2176.11,0,0.8295614241230167,12.86
42,28243.2,2.9,47553.35,60,9.46,625,1,2,1355.82,0,1.6837097071153408,47.300000000000004
21,21407.06,8.6,23725.29,48,12.31,501,4,1,1155.53,1,1.1082927781769192,49.24
34,41174.67,3.7,15549.02,24,7.1,738,2,0,2734.35,0,0.3776355706068804,14.2
36,19729.82,1.3,18827.1,36,6.01,817,1,0,1071.31,0,0.9542459079707771,18.03
18,81274.23,4.3,10420.1,60,7.44,700,4,1,6564.35,0,0.1282091506742051,37.2
41,28824.91,0.4,4649.33,36,11.24,593,6,0,2249.33,0,0.16129555998613698,33.72
39,104817.22,8.8,9308.49,48,8.32,671,2,1,8506.12,0,0.0888068773432457,33.28
31,27725.52,1.5,25100.02,36,10.06,612,5,0,1499.85,0,0.9053038500269788,30.18
45,44348.77,1.1,16079.79,48,4.34,850,3,0,3330.21,0,0.36257578282328917,17.36
37,16119.16,5.8,6938.84,36,8.16,688,1,1,1125.31,1,0.43047156303430206,24.48
31,27775.25,3.9,10789.68,12,5.58,838,4,0,1388.06,0,0.38846383020854897,5.58
42,36701.99,1.2,4621.79,48,7.58,739,3,0,2946.58,0,0.12592750420345056,30.32
25,28579.03,15.5,24496.8,60,11.21,603,5,0,1846.4,0,0.8571599525946122,56.050000000000004
35,15000.0,1.7,7421.57,36,9.01,587,4,0,1013.96,1,0.49477133333333334,27.03
31,15000.0,0.1,9816.26,24,7.42,710,5,0,808.63,1,0.6544173333333333,14.84
39,26172.21,7.5,91477.09,36,13.18,427,5,0,-909.14,0,3.4951992972698904,39.54
24,76020.31,5.4,25657.96,24,12.94,466,1,0,5115.92,1,0.33751454052213153,25.88
24,112718.4,2.5,20902.78,48,11.18,580,2,0,8851.13,1,0.18544248321480788,44.72
52,39629.72,8.5,13046.68,36,11.12,563,1,1,2874.6,0,0.32921453898740644,33.36
24,31285.65,7.1,17009.32,60,8.81,643,2,1,2255.62,1,0.5436780121237692,44.050000000000004
45,30833.16,1.2,49978.36,24,10.32,623,0,0,255.79,1,1.6209288960327128,20.64
27,54486.3,4.7,27179.15,48,11.35,521,1,0,3833.44,1,0.49882539280516386,45.4
18,42233.29,4.0,6289.2,48,7.05,726,0,0,3368.69,0,0.14891570133418447,28.2
25,27402.32,3.5,12799.01,36,6.78,758,3,0,1889.62,0,0.4670776051078887,20.34
30,15000.0,23.9,12249.15,36,10.39,570,5,1,852.51,0,0.81661,31.17
40,72635.55,12.5,5298.78,36,9.52,569,1,0,5883.18,0,0.07295022891683205,28.56
18,189421.5,13.4,24392.24,48,11.69,510,2,1,15146.49,0,0.1287722882566129,46.76
39,53571.86,3.0,23024.24,48,9.48,606,4,1,3886.1,0,0.4297823521527907,37.92
60,26133.37,0.6,30799.91,36,9.88,622,5,0,1185.69,0,1.178566331093158,29.64
48,103671.49,11.4,4117.81,24,11.63,485,1,1,8446.16,0,0.039719791815474054,23.26
36,56255.55,1.6,6425.28,48,8.53,678,5,0,4529.5,0,0.1142159306948381,34.12
42,74090.1,1.5,4197.02,12,9.9,670,3,0,5805.39,0,0.05664751431027897,9.9
58,31291.98,7.1,55594.31,60,13.0,452,2,0,1342.72,0,1.7766312646243543,65.0
35,32990.82,5.0,17886.73,36,5.92,747,6,1,2205.73,0,0.5421729438674152,17.759999999999998
41,27799.13,5.0,17435.59,36,10.47,619,1,0,1750.14,0,0.6271991245769202,31.410000000000004
36,23503.02,1.3,31722.23,36,4.99,850,4,0,1007.98,0,1.3497086757361394,14.97
35,24024.99,4.5,1745.29,36,5.93,758,3,0,1949.04,1,0.07264477529439138,17.79
44,49819.6,21.1,39792.79,60,9.08,637,3,0,3324.05,0,0.7987376454246923,45.4
26,138032.37,7.8,7913.3,12,11.73,535,1,0,10800.61,1,0.05732930616202562,11.73
21,18537.87,0.7,21453.91,60,9.69,632,3,0,1092.26,0,1.1573017827830274,48.449999999999996
42,27203.38,3.7,30828.85,60,7.85,710,3,0,1644.06,0,1.1332727771328415,39.25
32,107048.09,6.7,4756.16,36,11.94,512,4,1,8762.84,0,0.04443012481586547,35.82
23,20880.34,0.8,8525.39,48,7.55,709,2,1,1533.69,0,0.40829747025192115,30.2
47,28976.33,2.3,5540.54,36,11.1,567,4,0,2233.04,0,0.19120916969126178,33.3
23,15000.0,1.2,40306.0,36,9.15,617,1,0,-34.54,1,2.6870666666666665,27.450000000000003
29,123603.8,1.6,5442.15,48,7.77,723,4,0,10168.04,0,0.0440289861638558,31.08
46,36583.1,3.1,15957.5,36,7.11,733,4,0,2555.07,0,0.4361986819050327,21.330000000000002
35,42675.45,2.1,10280.87,60,6.83,751,5,0,3353.54,0,0.2409082973934663,34.15
37,15000.0,5.4,63266.47,48,10.72,593,4,0,-376.57,1,4.217764666666667,42.88
34,33533.04,1.4,23434.16,24,9.74,580,3,0,1715.86,0,0.6988379222402741,19.48
36,44559.73,8.3,17531.95,24,10.23,603,1,1,2902.44,0,0.3934482996194097,20.46
40,33526.14,2.7,14998.69,24,5.89,845,4,0,2129.84,0,0.4473730050641082,11.78
19,43600.73,8.6,12981.89,48,8.72,629,1,0,3312.06,0,0.2977447854657479,34.88
28,15000.0,2.3,14923.98,48,7.38,732,4,1,889.99,0,0.9949319999999999,29.52
44,61558.21,4.7,37591.5,24,11.21,543,5,0,3374.12,1,0.6106659046778651,22.42
28,30648.44,3.0,36738.52,36,6.05,804,0,0,1435.55,0,1.1987076666871135,18.15
45,37982.16,5.6,2239.31,48,12.33,492,3,0,3105.85,0,0.058956889234314205,49.32
26,21261.69,1.1,10729.67,48,6.66,753,0,0,1516.56,1,0.5046480312712678,26.64
32,45916.89,6.0,18324.19,24,8.31,684,0,0,2995.06,0,0.3990729772857003,16.62
28,54751.53,2.1,8271.23,48,8.76,625,3,0,4357.74,0,0.15106847242442356,35.04
24,15000.0,1.4,13633.92,24,9.6,611,2,0,623.38,0,0.908928,19.2
33,23857.57,1.2,16062.04,24,10.53,578,4,0,1243.01,0,0.6732471077314245,21.06
21,26379.96,1.2,14644.03,48,9.24,603,4,0,1832.24,1,0.55511949222061,36.96
34,159877.15,0.8,8275.17,60,5.74,850,5,0,13164.11,0,0.05175955413265748,28.700000000000003
28,15419.35,12.1,7518.8,48,11.46,526,2,1,1088.93,1,0.4876210735212574,45.84
39,38048.32,1.6,4709.19,36,6.2,767,2,1,3027.0,0,0.12376867099519767,18.6
27,58270.05,5.9,12336.65,36,6.75,788,3,2,4476.33,0,0.21171510921991657,20.25
33,21482.29,1.5,13663.5,48,7.75,707,4,0,1458.23,0,0.6360355436966916,31.0
19,33927.03,1.0,44286.48,24,7.97,704,3,0,824.9,0,1.3053450302015828,15.94
29,91732.53,17.1,92496.14,36,10.39,614,0,0,4642.82,1,1.008324309816812,31.17
28,29591.39,5.6,15263.56,36,5.48,828,2,0,2005.19,0,0.5158108490341278,16.44
36,19944.91,0.9,3614.97,36,8.08,657,3,0,1548.66,0,0.18124774691888806,24.240000000000002
18,28073.61,2.0,16996.11,36,8.82,659,1,0,1800.42,0,0.6054123427660354,26.46
45,58097.72,9.2,13725.3,36,9.92,653,2,0,4399.12,0,0.23624507123515345,29.759999999999998
41,27956.23,7.9,31274.58,60,9.06,628,3,0,1679.57,0,1.1186980504882096,45.300000000000004
37,104941.84,0.9,84222.23,36,8.2,675,4,0,6098.16,0,0.8025610185603759,24.599999999999998
49,52449.25,8.2,8644.45,12,12.2,521,5,0,3601.91,1,0.1648155121379238,12.2
36,36120.94,2.5,16227.5,48,9.01,591,2,1,2606.18,1,0.4492546428747424,36.04
40,117994.16,3.4,10880.99,48,9.75,621,0,0,9558.18,0,0.09221634358853013,39.0
39,82093.16,6.9,17703.67,12,7.05,731,2,0,5308.85,0,0.21565341131953011,7.05
32,76764.58,3.6,19303.12,48,7.61,715,5,0,5929.33,0,0.2514586805529321,30.44
24,42557.39,7.4,21123.87,24,8.34,664,2,0,2587.79,0,0.49636197144608724,16.68
48,15000.0,5.4,10423.23,12,8.94,647,1,0,338.76,0,0.694882,8.94
44,35755.52,0.7,100000.0,24,12.39,473,4,0,-1745.95,1,2.7967709601202837,24.78
36,33350.16,2.4,6649.82,48,7.31,687,1,1,2618.98,0,0.19939394593609144,29.24
43,76130.11,3.9,10221.84,24,9.07,631,1,0,5876.86,0,0.13426803140045376,18.14
44,15000.0,2.4,11702.41,60,9.83,592,1,1,1002.34,0,0.7801606666666666,49.15
38,33160.5,1.3,17464.25,48,10.46,585,4,0,2316.57,0,0.5266582228856621,41.84
31,15000.0,10.7,8720.81,48,8.89,640,4,0,1033.44,1,0.5813873333333333,35.56
37,23681.9,1.6,12052.56,48,8.71,632,5,0,1675.22,0,0.5089355161536869,34.84
29,27586.14,9.5,38573.85,36,10.98,533,1,1,1036.35,1,1.3983054533907244,32.94
41,44552.56,0.7,10843.78,36,9.9,579,5,0,3363.32,0,0.24339297225569084,29.700000000000003
50,18431.62,2.4,37413.88,48,6.94,760,3,0,641.09,0,2.0298747478517893,27.76
18,21196.65,6.5,13892.79,12,11.68,571,3,0,534.11,0,0.6554238523540277,11.68
44,16361.02,9.1,7086.05,48,9.67,590,3,0,1184.82,0,0.43310563766806714,38.68
37,54016.92,2.2,10261.63,36,8.53,651,3,0,4177.33,0,0.1899706610447245,25.589999999999996
33,43902.39,2.6,13105.39,24,6.53,758,8,0,3074.56,0,0.2985119944495049,13.06
62,15000.0,1.7,69914.16,36,7.4,735,2,0,-921.56,1,4.660944000000001,22.200000000000003
29,51990.68,0.7,12198.69,36,8.41,695,5,1,3947.98,0,0.23463224562556212,25.23
28,37872.25,1.2,12293.29,48,7.77,642,0,0,2857.23,0,0.32459888176699303,31.08
18,15000.0,6.4,9864.06,60,9.4,620,6,0,1043.32,0,0.657604,47.0
42,15000.0,5.2,13805.57,48,4.45,850,3,0,935.5,0,0.9203713333333333,17.8
41,106780.08,5.1,41834.43,48,6.56,799,6,0,7905.08,0,0.39178121986797537,26.24
25,17089.65,5.1,13028.41,36,6.43,774,4,0,1025.24,0,0.7623567480902183,19.29
52,45600.6,0.4,8840.37,36,8.86,685,3,0,3519.5,0,0.1938652122998382,26.58
39,66042.82,8.3,38086.5,48,9.18,616,3,2,4552.53,0,0.5766940297219288,36.72
42,20616.44,0.1,5336.88,48,9.25,613,2,0,1584.59,0,0.2588652551070893,37.0
41,27339.53,2.3,20497.48,60,8.84,641,2,0,1854.39,0,0.7497378338252341,44.2
38,44032.1,0.2,61857.94,48,9.4,592,4,0,2118.23,0,1.4048373800023166,37.6
34,98935.62,20.0,9375.73,48,10.41,568,3,0,8004.99,0,0.09476597003182474,41.64
37,20191.03,6.1,7312.99,48,9.63,654,4,1,1498.41,0,0.36219004181559833,38.52
43,18735.44,2.5,16495.66,12,6.97,772,2,0,134.2,0,0.880452233841319,6.97
22,59287.09,2.8,3240.38,24,8.4,638,1,1,4793.45,0,0.0546557437715361,16.8
33,115420.82,2.0,28261.07,36,11.91,491,5,1,8680.94,1,0.24485244516543894,35.730000000000004
29,15000.0,3.7,16380.04,36,8.03,686,3,1,736.48,0,1.0920026666666667,24.089999999999996
34,44145.5,3.9,19032.58,48,10.74,559,1,0,3189.28,0,0.43113295805914537,42.96
23,24024.87,8.9,17765.68,12,9.76,603,5,0,442.17,0,0.7394703904745374,9.76
33,19399.8,4.4,11184.57,36,9.45,647,4,0,1258.64,1,0.576530170414128,28.349999999999998
41,28836.33,9.8,31600.53,60,5.05,833,5,0,1805.96,0,1.095858245484082,25.25
24,24889.25,6.6,31732.5,48,9.61,580,3,0,1275.22,1,1.2749480197273924,38.44
41,62841.4,1.2,23368.77,48,6.82,782,3,0,4679.14,0,0.37186902265067295,27.28
53,16848.2,1.2,5215.01,12,7.96,730,1,0,950.47,1,0.3095292078679028,7.96
33,98958.42,9.3,1870.72,24,11.55,528,3,0,8158.87,1,0.018904101338723882,23.1
38,27027.11,2.0,15440.85,48,7.54,736,6,0,1878.63,1,0.571309696079233,30.16
43,32682.38,1.6,4572.9,24,12.48,509,3,0,2507.24,0,0.13991943059226408,24.96
46,30858.9,6.3,32385.71,60,10.81,532,3,1,1870.5,0,1.0494771362556667,54.050000000000004
34,45878.94,1.7,8473.65,12,6.15,799,2,0,3093.36,1,0.18469585391467194,6.15
29,15000.0,2.6,35840.77,48,5.23,850,2,1,420.87,0,2.3893846666666665,20.92
38,78934.18,1.3,36021.36,48,9.43,653,3,0,5674.08,0,0.456346794253136,37.72
31,49978.21,5.5,15507.14,24,11.52,558,2,0,3438.35,0,0.31027801916075026,23.04
40,30259.76,15.6,8726.73,48,10.51,580,1,0,2298.17,0,0.28839389340827554,42.04
18,18878.4,9.1,4421.1,12,11.8,490,1,1,1180.8,0,0.2341882786676837,11.8
42,64624.56,0.7,18543.9,48,6.55,763,1,0,4945.18,0,0.2869481819295946,26.2
32,246513.52,0.6,24476.5,48,10.72,553,4,0,19913.51,0,0.09929070016119197,42.88
38,19816.9,0.1,5414.75,24,7.42,720,1,0,1407.94,0,0.27323900307313453,14.84
38,19965.53,0.3,5632.87,60,8.84,664,5,0,1547.3,0,0.28212975062520257,44.2
26,32123.07,6.9,3050.99,36,7.01,756,2,1,2582.7,0,0.09497815744261055,21.03
40,58647.51,4.8,69219.7,48,10.44,569,5,0,3117.04,0,1.1802666472967052,41.76
29,54371.36,6.5,4873.4,36,9.09,676,2,0,4375.77,0,0.08963174730225618,27.27
24,21478.74,10.3,8545.64,36,10.2,608,7,0,1513.35,1,0.39786505167435327,30.599999999999998
43,198030.09,8.9,7423.05,24,9.41,614,1,0,16161.99,0,0.037484455013881986,18.82
44,15400.04,26.8,24840.2,60,8.75,704,2,0,770.7,0,1.6129958104004924,43.75
26,52533.54,1.8,76022.62,48,8.68,650,3,0,2497.5,1,1.4471253983645496,34.72
53,39405.6,5.9,6804.5,24,12.72,440,6,0,2961.2,0,0.1726785025478612,25.44
23,44685.61,1.0,6046.71,36,10.27,610,2,1,3527.92,1,0.13531671605243836,30.81
36,30294.72,0.1,6119.56,36,7.76,736,3,1,2333.47,1,0.20200087672043182,23.28
31,44531.95,2.3,15043.48,36,9.89,631,3,0,3226.36,0,0.3378131880593596,29.67
31,105992.16,6.8,6569.21,48,10.03,584,4,0,8665.97,0,0.06197826329796468,40.12
40,25202.39,0.7,64497.1,36,8.18,670,1,0,73.73,0,2.5591660156040756,24.54
40,21435.89,3.0,6959.53,36,4.1,850,2,0,1580.54,0,0.32466718200177364,12.299999999999999
39,40916.59,2.0,1766.98,24,7.74,719,3,2,3330.01,0,0.04318492816727885,15.48
44,84673.54,0.9,3242.93,24,9.72,611,3,1,6906.9,0,0.03829921366226096,19.44
28,24323.29,1.9,12913.92,36,11.02,568,1,0,1604.03,0,0.5309281762458944,33.06
46,32410.26,0.0,9358.78,48,9.83,617,3,0,2464.26,0,0.28875979396647855,39.32
31,27169.18,0.5,12690.4,24,10.7,571,0,0,1674.39,0,0.467088075532644,21.4
39,27835.42,4.8,8958.77,24,9.35,650,2,1,1908.9,0,0.32184784709553516,18.7
36,38461.81,10.7,21842.05,36,9.32,626,7,1,2507.32,1,0.5678892907016077,27.96
34,34286.26,6.3,8049.15,48,9.15,690,3,0,2656.31,1,0.2347631383533812,36.6
21,20738.07,1.4,8429.23,60,9.31,626,3,0,1551.92,0,0.4064616427661783,46.550000000000004
41,31229.0,3.6,1000.0,60,11.49,507,2,0,2580.43,0,0.03202151846040539,57.45
36,27728.59,2.2,12726.46,48,8.82,657,5,1,1995.1,0,0.45896527735452824,35.28
34,15177.5,3.3,11097.22,48,7.91,699,2,0,994.34,0,0.7311625761818481,31.64
18,80358.07,1.1,4139.56,24,4.94,832,7,0,6515.01,0,0.051513930088166626,9.88
31,23992.19,5.4,28170.15,36,11.16,517,4,0,1074.96,0,1.1741383341829155,33.480000000000004
45,15000.0,2.0,36059.85,36,12.01,529,1,1,52.12,0,2.40399,36.03
54,43726.16,20.9,38498.88,60,8.16,727,5,1,2860.28,0,0.8804541720562701,40.8
19,72205.78,7.6,3702.28,60,6.71,787,3,0,5944.34,0,0.051274011581898295,33.55
45,78788.57,3.7,25026.8,24,9.39,645,3,0,5417.89,0,0.3176450594293055,18.78
39,40535.26,2.7,11053.08,36,10.29,586,3,0,3019.78,0,0.27267815723890754,30.869999999999997
31,52065.0,7.0,18553.54,48,10.05,601,2,0,3867.74,0,0.35635340439834823,40.2
33,63680.45,0.2,38149.09,12,8.91,627,3,0,1972.1,0,0.5990706723963163,8.91
25,35307.71,8.2,8338.78,24,10.01,571,3,0,2557.48,0,0.23617447860538113,20.02
33,49620.7,9.2,21869.42,60,8.96,631,3,1,3681.51,0,0.4407317913693277,44.800000000000004
20,97144.35,2.8,14861.79,36,8.93,649,3,0,7623.25,0,0.1529866636608305,26.79
37,63012.7,7.7,5590.74,36,8.16,695,4,0,5075.45,0,0.08872401912630311,24.48
42,77534.94,1.1,2281.84,36,7.43,708,4,0,6390.34,0,0.029429828668210745,22.29
43,24083.41,4.8,42642.56,12,8.93,639,1,0,-1720.82,0,1.7706196921449247,8.93
29,27178.9,8.6,7355.65,48,9.4,621,4,0,2080.46,0,0.27063825246790707,37.6
26,23747.26,10.3,11233.78,60,10.42,606,2,0,1737.93,0,0.47305583886309416,52.1
27,20686.9,1.7,7078.71,36,10.01,630,2,1,1495.46,0,0.3421832173984502,30.03
25,25608.87,0.1,17652.27,48,11.28,534,5,1,1675.44,0,0.6893029641682745,45.12
30,24121.4,3.9,33577.71,36,6.07,849,3,1,987.55,0,1.392029898762095,18.21
31,83200.58,10.7,4189.7,36,12.2,487,6,0,6793.82,0,0.05035662011010019,36.599999999999994
44,21511.65,0.4,45712.03,48,6.78,770,3,0,702.67,0,2.124989482443234,27.12
33,41234.12,0.0,10658.99,24,11.47,489,2,0,2937.06,0,0.2584992719621517,22.94
31,24699.13,3.0,21969.45,36,12.78,466,3,0,1320.35,0,0.8894827469631521,38.339999999999996
33,35474.44,5.6,4466.14,48,11.7,514,4,0,2839.25,0,0.12589740669620156,46.8
36,20308.94,1.9,7125.11,48,7.32,757,5,0,1520.73,0,0.35083613423448,29.28
37,27067.99,4.9,2085.74,48,11.52,523,3,0,2201.23,0,0.07705559223274427,46.08
40,25618.63,0.3,5428.94,36,7.55,748,4,0,1965.89,0,0.21191375182825933,22.65
23,28345.8,0.4,56777.05,60,5.92,761,3,1,1266.6,0,2.003014555948324,29.6
40,32898.92,7.6,44098.37,60,11.57,532,3,1,1770.19,0,1.3404199894707791,57.85
19,135763.23,2.5,14004.31,36,7.74,728,5,0,10876.44,0,0.10315245151430176,23.22
22,32547.22,1.6,25658.23,48,10.25,612,5,0,2058.42,0,0.7883386046488763,41.0
30,40241.05,2.1,9781.54,60,9.89,593,3,0,3146.12,1,0.24307367725245738,49.45
25,20747.48,5.6,13587.02,60,8.86,676,6,0,1447.83,0,0.6548756764676964,44.3
25,66912.85,11.7,4117.78,60,5.15,850,2,0,5498.08,0,0.06153945019529133,25.75
41,43317.35,2.0,12952.81,36,8.34,669,2,0,3201.85,0,0.2990212928537872,25.02
27,80374.08,9.9,24532.42,60,7.7,728,2,1,6203.93,0,0.30522800385397875,38.5
32,48458.28,11.7,11714.04,48,8.09,664,3,0,3751.72,0,0.24173453948427392,32.36
25,63977.84,4.6,32645.02,60,8.96,661,3,0,4654.46,0,0.5102551133329916,44.800000000000004
48,24050.61,5.7,24982.56,60,8.86,669,1,1,1487.32,0,1.0387495369140325,44.3
29,43310.82,2.7,13575.99,12,11.49,520,8,0,2406.26,0,0.3134549288145549,11.49
36,43898.92,2.5,24389.66,24,10.29,598,6,1,2529.52,1,0.5555867889232811,20.58
39,68972.64,0.4,30383.89,48,9.43,660,2,1,4985.4,0,0.4405209080006217,37.72
26,25040.72,11.6,4457.47,36,10.98,567,3,0,1940.84,1,0.1780088591701836,32.94
43,29417.51,0.1,9434.61,36,8.45,698,0,0,2153.85,0,0.3207140917093255,25.349999999999998
28,43016.56,0.3,81318.23,60,7.7,685,4,1,1947.52,0,1.890393606555243,38.5
45,201625.77,5.4,8245.49,48,12.17,499,6,0,16584.32,1,0.04089502051250691,48.68
27,16652.39,4.4,26452.54,36,7.94,739,6,0,559.5,0,1.5885131203388825,23.82
44,18522.96,3.4,16249.67,48,7.73,733,2,0,1148.93,0,0.877271775137451,30.92
42,34352.24,8.6,28808.49,48,11.66,517,2,0,2108.85,0,0.838620421841487,46.64
27,26134.97,0.3,7506.49,36,9.46,643,2,0,1937.6,0,0.28722014986051253,28.380000000000003
34,24464.73,1.9,7971.42,12,8.86,715,2,1,1342.13,0,0.32583314837318866,8.86
41,61231.78,4.0,24455.48,24,10.79,539,0,0,3965.21,0,0.39939194973590514,21.58
38,42624.92,3.3,27531.17,24,7.49,750,5,0,2313.31,0,0.6458937635542776,14.98
25,36430.82,1.9,31203.51,48,9.01,634,4,0,2259.25,0,0.8565140724254903,36.04
37,16045.08,1.3,24656.89,60,11.52,538,0,0,794.57,0,1.5367258997773772,57.599999999999994
39,28095.88,3.6,11346.93,12,11.72,532,2,0,1334.65,0,0.4038645523827693,11.72
47,49214.57,1.5,45774.99,36,6.49,782,4,0,2698.46,0,0.930110534339729,19.47
24,33511.63,4.4,56857.42,36,12.45,498,1,0,891.91,0,1.696647402707657,37.349999999999994
57,65347.44,4.6,6349.55,60,8.93,607,3,0,5314.03,0,0.09716600986970568,44.65
34,52860.05,8.7,10178.24,48,12.74,477,3,0,4133.26,0,0.19255070700841181,50.96
26,36317.33,21.7,7106.96,48,7.48,697,7,0,2854.67,0,0.1956905972988653,29.92
40,33364.48,2.0,47818.22,24,8.02,684,4,1,617.25,1,1.433207410995166,16.04
28,48640.55,8.5,8630.46,24,7.26,718,4,0,3665.95,0,0.17743343773867687,14.52
36,41803.42,0.0,78392.47,60,4.8,824,5,0,2011.43,0,1.8752645118509443,24.0
33,141607.21,4.3,7263.14,24,8.68,675,5,1,11469.85,0,0.05129074995545778,17.36
36,47172.08,9.3,8715.17,36,7.72,742,4,0,3659.03,0,0.18475271813326866,23.16
18,200368.23,0.6,3227.27,24,8.44,672,4,1,16550.74,0,0.01610669515820946,16.88
38,236982.15,4.2,31966.84,48,9.1,643,4,0,18951.5,0,0.1348913409723053,36.4
32,31548.23,1.7,17835.49,36,13.29,469,7,2,2025.58,1,0.5653404327279217,39.87
41,21976.06,1.5,21827.91,48,10.43,592,2,1,1273.21,0,0.9932585731928288,41.72
20,33403.09,6.7,21516.33,60,12.79,474,0,0,2296.34,1,0.6441419042370033,63.949999999999996
38,17634.31,2.6,9576.24,60,9.11,639,2,0,1270.23,0,0.5430459144701436,45.55
25,27116.95,12.1,21026.63,24,8.07,699,5,0,1308.1,0,0.7754054198573217,16.14
37,140152.86,2.1,18634.53,36,8.45,679,3,1,11091.59,0,0.13295861390199246,25.349999999999998
54,45555.54,0.4,4737.01,36,4.5,850,1,0,3655.38,0,0.10398318184791576,13.5
27,37598.31,2.4,12737.13,36,7.99,701,2,0,2734.12,0,0.3387686840179785,23.97
30,28014.03,26.1,32538.88,60,5.55,830,8,0,1712.22,0,1.1615208522301148,27.75
43,41899.28,0.8,9998.09,12,8.91,671,6,0,2617.68,0,0.2386220001871154,8.91
34,17990.45,0.7,16358.11,12,7.28,729,2,0,81.68,1,0.9092663051785809,7.28
29,38214.15,4.4,13373.41,36,13.92,448,5,0,2727.96,0,0.34995963537066765,41.76
37,26855.61,10.4,7749.55,36,12.86,447,4,1,1977.38,1,0.28856354407887214,38.58
49,33349.03,6.8,18908.91,12,8.75,636,2,0,1127.66,0,0.5670002995589377,8.75
23,33026.95,17.9,23144.18,48,7.54,727,3,2,2192.21,0,0.7007664952410078,30.16
37,56338.29,1.0,2641.08,36,10.47,595,3,0,4609.05,0,0.04687895213006997,31.410000000000004
38,89096.55,9.0,6397.1,12,7.52,710,2,0,6869.66,0,0.07179963758417134,7.52
35,19840.51,5.7,10114.92,24,9.88,620,1,1,1187.18,0,0.5098114917408878,19.76
31,32372.04,5.7,25217.02,60,7.84,641,4,1,2188.29,0,0.7789753132641625,39.2
31,22866.11,6.8,5212.6,48,10.96,587,0,1,1770.89,0,0.22796181772938207,43.84
32,141873.19,3.0,23601.01,12,9.62,599,3,1,9752.03,0,0.16635285355887183,9.62
41,15000.0,10.0,8139.54,12,10.78,595,5,0,531.45,1,0.542636,10.78
44,27102.83,1.2,12310.3,36,8.64,683,4,0,1869.16,0,0.45420718057855947,25.92
31,18274.08,6.1,27280.97,36,10.07,625,1,0,641.66,0,1.4928778904327877,30.21
49,81968.2,4.9,14068.23,48,7.41,698,4,0,6491.12,0,0.17163033957071158,29.64
32,68354.62,12.0,5243.69,48,10.1,585,0,0,5562.97,1,0.07671302978496553,40.4
23,43124.61,3.6,78026.98,12,9.84,596,3,1,-3260.29,1,1.8093376380679151,9.84
22,46593.8,2.9,6238.9,36,9.87,635,1,0,3681.89,0,0.13389978924234552,29.61
44,62470.85,8.4,3792.47,36,8.78,650,4,1,5085.69,0,0.060707834133840025,26.339999999999996
30,34275.52,8.7,13680.05,48,10.02,619,3,0,2509.2,0,0.39912013005200214,40.08
47,22755.28,6.0,14534.9,48,8.36,690,2,0,1538.97,0,0.6387484575008525,33.44
38,30072.14,1.2,11922.29,24,9.84,573,1,1,1956.74,1,0.3964563213658889,19.68
22,34929.49,4.7,18282.99,36,5.06,822,1,0,2362.34,0,0.5234256211585111,15.18
45,29102.88,9.5,1300.2,48,7.44,762,2,0,2393.84,0,0.04467599082977355,29.76
21,28439.0,10.6,8966.66,48,9.2,689,3,0,2145.93,0,0.3152944899609691,36.8
41,95644.82,0.5,14028.03,24,14.08,410,1,0,7296.35,0,0.14666795337165148,28.16
33,15000.0,0.1,5805.24,24,10.13,599,3,0,981.77,0,0.38701599999999997,20.26
43,17841.73,2.5,9216.69,24,5.48,803,2,0,1080.48,1,0.516580510970629,10.96
48,25167.53,3.5,21202.93,24,7.9,713,1,0,1139.31,0,0.8424716291189481,15.8
33,102204.27,0.5,11988.61,12,10.85,563,2,1,7458.29,0,0.11730048069420192,10.85
38,33588.42,7.8,14954.98,36,8.56,662,7,0,2326.53,1,0.4452421399994403,25.68
52,33059.41,11.0,14110.24,48,10.76,531,0,0,2391.91,1,0.4268146346229409,43.04
43,19477.71,0.2,9141.55,36,8.29,661,5,0,1335.46,0,0.46933392067137253,24.869999999999997
37,35453.62,4.0,18186.8,48,12.03,531,4,1,2475.27,1,0.5129744155885915,48.12
46,40016.39,6.5,17172.67,48,8.04,720,2,0,2915.14,0,0.4291409095123273,32.16
38,16148.8,23.1,6481.42,36,5.61,818,3,0,1149.7,0,0.4013561379173685,16.830000000000002
41,77585.38,19.4,16846.06,36,7.27,734,4,0,5943.21,1,0.21712930967148708,21.81
39,22800.17,3.2,9937.84,48,9.22,654,3,1,1651.67,0,0.4358669255536253,36.88
43,29047.69,23.9,10406.03,48,7.61,692,1,0,2168.5,0,0.35823950200515087,30.44
20,139176.32,3.4,17239.02,60,4.57,850,0,0,11276.09,0,0.12386460570303913,22.85
38,79710.47,3.5,12702.5,36,10.24,622,2,0,6231.23,0,0.15935798647279334,30.72
28,15000.0,3.5,21193.16,24,10.22,580,3,0,269.89,1,1.4128773333333333,20.44
18,500000.0,1.9,6379.74,24,8.91,628,5,0,41375.47,0,0.01275948,17.82
27,22761.62,6.1,56568.26,48,10.74,574,4,0,441.9,1,2.4852475351051466,42.96
37,15000.0,6.8,20589.9,24,7.73,733,3,2,321.31,0,1.37266,15.46
51,32241.66,4.2,12338.92,12,7.56,735,4,0,1615.97,0,0.38270113883714424,7.56
23,47744.01,3.5,21000.12,36,7.99,716,8,0,3320.7,0,0.439848265782451,23.97
28,21130.06,14.0,22775.96,48,7.82,704,3,0,1206.73,0,1.0778937684038756,31.28
33,15000.0,11.5,10641.57,12,11.23,561,4,2,308.34,1,0.709438,11.23
49,38541.12,0.8,18127.95,48,9.28,608,2,0,2758.23,0,0.4703534822029043,37.12
33,62969.69,32.3,7231.02,36,10.68,581,3,0,5011.83,1,0.11483334283525931,32.04
41,15000.0,0.1,61690.14,36,7.95,689,1,0,-681.72,1,4.1126759999999996,23.85
38,37382.95,4.8,21895.42,48,10.97,544,2,2,2549.67,0,0.5857060504855823,43.88
40,20984.9,3.5,9355.01,48,11.77,499,6,0,1503.44,1,0.4457972160934767,47.08
24,64545.85,2.5,66255.24,24,9.13,668,4,1,2348.01,1,1.0264833447851411,18.26
23,158593.47,4.0,12521.63,36,10.62,563,2,0,12808.43,0,0.07895425959215092,31.86
27,62424.56,4.0,13769.68,36,11.38,519,3,0,4748.76,1,0.2205811302474539,34.14
48,200515.49,0.2,7229.83,48,10.91,570,5,0,16523.08,1,0.03605621690374145,43.64
43,28380.22,2.9,5363.57,48,12.52,477,3,1,2222.4,1,0.18898972594292784,50.08
54,28348.45,13.6,16120.35,60,7.76,686,3,1,2037.36,0,0.5686501378382239,38.8
25,32703.04,4.9,9051.63,12,6.24,798,0,0,1945.21,0,0.2767825254165973,6.24
36,78272.59,2.3,12856.41,24,11.74,524,2,0,5919.08,0,0.16425175147519713,23.48
39,81949.1,1.2,19286.32,36,9.46,597,1,0,6211.65,0,0.2353451105625321,28.380000000000003
38,68550.66,2.9,22180.25,48,9.67,611,3,1,5153.51,1,0.3235599773948201,38.68
32,67637.16,0.3,2599.27,36,6.09,751,2,0,5557.25,1,0.03842961472657929,18.27
31,48247.3,0.2,11832.69,36,8.71,657,3,1,3645.93,0,0.24525082232580891,26.130000000000003
25,25879.62,3.8,5109.73,36,9.71,609,2,0,1992.45,0,0.19744223446866685,29.130000000000003
33,51017.08,9.1,5701.42,12,5.19,850,5,0,3762.84,1,0.11175512201011896,5.19
28,33615.57,9.6,10230.72,12,6.05,770,4,0,1920.54,0,0.3043446831334408,6.05
28,57948.47,12.2,12552.82,36,7.74,721,2,0,4437.18,0,0.21662038704386846,23.22
44,36227.22,2.4,41081.04,60,7.87,694,2,0,2188.51,0,1.1339826793223438,39.35
41,33320.29,8.8,13746.2,12,12.89,497,4,1,1549.63,0,0.4125474298092844,12.89
57,24730.74,5.2,5528.41,48,7.18,765,1,1,1928.05,0,0.22354405893232468,28.72
43,33997.06,2.3,8664.52,36,5.47,832,3,0,2571.57,0,0.25486086149802367,16.41
36,24835.78,4.1,10318.05,36,7.93,666,2,0,1746.65,1,0.41545101462486783,23.79
43,18601.02,8.7,7980.1,12,6.7,748,5,2,860.7,0,0.4290141078284954,6.7
27,63384.9,11.8,3581.79,48,8.81,655,1,0,5193.26,0,0.05650856907560002,35.24
36,15000.0,4.7,29608.19,12,8.63,697,2,0,-1334.2,0,1.9738793333333333,8.63
19,103487.1,8.3,13941.3,12,9.04,638,1,1,7404.48,0,0.13471534133239793,9.04
41,19032.74,9.1,22783.91,48,8.4,677,5,0,1025.55,0,1.197090382152018,33.6
36,103701.4,0.5,16634.53,48,7.49,721,5,0,8239.66,0,0.16040795977682076,29.96
34,65629.76,0.4,15467.89,24,6.06,729,2,1,4783.18,0,0.23568408600000976,12.12
35,62127.49,3.5,18997.78,24,8.9,662,7,0,4310.25,0,0.3057870195625157,17.8
50,105287.3,3.7,3483.66,36,9.09,655,5,0,8663.02,0,0.03308718145493331,27.27
33,82687.01,2.3,10316.35,48,9.89,581,3,0,6629.48,0,0.12476385347589665,39.56
33,18084.35,0.9,10311.92,36,8.41,710,3,1,1181.94,0,0.5702123659407168,25.23
29,62126.95,1.4,32961.58,48,5.29,777,1,0,4413.83,1,0.5305520390104456,21.16
52,16327.56,1.2,12201.97,36,9.32,632,3,0,970.79,0,0.7473235437505665,27.96
45,187212.55,4.3,10405.25,36,11.18,520,2,0,15259.5,0,0.055579874319323146,33.54
41,37186.81,2.3,36511.41,24,8.46,683,1,0,1439.92,0,0.9818376461976708,16.92
39,15000.0,2.1,11293.98,48,9.28,653,3,0,967.44,0,0.7529319999999999,37.12
46,15000.0,11.5,16354.96,12,6.5,749,3,0,-161.37,0,1.0903306666666666,6.5
35,160991.72,8.1,6968.49,60,6.6,726,1,1,13279.3,0,0.04328477265787334,33.0
64,25149.63,0.6,15200.51,24,4.42,850,1,0,1432.88,0,0.604402927597742,8.84
48,34815.0,0.9,9924.55,36,6.22,737,2,1,2598.34,0,0.28506534539709893,18.66
33,24777.31,4.3,100000.0,60,7.56,740,5,1,58.13,0,4.035950633866227,37.8
42,54007.93,3.8,34581.61,60,10.29,578,5,0,3760.96,0,0.6403061550405653,51.449999999999996
31,56715.86,0.7,15481.34,60,7.75,718,2,0,4414.26,0,0.2729631535164943,38.75
36,24159.02,1.4,6877.01,36,12.56,464,5,0,1782.99,1,0.28465600011921016,37.68
42,43433.65,9.7,18985.06,48,5.22,850,5,0,3180.36,1,0.43710487145335475,20.88
28,51433.89,6.0,4469.04,36,4.85,804,2,2,4152.52,0,0.08688901422777862,14.549999999999999
28,44318.54,14.3,14100.68,36,8.66,675,3,1,3247.04,0,0.31816661830466436,25.98
50,75957.42,1.5,9913.8,48,13.18,400,4,0,6062.94,0,0.1305178611911779,52.72
37,27599.88,0.1,10238.23,12,9.73,629,3,0,1401.17,1,0.37095197515351513,9.73
43,37064.18,1.3,21338.88,36,10.64,578,2,0,2393.71,0,0.5757278321009666,31.92
30,40070.25,1.9,15793.88,36,9.46,656,5,1,2833.56,0,0.3941547656927521,28.380000000000003
31,40025.94,12.5,23073.38,60,9.59,626,5,0,2849.9,0,0.5764606652585798,47.95
48,51784.23,8.2,7572.51,60,9.32,596,4,1,4156.98,0,0.14623197062117174,46.6
48,38927.68,9.1,33570.68,36,5.58,848,4,0,2229.06,0,0.8623858395876661,16.740000000000002
44,78499.98,11.7,4958.52,48,7.77,730,4,0,6421.15,0,0.06316587596582827,31.08
27,25009.59,4.7,16831.14,48,7.46,674,5,1,1677.49,0,0.6729874420172421,29.84
37,37117.74,3.1,4988.31,36,8.25,671,3,0,2936.25,0,0.1343915335362552,24.75
39,104083.53,2.5,3869.26,48,8.81,636,3,0,8577.69,0,0.03717456546679384,35.24
52,15000.0,2.6,4320.58,36,10.75,555,2,0,1109.06,0,0.28803866666666667,32.25
42,48226.7,1.4,6079.4,24,6.51,760,3,0,3748.05,0,0.12605880145230755,13.02
36,56244.17,4.3,12168.57,48,9.51,606,4,0,4381.24,0,0.2163525570739154,38.04
26,30899.72,5.8,30413.02,60,11.67,536,2,0,1903.52,0,0.9842490482114401,58.35
26,68914.4,2.2,10965.54,36,9.22,639,2,0,5393.04,0,0.15911826846058302,27.660000000000004
34,22228.38,2.6,19267.74,48,9.01,613,3,2,1372.8,0,0.8668081074734192,36.04
38,49138.47,4.3,11396.43,48,8.7,699,7,0,3812.89,0,0.2319248035195235,34.8
30,15568.8,4.5,35433.54,24,10.26,583,3,0,-341.93,1,2.275932634499769,20.52
31,90114.3,1.1,35478.66,48,9.19,621,4,1,6623.43,0,0.39370732503054456,36.76
34,26691.56,10.0,10414.32,60,9.84,619,3,0,2003.84,0,0.39017277371573633,49.2
37,15000.0,1.2,4956.07,60,10.56,551,3,0,1143.33,0,0.3304046666666666,52.800000000000004
29,31248.1,4.3,4853.86,24,6.73,794,0,2,2387.28,0,0.15533296424422605,13.46
31,90634.29,0.4,10022.23,36,10.16,594,2,1,7228.71,0,0.11057878866817404,30.48
18,24786.17,0.7,14089.41,24,10.23,627,5,1,1413.86,0,0.568438367040975,20.46
49,172768.55,0.7,15232.14,48,9.1,661,7,2,14017.6,0,0.08816500456825041,36.4
36,31991.43,2.6,11628.22,36,8.29,717,2,0,2300.01,0,0.363479219278413,24.869999999999997
42,53555.67,5.2,34826.83,36,8.89,662,1,0,3357.27,0,0.6502921165956845,26.67
46,20105.04,9.9,5526.31,24,10.85,552,2,1,1418.24,0,0.27487187292340626,21.7
28,198456.38,11.6,11134.65,36,11.72,562,2,1,16169.69,0,0.05610628390984457,35.160000000000004
32,18886.38,3.4,100000.0,60,10.02,638,2,1,-551.82,0,5.294820923861534,50.099999999999994
41,21057.02,6.3,5779.51,48,10.41,551,7,0,1607.03,1,0.27446951183025897,41.64
45,157627.36,1.2,23118.55,36,7.3,722,1,0,12418.6,0,0.14666584532025406,21.9
54,51262.06,0.4,11426.02,36,7.18,731,3,0,3918.09,0,0.2228942808775145,21.54
37,30055.33,2.1,8492.6,24,12.23,478,1,0,2103.92,1,0.28256552165622534,24.46
51,28461.99,0.3,10506.48,48,6.46,771,4,0,2122.87,0,0.3691407382266665,25.84
18,35032.22,1.8,12684.79,36,6.82,763,3,0,2528.73,0,0.3620892424174089,20.46
27,40916.17,4.1,5345.35,36,9.76,584,4,0,3237.8,0,0.1306415043245739,29.28
32,106248.5,33.1,8988.83,24,9.43,644,4,0,8441.61,0,0.08460194732160925,18.86
19,26124.34,4.7,15649.47,36,10.89,570,1,0,1665.5,0,0.5990379087088898,32.67
48,15000.0,6.7,11122.11,36,8.29,681,3,2,899.98,0,0.7414740000000001,24.869999999999997
18,83056.78,2.4,10356.86,36,10.36,608,0,0,6585.46,0,0.12469614160337061,31.08
25,23766.71,0.3,23342.66,36,10.51,578,2,0,1221.76,1,0.9821578165425505,31.53
38,28294.43,1.8,19078.19,24,8.86,618,3,1,1487.51,0,0.6742736998059334,17.72
42,24418.99,5.9,5740.16,48,8.88,627,3,0,1892.4,0,0.23506950942688454,35.52
34,60282.77,9.0,8430.45,60,8.48,653,3,0,4850.68,0,0.13984841771537707,42.400000000000006
19,51826.73,19.5,3023.26,60,9.54,596,2,0,4255.34,1,0.05833399097338381,47.699999999999996
56,120275.84,2.8,5599.91,36,6.18,733,7,1,9852.17,0,0.04655889329062262,18.54
37,15000.0,20.8,5682.22,12,7.49,710,1,0,757.05,0,0.3788146666666667,7.49
33,51690.19,0.3,28297.42,36,11.48,506,1,0,3374.65,0,0.5474427546116584,34.44
34,34754.91,1.3,11750.35,24,10.95,599,5,0,2348.86,0,0.33809179767693254,21.9
31,41436.11,3.7,33403.84,24,13.64,401,2,0,1854.87,0,0.8061528941785316,27.28
24,45097.1,12.4,19539.31,48,11.96,537,1,2,3243.93,1,0.43327198422958463,47.84
18,20515.76,3.3,13499.24,36,10.0,621,1,0,1274.06,1,0.6579936595085925,30.0
39,39147.82,3.0,16742.92,36,10.05,605,4,1,2721.68,0,0.427684606703515,30.150000000000002
42,42468.57,1.8,10091.19,48,8.36,659,5,1,3290.98,0,0.2376154883482067,33.44
52,40917.38,7.6,38482.81,48,10.79,588,4,0,2419.09,0,0.9405003448412386,43.16
28,23099.12,5.8,8500.49,36,11.53,532,1,0,1644.49,0,0.36800059915702416,34.589999999999996
44,16262.81,5.6,39248.67,36,6.93,754,1,1,144.61,0,2.41340026723549,20.79
33,52206.33,0.8,16852.87,48,9.9,588,3,0,3923.9,0,0.3228127700223325,39.6
55,81721.05,2.6,9441.65,36,6.57,758,4,0,6520.41,0,0.11553510386858709,19.71
46,36275.57,0.9,6688.18,48,6.72,753,2,0,2863.67,0,0.1843714654242511,26.88
29,60114.69,0.1,9952.71,36,8.92,686,2,0,4693.43,0,0.16556202818312793,26.759999999999998
33,15000.0,0.8,14088.38,48,5.15,850,3,0,924.6,0,0.9392253333333332,20.6
18,127807.61,2.0,14111.91,24,11.36,529,4,0,9990.55,0,0.1104152561807548,22.72
52,39618.97,5.1,8268.27,24,7.08,748,3,0,2931.09,0,0.20869472376490353,14.16
44,73920.09,6.5,25659.55,48,11.82,492,2,0,5486.56,0,0.3471255243331008,47.28
38,32118.23,4.2,13712.55,48,6.11,768,4,0,2353.79,0,0.4269397784373547,24.44
49,15000.0,0.7,10913.79,36,9.65,652,4,0,899.63,0,0.7275860000000001,28.950000000000003
46,27718.26,1.2,33591.98,36,8.97,633,7,0,1242.11,0,1.2119079624767213,26.910000000000004
38,108124.61,4.0,10217.22,24,11.2,521,3,0,8533.23,1,0.0944948610681694,22.4
18,16683.65,6.4,9283.46,48,11.36,557,6,0,1148.74,1,0.5564405870418043,45.44
38,50122.71,1.5,7572.04,12,9.25,621,5,0,3513.83,0,0.1510700438982649,9.25
43,63227.6,0.6,9681.92,24,9.23,686,4,0,4825.63,0,0.1531280643263385,18.46
29,21133.39,2.7,5744.0,12,8.76,676,1,0,1259.43,0,0.27179737846128804,8.76
28,88243.12,2.7,26466.75,36,10.83,585,0,0,6489.24,0,0.2999298982175608,32.49
34,56989.01,12.4,37510.28,60,9.1,653,1,0,3968.61,0,0.6582019936826415,45.5
31,91659.19,2.4,91207.11,36,6.61,767,3,0,4838.29,0,0.9950678158949473,19.830000000000002
36,34377.87,1.2,8983.47,24,10.59,580,1,1,2447.83,1,0.2613154916229539,21.18
29,70681.05,2.7,7883.9,24,7.57,693,1,0,5535.06,0,0.11154191965173126,15.14
31,15984.94,2.4,30334.37,24,9.64,632,1,0,-62.66,0,1.897684320366545,19.28
21,50912.59,2.2,3586.24,36,10.99,539,2,0,4125.32,0,0.07043915856569073,32.97
33,18900.36,0.1,37232.34,24,7.69,720,2,0,-103.63,0,1.969927556935423,15.38
36,37620.29,23.6,14713.85,36,10.62,547,5,0,2655.95,0,0.39111474153973824,31.86
39,38717.08,0.5,12186.04,36,10.1,597,6,0,2832.64,1,0.31474584343654016,30.299999999999997
35,50262.99,6.0,13377.82,36,7.0,706,1,0,3775.51,0,0.2661564701980523,21.0
39,48124.11,1.9,29774.36,48,11.02,586,2,1,3240.52,1,0.6186994419221468,44.08
48,27896.52,13.7,15379.5,36,9.11,671,2,0,1834.86,0,0.5513053241049422,27.33
51,145082.22,6.7,4001.08,48,10.02,566,0,0,11988.67,0,0.027578017485533374,40.08
43,64296.26,0.8,24425.63,60,10.21,603,1,1,4836.52,0,0.3798919252846122,51.050000000000004
18,62585.25,7.3,100000.0,48,9.18,611,3,0,2718.38,0,1.5978205727387842,36.72
43,15000.0,8.5,8189.75,48,8.88,625,3,0,1046.66,0,0.5459833333333334,35.52
35,22007.55,8.3,11180.51,36,8.54,714,4,1,1480.81,1,0.5080306531167713,25.619999999999997
25,28982.03,0.1,16163.49,48,10.18,610,1,1,2003.82,0,0.557707310357487,40.72
53,24005.91,0.7,15466.88,36,6.3,740,2,0,1527.86,0,0.6442946757694251,18.9
40,53090.48,4.0,70258.6,36,6.5,763,3,0,2270.85,0,1.3233747368643116,19.5
18,66307.58,12.0,29802.91,24,9.94,593,2,0,4151.2,1,0.44946460118134307,19.88
32,32393.24,2.5,11234.44,60,8.55,653,3,0,2468.67,0,0.346814335336632,42.75
37,20090.8,3.0,93120.9,12,8.28,630,1,0,-6438.27,0,4.635002090509088,8.28
40,23871.75,13.7,12695.61,12,10.78,539,4,0,868.56,0,0.5318256935499074,10.78
40,60630.46,0.9,7222.47,12,7.98,690,3,0,4424.33,0,0.11912279735301366,7.98
22,15000.0,1.3,5403.26,24,9.12,644,2,0,1002.86,0,0.36021733333333333,18.24
43,125809.72,5.7,100000.0,48,7.94,727,1,1,8045.67,0,0.7948511450466625,31.76
56,32200.35,13.7,6742.81,48,10.51,590,2,0,2510.69,0,0.2094017611609812,42.04
22,15000.0,0.3,64825.94,48,5.62,820,3,1,-261.17,1,4.321729333333334,22.48
31,18359.15,5.5,30101.68,24,6.47,821,3,0,189.42,0,1.6396009619181715,12.94
23,27445.56,6.0,22929.32,36,8.41,666,1,2,1564.26,0,0.8354473364726389,25.23
41,33539.95,0.3,9441.8,60,12.1,495,5,0,2584.49,0,0.2815090660540639,60.5
41,51877.81,3.5,35342.37,36,12.08,490,7,0,3147.93,0,0.6812617957465823,36.24
41,50697.38,9.4,14823.1,12,12.39,491,3,1,2905.06,0,0.2923839456792442,12.39
41,21098.34,7.0,13280.07,48,10.44,583,1,1,1418.57,0,0.6294367234578644,41.76
33,36991.33,10.1,8954.18,12,9.0,646,2,1,2299.55,0,0.2420615857823982,9.0
36,15125.55,3.9,22093.69,24,12.27,511,2,0,217.65,1,1.460686718830059,24.54
34,27688.1,1.9,2211.65,48,6.98,743,2,0,2254.4,0,0.07987727579718364,27.92
42,26966.89,1.4,6250.88,60,10.75,532,0,0,2112.11,0,0.23179832750458063,53.75
42,60285.84,0.6,5920.43,48,9.97,549,3,0,4873.75,0,0.09820598004440181,39.88
25,15000.0,10.3,31414.86,48,9.21,625,2,1,465.1,0,2.094324,36.84
34,85222.92,4.0,13830.0,36,8.39,704,3,1,6666.04,0,0.16228028797886765,25.17
18,40004.92,1.6,12385.14,48,7.64,673,2,1,3033.47,1,0.3095904203782935,30.56
18,20038.44,0.5,6387.46,36,9.58,624,4,0,1465.02,0,0.31876034262148156,28.740000000000002
29,23127.2,4.8,9892.03,12,9.22,624,4,1,1061.18,0,0.4277227679961258,9.22
30,75406.13,1.5,9959.58,24,8.65,661,2,0,5830.44,0,0.13207918242190653,17.3
31,29808.42,9.8,4352.09,48,10.23,589,5,0,2373.17,0,0.14600203566643252,40.92
66,19126.36,3.3,35565.7,12,5.7,822,1,0,-1462.25,0,1.859512212464891,5.7
37,77696.96,5.3,14419.74,12,8.92,617,3,0,5214.25,0,0.18558950054159132,8.92
18,55090.15,0.2,6475.44,24,6.02,765,5,0,4303.79,0,0.11754260970427562,12.04
41,18469.76,8.4,10243.19,48,11.02,520,4,0,1274.31,0,0.5545924798156555,44.08
32,23805.98,3.9,6632.02,36,9.43,658,8,1,1771.61,0,0.2785863047856043,28.29
44,25086.48,0.8,7091.6,36,8.81,678,2,0,1865.66,0,0.28268613213172994,26.43
20,21508.59,2.1,29568.97,60,10.92,578,2,0,1150.66,1,1.3747516689843453,54.6
18,32401.55,3.7,9551.97,24,10.52,578,3,0,2257.06,0,0.2947997858127157,21.04
43,15000.0,0.2,24339.94,48,10.6,566,0,1,625.64,1,1.6226626666666666,42.4
26,64359.48,2.4,5702.3,48,8.11,668,3,0,5223.79,0,0.08860077800504293,32.44
48,86232.49,5.4,10904.25,60,9.3,674,0,0,6958.1,0,0.12645175849613063,46.5
18,30177.86,5.4,13162.27,36,5.73,795,6,1,2116.01,0,0.4361565067900772,17.19
28,110589.98,0.9,17528.58,24,8.41,643,3,1,8419.78,0,0.15850061642112606,16.82
44,15000.0,4.9,45059.2,48,6.76,754,1,0,176.01,0,3.0039466666666663,27.04
18,22303.02,1.2,4367.77,24,9.85,588,3,1,1657.34,0,0.19583760405541492,19.7
38,47353.05,13.7,4193.4,48,6.54,788,0,0,3846.56,0,0.08855606977797627,26.16
39,20504.01,2.7,5281.52,24,8.79,671,2,0,1467.89,0,0.25758473586386277,17.58
41,30279.29,1.6,9701.49,24,8.98,635,1,0,2080.15,0,0.32040018111389,17.96
33,106203.12,1.5,27681.89,36,11.45,561,2,0,7938.08,0,0.2606504404013743,34.349999999999994
37,55129.13,3.7,6490.43,48,12.42,432,2,0,4421.83,1,0.1177314062456636,49.68
31,72974.86,1.0,8593.65,12,9.69,602,2,1,5326.96,0,0.11776178810072399,9.69
32,15731.98,12.1,32722.22,24,5.28,816,2,0,-128.68,0,2.0799810322667587,10.56
44,25621.16,6.7,4748.28,48,11.29,513,2,0,2011.71,0,0.1853265035618996,45.16
48,25231.63,0.5,7318.25,12,11.95,467,2,1,1452.59,0,0.2900426964092292,11.95
29,35831.86,1.9,14308.61,24,9.51,636,3,0,2328.95,0,0.39932646533001637,19.02
39,121221.53,0.5,8676.26,12,10.25,610,7,0,9338.0,0,0.0715735892790662,10.25
46,52428.69,3.9,11085.04,48,13.39,387,2,0,4069.52,0,0.21143080248619603,53.56
29,20544.13,8.1,16179.29,60,8.48,665,4,0,1380.22,0,0.787538338201715,42.400000000000006
28,50411.36,0.2,40351.17,48,7.82,688,5,0,3219.26,1,0.8004380361886685,31.28
24,41257.83,4.6,8929.84,60,7.6,720,5,0,3258.79,0,0.21643988547143655,38.0
47,79092.03,0.6,11330.11,48,5.72,755,3,1,6326.37,0,0.1432522341378771,22.88
44,36090.69,0.1,23515.01,60,7.79,696,4,2,2533.12,0,0.6515533507394843,38.95
29,57604.02,0.4,11063.61,36,12.19,472,2,0,4431.86,0,0.1920631580920915,36.57
32,46339.72,5.6,15606.77,48,9.99,618,5,0,3465.89,0,0.3367903388281155,39.96
23,79869.65,0.4,6832.51,24,8.58,675,3,1,6344.98,1,0.0855457611245323,17.16
44,52254.45,1.5,20938.63,48,9.92,645,2,0,3824.28,0,0.40070520309753527,39.68
31,20459.44,2.2,15404.4,48,11.02,527,5,0,1306.67,0,0.7529238336924178,44.08
38,71919.09,3.5,8655.41,36,6.79,742,2,0,5726.83,0,0.12034927027024397,20.37
27,15000.0,16.1,5676.6,48,9.39,670,2,1,1107.68,0,0.37844,37.56
35,20283.25,6.6,8605.16,48,8.83,647,6,1,1476.83,0,0.42424956552820675,35.32
33,33266.27,4.7,10332.69,24,8.33,701,3,1,2303.31,0,0.3106056074215715,16.66
21,28728.89,9.3,9117.61,24,6.76,795,1,0,1986.85,0,0.3173672912528121,13.52
26,36943.16,0.3,9869.12,12,7.77,674,3,1,2221.15,0,0.2671433629391747,7.77
31,15000.0,17.1,11375.96,36,6.84,751,6,0,899.57,0,0.7583973333333333,20.52
35,37443.83,1.1,3684.78,36,12.51,472,4,0,2997.03,0,0.09840820236605069,37.53
45,18231.59,4.6,12908.77,48,11.4,534,2,1,1183.15,0,0.7080441146383831,45.6
37,46954.43,6.1,18681.05,24,10.24,598,4,0,3048.76,0,0.3978548988881347,20.48
51,108400.24,0.2,9201.87,36,5.4,822,3,1,8755.91,0,0.0848879116872804,16.200000000000003
32,104426.97,11.5,17716.41,48,11.98,527,2,0,8235.88,0,0.16965358661656083,47.92
23,65673.19,3.3,5983.88,36,7.65,752,3,0,5286.22,0,0.0911160246669912,22.950000000000003
22,34934.3,2.5,7603.06,36,8.11,698,3,1,2672.55,1,0.21763882487984587,24.33
27,57688.15,8.9,14160.97,36,10.09,665,2,1,4349.81,0,0.24547450386257835,30.27
31,45751.1,12.6,21238.76,24,9.03,658,4,0,2842.01,0,0.46422402958617387,18.06
37,23583.18,4.7,9425.45,24,7.15,715,5,0,1542.62,0,0.3996683229318523,14.3
24,18425.75,16.0,16640.25,48,9.34,635,3,0,1118.69,0,0.903097567263205,37.36
35,22730.22,8.4,12768.26,48,9.31,635,1,1,1574.56,0,0.5617305947764694,37.24
57,54059.82,5.2,5392.97,36,12.42,482,2,0,4324.78,1,0.09975930367507699,37.26
27,19027.1,1.0,5771.43,36,9.76,634,3,1,1400.01,0,0.3033268338317453,29.28
39,100959.65,8.1,3847.63,24,6.99,731,3,1,8241.05,0,0.038110571896792435,13.98
35,89682.26,1.2,20204.97,60,12.09,539,5,0,7023.15,0,0.22529505835379263,60.45
26,22727.1,1.1,28139.16,60,10.18,574,0,0,1293.56,1,1.2381324498066186,50.9
35,15000.0,0.6,7314.86,12,5.54,801,4,1,621.98,0,0.48765733333333333,5.54
38,27688.05,1.3,3557.98,48,10.5,618,5,0,2216.24,0,0.12850236835024498,42.0
50,44280.03,0.7,5592.45,36,8.6,652,3,1,3513.2,0,0.12629733990695127,25.799999999999997
43,41592.13,7.8,13558.52,24,7.73,680,2,1,2854.46,0,0.32598763275648546,15.46
45,48567.9,21.6,9908.54,36,11.39,579,5,0,3721.1,0,0.2040141739708738,34.17
40,43873.21,0.6,9338.12,48,5.4,834,4,1,3439.35,0,0.2128433273972887,21.6
41,27690.17,1.4,12114.22,48,12.54,514,2,1,1985.28,0,0.437491716374439,50.16
41,20086.95,3.1,4216.67,60,6.93,767,0,1,1590.56,0,0.20992086902192716,34.65
34,29928.46,3.2,13564.84,60,8.81,679,0,0,2213.7,0,0.4532421648156972,44.050000000000004
32,55761.47,0.7,5680.42,48,9.84,608,6,0,4503.16,0,0.1018699829828733,39.36
32,45396.31,6.6,15348.49,60,9.61,614,5,0,3459.85,1,0.3380999468899565,48.05
34,245229.51,7.6,9425.35,12,8.1,719,2,0,19615.46,0,0.03843481153634406,8.1
35,22931.36,5.3,5975.03,24,4.95,850,4,0,1648.95,0,0.26056151924700494,9.9
53,50013.96,15.2,14872.53,48,11.21,509,4,1,3781.92,0,0.29736757497306754,44.84
34,29711.66,0.3,3780.8,48,7.64,695,3,0,2384.31,0,0.1272497060076751,30.56
39,34318.13,2.2,9317.3,12,13.07,504,4,0,2027.34,1,0.27149789338754765,13.07
50,51133.35,1.0,4516.5,24,6.33,770,5,0,4060.27,0,0.0883278721225971,12.66
18,30279.48,16.8,5965.24,48,6.68,758,6,0,2381.33,0,0.1970060252025464,26.72
49,20879.07,10.0,48747.46,36,8.73,683,2,0,195.88,0,2.3347524578441474,26.19
26,26891.68,12.5,9300.67,36,5.46,788,3,0,1960.3,0,0.34585678544442,16.38
34,44694.63,0.8,15761.81,24,10.35,608,1,0,2994.68,0,0.352655565109276,20.7
24,15000.0,0.8,16229.18,36,6.57,705,3,0,752.07,0,1.0819453333333333,19.71
40,77939.28,1.6,28348.24,24,11.96,527,6,0,5161.02,0,0.36372211803855514,23.92
38,33742.01,4.6,5620.68,48,12.0,522,2,0,2663.82,0,0.16657810249004135,48.0
60,34959.8,1.6,28891.02,12,11.05,504,4,0,359.21,1,0.8264069016413137,11.05
65,137372.89,3.9,14868.26,48,11.75,483,5,0,11058.03,1,0.10823285438633488,47.0
46,41029.94,1.1,3346.77,36,6.84,712,1,0,3316.07,0,0.08156897134141555,20.52
20,26382.42,11.5,11451.87,36,8.33,671,3,0,1837.93,0,0.4340720070410524,24.990000000000002
40,60777.6,9.5,61439.66,24,6.96,757,4,1,2315.1,0,1.010893158005581,13.92
41,72649.14,6.4,11906.02,60,9.94,638,1,0,5801.48,0,0.16388383950587715,49.699999999999996
45,50269.38,7.2,37386.14,12,10.34,549,4,0,896.37,0,0.7437159559159074,10.34
47,62853.53,7.0,40258.91,24,11.04,548,5,0,3360.67,1,0.6405194744034266,22.08
44,26024.34,0.4,62535.06,24,8.28,673,0,0,-667.59,0,2.4029450890973605,16.56
30,19639.63,10.0,6650.77,12,9.88,606,2,1,1052.3,0,0.3386402900665644,9.88
20,74623.76,14.0,26200.28,24,6.85,743,1,0,5047.37,0,0.3510983633094875,13.7
30,55949.24,1.9,17097.39,48,8.15,725,3,0,4243.83,0,0.30558752898162694,32.6
19,63429.16,7.7,6213.32,24,7.45,718,2,0,5006.31,1,0.09795683877888339,14.9
32,31704.17,4.6,37389.47,24,8.89,648,5,0,935.77,0,1.1793234139231528,17.78
40,39231.48,1.7,7631.3,48,10.76,590,0,0,3072.94,0,0.19451980909208624,43.04
32,25888.68,11.1,17988.53,60,7.98,694,1,0,1792.82,0,0.6948415291934544,39.900000000000006
31,39519.1,11.0,9985.44,60,8.05,721,7,0,3090.55,0,0.2526737704046904,40.25
58,91246.8,10.7,57111.81,48,7.98,726,2,0,6210.17,0,0.62590479885322,31.92
39,47503.14,14.2,15362.28,60,9.47,611,2,0,3636.18,0,0.3233950429382142,47.35
32,48952.1,5.8,27863.8,48,5.69,815,8,0,3428.91,0,0.5692054069181914,22.76
33,32378.56,8.0,31338.45,36,11.18,518,3,0,1669.56,1,0.9678765825286856,33.54
30,69297.29,1.4,28380.55,48,5.76,821,2,1,5111.37,0,0.40954776153584077,23.04
39,51078.51,0.4,24176.4,24,8.21,662,3,0,3160.79,0,0.4733184268687556,16.42
23,17178.58,7.3,14169.42,36,11.8,513,4,0,962.27,1,0.824830690313169,35.400000000000006
39,31278.69,0.5,22105.87,36,9.59,617,4,0,1897.51,0,0.7067389970615777,28.77
28,45497.58,3.4,19493.15,36,11.15,547,3,0,3151.9,1,0.42844366667413963,33.45
41,38356.57,1.5,16190.29,24,7.71,712,0,0,2466.28,0,0.42209952558323127,15.42
30,28326.56,13.9,9095.89,48,6.03,777,5,1,2146.8,0,0.3211081755073683,24.12
43,32001.65,2.0,14332.52,36,10.69,565,7,0,2199.68,1,0.4478681567981651,32.07
41,55116.59,8.1,4284.22,36,7.85,702,3,0,4459.09,0,0.07773013533674708,23.549999999999997
32,23647.19,3.4,3374.3,36,10.48,582,3,1,1860.96,0,0.14269348704856688,31.44
23,29095.52,11.1,18327.12,12,7.39,698,6,1,835.54,1,0.6298949116565024,7.39
18,15000.0,1.6,14532.31,12,9.92,615,2,0,-27.08,0,0.9688206666666667,9.92
50,28124.8,0.3,12380.6,48,9.41,618,6,2,2033.23,0,0.44020224143816133,37.64
35,68726.05,0.8,23880.72,48,8.87,640,2,1,5134.37,0,0.34747697561550533,35.48
31,24997.21,2.6,14178.05,36,11.81,531,1,0,1613.47,1,0.5671852978792433,35.43
18,15000.0,0.8,30794.78,48,8.99,664,5,1,483.82,1,2.0529853333333334,35.96
39,28531.26,5.7,22926.88,24,8.56,669,4,1,1334.82,0,0.8035705398219357,17.12
52,25553.37,8.2,7273.04,48,10.31,616,3,1,1943.9,0,0.2846215587220003,41.24
32,35531.96,5.7,6569.71,48,10.7,574,5,2,2792.15,0,0.18489579522210428,42.8
43,15000.0,3.8,14409.47,36,8.67,613,4,0,793.99,0,0.9606313333333333,26.009999999999998
20,21848.31,2.5,6071.9,24,10.28,594,1,0,1539.72,0,0.277911655409503,20.56
27,25760.12,4.0,100000.0,12,5.49,804,3,0,-6436.54,1,3.881969493930929,5.49
30,51898.58,0.2,11422.4,60,8.9,664,1,1,4088.33,1,0.22009080017218197,44.5
38,30374.81,5.2,5752.91,12,10.53,568,2,0,2024.04,1,0.18939739869977787,10.53
40,29458.68,7.5,12590.11,48,7.69,701,4,0,2149.36,0,0.4273820144011884,30.76
32,15000.0,3.6,14849.4,36,9.37,617,1,0,775.23,0,0.98996,28.11
37,26814.58,1.2,2970.52,36,10.69,568,3,0,2137.73,1,0.11078003086380618,32.07
45,198350.08,11.6,11376.04,48,12.21,510,2,1,16228.42,0,0.05735334213124593,48.84
35,15000.0,6.5,5072.34,36,7.59,737,4,1,1092.01,0,0.338156,22.77
38,46335.64,7.5,14558.31,48,8.31,689,2,0,3503.77,1,0.31419248768334695,33.24
44,26021.04,4.1,6578.93,36,7.35,693,2,1,1964.23,0,0.25283117046820575,22.049999999999997
48,25387.03,1.9,17250.04,36,9.78,595,7,1,1560.76,1,0.6794823971138019,29.339999999999996
33,21260.49,3.5,4851.37,48,7.26,721,2,1,1654.95,0,0.2281871208048356,29.04
40,49174.6,1.3,15977.61,12,12.36,495,4,0,2675.6,0,0.32491591187320285,12.36
41,28623.58,7.8,3912.34,48,10.06,583,1,0,2285.96,0,0.1366824135904733,40.24
23,38822.11,1.2,15160.33,24,9.56,651,4,0,2538.68,0,0.39050762568031466,19.12
38,81354.83,7.1,2862.6,48,9.32,634,7,0,6707.9,1,0.03518660170514768,37.28
35,15000.0,5.1,8252.35,48,10.48,556,1,2,1038.79,1,0.5501566666666667,41.92
22,28794.81,1.0,5483.66,12,11.06,561,1,0,1914.76,0,0.19043917983831113,11.06
34,100839.55,1.4,17187.32,36,6.7,776,1,1,7874.96,1,0.17044225207272345,20.1
38,72345.97,0.1,7651.86,36,7.15,729,2,0,5792.04,0,0.10576760529992202,21.450000000000003
51,53999.62,0.4,54007.83,24,6.52,747,0,1,2093.63,0,1.0001520381069349,13.04
55,49403.12,6.3,41495.48,36,6.6,780,3,0,2843.24,0,0.8399364250678905,19.799999999999997
18,47262.48,4.2,4932.11,60,7.09,702,3,0,3840.67,0,0.10435571726240349,35.45
18,57778.28,1.7,20247.83,24,9.98,620,6,0,3880.71,0,0.3504401654047161,19.96
48,26509.14,2.3,3937.38,48,5.1,844,3,0,2118.24,1,0.1485291488143335,20.4
32,15000.0,0.5,5016.42,48,8.37,697,4,0,1126.66,0,0.334428,33.48
40,29720.4,4.1,15494.67,12,10.6,564,4,0,1110.14,0,0.5213479630153026,10.6
33,47852.97,4.8,8361.52,48,7.65,727,2,0,3784.99,0,0.17473356408181143,30.6
25,90211.29,0.3,61964.01,48,7.7,701,3,0,6013.6,1,0.6868764430704849,30.8
35,26388.46,4.3,17247.35,48,10.56,541,2,0,1756.95,0,0.6535944121028662,42.24
32,15000.0,7.0,11172.31,12,11.03,555,3,0,262.42,1,0.7448206666666667,11.03
23,39124.53,3.0,79091.77,48,8.21,643,2,1,1321.71,0,2.02153917248335,32.84
48,61089.59,5.9,13712.51,60,11.8,528,4,0,4787.16,0,0.22446557588616983,59.0
33,35225.24,0.8,14510.31,24,7.08,754,6,0,2285.25,0,0.4119293438454926,14.16
37,41539.32,3.0,5048.96,48,8.23,728,4,0,3337.8,0,0.12154652507551882,32.92
35,19320.16,1.1,49926.77,12,9.57,667,5,0,-2769.36,0,2.584179944679547,9.57
26,104628.51,6.7,5536.66,36,5.41,850,5,0,8552.08,0,0.0529173167045961,16.23
48,36612.91,0.4,7747.29,48,10.72,565,2,0,2851.89,0,0.21159995203877538,42.88
41,55257.01,3.1,21183.69,24,8.15,700,3,0,3645.22,1,0.3833665629030597,16.3
22,15000.0,19.3,43428.99,60,8.5,705,4,0,358.99,1,2.895266,42.5
29,89699.77,9.9,4334.77,36,10.84,577,6,0,7333.39,0,0.048325319005834685,32.519999999999996
48,35666.3,6.2,15847.92,36,6.95,748,4,0,2483.22,0,0.4443387735761769,20.85
34,26442.25,5.4,16702.18,24,6.92,761,3,2,1456.33,0,0.6316474581399086,13.84
34,15000.0,0.3,7819.12,24,7.34,701,7,0,898.71,0,0.5212746666666667,14.68
36,15249.09,4.4,21456.78,36,8.52,708,2,0,593.22,1,1.4070859310293269,25.56
25,18293.56,1.3,13889.91,24,9.1,619,3,1,889.27,0,0.7592786751184569,18.2
28,22385.11,1.9,48050.42,48,9.14,679,1,0,666.49,1,2.1465349064623758,36.56
45,42571.66,12.4,12655.89,48,10.66,583,3,0,3222.63,0,0.297284390601635,42.64
18,15000.0,4.4,13402.6,36,14.96,389,2,0,785.66,0,0.8935066666666667,44.88
38,43156.42,40.0,4981.74,60,6.8,752,7,0,3498.19,0,0.1154345054571255,34.0
39,20144.39,1.0,19120.62,36,11.1,544,1,0,1051.81,0,0.9491784064943143,33.3
29,47924.88,4.0,3424.07,36,8.71,680,1,0,3885.32,0,0.07144660560443762,26.130000000000003
39,173838.11,6.6,66225.32,24,9.89,599,6,1,11433.91,1,0.38095973316783077,19.78
36,26168.53,0.4,26676.14,48,7.35,712,5,1,1537.58,0,1.019397726964411,29.4
38,31340.25,5.9,4083.35,36,5.24,850,3,0,2488.87,0,0.1302909198235496,15.72
27,36123.71,1.6,14914.86,24,11.27,508,1,1,2313.29,1,0.4128828406606077,22.54
31,53927.99,1.2,11370.83,36,8.39,680,2,0,4135.63,0,0.21085210110742122,25.17
43,59144.0,4.2,63620.16,36,10.56,579,2,0,2859.06,1,1.0756824022724198,31.68
18,153216.94,0.3,13756.96,24,8.83,632,5,0,12140.67,0,0.08978746083820757,17.66
22,75140.09,3.4,14322.47,36,7.27,724,4,1,5817.67,0,0.19061023216767506,21.81
21,47580.09,6.0,5268.74,12,11.57,565,5,1,3497.95,1,0.11073413270130426,11.57
38,32034.16,1.6,16554.72,36,13.39,459,3,1,2108.6,1,0.5167833337911779,40.17
35,80106.74,0.8,7270.99,12,6.77,716,3,1,6047.2,0,0.09076627010411357,6.77
32,59017.46,3.3,14784.05,12,12.53,467,1,0,3600.91,0,0.2505029867432451,12.53
18,19625.65,8.6,7301.91,36,10.2,636,4,0,1399.17,1,0.37205952414314936,30.599999999999998
35,16391.81,17.9,5699.1,60,11.14,571,0,0,1241.67,1,0.34767972542385495,55.7
23,29729.33,4.1,77217.02,12,6.15,777,3,0,-4173.67,0,2.5973346859818234,6.15
50,22158.38,4.3,6576.79,24,9.42,618,3,0,1544.8,0,0.2968082504226392,18.84
19,40396.31,8.0,8156.65,48,6.36,806,0,0,3173.45,0,0.20191571952982834,25.44
31,24273.9,1.3,3862.34,36,7.44,751,1,1,1902.79,0,0.1591149341473764,22.32
29,114458.74,7.7,9708.64,36,9.94,578,2,0,9225.23,0,0.08482218133800878,29.82
43,170746.13,3.2,6681.95,48,6.26,810,3,0,14071.12,0,0.03913382985605589,25.04
42,24079.82,4.2,15015.6,48,7.7,718,2,0,1642.19,0,0.6235760898544923,30.8
43,26858.55,3.9,17293.27,36,7.05,734,2,0,1703.85,0,0.6438646166676906,21.15
52,31878.79,1.4,5275.85,24,13.94,382,3,0,2403.41,1,0.1654971848053204,27.88
37,17837.1,0.6,25068.66,36,9.96,627,3,1,678.0,0,1.4054224061086165,29.880000000000003
29,23351.01,6.4,7786.13,24,9.83,626,1,0,1587.24,0,0.33343868209554967,19.66
41,51833.25,12.8,7376.6,60,11.16,537,2,1,4158.46,0,0.14231405516729126,55.8
31,24738.65,2.6,12419.96,36,8.33,682,2,0,1670.46,0,0.5020467972181182,24.990000000000002
48,83484.89,9.5,6629.93,48,10.92,544,5,0,6785.98,0,0.0794147300188094,43.68
24,40934.46,0.4,100000.0,12,9.28,645,8,0,-5346.93,0,2.442929502429005,9.28
45,47452.38,2.0,22773.2,48,6.12,803,2,0,3418.28,0,0.4799169188141881,24.48
35,52922.75,5.9,7098.31,24,11.37,558,4,0,4078.17,0,0.1341258721438323,22.74
52,79021.43,7.7,28111.03,12,9.14,633,4,0,4124.94,0,0.35573932286469634,9.14
35,170353.72,0.8,16523.94,12,9.91,620,2,0,12744.12,0,0.09699782311768712,9.91
32,24987.1,0.8,14025.1,48,9.39,638,4,0,1730.64,0,0.5612936275117961,37.56
26,75049.54,5.9,11147.08,36,8.43,693,3,3,5902.6,0,0.14852962456532046,25.29
25,15964.14,12.5,10613.78,24,8.68,643,1,0,847.01,0,0.6648513480838931,17.36
36,42211.51,1.4,4852.42,60,13.87,434,1,1,3405.05,0,0.11495490211082238,69.35
55,61477.86,0.8,8450.25,12,9.32,596,5,0,4382.91,0,0.13745192171620807,9.32
37,20155.15,9.2,22253.8,48,8.87,652,3,0,1127.18,1,1.1041247522345405,35.48
43,108407.02,0.6,9835.91,24,9.82,626,2,1,8580.86,0,0.09073130134930375,19.64
49,15000.0,1.3,14098.79,12,8.71,676,3,0,18.94,1,0.9399193333333334,8.71
31,53256.65,3.1,13892.67,48,11.01,555,6,0,4078.92,0,0.26086263405602866,44.04
36,40920.9,1.7,7901.32,48,9.73,607,3,0,3210.7,0,0.19308763981241858,38.92
45,70069.03,22.5,2573.9,48,10.5,575,4,0,5773.19,0,0.0367337752499214,42.0
44,37532.9,3.6,29024.77,24,8.21,697,2,0,1812.25,0,0.773315411279171,16.42
26,48945.24,4.8,19589.85,48,9.45,616,2,0,3587.08,0,0.40024014592634544,37.8
45,177778.58,1.3,7991.57,36,8.08,705,2,1,14564.16,0,0.04495237840239246,24.240000000000002
35,34268.41,9.1,24280.09,12,9.98,609,2,0,721.32,0,0.7085268910929919,9.98
45,20043.97,8.6,11523.68,48,9.18,719,2,3,1382.58,0,0.5749200382958066,36.72
38,24170.63,8.3,6271.6,36,6.99,736,4,0,1820.6,0,0.2594719293622053,20.97
35,55753.09,0.4,2943.85,24,10.29,581,5,0,4509.85,0,0.0528015577253207,20.58
34,19945.14,3.6,7845.48,36,9.71,637,8,0,1410.01,0,0.3933529671889994,29.130000000000003
43,23368.0,1.5,14130.83,48,10.16,630,4,0,1587.85,0,0.6047085758301951,40.64
39,274704.18,1.8,16383.21,48,7.67,689,0,0,22494.59,0,0.05963946380430032,30.68
36,46028.5,6.1,18605.05,24,8.43,676,4,0,2990.6,0,0.4042071759887895,16.86
22,60873.57,5.6,7002.7,12,6.63,753,3,0,4468.07,0,0.1150367885438623,6.63
18,50870.92,1.9,3671.6,36,8.98,674,3,1,4122.52,0,0.0721748299421359,26.94
45,46554.21,0.8,9225.21,48,12.52,482,3,1,3634.22,0,0.19816059600195127,50.08
34,91645.49,13.1,28404.86,48,7.91,706,6,0,6944.88,0,0.3099428024226833,31.64
25,71424.42,1.8,8001.59,24,9.42,640,3,0,5584.94,0,0.11202877111217704,18.84
49,104252.39,0.8,15544.17,60,7.89,763,4,0,8373.34,0,0.1491013299551214,39.449999999999996
25,151086.48,2.9,31867.31,24,8.6,733,6,0,11140.53,0,0.21092099041555537,17.2
33,15341.47,2.0,7153.71,36,9.78,603,2,0,1048.36,0,0.4662988618430959,29.339999999999996
30,30144.43,2.2,7913.75,36,13.45,443,0,0,2243.67,1,0.2625277704703655,40.349999999999994
21,24042.72,0.6,16740.44,60,11.78,475,3,1,1633.04,0,0.6962789567902467,58.9
34,35311.85,3.8,2634.26,36,13.01,471,2,1,2853.88,1,0.07459988644038758,39.03
39,15000.0,1.7,14665.17,36,11.4,562,3,0,767.1,0,0.977678,34.2
52,19952.92,0.3,1067.13,36,9.55,604,1,0,1628.53,0,0.05348239756386535,28.650000000000002
22,105284.41,3.7,26760.16,36,9.76,595,3,0,7913.24,1,0.25417020430660153,29.28
39,26638.11,0.3,11693.87,36,10.99,577,3,1,1837.06,0,0.4389902286611175,32.97
45,26906.01,2.3,7188.62,36,7.97,688,2,0,2017.0,0,0.2671752519232692,23.91
33,26076.03,4.4,25154.19,36,9.79,626,3,2,1363.83,0,0.9646479928117893,29.369999999999997
29,96813.73,18.2,5187.97,48,11.24,595,1,0,7933.12,0,0.053587130668346326,44.96
44,24726.02,2.0,18300.38,24,9.88,620,3,0,1217.05,0,0.7401263931680069,19.76
32,38768.2,1.4,6979.01,36,10.23,605,3,0,3004.74,0,0.18001893304306107,30.69
25,26088.49,3.5,22621.72,60,9.12,674,2,0,1703.13,0,0.8671149614255176,45.599999999999994
28,42701.29,2.3,4538.76,60,10.68,580,3,0,3460.48,0,0.10629093406779982,53.4
45,19883.49,1.7,11478.96,24,9.69,619,7,0,1128.9,1,0.577311125964305,19.38
46,36845.35,3.2,52252.1,36,9.07,660,2,0,1407.14,0,1.418146387536012,27.21
47,26036.99,2.6,58416.9,48,5.19,782,1,0,819.42,0,2.243611876795282,20.76
24,26905.88,4.1,15528.77,36,9.0,624,2,0,1748.35,0,0.5771515371361204,27.0
40,70905.44,10.7,28735.21,36,8.34,672,0,1,5003.82,0,0.4052610067718358,25.02
29,54713.46,1.5,11652.67,36,10.69,536,2,0,4179.67,1,0.2129762950469592,32.07
33,31984.79,1.4,19416.96,48,7.02,743,6,0,2200.26,0,0.6070685472688737,28.08
29,16496.44,0.9,8750.58,60,9.53,642,2,0,1190.8,0,0.5304526309918989,47.65
56,59009.11,0.1,7913.06,48,7.67,671,1,0,4725.47,0,0.13409895522911633,30.68
50,15508.13,5.3,12850.68,48,10.12,604,4,0,965.68,0,0.8286414932038874,40.48
24,58522.26,1.8,13893.28,60,12.75,448,1,0,4562.52,1,0.23740163144758936,63.75
18,15000.0,11.7,10181.61,48,8.3,688,1,0,1000.0,0,0.678774,33.2
30,26490.26,7.1,14843.65,36,12.53,530,0,0,1710.73,0,0.560343688585918,37.589999999999996
43,48006.85,2.7,14031.77,12,9.35,604,3,1,2771.19,0,0.29228682990031635,9.35
54,76667.07,4.1,29904.3,12,10.38,626,4,0,3754.57,1,0.3900540349331205,10.38
28,33545.29,5.6,24494.27,60,7.33,728,1,0,2306.6,0,0.7301850721815194,36.65
31,41915.04,12.4,5100.65,36,8.41,673,1,0,3332.12,0,0.12169020952860833,25.23
43,15000.0,2.8,18476.08,48,11.59,544,3,0,767.16,0,1.2317386666666668,46.36
28,15000.0,0.3,27000.03,24,12.76,473,7,1,-30.59,1,1.8000019999999999,25.52
35,19298.01,10.3,27681.92,24,7.45,724,4,1,363.12,0,1.4344442768969443,14.9
18,19250.45,1.3,47144.82,12,11.5,554,1,0,-2573.54,1,2.4490243085226577,11.5
44,212597.61,0.2,3428.97,12,12.53,496,1,0,17410.96,1,0.016128920734339393,12.53
44,16364.21,12.4,4604.5,24,5.86,797,3,1,1159.9,0,0.28137624731044153,11.72
25,38417.54,12.1,27676.57,12,8.6,667,4,0,786.24,1,0.7204149458814906,8.6
46,57109.21,5.4,7398.88,36,4.88,824,2,0,4537.75,0,0.129556686215761,14.64
36,33294.45,4.4,62381.26,48,9.78,640,1,0,1198.97,0,1.8736233816747239,39.12
19,94823.18,4.6,6293.5,36,10.72,582,2,0,7696.72,1,0.06637090213595452,32.160000000000004
36,15000.0,1.0,15890.77,12,7.49,751,2,1,-128.57,0,1.0593846666666666,7.49
39,40304.59,10.9,8264.14,24,11.19,506,5,0,2972.81,0,0.20504215524832284,22.38
33,28232.11,0.6,34442.39,24,8.32,696,3,2,789.91,0,1.2199722231175778,16.64
40,19639.64,5.4,3282.51,36,9.64,618,4,0,1531.27,0,0.16713697399748673,28.92
43,82923.75,0.4,10945.63,48,11.25,518,1,0,6626.09,0,0.13199632192224783,45.0
36,15000.0,7.1,3481.72,48,11.05,566,2,0,1159.93,0,0.23211466666666666,44.2
38,46868.37,8.3,7964.95,36,8.75,689,1,1,3653.34,0,0.1699429700670196,26.25
29,22373.86,7.8,7688.32,48,10.87,568,3,0,1666.26,1,0.3436295748699598,43.48
34,41825.0,7.9,19955.97,24,6.96,773,1,0,2592.3,0,0.4771301852958757,13.92
34,93011.88,7.5,8193.66,24,11.03,566,3,0,7368.99,0,0.08809261784623641,22.06
38,15000.0,38.1,11859.66,36,4.5,850,0,0,897.21,0,0.790644,13.5
33,40184.61,6.0,6393.59,48,11.02,565,9,0,3183.41,1,0.15910543862438878,44.08
46,15000.0,5.6,12957.92,24,12.81,435,7,1,635.11,1,0.8638613333333334,25.62
18,49082.3,9.1,12731.19,48,9.55,626,1,0,3770.04,0,0.259384543919091,38.2
20,188772.52,11.0,18718.18,36,9.13,649,4,0,15134.68,0,0.09915733497651036,27.39
36,32705.23,9.3,10863.33,24,10.03,623,4,3,2224.0,0,0.3321588015127856,20.06
34,38028.61,6.1,32946.73,24,8.35,632,1,1,1673.69,0,0.8663669274264824,16.7
24,53914.18,2.0,2908.93,36,10.19,601,5,0,4398.73,1,0.05395482227495623,30.57
31,30545.43,3.3,5788.18,24,9.93,578,2,0,2278.54,0,0.18949414036731518,19.86
26,133063.67,4.6,13643.58,12,10.76,561,1,0,9884.32,0,0.10253422290246465,10.76
37,15209.1,1.2,2695.74,12,9.09,680,5,1,1031.57,0,0.17724520188571313,9.09
44,53872.91,9.0,27238.21,48,10.25,533,5,0,3795.3,1,0.505601238173323,41.0
31,44894.64,0.5,10672.18,36,12.1,508,2,0,3386.24,1,0.2377161282504994,36.3
29,21016.22,17.2,8356.41,24,12.98,478,6,0,1354.15,0,0.3976171737829162,25.96
34,22730.06,1.4,8876.13,48,6.32,792,3,0,1684.41,0,0.39050182885570905,25.28
20,15695.78,12.7,15171.82,48,7.14,751,8,0,943.69,0,0.9666177787914968,28.56
40,23451.74,4.5,22703.48,36,11.53,518,4,1,1205.32,0,0.9680936254623324,34.589999999999996
31,66106.0,18.8,14769.62,60,7.56,734,2,0,5212.46,1,0.22342328986778812,37.8
52,117485.21,0.5,29957.26,48,6.66,757,3,0,9077.79,0,0.2549875001287396,26.64
52,47967.04,2.1,2805.8,36,11.46,512,5,0,3904.78,1,0.05849433277517229,34.38
32,97104.1,2.0,23856.16,24,6.44,772,3,0,7029.95,0,0.24567613519923462,12.88
41,21352.72,17.1,24798.14,36,5.73,789,1,1,1028.02,0,1.1613574289364539,17.19
44,57462.51,7.0,3822.79,36,10.19,583,2,0,4664.85,1,0.06652667974301853,30.57
41,58535.89,1.2,6312.86,48,7.42,681,3,0,4725.59,0,0.10784597278695172,29.68
35,70109.59,0.9,9452.33,48,9.81,575,3,0,5603.59,0,0.13482221191138047,39.24
26,68663.55,1.2,3706.28,36,10.64,524,2,0,5601.25,0,0.05397740140147138,31.92
34,15000.0,5.4,38315.8,24,12.44,539,4,0,-561.54,0,2.554386666666667,24.88
39,30145.42,3.2,18570.3,36,5.45,845,2,1,1951.79,0,0.6160239266860439,16.35
43,66139.53,1.1,36942.24,36,9.82,610,5,1,4322.72,0,0.5585500834372424,29.46
45,22315.2,3.1,24301.48,60,10.36,621,7,1,1338.95,1,1.089010181401018,51.8
41,15000.0,11.9,17066.01,48,8.8,640,2,0,826.93,0,1.1377339999999998,35.2
31,34704.81,0.1,16891.49,36,6.72,778,3,0,2372.67,0,0.4867189879443225,20.16
42,76773.37,3.2,8528.49,12,10.92,555,4,1,5644.34,0,0.11108656556303312,10.92
19,15000.0,3.9,19500.88,36,8.54,694,3,2,634.04,1,1.3000586666666667,25.619999999999997
38,54945.65,2.0,18172.19,36,8.2,715,1,1,4007.68,1,0.33073027619110884,24.599999999999998
36,42074.59,5.2,88237.24,12,10.39,602,2,0,-4267.25,0,2.0971622064528734,10.39
21,20091.66,0.2,9466.34,24,9.39,623,1,0,1240.14,0,0.4711576843327032,18.78
36,34277.37,7.0,47697.11,24,10.66,571,4,0,640.91,0,1.3915043657083375,21.32
34,88595.98,0.4,33557.08,48,9.45,633,3,0,6540.74,0,0.3787652667762127,37.8
25,21180.6,0.8,2619.85,24,4.82,850,1,0,1650.33,0,0.12369101914015657,9.64
38,15000.0,1.1,3332.14,48,5.54,780,4,1,1172.45,0,0.22214266666666665,22.16
35,87659.94,0.9,14454.89,48,7.18,749,2,0,6957.65,0,0.16489732938443716,28.72
36,46900.21,5.4,21368.24,48,8.73,713,1,0,3379.34,0,0.455610753128824,34.92
18,22966.79,6.7,21988.14,12,10.58,584,2,0,-25.14,1,0.957388472659871,10.58
36,34860.32,7.2,12995.49,36,11.56,555,2,0,2476.12,0,0.3727874557663269,34.68
26,143311.09,2.4,9257.76,36,11.62,572,4,1,11636.78,1,0.06459904812670116,34.86
54,39438.23,0.6,1311.78,24,7.89,675,4,2,3227.26,0,0.03326163471332258,15.78
39,29411.66,4.5,10777.42,24,9.38,640,2,1,1956.73,1,0.36643358450356084,18.76
41,15000.0,6.2,4596.43,36,9.95,608,4,0,1101.79,0,0.3064286666666667,29.849999999999998
47,155656.93,3.1,5468.34,48,6.29,799,2,0,12842.26,0,0.03513071984652402,25.16
31,44416.99,2.0,9503.6,24,8.8,645,6,1,3268.12,0,0.21396317039943502,17.6
31,83972.28,2.9,37076.64,48,10.05,614,5,0,6056.44,0,0.4415342777402257,40.2
24,38790.22,13.3,54474.27,60,10.6,574,4,0,2058.95,1,1.4043300089558655,53.0
38,157520.82,1.7,25930.87,12,10.78,556,2,0,10837.58,0,0.164618683422293,10.78
29,57313.36,4.3,14766.76,48,8.98,634,2,0,4408.78,0,0.2576495253462718,35.92
36,15000.0,8.1,1841.11,60,7.22,733,3,0,1213.35,0,0.12274066666666666,36.1
18,83881.41,10.3,14296.35,36,10.04,596,2,0,6528.55,1,0.17043526092372552,30.119999999999997
28,18674.11,2.1,20229.1,48,10.18,606,1,0,1041.36,0,1.0832698318688279,40.72
62,15648.28,1.7,6120.8,36,5.91,801,3,0,1118.07,0,0.39114842014585627,17.73
33,15000.0,3.1,28782.96,48,7.95,693,3,0,548.0,0,1.918864,31.8
39,21847.84,18.7,4634.69,48,10.98,567,1,0,1700.91,0,0.21213492958571648,43.92
26,22874.27,3.5,14036.37,48,6.27,799,2,1,1574.8,0,0.6136313858322037,25.08
18,27634.29,11.1,6477.0,36,7.58,688,2,0,2101.14,0,0.23438271799275465,22.740000000000002
50,16511.86,11.2,2401.6,48,13.25,443,1,0,1311.26,0,0.1454469696327367,53.0
51,39245.24,3.1,14407.66,36,9.07,661,7,1,2811.81,0,0.367118662033918,27.21
38,33797.63,0.7,9886.81,24,10.09,612,2,1,2359.83,0,0.2925296832943612,20.18
36,35207.62,0.1,19778.42,48,7.94,718,4,0,2451.68,0,0.5617653223932773,31.76
37,40045.73,3.5,3931.79,60,10.41,591,3,0,3252.81,0,0.0981825028536126,52.05
32,31856.1,4.4,19609.08,36,9.05,673,2,0,2030.65,0,0.6155518095435412,27.150000000000002
26,15000.0,6.5,15382.89,36,8.7,657,2,0,762.97,0,1.025526,26.099999999999998
47,15000.0,3.4,23876.58,48,7.18,711,4,0,676.25,1,1.5917720000000002,28.72
30,49840.94,16.7,55976.36,48,10.33,594,2,0,2724.82,1,1.1231000057382545,41.32
61,36227.12,7.9,5178.49,12,5.77,843,2,0,2573.78,0,0.14294511956788172,5.77
33,47213.51,4.8,9801.39,48,8.29,651,0,0,3693.84,0,0.20759714751137967,33.16
27,44373.22,3.9,19386.78,36,8.99,633,2,2,3081.36,0,0.43690270843540313,26.97
43,15916.22,2.7,49913.36,12,11.95,523,2,0,-3107.22,0,3.1360059109512184,11.95
47,68270.65,2.8,23103.66,48,8.6,672,2,0,5118.66,0,0.33841277327812175,34.4
28,20053.19,14.1,18783.46,24,9.1,637,4,1,812.12,0,0.9366818945015731,18.2
38,32888.91,8.8,27683.82,36,6.89,742,4,0,1887.34,0,0.8417372299659671,20.669999999999998
18,21344.97,1.3,32393.88,12,11.08,507,3,0,-1085.49,1,1.517635302368661,11.08
20,23038.78,2.2,8805.62,60,8.53,659,2,0,1739.11,0,0.38220860653211675,42.65
36,32641.37,17.8,8767.47,36,11.34,508,2,0,2431.66,1,0.26859993927950937,34.019999999999996
54,92392.28,1.0,5473.39,24,6.34,796,1,1,7455.93,0,0.05924077206450583,12.68
40,31572.73,2.7,4074.32,48,8.51,663,4,0,2530.62,0,0.12904554024944945,34.04
47,21014.47,0.7,28975.76,24,11.92,487,4,0,388.3,1,1.3788480033043897,23.84
19,41523.28,3.2,6021.65,36,13.07,434,1,0,3257.18,1,0.14501864977911186,39.21
18,94741.53,5.2,7707.75,12,7.85,734,2,0,7225.18,0,0.08135555758915863,7.85
33,122835.42,0.1,3522.67,48,10.05,596,2,1,10146.86,0,0.02867796601338604,40.2
28,34302.75,1.8,12372.89,24,9.88,635,1,0,2288.3,0,0.36069673714206585,19.76
46,255285.64,1.5,5777.42,48,10.39,575,4,0,21126.19,0,0.02263119852726538,41.56
31,19713.33,3.8,15059.83,48,7.82,681,6,0,1276.39,1,0.7639414548429919,31.28
25,25832.54,1.8,16303.99,36,10.46,560,4,0,1623.1,1,0.6311415757025829,31.380000000000003
30,62403.7,2.3,7998.53,48,5.01,850,2,1,5016.07,0,0.128173970453675,20.04
34,15000.0,0.7,19292.24,36,9.22,609,3,0,634.53,0,1.2861493333333334,27.660000000000004
29,362736.82,7.4,56864.18,24,9.39,625,4,0,27620.06,0,0.1567642898782649,18.78
47,35910.41,5.3,76935.88,48,7.55,691,1,0,1130.51,0,2.1424394764637884,30.2
28,29839.84,7.6,45573.24,24,8.4,656,3,1,417.18,1,1.5272615402763552,16.8
31,48336.38,37.2,3484.5,24,10.6,616,1,0,3866.27,0,0.07208855938322233,21.2
45,19064.66,2.1,3369.53,48,6.12,822,0,0,1509.4,0,0.17674220258845424,24.48
28,42549.41,3.5,14861.67,12,7.85,693,3,0,2254.02,0,0.3492802837924192,7.85
42,51053.72,1.1,28958.54,36,7.78,731,4,1,3349.96,1,0.5672170411872044,23.34
30,61985.75,4.7,5682.4,48,9.02,663,2,0,5024.02,1,0.09167268283436111,36.08
43,52102.2,0.7,8761.46,36,6.77,746,5,0,4072.24,0,0.1681591180410808,20.31
29,27607.16,4.7,2611.48,36,8.37,639,3,1,2218.32,0,0.09459430089875236,25.11
41,15000.0,0.5,7878.34,36,5.46,850,3,0,1012.25,0,0.5252226666666667,16.38
35,52879.83,0.4,5482.61,36,11.53,518,1,0,4225.78,1,0.10368055267953773,34.589999999999996
37,68413.46,7.4,10942.94,36,10.06,622,7,0,5347.72,0,0.1599530267874187,30.18
23,15000.0,4.1,21215.08,36,8.87,651,0,0,576.65,1,1.4143386666666669,26.61
39,36085.34,6.2,21304.2,60,4.93,850,2,1,2605.76,0,0.5903837957464168,24.65
36,50360.56,5.3,12529.69,48,10.65,584,2,0,3875.0,0,0.2487996559212209,42.6
24,15000.0,6.0,10015.2,48,11.2,521,1,0,990.18,1,0.66768,44.8
21,80170.37,2.7,24367.38,24,8.04,693,3,0,5578.35,0,0.30394496121197895,16.08
34,37181.07,2.5,79409.81,24,9.49,623,4,1,-547.27,1,2.135759137647195,18.98
41,25899.67,1.0,30886.38,24,10.57,550,0,2,724.92,0,1.1925395188432903,21.14
40,15000.0,1.1,17798.98,60,6.87,751,2,0,898.65,0,1.1865986666666666,34.35
28,85804.73,14.4,8165.6,36,8.06,705,5,0,6894.29,0,0.09516491689910336,24.18
31,16812.88,7.8,2014.01,60,4.78,850,1,0,1363.27,0,0.11978970884226854,23.900000000000002
30,76043.34,2.0,16004.99,36,7.37,720,5,0,5840.05,0,0.21047194928576257,22.11
43,25028.16,2.6,9637.22,48,5.75,776,3,0,1860.45,0,0.38505507396468613,23.0
43,24421.78,5.3,4275.86,36,8.22,717,3,1,1900.72,0,0.1750838800447797,24.660000000000004
36,31977.46,5.2,5021.85,12,7.98,656,2,0,2227.99,1,0.1570434299659823,7.98
44,15000.0,4.4,6634.1,36,10.1,592,1,0,1035.62,0,0.44227333333333335,30.299999999999997
39,30298.85,2.0,2865.32,48,11.57,499,3,1,2450.05,0,0.09456860573916173,46.28
32,31115.07,5.1,4612.58,48,10.6,570,3,0,2474.6,0,0.14824263612455316,42.4
34,25026.41,0.1,6803.34,36,10.5,519,1,1,1864.41,0,0.2718464214403904,31.5
35,17169.49,0.2,4224.69,36,8.33,647,3,0,1297.76,0,0.2460579784256841,24.990000000000002
38,26695.99,6.3,17384.59,48,6.2,800,0,1,1814.79,0,0.6512060425554549,24.8
21,51402.52,9.2,5019.36,24,8.04,659,6,0,4056.44,0,0.0976481308698484,16.08
42,133318.34,4.0,18941.81,48,11.66,515,5,0,10614.21,0,0.14207955184560506,46.64
46,37780.76,2.2,18826.44,36,10.81,551,3,0,2533.74,0,0.49830760418795167,32.43
44,131548.14,0.2,7865.18,48,8.84,679,2,0,10767.22,0,0.05978936684319519,35.36
23,82809.6,1.6,10946.6,36,7.59,752,2,0,6559.84,0,0.13218998763428394,22.77
26,188033.61,7.9,36392.43,48,8.5,682,2,1,14772.46,0,0.19354215451163226,34.0
25,83575.86,8.5,30572.39,48,10.64,567,2,0,6179.83,0,0.3658040730900047,42.56
34,82788.64,11.1,17349.91,48,9.61,603,3,0,6462.26,0,0.20956872826996553,38.44
41,33041.08,0.4,85686.92,60,8.97,629,2,0,975.95,0,2.5933450117247983,44.85
38,46685.72,1.8,11296.77,48,9.46,650,2,1,3606.88,0,0.24197484798349475,37.84
27,33907.05,8.1,19157.82,48,10.15,603,2,0,2338.31,0,0.565009931562905,40.6
51,24424.22,7.0,9392.61,48,10.56,588,2,0,1794.6,0,0.38456130840616404,42.24
36,43777.84,8.4,7377.47,24,12.09,530,3,0,3300.56,0,0.16852064880313877,24.18
30,56924.7,3.3,13198.31,36,5.88,791,2,0,4342.92,0,0.23185559168515602,17.64
33,29879.88,7.5,7968.8,36,8.97,623,3,0,2236.7,0,0.2666945114906753,26.910000000000004
41,149110.52,1.9,2592.68,48,5.14,825,3,0,12366.0,0,0.01738763971851215,20.56
21,30955.13,0.2,14882.05,24,11.83,525,2,0,1880.23,1,0.48076199324635366,23.66
37,20898.93,0.5,22800.08,24,11.25,562,1,0,676.27,0,1.0909687720854608,22.5
27,54325.54,1.0,14190.01,12,10.49,565,1,0,3276.36,1,0.26120329406757853,10.49
33,38350.39,4.1,25483.96,24,7.31,708,3,0,2051.3,0,0.6645032814529396,14.62
32,64683.93,2.2,11626.54,24,7.39,729,3,0,4867.72,0,0.17974387146853943,14.78
30,29419.57,7.1,43348.97,48,8.3,659,1,0,1387.24,0,1.4734739494832862,33.2
44,28528.63,1.2,60696.73,36,10.02,583,2,0,418.3,0,2.127572547297224,30.06
24,42579.5,0.3,11840.86,48,7.41,714,3,0,3262.49,0,0.27808828191970314,29.64
27,34365.96,0.3,2979.87,48,8.75,697,1,0,2790.03,0,0.08670993040788036,35.0
33,37093.56,3.0,4812.11,36,12.4,502,3,0,2930.38,0,0.12972898799683827,37.2
25,15412.28,0.8,4763.7,36,14.68,391,2,1,1119.97,0,0.3090847038854731,44.04
28,33283.47,0.2,24175.6,48,7.49,752,0,0,2189.2,1,0.726354553776995,29.96
32,35938.06,0.7,18364.89,60,12.11,528,3,1,2585.3,0,0.5110150631391901,60.55
39,45405.32,1.4,33683.33,24,8.26,621,1,0,2256.37,0,0.7418366394070123,16.52
33,52006.81,1.9,9162.27,48,9.45,613,1,1,4103.94,0,0.17617442792588126,37.8
37,26307.35,5.0,24416.52,24,7.37,718,5,2,1094.99,0,0.928125409818929,14.74
41,40963.69,6.6,7403.69,60,10.57,599,4,0,3254.25,1,0.18073786809733203,52.85
35,66118.12,3.4,19174.15,36,9.56,662,3,0,4895.1,0,0.2899984149579571,28.68
29,18151.06,0.8,29777.1,48,10.86,537,4,0,745.01,0,1.640515760512058,43.44
38,15000.0,7.9,10545.64,24,8.26,662,4,0,771.8,0,0.7030426666666666,16.52
25,19739.04,5.3,4884.86,60,6.22,791,1,0,1549.98,0,0.24747201484975964,31.099999999999998
47,74815.27,3.5,25274.37,48,10.55,577,5,0,5586.89,0,0.33782368225096293,42.2
28,16128.21,0.7,38977.2,12,6.43,775,4,0,-2018.32,1,2.4167096038556046,6.43
18,30874.49,2.1,20668.58,36,9.23,655,1,0,1913.4,1,0.6694387502433239,27.69
29,154943.99,4.6,7665.61,36,5.64,754,3,0,12680.04,0,0.04947342584891482,16.919999999999998
18,15000.0,0.6,11053.58,24,7.66,698,4,1,751.79,1,0.7369053333333333,15.32
48,166015.26,4.8,11653.79,48,9.21,590,4,0,13543.44,0,0.07019710115805017,36.84
36,44776.42,10.5,11076.26,24,8.59,690,5,0,3227.43,0,0.24736814600184653,17.18
18,15000.0,4.7,19881.77,36,5.62,799,7,0,648.58,0,1.3254513333333333,16.86
43,37333.55,1.0,11287.51,48,9.18,694,1,1,2829.27,0,0.3023422631922225,36.72
62,22041.5,2.0,11084.77,24,12.35,496,1,1,1313.18,0,0.5029045210171722,24.7
28,52844.02,6.8,7101.36,36,11.23,560,0,0,4170.4,1,0.13438341746142704,33.69
40,39443.3,2.8,27458.45,36,9.48,616,3,1,2407.62,0,0.6961499164623649,28.44
19,61672.11,5.1,14798.75,12,11.93,507,4,0,3824.98,0,0.23995854852379786,11.93
41,18468.47,2.0,10760.81,24,7.81,726,1,1,1053.29,0,0.5826584443649094,15.62
48,15000.0,1.5,29432.7,48,5.84,850,4,0,560.93,0,1.96218,23.36
43,40682.62,4.3,5218.77,36,9.4,664,4,0,3223.29,0,0.12828008618913925,28.200000000000003
40,26800.52,8.8,7744.04,24,7.61,715,4,1,1884.51,0,0.28895110990383766,15.22
26,47657.34,15.1,13292.83,60,5.72,797,3,0,3716.18,0,0.2789251351418271,28.599999999999998
32,27686.31,1.5,15555.74,60,11.08,578,3,1,1968.35,0,0.5618567443621053,55.4
26,125359.28,0.8,25025.39,36,8.79,671,4,0,9653.25,0,0.19962933737334804,26.369999999999997
32,25345.09,2.3,5376.35,24,10.41,576,5,0,1862.98,0,0.21212589894137288,20.82
40,25978.17,0.6,5604.95,48,9.06,649,5,1,2025.21,0,0.2157561521846997,36.24
29,65004.59,0.9,9523.72,48,9.73,664,1,0,5176.74,0,0.14650842348209564,38.92
29,21202.26,11.5,14172.15,48,9.24,668,6,1,1412.56,0,0.6684263847344576,36.96
35,99091.67,4.7,9864.88,48,7.31,770,6,0,8019.99,0,0.09955307040440432,29.24
36,48794.76,2.0,22197.68,48,9.06,633,2,1,3513.21,1,0.4549193396995907,36.24
56,31798.48,1.5,19295.67,36,12.17,509,3,0,2007.41,1,0.606811080278051,36.51
41,36038.48,0.6,32137.74,36,7.73,730,3,0,2000.13,0,0.8917618057143364,23.19
43,27000.06,6.5,15134.2,24,7.25,702,5,1,1570.69,0,0.5605246803155253,14.5
18,89535.66,2.6,15046.21,36,10.73,567,5,0,6970.63,1,0.16804712223040516,32.19
21,28924.16,11.6,20281.29,36,6.44,798,1,0,1789.3,1,0.7011885565561801,19.32
34,61085.65,2.0,12485.1,48,6.55,764,4,0,4794.1,0,0.2043867913331527,26.2
60,81649.86,0.2,8246.21,12,9.29,645,4,0,6081.9,0,0.10099478431438828,9.29
40,15492.73,3.5,24757.95,60,11.34,480,2,0,748.56,1,1.5980366275020608,56.7
20,39402.95,2.2,22747.36,36,8.95,661,0,2,2560.75,0,0.5773009381277291,26.849999999999998
42,20291.65,5.6,7712.13,24,10.92,541,2,0,1331.81,0,0.38006421360510356,21.84
26,47589.06,0.3,69673.9,48,9.72,602,1,0,2208.0,0,1.4640738858888995,38.88
30,22831.74,7.3,14907.3,36,8.97,659,1,0,1428.8,0,0.6529200139805376,26.910000000000004
32,73987.41,2.4,4515.56,48,6.77,786,2,1,6057.97,0,0.0610314646775715,27.08
19,48085.73,11.5,49664.71,24,8.78,670,2,1,1743.23,0,1.0328367688293387,17.56
21,68532.56,1.5,40067.1,36,9.83,603,3,0,4421.39,0,0.5846432702937114,29.490000000000002
50,17817.35,3.3,13244.62,24,10.66,559,4,0,869.57,0,0.7433552127561058,21.32
32,84683.15,2.1,7183.09,48,6.22,771,3,0,6887.51,0,0.08482313187452287,24.88
31,24558.88,1.6,15930.54,24,8.56,686,2,2,1322.0,0,0.6486672030646349,17.12
31,24028.16,1.0,6135.52,36,8.39,633,7,0,1808.98,0,0.25534705945024505,25.17
31,43981.76,5.7,21300.52,48,7.94,736,0,1,3145.74,0,0.4843034930844059,31.76
45,134470.09,0.6,4241.89,48,11.3,523,3,0,11095.59,0,0.03154523061596821,45.2
34,15000.0,1.7,15001.79,48,9.64,631,1,1,872.1,1,1.0001193333333334,38.56
29,23124.17,0.6,45864.02,12,8.13,705,5,1,-2065.38,0,1.9833801602392649,8.13
40,60141.02,5.2,6117.16,36,6.69,740,6,0,4823.74,0,0.10171360578852837,20.07
27,106832.77,0.9,8631.63,12,6.81,762,2,0,8156.62,0,0.08079571464823011,6.81
31,159092.31,1.7,10467.69,48,6.51,801,4,0,13009.4,0,0.0657963291877527,26.04
30,71678.13,9.9,6386.07,60,8.98,627,4,2,5840.68,0,0.08909370263984286,44.900000000000006
22,15000.0,7.0,17702.4,48,12.56,501,4,0,778.95,0,1.18016,50.24
35,51147.24,0.8,7001.81,48,4.77,850,1,1,4101.75,0,0.13689516775489743,19.08
48,91174.78,4.3,21827.89,60,9.57,635,2,0,7138.73,0,0.23940710358719813,47.85
24,284000.6,6.8,17922.06,48,9.77,642,6,0,23214.14,1,0.06310571174849632,39.08
24,34388.05,1.0,7776.98,24,11.32,541,5,0,2502.05,0,0.22615356206589204,22.64
25,21286.44,9.1,30364.74,48,9.01,670,4,0,1018.1,0,1.4264827749496864,36.04
33,37178.51,0.1,8863.99,12,8.65,695,3,1,2324.48,0,0.23841703177453855,8.65
46,51546.17,6.9,21239.55,48,8.97,630,2,0,3767.27,0,0.41204904263498143,35.88
37,85001.04,10.6,5342.82,48,7.94,714,4,0,6953.14,0,0.06285593682147889,31.76
28,35064.47,0.4,38613.46,12,11.81,524,1,1,-505.29,1,1.1012132794250133,11.81
20,40924.9,16.8,25475.17,48,10.91,546,2,0,2753.1,0,0.6224858215902788,43.64
22,63440.34,0.8,38224.74,36,10.15,634,4,1,4050.6,0,0.6025305034619928,30.450000000000003
28,97462.08,0.6,41756.55,48,6.13,768,2,0,7138.7,0,0.4284389374821469,24.52
39,31052.46,4.1,46306.5,60,10.02,581,5,0,1603.37,0,1.4912345108889924,50.099999999999994
22,20097.26,2.3,1794.81,48,7.12,769,3,0,1631.69,0,0.08930620393028701,28.48
33,22623.95,2.1,6099.59,24,5.22,824,2,1,1617.13,0,0.2696076502997929,10.44
36,15000.0,1.9,7754.21,48,8.56,686,4,0,1058.65,0,0.5169473333333333,34.24
44,52836.52,0.1,29459.45,12,6.88,765,3,1,1855.64,0,0.5575584841696615,6.88
41,69951.3,9.3,3722.25,48,8.94,680,3,0,5736.75,0,0.053212020362738074,35.76
30,22172.41,4.9,9094.23,12,8.81,649,4,0,1053.2,0,0.4101597435732065,8.81
25,69593.93,4.2,12024.78,36,8.94,653,2,0,5417.45,0,0.17278489661382826,26.82
28,61387.22,2.9,8798.0,48,10.25,633,2,1,4891.4,0,0.143319733325601,41.0
50,15000.0,3.1,11980.37,48,13.69,454,4,2,924.48,0,0.7986913333333334,54.76
37,46189.98,11.3,18536.15,48,12.39,480,1,0,3357.48,1,0.4013024036814911,49.56
41,47710.44,18.1,11873.15,48,10.32,563,3,0,3672.91,0,0.24885853075343675,41.28
38,15000.0,12.4,22676.44,24,9.81,623,1,1,205.58,0,1.5117626666666666,19.62
41,18526.07,7.8,12593.47,60,6.27,815,0,0,1298.79,0,0.6797701833146479,31.349999999999998
35,34494.97,8.5,3030.06,24,10.56,517,2,2,2733.97,1,0.0878406329966369,21.12
41,30487.04,0.8,15644.06,24,8.76,690,3,2,1827.61,0,0.5131380416071878,17.52
47,49509.87,0.5,15291.36,48,7.31,729,3,0,3757.45,1,0.3088547798651057,29.24
31,46877.74,12.1,20182.02,48,10.4,578,4,0,3390.72,0,0.4305245944023752,41.6
26,28583.58,0.6,5689.29,36,5.6,806,3,0,2209.92,1,0.1990404980761682,16.799999999999997
46,47825.13,7.3,35967.2,24,8.13,687,0,0,2356.6,1,0.7520565025123821,16.26
34,70597.43,1.1,10590.02,48,9.85,578,2,0,5615.29,0,0.15000574383515097,39.4
31,95183.88,4.7,20024.91,24,11.28,547,1,0,6996.07,1,0.2103813166683266,22.56
33,43359.01,2.4,23255.16,24,6.86,746,2,0,2573.53,0,0.5363397365391875,13.72
34,15000.0,1.9,19212.69,24,9.29,643,1,0,369.71,0,1.280846,18.58
23,26269.39,15.4,5809.45,24,10.42,586,4,1,1919.91,0,0.22114902553884958,20.84
45,71633.91,4.5,8344.87,24,7.34,742,2,0,5594.58,0,0.1164932920735445,14.68
32,16989.97,1.8,9770.81,24,9.39,626,2,0,967.7,0,0.5750928341839332,18.78
28,15000.0,1.3,4373.34,36,10.9,600,3,0,1107.03,0,0.29155600000000004,32.7
36,59654.26,1.0,9885.52,48,10.61,596,2,0,4717.56,0,0.16571356345716132,42.44
25,15000.0,7.0,9720.97,36,12.59,466,2,1,924.38,0,0.6480646666666666,37.769999999999996
54,45290.28,5.5,3363.76,36,12.1,519,2,0,3662.3,0,0.07427112395860658,36.3
37,97896.19,1.8,10305.7,48,7.82,756,9,0,7907.29,0,0.10527171690747107,31.28
26,20624.09,3.5,6813.6,48,8.99,645,3,0,1549.15,0,0.3303709400026862,35.96
41,15000.0,3.6,6240.45,36,10.8,553,5,0,1046.29,0,0.41603,32.400000000000006
32,15000.0,6.8,38056.98,48,11.49,524,5,0,257.32,1,2.537132,45.96
51,24373.68,14.4,14597.62,48,11.58,510,1,0,1649.73,1,0.5989091511827512,46.32
35,50595.21,5.3,38102.42,48,8.35,712,6,0,3279.8,0,0.7530835428887438,33.4
37,21169.16,1.7,15652.37,36,8.59,665,4,0,1269.34,0,0.7393949500121876,25.77
41,15000.0,6.3,79356.95,48,5.61,840,5,0,-599.54,1,5.290463333333333,22.44
49,45850.48,7.1,8209.62,24,12.52,462,4,0,3432.42,0,0.17905199683841916,25.04
51,52529.55,8.5,10768.68,48,10.78,604,2,0,4100.29,1,0.2050023272615128,43.12
31,83512.35,10.7,10444.58,48,11.16,532,3,0,6688.6,0,0.1250662925902576,44.64
23,19794.36,6.1,8327.81,24,12.07,464,3,0,1257.24,1,0.4207163050485087,24.14
29,34917.38,1.5,5477.92,36,12.22,515,2,1,2727.26,1,0.1568823319504499,36.660000000000004
32,37149.24,0.0,61539.99,60,9.44,620,6,0,1805.12,0,1.6565612109426735,47.199999999999996
30,32085.84,0.3,36831.93,48,6.51,793,3,0,1800.18,0,1.1479185210672371,26.04
36,25534.49,6.4,9684.94,36,8.9,652,1,0,1820.35,0,0.3792885622544253,26.700000000000003
36,17954.29,0.7,19517.57,36,10.44,555,1,0,862.37,1,1.087069998312381,31.32
48,41803.0,2.5,24499.04,48,8.22,722,1,0,2882.96,1,0.5860593737291582,32.88
37,15000.0,12.0,50817.38,36,11.37,521,1,0,-422.61,0,3.3878253333333332,34.11
43,27387.32,6.3,23837.34,36,7.01,714,4,0,1546.14,0,0.8703787008002244,21.03
32,28455.61,8.4,5185.13,48,10.63,609,4,0,2238.22,0,0.182218198801572,42.52
39,46507.82,2.9,9313.58,60,7.45,720,3,1,3689.25,0,0.200258365152355,37.25
41,22619.75,5.5,2713.75,36,9.02,621,0,1,1798.66,0,0.11997259032482675,27.06
33,74602.95,5.7,9793.25,36,11.15,536,5,0,5895.6,1,0.13127161861561776,33.45
34,34449.63,1.3,5144.33,60,8.41,709,4,0,2765.48,0,0.14932903488368382,42.05
26,21328.86,5.3,2872.0,36,8.18,635,3,0,1687.17,0,0.13465323510023508,24.54
24,28484.59,7.6,17802.67,12,12.03,485,2,2,791.72,0,0.6249930225430662,12.03
28,34296.01,0.1,29475.19,48,8.8,677,5,0,2127.31,1,0.8594349605099835,35.2
34,15000.0,1.2,45918.81,36,6.22,833,3,0,-151.52,1,3.061254,18.66
42,15000.0,11.5,15569.04,48,9.61,632,2,0,858.04,1,1.037936,38.44
34,16962.58,13.5,38866.95,36,7.39,716,2,0,206.51,0,2.291334808737821,22.169999999999998
27,15000.0,11.5,27330.43,48,9.33,622,1,0,565.59,1,1.8220286666666667,37.32
38,27712.37,1.4,16738.32,48,9.99,619,2,0,1884.92,1,0.6040017508426743,39.96
46,63481.02,10.0,21993.36,12,9.35,633,2,1,3363.16,0,0.34645568076883454,9.35
32,23377.67,6.7,36397.26,24,10.99,574,1,0,251.91,1,1.556924193044046,21.98
37,49898.94,1.1,21326.82,36,8.1,645,7,0,3488.96,1,0.4274002614083586,24.299999999999997
42,46682.24,0.6,22893.76,48,7.86,689,2,0,3332.79,0,0.4904169122989814,31.44
30,70578.45,11.8,2631.64,48,7.64,695,0,0,5817.74,0,0.03728673554038095,30.56
45,23078.18,8.3,25413.08,36,10.51,566,3,0,1097.07,1,1.1011734894172764,31.53
37,15000.0,2.8,10748.02,36,4.12,839,4,1,932.1,0,0.7165346666666667,12.36
25,20695.01,5.5,32616.23,24,8.82,637,3,0,237.21,0,1.5760432104164241,17.64
42,31501.23,7.2,47780.97,48,8.85,655,3,0,1439.47,0,1.5167969631662002,35.4
27,75481.68,11.4,4087.7,36,7.01,744,5,0,6163.91,0,0.05415486247788868,21.03
31,98945.29,4.6,23194.77,60,9.65,642,3,0,7756.61,0,0.23442015279352865,48.25
31,30609.0,9.1,15173.64,36,12.09,551,1,0,2046.12,1,0.4957247868274037,36.269999999999996
38,109339.22,0.2,23375.6,60,6.29,768,3,1,8656.53,0,0.2137897087614124,31.45
34,24144.55,0.8,17664.76,36,4.23,850,0,0,1488.7,1,0.7316251493608288,12.690000000000001
19,105167.93,4.7,8817.24,12,5.68,819,4,0,8006.42,1,0.08383962677595727,5.68
43,28005.76,7.4,27102.3,24,5.1,817,1,0,1143.58,0,0.9677402077286958,10.2
32,32760.91,8.5,6007.01,24,11.62,578,3,0,2448.37,0,0.1833590703066551,23.24
30,25341.6,2.3,4983.98,36,7.89,720,2,1,1955.87,0,0.1966718754932601,23.669999999999998
45,21891.39,6.0,100000.0,48,8.01,734,5,0,-617.48,0,4.568005960334177,32.04
49,44227.78,1.2,4483.74,60,8.89,679,2,2,3592.81,0,0.10137836445781362,44.45
44,45572.34,2.4,24698.57,24,12.85,461,5,0,2625.22,0,0.5419640510011117,25.7
30,31746.15,0.0,15310.95,24,6.63,757,2,0,1962.57,0,0.4822931284580965,13.26
36,26121.89,1.1,15818.65,36,9.89,627,1,0,1667.22,1,0.6055706535782824,29.67
35,68384.72,10.9,6569.96,48,8.21,656,5,0,5537.69,0,0.09607350881892913,32.84
36,15000.0,3.5,19013.55,60,15.18,343,2,0,795.87,0,1.2675699999999999,75.9
21,28740.29,5.8,3133.07,60,9.81,620,4,0,2328.75,0,0.109013165837923,49.050000000000004
37,15176.82,3.6,15431.85,60,9.4,592,3,1,941.39,0,1.0168039154447375,47.0
39,47874.11,0.4,19029.16,36,7.61,699,1,0,3396.62,0,0.3974833161389319,22.830000000000002
38,50675.99,3.3,20837.36,48,9.07,670,3,0,3703.77,0,0.41118802020444006,36.28
37,31476.14,0.7,6886.54,12,11.32,504,3,0,2013.34,0,0.21878603920302808,11.32
35,43321.43,1.6,11365.42,24,8.78,633,8,0,3092.04,0,0.26235098887548264,17.56
52,15000.0,7.6,4046.72,36,10.38,607,2,0,1118.7,0,0.2697813333333333,31.14
18,89829.83,1.7,10470.1,60,9.08,601,2,1,7268.07,0,0.1165548237150176,45.4
27,16608.83,4.4,12645.34,12,11.67,521,2,1,262.5,1,0.7613624800783679,11.67
48,68796.54,26.8,13165.92,48,8.67,717,4,0,5407.47,0,0.19137474064829424,34.68
42,45964.33,2.5,13420.0,36,10.88,562,3,0,3391.77,0,0.2919655306625812,32.64
18,27123.89,9.7,24909.79,24,7.11,697,5,1,1143.81,1,0.9183708531482764,14.22
40,23366.99,4.7,6186.07,24,9.72,605,4,0,1662.59,0,0.2647354237751631,19.44
39,97403.23,2.9,13850.6,48,11.17,573,5,1,7757.82,1,0.142198569801022,44.68
45,41490.39,3.1,15359.62,12,8.02,699,5,0,2121.28,0,0.37019705044951373,8.02
52,19870.89,12.7,25994.59,12,9.49,669,1,0,-623.27,0,1.3081744199681042,9.49
60,47015.88,6.7,52232.47,48,7.28,732,5,0,2660.42,0,1.110953788379586,29.12
43,61230.14,1.7,13233.24,36,8.04,754,2,0,4687.59,0,0.21612297473107198,24.119999999999997
29,21165.15,2.9,21248.69,48,8.88,669,3,0,1236.2,0,1.003947054473982,35.52
26,51416.6,1.8,24449.84,24,8.45,661,5,0,3173.89,0,0.4755242470330594,16.9
29,37387.04,9.6,11777.45,12,7.0,770,1,1,2096.52,0,0.31501424022869956,7.0
46,25718.88,4.0,10170.41,48,8.66,666,6,1,1891.79,0,0.39544529155235375,34.64
29,16239.16,1.6,3769.28,36,11.47,512,1,0,1229.02,0,0.23211052788444725,34.410000000000004
57,18386.38,0.5,3096.01,48,9.23,646,3,1,1454.82,1,0.16838605533008674,36.92
22,45121.21,0.5,9698.94,24,12.64,427,4,0,3300.63,1,0.21495301212002074,25.28
45,94630.24,9.6,21711.12,36,11.33,527,3,0,7171.66,0,0.22943109940331968,33.99
24,25798.92,0.2,15043.97,36,8.13,689,4,2,1677.58,0,0.5831240222458924,24.39
26,15893.27,5.6,5758.28,24,9.89,598,2,0,1059.02,0,0.3623093296722449,19.78
29,31686.54,0.2,5661.57,60,7.96,673,1,0,2525.86,0,0.1786742888305255,39.8
35,36048.14,8.1,17720.43,36,9.75,612,2,0,2434.3,0,0.4915768192200763,29.25
60,37209.83,1.2,14000.57,60,14.7,390,2,0,2769.95,0,0.3762599829131173,73.5
45,61675.97,1.3,100000.0,48,6.47,761,5,0,2769.55,0,1.621377012797691,25.88
44,61990.23,10.1,37522.98,60,8.05,738,3,1,4404.12,0,0.6053047391500241,40.25
48,37008.67,8.5,100000.0,60,11.84,523,2,0,867.69,0,2.702069542082977,59.2
30,17101.12,8.7,9293.1,48,6.13,764,0,0,1206.29,0,0.5434205478939391,24.52
42,67922.4,3.6,30303.2,48,8.22,629,3,0,4917.28,0,0.4461444236363851,32.88
33,33752.64,6.5,6755.65,60,8.92,605,2,0,2672.75,0,0.20015175109265526,44.6
22,29731.57,4.5,5101.63,36,9.66,638,2,0,2313.83,0,0.17158966041820195,28.98
23,23406.69,0.5,8399.32,24,9.39,646,2,1,1565.33,0,0.3588427069354958,18.78
24,27227.44,6.8,88217.63,24,9.05,618,2,1,-1763.27,1,3.2400266055126745,18.1
37,37042.61,0.7,9964.82,24,5.06,850,3,1,2649.45,0,0.26900966211614136,10.12
39,28660.33,0.8,15679.34,48,10.82,551,2,1,1984.49,0,0.5470746498731871,43.28
55,27942.94,4.4,4227.65,24,11.51,521,1,0,2130.53,0,0.15129581926597557,23.02
39,25293.15,0.2,4775.37,48,5.7,850,4,0,1996.27,0,0.18880092040730395,22.8
38,15635.2,10.3,7844.88,48,8.13,695,0,0,1110.94,0,0.5017447810069586,32.52
37,25059.1,9.0,6950.47,48,7.84,694,0,0,1919.1,0,0.27736311359945093,31.36
50,52362.02,1.1,25349.7,36,8.73,660,3,0,3560.57,0,0.48412379812696305,26.19
32,15588.13,2.6,50853.59,48,8.94,674,4,0,34.97,0,3.2623278096859596,35.76
28,17397.38,6.8,6990.84,48,13.71,430,5,1,1259.76,1,0.40183291966951346,54.84
53,27218.54,4.6,18776.11,36,5.78,836,4,0,1698.88,0,0.6898279628517915,17.34
43,17134.27,6.1,14441.28,24,7.47,687,2,2,778.2,1,0.8428301876881829,14.94
38,15000.0,5.0,4691.86,60,8.56,630,4,1,1153.6,0,0.31279066666666666,42.800000000000004
37,21866.87,0.1,41477.81,36,11.0,560,2,0,464.31,0,1.896833428835494,33.0
39,87496.58,6.2,45027.11,48,7.69,726,4,0,6198.68,1,0.5146156569776784,30.76
35,41952.56,4.9,58319.84,48,7.34,707,2,1,2090.29,0,1.3901378128057025,29.36
53,132660.27,0.2,17599.02,48,11.61,535,3,2,10594.94,1,0.13266232610562304,46.44
34,33079.83,8.2,13476.61,48,11.01,578,3,0,2408.28,0,0.40739659182045374,44.04
46,66850.03,7.9,22034.64,36,6.95,741,2,0,4890.97,0,0.32961301588047154,20.85
26,82300.98,7.6,11067.12,48,10.29,565,4,0,6576.18,0,0.13447130277185038,41.16
32,15000.0,10.2,13761.99,12,9.87,590,3,0,40.93,0,0.917466,9.87
32,23939.52,3.0,21792.81,36,4.55,834,4,0,1346.2,0,0.9103277759955087,13.649999999999999
33,39530.49,4.6,9181.59,48,8.0,685,4,0,3070.06,0,0.23226603060068318,32.0
41,38803.94,7.8,3782.24,12,10.58,624,1,0,2900.12,0,0.09747051459207491,10.58
34,63656.05,0.0,14795.91,24,9.92,626,1,0,4622.46,0,0.23243525163751128,19.84
37,35437.56,4.7,9323.41,48,5.45,845,6,0,2736.51,0,0.2630940166309419,21.8
20,20336.94,4.2,15524.06,24,7.59,713,3,0,995.53,0,0.7633429611337792,15.18
27,43103.06,2.3,8199.95,48,11.64,513,5,0,3377.43,0,0.19024055368690765,46.56
38,37637.4,0.3,22545.14,36,6.3,769,2,0,2447.51,0,0.5990089644874512,18.9
44,23286.83,14.7,10353.95,48,10.33,588,0,0,1676.32,0,0.4446268556089429,41.32
31,95941.33,6.4,5448.71,48,8.49,674,4,0,7860.84,0,0.05679210409111485,33.96
32,23450.78,2.6,57070.97,24,6.47,765,9,0,-587.29,0,2.433649115295952,12.94
47,17900.55,0.3,14794.12,48,8.33,636,1,0,1128.25,0,0.8264617567616638,33.32
32,53312.4,2.7,20384.22,60,7.09,742,4,0,4038.2,0,0.38235419902311657,35.45
25,27271.14,3.7,45905.29,48,7.97,715,3,0,1152.56,0,1.6832919342572406,31.88
39,21035.56,1.4,17010.86,48,10.34,588,3,1,1318.74,1,0.8086716018019011,41.36
56,39538.69,0.5,9621.06,48,6.97,752,2,0,3064.64,0,0.24333279630660498,27.88
18,26543.22,5.0,84535.87,48,9.74,607,4,0,78.43,0,3.1848385388057663,38.96
35,24122.81,5.2,22065.99,36,7.43,709,1,2,1324.55,1,0.914735472359978,22.29
34,49807.76,2.8,5217.35,60,7.65,711,3,0,4045.73,0,0.10474974180730072,38.25
30,28510.92,0.4,8165.9,36,7.69,706,3,0,2121.19,0,0.28641306559030716,23.07
24,15000.0,2.5,22605.88,60,8.38,709,2,1,787.51,0,1.5070586666666668,41.900000000000006
28,152554.57,0.1,9168.54,24,12.26,486,1,0,12280.17,1,0.06010006779869,24.52
24,30329.57,1.8,6212.26,48,8.42,680,2,0,2374.58,0,0.20482519204855196,33.68
26,62907.59,14.9,6266.28,60,5.5,844,3,0,5122.61,0,0.0996108736640523,27.5
39,15000.0,1.7,24560.95,36,7.4,692,5,0,487.13,0,1.6373966666666666,22.200000000000003
27,37425.86,1.1,23066.17,48,7.49,715,0,0,2561.21,0,0.6163163652084414,29.96
44,47384.35,2.2,34142.25,24,9.75,633,0,0,2377.14,0,0.7205385322369094,19.5
18,15000.0,0.6,12896.52,36,8.18,659,3,0,844.8,0,0.859768,24.54
28,38222.25,18.1,14315.8,36,13.09,404,3,0,2702.21,0,0.3745410068742682,39.269999999999996
20,50631.01,1.2,10161.67,12,8.05,659,2,0,3335.07,0,0.20070051930625124,8.05
42,74237.2,2.8,12864.31,48,6.67,755,2,0,5880.35,0,0.17328657330826056,26.68
19,16971.7,3.2,8793.55,48,11.1,571,5,1,1186.61,1,0.5181301814196574,44.4
41,17961.77,3.2,4898.06,48,13.93,414,4,0,1363.14,0,0.27269361538423,55.72
55,20512.38,3.5,3206.69,24,8.88,644,6,0,1563.04,0,0.15632949467589816,17.76
18,182200.47,5.4,4100.97,12,7.29,754,2,0,14827.98,1,0.022508009995802977,7.29
38,39246.45,2.9,19576.03,24,7.09,755,5,1,2393.27,0,0.4987974708540518,14.18
43,124153.14,4.6,15810.19,36,8.3,666,4,0,9848.47,1,0.12734426209437796,24.900000000000002
46,60672.82,17.3,3962.09,48,8.45,687,2,0,4958.5,0,0.06530255227958746,33.8
21,46901.38,0.2,31688.04,36,11.03,561,3,0,2870.57,0,0.6756312927252888,33.089999999999996
19,35775.09,0.2,12971.59,12,7.36,758,5,1,1856.71,0,0.3625872080265906,7.36
55,91667.21,20.1,13423.02,48,6.51,815,1,0,7320.55,1,0.14643207751168602,26.04
47,28126.33,2.0,30140.26,60,4.93,804,4,0,1776.04,0,1.071603013973028,24.65
39,63294.11,1.7,18701.53,48,10.06,656,3,1,4799.65,0,0.2954703052148138,40.24
25,76109.65,4.2,10733.55,48,8.4,700,0,2,6078.41,0,0.14102745184086382,33.6
39,61494.64,1.1,23876.5,24,7.46,694,3,0,4050.55,0,0.3882696117905561,14.92
26,23319.25,1.1,3401.85,36,9.46,636,4,0,1834.36,0,0.14588162140720648,28.380000000000003
48,58428.96,1.6,37278.47,36,9.1,639,1,0,3681.9,0,0.6380135809365767,27.299999999999997
49,16994.93,4.2,5278.15,24,8.75,657,4,2,1175.72,0,0.31057203530700034,17.5
36,44300.42,5.7,9923.19,48,8.05,682,3,0,3449.21,0,0.22399765058660845,32.2
43,31964.45,1.0,6541.58,36,10.71,568,2,0,2450.44,0,0.2046517302816097,32.13
26,28609.54,3.2,10795.82,36,7.6,733,3,0,2047.82,1,0.3773503523649803,22.799999999999997
36,17371.25,6.3,8225.14,36,7.72,724,3,0,1190.92,1,0.4734915449377563,23.16
46,15000.0,1.9,23968.18,48,8.24,686,2,1,662.16,0,1.5978786666666667,32.96
27,26205.49,4.1,19198.02,36,10.79,551,0,1,1557.18,1,0.7325953454791343,32.37
18,71778.21,5.3,32806.57,12,7.61,702,3,1,3133.64,0,0.4570547245466277,7.61
40,35365.05,2.6,4013.14,60,11.82,510,3,0,2858.18,1,0.11347757178344155,59.1
42,15746.95,9.3,15012.95,36,5.72,783,5,0,857.42,0,0.9533877989070899,17.16
43,29223.33,24.9,24758.91,36,10.04,570,5,1,1635.91,1,0.8472309623851901,30.119999999999997
45,65842.81,0.6,10409.54,48,5.23,850,2,0,5246.09,0,0.15809683699708443,20.92
36,77078.87,3.8,11744.56,60,10.9,557,3,0,6168.47,1,0.15237068213376767,54.5
23,27017.85,3.6,14038.37,36,9.63,658,1,0,1800.94,1,0.5195961188621597,28.89
45,82527.62,0.3,25723.65,48,9.16,638,0,0,6235.21,0,0.31169746564847023,36.64
36,25010.34,3.0,16738.49,12,8.61,659,2,0,623.42,0,0.6692627929088529,8.61
31,106604.02,0.8,5019.91,36,8.12,736,2,1,8726.08,1,0.0470893123917841,24.36
37,19555.4,0.8,13152.9,48,11.67,513,2,0,1285.38,0,0.6725968274747639,46.68
18,23392.98,0.9,26398.58,48,7.43,742,5,1,1311.99,0,1.128482989341247,29.72
46,43252.71,4.1,20665.16,48,11.83,488,4,0,3061.92,0,0.4777772306058973,47.32
26,80365.32,1.0,12332.44,36,9.57,621,2,0,6301.66,0,0.15345474888919747,28.71
27,118183.2,1.8,8396.72,36,12.6,410,5,0,9567.3,1,0.07104833851173432,37.8
41,63921.92,0.3,4722.49,36,9.64,598,9,0,5175.24,0,0.07387903867718616,28.92
52,194641.46,8.4,26680.76,60,4.88,850,3,1,15718.09,0,0.13707644815241316,24.4
18,24060.43,4.2,29478.58,48,10.37,620,1,0,1252.13,1,1.2251892422537753,41.48
44,80263.42,0.4,4785.17,48,8.22,680,1,0,6571.3,0,0.0596183167873983,32.88
29,73129.98,6.0,31153.78,48,7.44,693,5,0,5341.77,0,0.42600558621785484,29.76
34,16790.03,1.1,21721.59,24,9.66,631,4,0,400.23,1,1.2937195466595355,19.32
34,104901.57,2.5,10673.84,24,6.22,763,2,0,8267.67,0,0.10175100334532648,12.44
36,29140.65,2.4,8206.0,36,5.68,850,2,2,2179.93,0,0.2815997584130759,17.04
18,76982.86,2.6,13565.12,24,10.54,549,4,0,5785.89,0,0.17620961341264796,21.08
34,37193.93,5.7,16005.99,36,8.67,714,5,1,2592.96,0,0.4303387676429998,26.009999999999998
34,42605.18,2.3,12702.88,60,9.7,577,3,0,3282.4,0,0.29815341702581705,48.5
25,15000.0,6.3,15248.69,24,11.2,565,4,0,537.87,1,1.0165793333333333,22.4
38,56368.86,3.1,35395.15,36,7.31,745,6,1,3599.48,0,0.6279202737114074,21.93
42,48036.15,5.6,30914.47,60,6.85,760,5,0,3393.05,0,0.6435667721080894,34.25
23,43308.82,4.2,23891.95,36,9.72,617,2,0,2841.28,1,0.5516647648215768,29.160000000000004
38,22603.19,6.2,14912.02,48,10.47,548,3,0,1502.02,0,0.659730772514853,41.88
33,38202.75,7.7,17798.09,24,13.01,507,6,0,2337.33,0,0.46588504754238896,26.02
35,125450.97,6.1,23834.72,48,12.0,512,2,0,9826.59,0,0.1899923133316546,48.0
18,93504.26,2.4,24678.12,24,6.96,760,2,0,6687.57,0,0.2639250874772978,13.92
40,48845.66,1.6,28472.15,48,8.09,683,4,0,3374.18,0,0.5829003027085723,32.36
39,23214.88,2.6,20396.4,36,7.08,718,4,0,1304.05,0,0.8785916618996092,21.240000000000002
32,21500.51,5.3,19367.19,36,7.15,743,2,0,1192.38,0,0.9007781675876526,21.450000000000003
45,108106.14,3.6,7514.16,48,7.53,704,1,1,8827.06,0,0.06950724537940213,30.12
24,29245.18,1.5,21550.89,48,5.43,846,1,1,1936.59,1,0.736903995803753,21.72
37,32606.65,3.4,9504.82,36,9.43,615,3,0,2413.06,0,0.29149943339778844,28.29
18,21824.36,10.3,13477.55,36,9.82,624,6,0,1384.95,0,0.6175461731752958,29.46
42,31813.93,2.7,6353.84,48,11.19,526,2,1,2486.36,1,0.19971880242396964,44.76
24,30344.9,0.9,17424.98,24,8.85,639,1,0,1733.88,0,0.5742309251307468,17.7
23,33094.51,6.8,3972.83,24,7.76,717,2,0,2578.63,0,0.12004498631343989,15.52
39,228139.81,3.8,9646.7,24,9.83,583,3,0,18567.26,1,0.04228415899881744,19.66
40,29859.88,8.1,7375.91,36,10.68,579,5,0,2247.96,0,0.2470174026151478,32.04
18,44266.33,1.0,5031.19,24,10.66,600,8,0,3455.16,0,0.11365726501383781,21.32
18,75177.63,2.2,21800.76,12,10.68,523,7,0,4341.27,0,0.28998998771310025,10.68
19,174281.74,4.0,12275.4,36,9.05,653,2,0,14132.84,1,0.07043422908217464,27.150000000000002
34,15000.0,8.0,15698.28,36,7.14,701,3,0,764.28,0,1.0465520000000001,21.419999999999998
38,119109.42,1.5,16137.89,48,7.85,756,2,0,9532.95,0,0.13548794041646747,31.4
32,21863.12,0.7,12243.79,48,9.44,646,5,1,1514.68,0,0.5600202532849841,37.76
30,44431.55,1.7,4930.91,24,9.54,623,7,0,3476.14,0,0.11097767239720423,19.08
32,29305.29,2.1,11600.0,36,10.07,605,4,0,2067.43,0,0.3958329707708062,30.21
29,15000.0,7.8,15935.86,36,8.56,691,3,0,746.5,1,1.0623906666666667,25.68
61,15000.0,3.9,18944.82,24,6.45,755,1,0,406.51,0,1.262988,12.9
35,41017.19,0.2,3741.18,48,9.78,595,6,0,3323.61,1,0.09121005120048448,39.12
36,20104.2,10.4,22750.33,12,8.92,654,4,0,-313.36,0,1.1316207558619593,8.92
48,15000.0,5.5,1595.61,24,10.98,570,2,1,1175.65,0,0.106374,21.96
18,20362.62,5.5,20939.88,48,7.36,732,3,1,1191.95,1,1.0283490042047636,29.44
49,15000.0,11.9,6997.04,24,14.91,418,3,0,911.04,0,0.46646933333333335,29.82
33,22116.04,1.3,10646.67,36,8.5,684,3,0,1506.91,0,0.48140037728273233,25.5
36,19636.0,10.6,64725.77,36,8.24,695,1,1,-399.11,1,3.2962808107557544,24.72
19,77846.22,2.5,15946.1,36,7.95,735,3,1,5987.86,0,0.20484103145920252,23.85
47,23199.77,6.7,4593.48,48,7.93,717,0,0,1821.32,0,0.1979967904854229,31.72
30,123114.76,6.9,5391.09,12,8.35,680,4,1,9789.73,0,0.04378914437229135,8.35
41,98393.42,0.4,26451.25,24,10.35,649,3,1,6974.58,0,0.26883149300024334,20.7
26,60027.13,4.4,20066.43,48,8.58,674,6,1,4506.9,0,0.3342893455009427,34.32
46,41775.52,4.1,15240.34,24,6.7,751,3,0,2801.01,0,0.36481508787921735,13.4
38,40623.46,1.3,26232.46,24,14.24,448,2,0,2122.82,0,0.6457465710700172,28.48
45,199823.47,7.8,6551.36,36,7.09,733,3,0,16449.4,0,0.03278573833193869,21.27
48,51238.47,3.8,11404.17,36,9.89,595,5,0,3902.48,0,0.22257046316956772,29.67
35,48640.96,1.1,24230.74,24,9.15,644,0,0,2944.77,0,0.49815505286079886,18.3
30,33416.44,1.6,24399.76,48,11.04,549,2,0,2153.6,1,0.7301723343360333,44.16
26,171634.13,16.0,15330.58,48,11.16,547,4,0,13905.43,0,0.08932127893210982,44.64
51,41234.18,4.9,68752.01,36,6.66,773,1,0,1323.99,0,1.6673548497872395,19.98
33,15000.0,2.2,6856.01,24,9.32,650,2,0,935.78,0,0.4570673333333333,18.64
32,34577.81,3.1,9833.62,48,8.63,681,4,0,2638.5,0,0.28439105889008015,34.52
25,67060.08,9.4,9667.76,60,7.61,724,2,1,5394.11,0,0.14416564966817816,38.050000000000004
46,47575.59,9.2,7124.86,60,10.99,543,1,0,3809.76,1,0.1497587313157861,54.95
27,39863.51,15.0,4851.86,24,8.57,659,1,2,3101.26,0,0.12171181112751986,17.14
29,85375.63,6.1,7217.81,48,9.73,639,4,1,6932.51,0,0.08454180660218848,38.92
40,36550.82,0.5,7220.42,48,12.46,491,5,0,2854.13,1,0.1975446788881891,49.84
31,57617.48,0.4,17222.22,36,8.07,650,3,0,4261.22,1,0.29890616528178604,24.21
38,50782.23,0.1,100000.0,36,7.21,746,5,0,1134.53,0,1.9691927668398965,21.63
23,19281.85,3.4,4598.31,12,11.4,565,4,0,1199.56,1,0.23847867294891315,11.4
45,157861.71,1.1,12284.32,48,11.01,537,4,0,12837.59,0,0.07781697030901287,44.04
35,24000.97,9.2,8991.71,36,6.98,742,1,1,1722.53,0,0.3746394416558997,20.94
48,78024.37,0.3,19856.33,36,11.84,539,2,2,5844.03,1,0.2544888218898788,35.519999999999996
31,15000.0,3.8,12258.96,12,10.08,609,4,0,171.79,0,0.817264,10.08
24,32344.63,3.6,10014.31,48,9.09,641,3,0,2445.75,0,0.3096127548838864,36.36
25,68937.64,1.2,15120.78,36,7.76,720,2,0,5272.65,0,0.2193399716033215,23.28
26,30124.6,1.2,64480.91,48,10.3,609,3,0,865.68,1,2.1404735664539944,41.2
46,51268.24,2.7,33936.33,12,7.18,784,3,0,1333.14,0,0.6619367077941432,7.18
31,46963.39,1.0,42792.34,60,8.12,721,1,0,3043.48,0,0.9111850741609581,40.599999999999994
32,36658.27,6.6,6428.31,36,8.92,675,6,0,2850.68,0,0.17535770236838785,26.759999999999998
37,15000.0,7.7,4627.83,48,11.55,493,2,0,1129.15,0,0.308522,46.2
34,19523.08,10.4,14485.53,60,11.62,534,3,0,1307.48,0,0.7419695048117407,58.099999999999994
25,38104.07,3.5,27120.22,24,10.6,587,2,0,1916.36,0,0.711740766799977,21.2
36,76786.5,1.4,15747.47,24,9.92,616,3,0,5672.79,0,0.20508123172693116,19.84
24,37258.02,2.8,4015.47,12,8.17,695,3,1,2755.22,1,0.10777464825022909,8.17
18,75145.97,5.3,4405.71,48,10.34,572,5,1,6149.7,1,0.05862869292924158,41.36
30,90955.11,2.5,12843.84,24,9.11,591,2,0,6992.18,0,0.1412107577023435,18.22
44,49167.85,2.8,43251.83,36,7.89,674,7,0,2744.16,0,0.879677065399443,23.669999999999998
18,38969.48,4.2,5471.22,48,8.18,705,3,0,3113.43,1,0.14039756240011414,32.72
38,89219.62,1.1,6316.95,36,4.87,850,3,0,7246.01,0,0.07080225179170233,14.61
52,15000.0,2.6,6278.73,36,11.6,524,0,0,1042.65,0,0.41858199999999995,34.8
34,46511.73,7.5,20747.96,36,10.71,549,3,0,3199.56,0,0.4460801608540469,32.13
30,101154.56,3.2,18490.32,36,7.6,744,2,1,7853.53,0,0.18279274804813544,22.799999999999997
48,15000.0,8.5,14838.53,24,7.39,738,4,0,583.01,0,0.9892353333333334,14.78
37,33143.34,1.3,19911.12,24,8.02,691,7,2,1861.24,0,0.6007577993044757,16.04
34,69108.31,6.1,2663.46,24,8.66,699,2,0,5637.76,0,0.03854037235174757,17.32
49,65059.78,10.8,15680.92,24,10.88,541,3,0,4691.67,0,0.24102325584254974,21.76
18,41253.63,1.7,45227.66,24,11.04,584,0,0,1329.0,0,1.0963316440274469,22.08
18,16361.08,5.7,17570.93,48,7.32,749,5,0,940.05,1,1.0739468299158736,29.28
27,25333.98,4.6,26612.4,36,9.54,650,5,0,1258.19,0,1.0504626592426458,28.619999999999997
48,31528.2,9.8,11719.5,36,6.54,764,2,2,2267.95,0,0.3717148457571317,19.62
36,74353.92,15.8,38005.59,36,7.76,720,1,1,5009.41,0,0.5111444023395134,23.28
30,32934.74,13.7,31046.1,60,9.32,658,1,1,2095.26,0,0.9426550809267054,46.6
43,98255.37,5.9,9014.23,48,8.05,708,2,0,7967.67,1,0.09174287369738672,32.2
41,68970.23,2.8,11086.24,36,9.89,598,4,1,5390.37,0,0.16073949586654995,29.67
42,108052.82,2.8,6193.48,24,9.34,647,4,0,8720.49,1,0.057319003798327516,18.68
34,67496.39,1.6,40836.09,48,10.76,545,4,1,4574.02,1,0.6050114680207341,43.04
30,36014.23,4.6,21321.73,24,8.86,613,1,0,2028.48,0,0.5920362590009559,17.72
47,118386.5,4.5,12090.14,24,9.41,629,0,0,9310.93,0,0.10212431316070666,18.82
51,25155.31,0.9,15531.49,12,10.0,606,6,0,730.81,0,0.6174239156663145,10.0
18,95741.75,0.4,3659.79,24,10.7,569,3,0,7808.41,1,0.038225643462752666,21.4
37,143407.84,5.2,15893.34,24,10.66,572,2,0,11212.4,0,0.11082615845828234,21.32
31,38403.34,2.0,3797.16,24,10.89,555,1,0,3023.5,1,0.0988757748674985,21.78
18,21559.87,2.4,9954.21,24,14.73,437,1,0,1315.29,1,0.4617008358584722,29.46
32,59738.52,0.5,12024.69,24,11.06,519,0,0,4417.43,0,0.20128871622530992,22.12
32,92423.6,6.5,5201.79,12,8.59,642,2,0,7248.05,0,0.05628205350148663,8.59
29,31566.39,0.9,13974.58,60,7.94,665,3,2,2347.58,0,0.44270440807453754,39.7
51,37121.73,4.1,21976.22,60,10.0,580,4,0,2626.55,0,0.592004198080208,50.0
22,38225.33,1.1,8894.01,48,11.52,539,3,2,2953.32,0,0.23267320386769716,46.08
27,21311.05,1.4,7283.15,48,10.33,592,3,0,1590.05,0,0.3417546296404917,41.32
18,26227.24,2.1,9308.59,48,9.35,644,5,1,1952.41,0,0.35492068551628,37.4
38,48219.59,5.7,9292.73,36,9.36,619,1,0,3721.23,0,0.19271690198941965,28.08
38,15000.0,1.0,14728.88,36,9.27,632,2,1,779.77,0,0.9819253333333333,27.81
34,44550.39,2.3,5963.02,36,8.7,676,4,0,3523.74,0,0.13384888437564746,26.099999999999998
47,53528.96,5.4,3486.71,36,10.92,566,3,0,4346.73,0,0.06513689038606392,32.76
31,31826.65,0.5,35742.0,60,5.38,850,3,0,1971.48,1,1.1230211159515688,26.9
43,235501.55,8.5,10426.31,36,8.48,676,3,0,19296.09,0,0.04427278716424584,25.44
20,32048.08,1.3,18609.63,36,6.42,768,1,0,2100.98,1,0.5806784681016772,19.259999999999998
28,61613.08,9.2,3875.22,60,9.04,639,6,0,5053.9,0,0.06289606038198382,45.199999999999996
29,15000.0,2.5,34504.96,48,9.46,587,1,1,383.79,0,2.3003306666666665,37.84
41,16179.4,3.2,10529.27,48,10.33,595,2,0,1079.56,0,0.6507824764824407,41.32
33,77709.38,1.9,6202.59,36,8.61,650,1,0,6279.67,0,0.07981777746779088,25.83
44,35725.65,5.5,15548.78,60,12.91,485,4,0,2624.07,0,0.43522735065702095,64.55
27,36417.36,2.6,50674.09,48,9.3,660,2,1,1766.52,0,1.3914816999365136,37.2
40,15000.0,0.6,10213.12,48,5.93,765,5,0,1010.47,1,0.6808746666666667,23.72
41,15312.34,0.6,5670.07,36,8.32,703,3,0,1097.51,0,0.37029415491035333,24.96
48,26553.81,12.8,55455.57,60,6.68,758,2,0,1123.08,0,2.088422339393104,33.4
51,24631.58,11.1,15464.14,36,8.76,657,6,0,1562.6,0,0.6278176227428366,26.28
34,106200.57,2.6,21479.85,60,7.21,762,2,0,8422.59,0,0.20225738901401374,36.05
35,93281.27,4.5,7381.88,48,10.11,583,4,1,7585.83,1,0.07913571502617835,40.44
30,19551.12,1.0,16668.85,48,10.0,612,1,1,1206.49,1,0.8525777551362786,40.0
42,48088.43,2.4,12993.73,48,8.6,686,5,1,3686.48,0,0.27020491207552416,34.4
24,22165.01,0.7,5473.09,48,7.33,696,2,1,1715.18,0,0.24692477016703357,29.32
23,32135.04,2.2,28097.24,36,8.32,702,3,0,1793.3,1,0.8743489972316824,24.96
27,27044.21,8.5,56521.0,36,9.11,662,1,1,453.44,0,2.0899482735861024,27.33
37,56842.48,1.6,83336.54,48,7.67,707,4,0,2715.27,1,1.4660961309218035,30.68
24,18526.73,1.6,4280.54,48,7.98,738,4,0,1439.43,1,0.2310467092681763,31.92
24,67704.07,0.4,14040.62,24,5.47,797,1,0,5023.06,1,0.20738221498353052,10.94
27,78135.03,16.2,7382.17,60,8.6,602,0,0,6359.44,1,0.09447964632508621,43.0
39,18472.39,0.1,8797.56,48,9.24,636,7,0,1319.43,0,0.4762545615375163,36.96
31,118130.48,0.0,15898.52,36,9.32,640,3,0,9336.27,0,0.134584401925735,27.96
30,32736.44,2.9,5994.2,60,14.82,404,3,0,2586.0,0,0.18310482141613443,74.1
56,37746.41,4.4,8254.96,48,5.69,821,3,0,2952.84,0,0.2186952348580964,22.76
46,81963.7,9.8,20261.01,36,11.69,558,5,1,6160.35,1,0.24719491677413294,35.07
21,26902.61,14.5,15085.33,24,10.5,588,0,0,1542.29,1,0.5607385305737993,21.0
37,35638.08,1.5,38570.32,48,8.05,714,6,0,2027.32,0,1.082278282107229,32.2
36,21054.77,3.2,10086.73,48,6.25,819,3,0,1516.52,1,0.47907101336181773,25.0
30,25379.38,0.3,7736.96,48,9.1,619,5,0,1922.05,0,0.30485220679149766,36.4
43,21895.88,1.8,50788.24,60,10.78,576,3,0,725.96,0,2.319534085864555,53.9
20,24485.92,29.8,22095.6,36,7.54,735,3,0,1352.78,1,0.9023798166456478,22.62
26,28028.7,2.1,8423.17,36,7.07,782,4,0,2075.37,0,0.3005194675457656,21.21
18,33887.08,0.5,10356.73,24,7.92,736,3,0,2355.89,0,0.30562473957626324,15.84
18,144583.64,6.6,7692.15,24,10.43,610,2,0,11692.15,1,0.05320207735812986,20.86
18,38162.38,3.4,3643.06,24,9.09,643,3,0,3013.62,0,0.095462075478521,18.18
38,75073.78,4.7,10505.1,48,7.48,746,4,1,6002.24,0,0.13993034585443814,29.92
45,30133.7,8.9,22075.34,24,9.72,594,5,0,1495.33,1,0.7325798026793922,19.44
29,15000.0,0.2,10149.4,48,5.56,829,3,0,1013.68,1,0.6766266666666666,22.24
35,29457.72,3.4,8719.41,48,11.11,503,4,0,2228.99,0,0.29599744990447324,44.44
46,30423.91,1.0,6868.26,48,7.88,668,6,0,2368.04,0,0.22575204830674298,31.52
37,15000.0,4.2,52804.83,60,5.6,830,5,0,238.93,1,3.520322,28.0
48,47812.15,5.1,20697.86,36,9.62,645,1,1,3320.17,0,0.43289958723880856,28.86
52,41129.5,2.8,20009.15,36,5.76,824,1,0,2820.91,0,0.4864914477443198,17.28
39,21693.2,2.0,6787.49,24,12.52,466,6,0,1486.61,0,0.31288560470562204,25.04
34,41557.5,4.4,20141.23,12,13.56,432,1,1,1658.87,1,0.48465932743788726,13.56
20,25726.82,2.2,19456.76,36,11.02,573,5,0,1506.73,1,0.756283131766771,33.06
43,15000.0,8.0,34648.28,12,9.96,635,2,1,-1795.49,0,2.3098853333333333,9.96
18,61436.74,1.9,6146.37,12,7.72,710,4,1,4585.86,0,0.10004388253673616,7.72
43,32312.59,6.4,3961.84,24,7.55,712,2,1,2514.34,0,0.12260979389148317,15.1
44,22294.11,0.2,6700.31,48,5.54,803,2,1,1701.9,0,0.3005417125868671,22.16
34,15000.0,1.9,14528.71,24,12.49,489,3,2,562.75,0,0.9685806666666666,24.98
43,15000.0,2.4,36650.0,48,10.48,568,3,1,311.99,0,2.4433333333333334,41.92
36,48156.87,2.6,18984.14,24,10.86,581,1,0,3129.5,0,0.39421457416148514,21.72
29,25259.62,1.1,17119.13,24,9.38,646,0,0,1319.9,0,0.6777271392047862,18.76
22,26219.91,25.6,11631.4,48,9.37,592,2,0,1893.5,0,0.44360945556258585,37.48
33,15000.0,0.4,22378.19,36,9.63,693,5,1,531.8,0,1.4918793333333333,28.89
19,224523.56,9.3,4828.71,36,5.9,809,3,0,18563.62,0,0.02150647352999391,17.700000000000003
41,19991.5,6.0,24726.09,36,9.75,617,3,0,871.02,0,1.2368301528149463,29.25
35,68762.69,1.5,12513.08,24,6.24,780,4,0,5174.28,0,0.18197484711549242,12.48
35,20699.0,0.3,16168.24,24,9.65,631,6,0,981.44,0,0.7811121310208222,19.3
28,21208.84,2.6,8005.62,48,7.18,744,6,0,1575.03,0,0.3774661886270065,28.72
35,49274.52,5.6,22932.74,24,5.12,827,3,1,3098.89,1,0.465407679263035,10.24
20,46789.64,1.9,100000.0,48,7.46,725,3,0,1483.11,0,2.1372252490081136,29.84
53,46727.66,2.2,3232.92,36,7.86,738,2,0,3792.87,1,0.06918643047822211,23.580000000000002
45,24325.18,4.6,10723.67,48,8.38,694,1,0,1763.39,0,0.44084648088935,33.52
29,52046.5,4.8,12089.18,24,10.71,538,2,0,3775.38,1,0.23227652195632753,21.42
43,38484.29,4.0,11848.5,36,6.72,720,3,0,2842.69,0,0.30787887732890484,20.16
34,49610.14,3.0,7509.68,36,8.01,684,2,1,3898.82,0,0.15137389251471575,24.03
50,37644.84,1.0,10102.68,12,10.61,597,3,1,2246.02,0,0.2683682544539969,10.61
24,24511.09,3.7,18791.0,12,8.95,608,7,1,399.73,1,0.7666325732556162,8.95
40,51280.45,7.5,34580.96,24,6.66,773,6,0,2730.42,0,0.6743497765717735,13.32
30,65197.67,3.6,3994.24,48,11.46,583,2,0,5329.01,0,0.061263539019109116,45.84
38,111849.93,21.3,1000.0,48,6.1,836,6,0,9297.3,0,0.008940550968605881,24.4
36,20141.36,9.7,6226.28,36,10.01,595,3,0,1477.51,1,0.30912907569300185,30.03
37,31691.09,9.1,24972.32,36,9.18,651,1,0,1844.72,1,0.7879918298802597,27.54
43,21434.73,1.4,16803.22,60,10.06,600,2,0,1428.71,0,0.7839249666312569,50.300000000000004
32,31561.35,4.1,1000.0,36,9.27,637,4,3,2598.19,1,0.03168432275552218,27.81
40,24654.91,14.2,40967.13,12,10.41,539,2,0,-1554.9,0,1.6616215593567365,10.41
32,37938.17,1.9,9601.59,48,6.68,756,2,0,2933.01,0,0.2530852173417959,26.72
32,38921.81,2.0,2226.54,48,9.99,590,2,1,3187.02,0,0.057205458841713686,39.96
39,271538.14,1.4,10458.67,36,5.35,785,5,0,22313.08,1,0.038516394050574256,16.049999999999997
44,26911.08,3.3,31210.71,48,4.75,848,3,1,1527.36,0,1.1597717371432137,19.0
31,38426.38,13.8,18898.5,12,9.39,585,8,0,1546.08,0,0.4918105738817969,9.39
26,26729.54,3.6,8143.84,24,7.46,752,1,1,1861.14,0,0.3046756509838927,14.92
25,118208.45,1.5,9996.29,36,9.08,623,2,0,9532.45,1,0.08456493592463145,27.240000000000002
23,35024.79,13.2,14266.35,60,13.14,441,3,0,2593.11,0,0.40732150000042827,65.7
45,34922.01,3.9,59965.18,12,8.98,628,5,0,-2333.32,1,1.7171170846122545,8.98
42,43847.13,4.9,12053.7,48,10.16,614,3,0,3347.29,0,0.2749028271633742,40.64
50,139463.36,5.9,44990.62,48,7.28,747,2,0,10538.74,0,0.32259813616995897,29.12
35,60900.47,8.4,11639.91,48,7.81,703,4,0,4791.91,0,0.19113005203408118,31.24
31,41141.3,0.7,6379.38,24,13.49,466,3,0,3123.68,0,0.15506024359949733,26.98
34,24786.89,4.3,33989.77,36,7.17,735,2,0,1013.42,0,1.3712801404290735,21.509999999999998
51,23561.69,1.6,9090.4,48,10.03,596,1,1,1732.79,0,0.3858127324483091,40.12
31,98927.76,2.6,1823.24,48,9.1,653,2,0,8198.52,0,0.01843001398191974,36.4
18,15000.0,1.0,16085.16,48,10.61,592,0,0,837.31,0,1.072344,42.44
65,29139.49,1.7,6178.86,48,4.77,824,1,0,2286.64,0,0.2120442053035245,19.08
20,53629.98,0.7,13292.83,48,11.73,513,3,0,4120.87,1,0.24786192349875943,46.92
34,28637.29,7.2,46266.72,60,9.71,643,3,0,1410.0,0,1.6156109743624485,48.550000000000004
35,26710.31,7.1,13040.29,48,8.96,618,1,0,1901.6,1,0.4882118552723649,35.84
20,39739.86,5.0,13272.17,12,9.54,634,7,0,2147.66,0,0.33397626463706714,9.54
48,43074.17,8.1,38869.17,36,6.31,809,3,0,2401.57,1,0.9023776894598318,18.93
25,39874.64,1.5,21355.31,48,11.0,535,4,0,2770.95,0,0.5355611987970299,44.0
44,98816.64,14.8,9111.25,24,6.68,737,2,0,7828.11,0,0.09220360052719866,13.36
47,35936.93,2.8,2652.0,12,10.06,621,4,2,2761.52,0,0.07379595307668184,10.06
25,50887.75,10.6,16375.88,36,11.94,528,4,1,3697.2,0,0.3218039705037067,35.82
32,60155.76,4.5,29157.85,48,8.33,674,5,0,4296.63,0,0.4847058702275559,33.32
45,23161.05,2.7,15946.27,48,9.52,639,6,0,1529.32,1,0.6884951243574882,38.08
34,52892.98,0.2,14664.47,60,8.29,691,5,0,4108.37,0,0.2772479448123361,41.449999999999996
50,45836.18,6.1,5064.25,36,10.62,624,3,1,3654.79,0,0.11048586509608785,31.86
45,17487.74,1.2,11873.28,24,8.42,665,3,0,918.04,0,0.6789487949843719,16.84
38,41372.71,0.9,10899.21,48,8.44,659,3,0,3179.39,0,0.2634395958108618,33.76
37,35355.78,2.1,8333.91,60,4.7,822,1,0,2790.19,0,0.23571563122069433,23.5
49,18152.2,15.4,27996.38,12,13.22,467,4,0,-990.77,0,1.5423133284119832,13.22
42,24599.32,5.2,3743.44,48,5.34,802,2,1,1963.16,0,0.15217656423023077,21.36
35,33653.57,0.7,17588.13,24,8.41,717,2,0,2005.71,0,0.5226230084950869,16.82
31,15091.99,14.9,57101.95,48,6.71,736,2,0,-102.04,0,3.783593151068878,26.84
37,15217.56,3.4,38457.7,60,6.34,736,2,1,518.54,0,2.5271922699828355,31.7
25,21816.79,0.7,7291.55,60,8.28,663,1,0,1669.24,0,0.33421736194921436,41.4
37,46840.76,12.5,100000.0,12,8.38,618,3,0,-4813.03,0,2.1348927728755895,8.38
33,22030.23,1.1,16151.04,48,12.5,476,0,0,1406.56,1,0.7331307934597143,50.0
21,28792.91,13.8,3799.05,12,5.69,820,2,0,2072.98,0,0.1319439403658748,5.69
25,31038.55,2.9,13678.39,60,9.64,637,4,0,2298.34,0,0.44069036730130756,48.2
35,58800.5,2.2,6745.48,60,8.95,695,2,0,4760.18,0,0.11471807212523702,44.75
38,30605.04,0.5,21141.51,36,9.46,601,1,0,1873.59,0,0.690785243214843,28.380000000000003
37,49396.76,3.4,14201.55,36,9.28,610,4,0,3662.94,0,0.2874996254815093,27.839999999999996
48,51041.85,6.1,30948.95,12,9.63,609,3,0,1537.91,0,0.6063445976194045,9.63
47,86296.36,10.8,5748.42,24,9.92,626,3,0,6926.31,0,0.06661254310147033,19.84
35,40794.33,16.3,3415.37,36,7.31,745,6,2,3293.59,0,0.08372168387126347,21.93
34,186933.05,4.2,4969.16,48,7.84,688,3,0,15456.82,0,0.02658256525531467,31.36
33,37453.12,1.4,13381.22,48,8.62,657,1,0,2790.51,0,0.35727917994548913,34.48
26,31898.49,7.3,8333.31,24,6.0,763,3,1,2288.87,0,0.26124465452753404,12.0
23,60359.57,6.9,8991.94,12,9.2,639,4,0,4242.77,0,0.148972896924216,9.2
41,89342.72,1.7,9769.6,24,12.09,502,3,0,6984.93,0,0.10934970415048927,24.18
37,15000.0,2.9,46195.56,60,7.0,784,2,0,335.27,0,3.079704,35.0
49,44832.02,4.6,10591.82,48,10.5,557,4,0,3464.82,0,0.2362556940329702,42.0
32,43852.91,0.4,2179.78,48,13.07,494,4,1,3595.86,1,0.04970662152181007,52.28
25,73302.95,1.1,4793.78,48,7.81,721,1,0,5991.98,0,0.06539682236526634,31.24
27,39127.52,2.5,6220.01,48,9.0,658,6,1,3105.84,0,0.1589676524349103,36.0
20,25975.59,11.0,5721.43,36,8.65,637,6,0,1983.62,0,0.22026179193619858,25.950000000000003
44,15000.0,3.9,100000.0,48,8.86,637,7,0,-1231.86,0,6.666666666666667,35.44
28,23510.17,0.1,26696.61,60,9.17,644,2,0,1402.8,1,1.1355345367557956,45.85
28,15000.0,0.8,42711.73,48,7.09,729,1,1,225.43,0,2.8474486666666667,28.36
56,30209.68,9.1,42748.41,48,8.21,700,3,0,1469.64,0,1.4150566970586913,32.84
60,78845.81,7.6,15546.57,36,5.3,849,4,1,6102.44,0,0.19717686963961686,15.899999999999999
37,35862.61,8.0,4586.46,48,11.42,527,2,1,2869.07,0,0.12788974366338646,45.68
26,24724.08,2.4,29932.36,36,10.98,542,6,0,1080.68,0,1.2106561700172462,32.94
42,46101.91,2.4,17789.18,36,9.06,650,5,0,3275.64,1,0.3858664424098698,27.18
46,26716.4,3.2,12300.11,24,9.42,612,3,0,1662.07,0,0.4603954874159692,18.84
41,15000.0,2.4,14807.7,48,10.66,576,4,1,869.73,1,0.9871800000000001,42.64
31,62844.96,8.7,16398.31,36,6.49,806,4,0,4734.56,1,0.2609327780620753,19.47
40,18511.21,1.9,32037.0,48,7.09,739,1,0,774.1,1,1.730681030575527,28.36
47,35358.91,13.9,23514.39,24,9.47,640,4,0,1867.25,0,0.6650202169693579,18.94
39,15000.0,0.8,27894.15,60,10.28,599,3,0,653.48,0,1.8596100000000002,51.4
39,56005.33,2.0,7302.72,48,9.48,618,6,0,4483.71,0,0.13039330363735024,37.92
37,15000.0,13.4,21231.7,48,8.95,641,2,1,722.15,0,1.4154466666666667,35.8
51,60580.37,8.8,4682.51,24,9.02,684,1,0,4834.4,0,0.07729417961626844,18.04
18,22489.19,7.2,61975.17,24,6.83,759,2,0,-895.92,1,2.755775997268021,13.66
37,33327.61,3.0,16909.08,48,10.31,569,3,0,2345.92,1,0.5073595136284901,41.24
22,49442.91,4.3,23066.92,12,11.41,578,2,1,2077.14,0,0.4665364558841702,11.41
43,19730.93,2.0,3352.13,48,10.72,572,4,0,1558.06,1,0.16989214395874902,42.88
37,64542.37,1.8,16742.43,60,10.44,552,6,1,5019.17,0,0.2594021570636467,52.199999999999996
24,93086.05,34.2,13024.55,12,7.06,714,4,0,6629.84,0,0.1399194616164291,7.06
33,55200.22,8.3,15171.42,24,9.52,606,4,1,3903.29,0,0.2748434698267507,19.04
39,15073.47,1.4,12575.98,48,7.76,713,2,0,950.52,1,0.834312205484205,31.04
37,37283.15,0.8,7914.24,36,8.03,702,4,0,2858.82,0,0.21227390925927664,24.089999999999996
33,42133.98,1.1,13115.95,24,8.81,694,2,0,2913.11,0,0.31129150391204435,17.62
22,15000.0,1.7,18951.1,36,7.05,687,4,0,664.41,0,1.2634066666666666,21.15
41,79150.03,0.9,3806.01,24,9.48,614,3,1,6421.12,0,0.048086020940232115,18.96
25,24180.85,11.4,8162.22,36,10.13,602,2,0,1751.2,0,0.3375489281807712,30.39
38,47376.59,6.5,20128.25,48,8.82,685,3,1,3448.88,0,0.42485645336652555,35.28
33,69437.08,4.2,21675.2,48,9.82,611,4,0,5238.56,0,0.3121559835177401,39.28
25,162539.97,5.4,10673.05,60,8.69,688,2,0,13325.04,0,0.06566415633028602,43.449999999999996
43,33775.42,1.1,4571.32,60,11.86,555,0,0,2713.25,0,0.13534457898673058,59.3
20,31565.57,8.7,10477.05,24,8.96,636,3,1,2152.02,0,0.33191385424055386,17.92
41,77471.48,5.6,31900.54,36,5.05,821,6,0,5499.15,0,0.41177140284398855,15.149999999999999
25,72714.61,1.2,3075.88,48,11.2,620,2,0,5979.75,0,0.04230071508325493,44.8
34,33431.51,3.3,16933.13,60,6.62,743,0,0,2453.69,1,0.5065020993667352,33.1
19,15000.0,0.7,55858.25,36,6.43,757,3,2,-460.22,1,3.723883333333333,19.29
25,18761.67,5.1,18730.47,12,11.53,545,2,0,-96.59,1,0.9983370350293979,11.53
41,35750.9,2.0,47779.16,48,8.76,608,2,0,1795.69,1,1.3364463551966523,35.04
32,48016.66,8.0,17641.17,24,9.34,690,0,0,3192.7,0,0.3673968576739823,18.68
26,15000.0,4.4,13753.81,36,13.53,437,6,0,783.06,0,0.9169206666666666,40.589999999999996
37,44022.3,20.6,7341.87,12,9.51,614,3,0,3024.73,0,0.1667761566297081,9.51
30,19818.15,4.0,3673.07,12,9.59,685,3,0,1329.29,0,0.18533869205753312,9.59
44,59976.58,17.6,58951.32,24,6.81,791,3,0,2363.72,0,0.982905660842949,13.62
44,60483.09,1.9,58875.0,24,4.98,850,1,0,2457.86,0,0.9734125687030871,9.96
38,15000.0,3.0,4898.34,48,6.14,767,2,0,1134.65,0,0.326556,24.56
45,19117.38,5.5,6846.31,48,11.75,534,2,1,1413.66,0,0.35811967957952395,47.0
36,30504.07,12.0,37737.34,48,11.27,572,4,0,1561.71,1,1.237124750893897,45.08
25,59806.13,3.9,12062.88,48,6.6,739,5,0,4697.22,0,0.20169972542948356,26.4
46,144080.88,14.1,10283.61,48,6.87,756,1,1,11761.11,1,0.0713738700096779,27.48
29,33907.77,7.6,11216.82,24,9.17,643,3,1,2312.33,1,0.3308038246101115,18.34
38,25815.2,11.7,10969.28,36,11.05,558,2,0,1791.89,1,0.42491555362732036,33.150000000000006
41,58735.11,7.2,3760.14,36,9.49,594,3,0,4774.16,0,0.06401860829067997,28.47
43,60635.98,5.2,11129.55,60,11.2,535,4,0,4809.9,1,0.1835469633705928,56.0
45,42386.67,3.2,27551.29,36,11.61,555,4,0,2622.25,0,0.6499989265493138,34.83
21,56409.6,11.3,11028.99,48,6.81,723,5,1,4437.67,0,0.19551618873383253,27.24
27,56231.07,9.8,27634.47,36,10.37,612,5,0,3789.43,0,0.49144485424161416,31.11
26,69340.74,0.7,20878.01,48,11.28,562,5,0,5235.95,0,0.3010929793942204,45.12
51,57661.34,17.2,17813.27,12,8.05,671,2,0,3255.15,0,0.30892917160787453,8.05
47,124780.21,9.2,22786.29,24,10.45,556,2,0,9342.14,0,0.1826114092931884,20.9
51,26119.01,5.0,6329.82,36,10.53,566,2,1,1970.76,1,0.24234532625853736,31.589999999999996
37,91829.1,34.4,9248.9,60,8.77,650,0,0,7461.46,0,0.1007186175188475,43.849999999999994
28,19742.92,7.9,14225.51,36,9.77,558,4,1,1187.76,1,0.7205372862778151,29.31
38,101886.66,0.4,2815.01,48,9.6,639,5,0,8419.7,1,0.027628837769340952,38.4
35,192196.09,5.7,18529.92,48,10.12,563,4,0,15545.31,0,0.0964115346987548,40.48
60,50497.39,0.1,14250.31,24,10.5,602,3,0,3547.24,0,0.28219894137102924,21.0
34,36021.56,2.9,7499.19,48,9.59,605,4,1,2813.07,1,0.20818615295950538,38.36
56,35942.53,6.4,22708.13,48,9.54,642,3,0,2424.28,0,0.6317899713793103,38.16
41,61269.08,0.8,18113.01,36,4.6,850,2,1,4566.14,0,0.2956305203211799,13.799999999999999
44,15000.0,1.2,8259.57,24,9.99,564,2,0,868.9,0,0.550638,19.98
33,17310.78,0.9,10609.26,24,8.89,674,3,1,958.42,0,0.6128701306353613,17.78
46,46386.09,2.1,5551.73,24,9.3,624,1,0,3611.11,0,0.11968523322401177,18.6
38,18261.23,4.4,9578.01,36,9.45,620,0,0,1215.18,1,0.5244997188031694,28.349999999999998
32,163369.12,4.8,8241.96,48,6.44,741,2,0,13418.86,0,0.05044992591011079,25.76
36,44795.21,2.0,53090.86,48,12.98,445,1,0,2309.17,1,1.185190559437047,51.92
39,25268.31,0.0,5126.99,24,7.79,722,2,0,1874.3,0,0.20290197484517167,15.58
38,55485.71,2.4,39523.98,48,11.46,524,4,0,3593.44,1,0.7123271919923166,45.84
39,46513.43,2.7,25576.12,48,9.09,706,2,2,3238.56,0,0.5498652754699019,36.36
42,15000.0,3.9,12415.43,36,7.56,681,3,0,863.46,0,0.8276953333333333,22.68
40,19309.99,5.0,11263.62,36,7.53,757,3,0,1258.64,0,0.583305325378211,22.59
40,22684.72,0.5,14232.38,36,10.33,590,2,0,1428.95,1,0.627399412467952,30.990000000000002
18,46751.54,5.5,3684.46,60,10.11,595,0,0,3817.48,1,0.07880938253584802,50.55
22,32326.11,3.1,6964.25,60,8.86,624,4,0,2549.75,0,0.21543730439573458,44.3
24,64737.56,0.2,8883.71,48,8.94,690,7,0,5173.98,0,0.13722651888640844,35.76
44,39276.72,2.7,40921.75,24,12.01,504,5,0,1346.54,0,1.0418830798498449,24.02
34,59010.01,2.5,26324.56,36,8.37,684,3,0,4088.08,0,0.44610329671186294,25.11
40,24337.77,1.8,29334.28,48,7.28,717,3,1,1321.88,0,1.20529859555744,29.12
47,71241.41,12.4,14607.05,48,9.32,690,4,0,5571.06,0,0.20503594749177478,37.28
51,55197.04,0.5,3199.92,48,4.56,850,4,0,4526.7,0,0.05797267389700607,18.24
46,75208.44,0.6,17842.81,48,10.22,569,0,0,5812.94,0,0.23724478263343848,40.88
32,15000.0,1.5,31620.12,36,7.43,767,5,1,267.43,0,2.108008,22.29
52,103394.98,2.7,23263.28,48,11.37,523,1,0,8010.81,0,0.22499428889100806,45.48
33,133787.55,5.2,24932.76,60,10.08,602,4,0,10618.23,0,0.18636083850851592,50.4
37,15000.0,32.2,16577.93,12,10.39,577,1,1,-210.47,0,1.1051953333333333,10.39
33,15000.0,5.2,4744.85,48,7.11,736,4,0,1136.14,0,0.31632333333333335,28.44
56,54554.81,1.8,14052.26,48,11.62,539,5,0,4178.8,0,0.2575805873029344,46.48
30,49440.72,2.3,21238.66,60,7.98,665,3,0,3689.62,0,0.4295782909310382,39.900000000000006
29,25821.05,1.3,15472.95,12,7.09,738,3,1,812.29,0,0.5992378311493918,7.09
24,15000.0,0.0,21074.02,36,11.38,560,3,0,556.27,0,1.4049346666666667,34.14
21,92976.84,2.3,100000.0,48,6.88,753,0,0,5359.01,0,1.0755366605275034,27.52
34,40573.66,25.2,3930.36,36,7.27,718,2,0,3259.29,1,0.09686974258669294,21.81
35,80767.31,2.2,39242.23,36,7.67,679,4,2,5506.87,0,0.4858677353498588,23.009999999999998
26,265066.51,5.8,9279.07,12,8.69,645,5,0,21278.74,0,0.03500657250136956,8.69
44,15000.0,4.9,19720.58,24,5.19,795,4,2,383.15,0,1.3147053333333334,10.38
29,18758.57,0.9,10603.19,12,10.6,595,4,0,628.06,0,0.56524511196749,10.6
24,106575.76,1.9,72176.68,36,12.82,467,4,0,6455.65,1,0.6772335472906784,38.46
49,56086.67,21.3,17766.86,60,9.64,611,2,0,4299.54,0,0.31677509112236474,48.2
25,40049.75,5.8,31215.45,60,6.66,762,2,1,2724.37,0,0.7794168502924488,33.3
18,130618.7,15.4,44658.7,24,6.03,827,4,1,8904.99,0,0.34190127447295066,12.06
41,35397.88,8.0,1663.09,48,13.04,461,3,0,2905.17,1,0.04698275715946831,52.16
18,23612.68,15.9,38233.86,36,6.34,799,5,0,798.68,0,1.6192088318649132,19.02
35,51272.04,2.6,29321.31,12,7.72,724,2,0,1725.85,0,0.5718771868644197,7.72
50,21785.55,5.7,10727.34,36,9.96,595,8,1,1469.52,0,0.4924062050303986,29.880000000000003
35,15000.0,1.4,61992.84,24,10.92,556,3,0,-1637.05,0,4.132855999999999,21.84
55,50092.8,3.5,8025.15,48,6.0,794,3,1,3985.93,0,0.16020565829819852,24.0
34,34457.47,2.4,10041.01,24,8.12,693,0,0,2416.78,1,0.29140299621533444,16.24
33,38813.35,7.7,16002.35,36,5.31,841,3,2,2752.61,1,0.4122898435718638,15.93
33,38601.39,3.3,30632.61,48,9.01,634,1,0,2454.34,0,0.7935623561742207,36.04
24,87868.31,2.5,11866.46,48,11.26,542,5,0,7014.16,0,0.13504823297500543,45.04
33,90136.94,0.6,11563.64,48,6.85,752,1,1,7235.31,0,0.12828968899987064,27.4
18,21526.24,0.1,36103.3,48,7.6,732,4,0,919.23,0,1.6771763206207866,30.4
37,15000.0,2.0,18810.26,60,10.58,615,2,0,844.95,1,1.2540173333333333,52.9
18,15000.0,5.6,6345.37,24,12.18,507,1,0,950.77,1,0.42302466666666666,24.36
18,15000.0,0.1,17042.92,48,9.65,644,0,0,820.61,0,1.1361946666666665,38.6
40,85449.56,1.7,13718.53,12,9.46,576,2,0,5918.16,0,0.1605453556460677,9.46
40,20201.74,7.3,8430.04,60,7.48,720,3,0,1514.64,0,0.4172927678506901,37.400000000000006
29,40492.32,9.7,13224.54,48,10.06,601,6,2,3038.57,1,0.3265937837100962,40.24
18,66160.16,3.5,6173.65,12,4.76,850,2,0,4985.51,0,0.09331371024495708,4.76
34,105194.34,8.2,9704.87,24,10.79,560,1,1,8314.82,0,0.09225657958403466,21.58
47,91257.58,0.2,21825.38,36,7.66,703,3,0,6924.29,0,0.23916237971684107,22.98
37,15000.0,4.7,16538.55,60,10.14,613,3,0,897.46,0,1.10257,50.7
37,144466.93,2.8,10692.41,36,7.19,733,5,0,11707.83,1,0.07401285539880996,21.57
31,119683.86,7.6,3938.9,48,7.03,733,2,1,9879.28,0,0.0329108703546159,28.12
41,27656.21,0.1,97164.76,36,10.29,592,5,0,-843.8,1,3.51330713789055,30.869999999999997
48,22980.02,0.3,38601.81,24,7.04,705,3,0,186.0,0,1.679798799130723,14.08
35,15000.0,11.7,14399.33,36,6.43,762,2,1,809.13,0,0.9599553333333334,19.29
42,51466.09,0.2,60980.45,48,8.42,709,2,0,2788.08,0,1.1848665791397792,33.68
24,29106.55,4.6,8827.75,36,7.28,740,0,2,2151.84,0,0.3032908400342878,21.84
36,95024.98,0.3,19039.7,48,7.84,698,4,0,7455.36,0,0.20036520923235135,31.36
52,15000.0,5.5,13224.24,36,8.33,680,2,0,833.58,0,0.881616,24.990000000000002
30,70174.94,12.5,8630.89,48,7.41,734,4,0,5639.59,0,0.12299105635145537,29.64
27,32400.55,3.7,16605.44,36,9.64,577,6,1,2167.04,0,0.5125048803183896,28.92
41,66777.72,5.1,4332.68,24,8.26,649,3,0,5368.34,0,0.06488211936556085,16.52
55,18248.31,0.4,75116.87,36,8.61,652,3,1,-854.39,1,4.116374064228413,25.83
44,55109.77,4.0,30613.14,48,7.58,683,3,0,3851.15,0,0.5554938806676203,30.32
48,24654.45,13.5,100000.0,36,6.78,743,1,0,-1023.12,0,4.056062901423475,20.34
36,20567.79,1.0,5920.33,24,6.02,778,1,0,1451.54,0,0.28784473198141364,12.04
26,20431.3,2.2,31513.83,36,9.92,665,5,1,686.93,0,1.5424290182220417,29.759999999999998
37,41291.75,0.6,2030.99,36,12.04,484,9,1,3373.48,0,0.04918633867540126,36.12
25,20695.27,10.4,14131.32,12,9.67,592,2,0,484.41,0,0.6828284917278199,9.67
39,54157.88,3.3,28267.16,60,8.07,671,2,0,3939.05,0,0.5219399282246646,40.35
25,15000.0,15.3,5552.42,36,8.66,645,3,0,1074.31,0,0.37016133333333334,25.98
49,111120.72,14.9,11444.72,36,8.02,704,2,3,8901.32,1,0.10299357311579693,24.06
42,30884.43,4.6,24138.99,12,8.83,665,2,0,464.61,1,0.7815909181422485,8.83
18,18081.91,2.0,4217.21,48,11.64,526,4,1,1396.51,0,0.23322812689588657,46.56
36,15000.0,0.0,30089.09,48,12.72,474,4,0,446.96,1,2.0059393333333335,50.88
33,56921.68,4.8,36081.16,24,11.56,536,1,1,3052.41,1,0.6338737718212112,23.12
29,42442.32,0.7,20580.7,24,7.79,691,4,1,2608.02,0,0.4849098729758411,15.58
18,50327.3,2.8,42566.26,48,10.59,567,2,1,3102.25,0,0.8457886673833088,42.36
26,27984.9,0.3,8758.22,48,9.07,656,6,2,2113.84,0,0.31296234755171537,36.28
39,79102.86,13.5,20185.89,48,9.13,664,4,1,6088.33,1,0.2551853371673287,36.52
29,46970.28,4.4,4899.16,24,5.27,841,1,0,3698.66,0,0.10430340206615758,10.54
43,15000.0,2.2,8520.43,48,7.95,732,6,0,1042.19,0,0.5680286666666667,31.8
29,47587.08,1.5,2940.42,24,11.08,537,2,1,3828.43,0,0.061790301064910895,22.16
40,22625.74,9.9,15010.09,12,6.98,769,1,1,586.84,0,0.6634076940687906,6.98
36,45682.62,2.6,11697.8,48,10.62,564,4,0,3506.7,1,0.25606674923636163,42.48
27,62744.28,1.2,20280.87,60,10.86,550,0,0,4789.15,0,0.3232305797436834,54.3
50,27988.67,1.4,4922.34,36,9.27,681,1,1,2175.24,0,0.1758690212861133,27.81
35,23367.3,1.9,15282.66,24,6.78,797,3,0,1264.55,0,0.6540190779422527,13.56
24,59851.07,5.9,13080.73,24,11.06,529,1,0,4377.56,0,0.21855465574800917,22.12
36,22305.63,4.2,4690.15,48,6.84,770,5,0,1746.84,0,0.21026754232003309,27.36
29,48559.77,8.7,9004.61,48,10.79,511,2,0,3814.84,0,0.18543353891503195,43.16
41,77484.83,1.3,7665.24,60,10.73,592,4,0,6291.44,0,0.098925686485987,53.650000000000006
31,22877.21,5.0,5744.58,24,9.88,625,2,0,1641.67,0,0.25110492057379374,19.76
50,16622.03,1.3,49610.45,24,11.71,551,4,0,-943.45,1,2.984620410383088,23.42
45,32090.89,4.5,16580.31,36,12.01,532,3,0,2123.46,0,0.5166671912184424,36.03
34,21916.42,7.4,24218.85,12,5.35,850,1,0,-250.83,1,1.1050550226724984,5.35
39,15000.0,9.5,9643.73,12,5.7,790,2,1,421.33,0,0.6429153333333333,5.7
28,58157.16,3.1,29893.6,12,10.79,600,4,0,2207.31,0,0.514014095598891,10.79
18,20400.14,1.3,3174.3,36,9.93,625,2,1,1597.69,0,0.15560187332047723,29.79
25,65508.93,1.7,28057.8,60,9.81,597,2,0,4865.55,1,0.42830496544516905,49.050000000000004
34,15000.0,7.9,60068.48,12,10.21,565,2,0,-4036.84,1,4.004565333333334,10.21
51,57940.28,1.5,29276.42,24,10.09,604,2,1,3476.18,0,0.5052861325488934,20.18
30,84714.85,2.2,30425.94,36,8.85,657,7,0,6094.16,0,0.3591571017360002,26.549999999999997
22,20717.78,5.1,19459.91,36,7.6,687,4,0,1120.26,0,0.9392854832901981,22.799999999999997
28,55002.72,6.4,14166.59,48,9.39,633,2,0,4228.39,0,0.25756162604322114,37.56
36,74014.92,6.5,9644.01,60,12.16,475,1,0,5952.6,1,0.13029818852739422,60.8
26,44172.97,23.9,13893.33,48,8.64,655,2,0,3337.71,1,0.31452107476585794,34.56
54,17862.81,4.1,11459.09,36,9.83,604,3,0,1119.73,0,0.6415054518298072,29.490000000000002
42,15000.0,3.2,22006.51,24,12.77,477,2,1,206.15,1,1.4671006666666666,25.54
39,24009.32,0.2,5543.66,24,8.96,646,4,0,1747.62,0,0.23089616865450582,17.92
47,39130.94,8.6,5566.12,36,7.38,725,4,0,3088.08,0,0.14224345236787053,22.14
43,59589.88,1.2,34212.58,24,7.72,706,4,0,3422.85,0,0.5741340643746892,15.44
39,103336.89,3.5,34561.49,24,9.19,635,0,1,7029.46,0,0.3344545205492443,18.38
29,15000.0,2.3,10448.8,36,8.62,651,4,1,919.58,1,0.6965866666666666,25.86
51,28756.93,11.9,8984.67,36,10.8,568,1,0,2103.11,1,0.3124349504623755,32.400000000000006
34,29024.09,6.2,14009.31,12,4.99,850,3,0,1219.44,0,0.482678698970407,4.99
37,44964.15,0.4,24620.49,12,10.17,549,2,0,1580.53,1,0.5475582213830351,10.17
30,74933.73,2.4,26895.31,24,6.36,784,5,0,5048.09,0,0.3589212761729598,12.72
30,37723.37,7.8,9143.15,48,8.83,651,5,0,2916.82,0,0.2423736267464969,35.32
33,20007.96,1.8,23835.96,12,9.31,664,5,2,-420.59,1,1.1913238531064636,9.31
28,29807.42,5.4,7242.93,48,8.8,628,5,1,2304.4,0,0.242990839193731,35.2
49,47503.49,3.4,34887.61,48,9.98,622,4,0,3074.12,0,0.7344220393070068,39.92
43,58086.87,0.5,18523.43,24,9.55,630,2,0,3989.65,1,0.31889185972664735,19.1
19,62401.16,10.9,18779.25,48,10.03,601,2,2,4723.54,0,0.300943924760373,40.12
28,64361.71,22.7,12206.63,48,6.81,780,4,1,5072.25,0,0.18965670738083248,27.24
39,15000.0,7.6,7165.71,24,7.78,701,2,0,926.63,0,0.477714,15.56
34,41014.32,3.7,14224.69,48,9.41,663,8,0,3061.1,0,0.3468225244256153,37.64
42,24701.67,0.1,13196.61,36,5.44,850,2,0,1660.35,0,0.5342395878497285,16.32
29,50794.73,4.9,13358.63,60,6.03,850,2,0,3974.45,0,0.26299244035749375,30.150000000000002
23,15000.0,1.0,7655.12,48,8.39,677,2,2,1061.71,0,0.5103413333333333,33.56
41,19532.71,2.5,10938.15,48,10.32,621,3,1,1348.62,1,0.559991419521408,41.28
42,30767.91,2.2,12686.47,36,10.66,536,3,0,2150.69,1,0.4123279741782916,31.98
21,29589.76,1.2,17258.4,48,10.43,584,3,1,2024.52,1,0.5832558290435611,41.72
26,33996.37,1.8,11605.34,36,6.0,783,2,1,2479.97,0,0.3413699756768149,18.0
34,15000.0,2.3,1534.92,12,10.1,603,7,1,1114.98,0,0.102328,10.1
34,27452.5,4.1,31261.98,48,6.92,750,3,0,1540.26,0,1.1387662325835535,27.68
38,62410.16,1.6,4979.39,48,8.8,662,4,0,5077.41,0,0.07978492604409282,35.2
36,27809.53,3.5,6070.94,24,9.94,577,3,0,2037.49,1,0.21830430071993306,19.88
29,61723.12,7.6,26903.71,36,9.65,606,4,0,4279.9,0,0.4358773503348502,28.950000000000003
27,15000.0,1.1,4514.93,36,9.94,566,4,1,1104.44,0,0.30099533333333334,29.82
47,20407.45,6.8,10521.79,24,8.2,694,6,0,1223.79,0,0.5155857297212538,16.4
52,44631.88,2.7,6500.95,36,7.25,710,2,0,3517.85,0,0.14565709533185697,21.75
45,15000.0,5.2,32848.66,24,7.76,741,5,1,-232.06,1,2.189910666666667,15.52
18,45576.75,5.8,2406.31,48,13.35,447,4,1,3733.09,0,0.052796875599949535,53.4
28,53977.59,6.1,54057.34,48,13.74,459,7,0,3027.98,1,1.0014774649998268,54.96
35,15000.0,3.4,8089.82,24,10.23,615,4,0,875.84,1,0.5393213333333333,20.46
42,41716.63,2.0,35814.52,36,10.43,554,6,1,2313.51,0,0.8585190126815133,31.29
22,59102.12,2.7,39284.45,48,9.5,630,3,0,3938.23,0,0.6646876626422199,38.0
51,62463.73,7.2,11566.85,12,10.88,567,7,1,4183.66,0,0.18517706195259231,10.88
29,50029.6,4.3,18468.07,36,4.83,850,6,0,3617.04,0,0.3691428674224859,14.49
30,78949.22,5.0,10187.29,48,9.18,632,3,2,6324.72,0,0.1290359803428077,36.72
37,30555.01,4.1,4995.08,36,11.93,482,3,0,2380.51,1,0.16347826428464596,35.79
27,15000.0,18.2,28809.9,48,8.87,637,2,0,534.84,1,1.92066,35.48
31,25659.16,1.1,6087.62,48,6.83,724,4,0,1992.97,0,0.23724938774301263,27.32
37,16532.51,4.9,19359.01,24,9.05,686,0,1,492.85,1,1.1709661751300922,18.1
34,15000.0,17.4,18528.83,48,9.95,625,0,0,780.51,0,1.2352553333333334,39.8
51,32953.16,11.4,10056.5,36,8.64,687,6,0,2427.99,1,0.3051755886233672,25.92
48,26043.68,8.6,12645.56,48,6.18,817,2,0,1872.28,0,0.4855519650064814,24.72
27,28854.58,0.3,4773.09,48,8.57,703,3,0,2286.74,0,0.1654188000657088,34.28
26,17007.91,9.9,6345.6,24,6.95,766,2,0,1133.36,0,0.3730969884012792,13.9
36,15000.0,2.0,15333.94,36,8.6,658,3,0,765.23,0,1.0222626666666668,25.799999999999997
30,15000.0,2.6,22861.41,24,7.25,694,11,0,223.84,0,1.524094,14.5
30,50333.45,4.8,10799.24,48,11.84,545,3,0,3910.92,0,0.21455393977563628,47.36
18,67499.07,6.6,33589.84,36,11.96,515,4,1,4509.9,1,0.4976341155515179,35.88
31,40662.41,3.5,17026.83,48,9.93,639,2,0,2957.26,0,0.4187363710119494,39.72
33,68337.73,1.8,6510.03,36,8.86,662,4,0,5488.22,0,0.09526260237207176,26.58
39,54840.4,3.3,4726.38,24,8.99,657,3,0,4354.13,0,0.08618427290829389,17.98
18,142098.28,5.4,32546.06,60,11.31,589,4,0,11128.85,0,0.2290390847799143,56.550000000000004
25,15000.0,5.8,17450.63,36,6.4,778,2,0,715.95,0,1.1633753333333334,19.200000000000003
34,23662.83,4.7,9422.91,12,8.79,634,3,0,1148.77,0,0.39821568257051243,8.79
45,15000.0,0.5,17223.34,24,9.16,650,2,0,461.89,0,1.1482226666666666,18.32
30,41370.09,5.5,22957.0,24,7.78,742,5,0,2411.53,1,0.554917816229068,15.56
29,20338.2,0.5,16628.36,36,7.02,748,4,1,1181.26,1,0.8175925106449932,21.06
32,129748.6,1.4,24181.08,60,7.32,753,3,0,10329.91,0,0.18636871611716813,36.6
26,40251.18,8.2,8933.73,12,6.69,764,2,1,2582.53,0,0.22194951800170826,6.69
45,31605.31,7.1,8535.01,48,9.11,673,4,0,2420.94,0,0.27004987453057727,36.44
38,72923.66,2.0,24165.06,36,9.17,642,1,0,5306.62,0,0.33137475546345313,27.509999999999998
26,23470.09,1.3,22500.25,36,13.09,440,5,1,1196.74,0,0.9586776190461987,39.269999999999996
29,145973.54,2.8,32951.47,48,8.65,643,3,0,11349.93,0,0.22573591076848584,34.6
35,174805.44,10.3,17596.37,12,7.92,704,3,1,13037.09,0,0.10066259951635372,7.92
32,32341.12,5.3,11484.97,24,7.47,726,4,1,2178.43,0,0.35511973611303504,14.94
22,23066.82,16.3,11951.37,36,10.61,592,3,0,1533.17,0,0.5181195327314299,31.83
25,48990.11,6.1,9191.99,24,8.18,727,5,0,3666.03,0,0.18762950317931518,16.36
27,104971.4,1.1,14868.41,36,9.65,583,2,1,8270.29,1,0.1416424854769966,28.950000000000003
33,29206.72,1.2,2390.26,36,9.5,682,2,0,2357.33,0,0.08183938490867855,28.5
35,60300.74,2.2,28463.48,36,7.73,715,4,0,4136.66,0,0.47202538476310574,23.19
22,33534.25,4.3,25142.35,36,6.88,718,0,0,2019.58,1,0.7497513735956521,20.64
43,20843.67,2.6,17291.45,48,6.33,765,4,0,1328.26,0,0.8295779965812163,25.32
39,84395.82,3.7,6416.6,48,9.92,612,2,0,6870.49,0,0.07602983180920571,39.68
33,40635.34,23.2,27530.29,48,4.75,850,2,1,2755.39,0,0.6774962384958513,19.0
25,31058.29,9.9,7584.26,24,9.19,653,3,0,2241.04,0,0.24419438417247055,18.38
55,26876.46,2.1,30606.95,48,10.96,579,4,0,1449.25,1,1.1388013897663607,43.84
19,15000.0,9.7,19724.59,24,8.02,690,4,1,357.73,1,1.3149726666666666,16.04
47,53321.26,15.3,8490.13,48,11.08,523,3,1,4223.68,0,0.159225982281739,44.32
43,30149.4,3.5,6966.41,24,8.76,638,3,1,2194.96,0,0.23106297306082374,17.52
34,91074.33,5.9,12606.28,48,9.94,595,0,0,7270.16,0,0.13841748822088507,39.76
37,15000.0,2.7,7531.49,24,10.24,566,4,1,901.63,1,0.5020993333333333,20.48
37,63012.82,12.6,24555.69,36,8.05,690,2,0,4481.02,0,0.3896935575966922,24.150000000000002
57,20692.54,15.3,26847.41,48,9.98,619,2,0,1043.72,0,1.2974439097375188,39.92
23,31002.18,11.6,10832.73,48,7.29,713,2,1,2322.65,0,0.3494183312270298,29.16
43,73184.97,3.5,20328.61,48,7.65,705,2,0,5605.8,0,0.277770285346841,30.6
28,45653.59,7.6,30805.04,12,7.48,670,3,0,1132.19,0,0.6747561363739413,7.48
32,121277.84,0.7,11236.74,12,10.64,534,1,0,9115.25,0,0.09265287046669037,10.64
27,19515.93,4.2,33551.07,24,10.16,637,4,0,75.64,1,1.719163268160933,20.32
28,33715.32,5.7,8935.03,36,7.6,692,3,1,2531.26,0,0.265013946182329,22.799999999999997
26,41462.05,5.0,22865.14,24,9.94,602,4,0,2400.69,0,0.5514715263717062,19.88
18,77280.33,0.3,70575.35,60,10.5,597,5,0,4923.09,1,0.9132382069279467,52.5
32,45395.98,16.5,20075.49,48,11.3,565,3,1,3261.21,0,0.44223056755245727,45.2
18,15000.0,4.5,14322.15,60,11.02,502,5,0,938.46,1,0.9548099999999999,55.099999999999994
51,27189.68,5.1,18641.48,12,10.68,567,3,0,621.02,1,0.6856086574023673,10.68
60,29030.94,5.2,42686.37,24,7.51,733,2,0,498.18,1,1.4703750550274983,15.02
35,53773.33,4.3,11413.91,24,10.45,564,1,0,3952.04,0,0.21225968337835874,20.9
50,21936.17,6.6,7781.92,48,7.47,759,3,1,1639.96,0,0.35475290353785555,29.88
42,23906.48,1.7,49971.11,48,10.09,544,2,0,722.65,0,2.0902746870304623,40.36
36,41550.23,0.1,4645.03,60,10.96,557,2,0,3361.62,0,0.11179312364817233,54.800000000000004
39,50914.29,8.0,5354.42,48,8.86,706,3,0,4109.97,0,0.10516536712973902,35.44
44,19330.35,2.4,8827.08,48,7.1,738,4,0,1399.08,1,0.45664356827475966,28.4
39,27361.07,0.3,2875.85,48,6.62,780,4,0,2211.73,0,0.10510736604964645,26.48
27,32580.09,1.0,24556.96,48,9.01,632,2,1,2103.79,0,0.753741318701084,36.04
40,35428.72,1.0,14646.39,12,8.48,682,4,0,1675.07,0,0.413404435723334,8.48
41,66567.53,4.1,24521.93,48,7.95,696,3,0,4949.22,0,0.3683767446381141,31.8
28,40638.85,2.2,6861.93,36,5.81,754,3,0,3178.41,1,0.16885148078747308,17.43
35,20348.58,3.7,8808.94,24,5.77,814,5,0,1306.21,0,0.43290195188067176,11.54
37,61371.93,1.4,28034.28,60,10.67,531,6,0,4509.4,0,0.4567931951952627,53.35
33,30105.73,6.1,7155.82,60,11.4,503,4,2,2351.79,0,0.23768963582680108,57.0
52,222145.98,0.2,20893.35,36,9.95,589,1,0,17838.49,0,0.09405234341850344,29.849999999999998
26,44607.21,1.1,30503.69,48,6.41,762,1,1,2995.14,0,0.6838286904740287,25.64
25,32195.37,0.8,8015.19,48,9.89,592,3,2,2480.09,0,0.24895474100779086,39.56
31,44373.37,1.1,26843.57,48,12.21,447,2,0,2988.12,1,0.6049477423058018,48.84
40,39309.13,16.2,26449.61,12,6.97,762,5,0,987.53,0,0.6728617499293422,6.97
56,40614.68,8.6,7793.79,60,5.17,850,3,0,3236.87,0,0.1918958859210512,25.85
32,108430.85,5.3,13163.89,60,4.77,827,1,1,8788.87,0,0.12140354889775372,23.849999999999998
32,15000.0,1.4,27934.85,48,9.73,604,3,0,545.12,1,1.8623233333333333,38.92
42,15000.0,18.7,13232.0,36,6.54,743,3,0,844.21,1,0.8821333333333333,19.62
23,15677.83,6.3,12375.96,48,5.9,793,6,0,1016.4,0,0.7893924095362687,23.6
26,36947.5,3.4,13850.88,12,7.67,701,3,0,1876.2,0,0.3748800324785168,7.67
40,35115.92,5.4,36252.25,36,9.2,619,4,1,1770.14,0,1.0323593971053586,27.599999999999998
26,16842.31,2.3,9880.01,24,7.66,725,4,0,958.21,0,0.5866184626693132,15.32
18,43209.42,0.3,9183.72,60,8.57,664,3,0,3412.06,0,0.21253976563443805,42.85
26,36834.51,2.5,9299.73,48,10.59,590,4,1,2831.03,0,0.2524732920296754,42.36
29,29765.41,3.0,38431.98,12,8.65,661,5,1,-874.25,1,1.2911624600501053,8.65
43,17440.63,30.1,12179.91,48,9.76,589,4,0,1145.87,1,0.6983641072598867,39.04
39,19009.64,0.8,33046.0,48,9.15,635,3,0,759.43,1,1.7383811581913178,36.6
31,15000.0,0.2,14794.86,36,10.52,599,3,1,768.99,0,0.9863240000000001,31.56
25,15000.0,2.7,38084.09,48,6.51,774,3,0,346.66,0,2.538939333333333,26.04
27,39903.06,8.9,7297.15,24,12.56,497,3,0,2979.84,1,0.18287194014694613,25.12
43,84203.51,5.5,22465.53,36,8.61,645,3,0,6306.63,0,0.2668003982256797,25.83
42,104338.47,6.1,11072.18,48,13.54,423,5,1,8394.86,0,0.10611790646345495,54.16
42,99236.64,1.0,58868.0,36,7.73,701,6,0,6432.33,0,0.5932083149933332,23.19
18,62002.58,0.1,44759.58,48,8.82,637,4,0,4056.86,0,0.7218986693779517,35.28
42,15000.0,0.4,5290.83,36,7.48,718,1,1,1085.47,1,0.352722,22.44
22,59219.3,3.4,30223.19,48,11.92,535,6,0,4140.24,1,0.5103604736969197,47.68
46,15000.0,6.6,40015.3,48,8.27,692,2,0,268.03,0,2.667686666666667,33.08
36,71878.68,1.6,7739.75,24,10.38,573,2,0,5631.38,1,0.10767796514905395,20.76
53,69039.94,5.6,13005.37,24,8.03,713,1,0,5164.95,0,0.18837458433480678,16.06
38,36482.34,14.1,25573.19,12,11.33,526,5,1,776.06,1,0.7009744988945337,11.33
32,74575.8,2.8,2303.65,24,7.9,666,3,0,6110.57,0,0.03089004744166338,15.8
39,59382.34,1.3,28012.85,12,10.13,564,2,0,2484.06,1,0.471737051790145,10.13
32,80598.67,4.0,18484.89,36,11.0,565,6,0,6111.38,0,0.22934485147211486,33.0
38,70089.19,5.5,22999.08,12,9.07,644,4,0,3828.72,1,0.3281401882373017,9.07
34,40837.46,2.8,20874.87,36,5.14,850,4,0,2776.17,0,0.5111696466920322,15.419999999999998
36,30830.64,1.3,3404.33,36,5.25,803,5,0,2466.81,0,0.11042034806932324,15.75
24,27350.56,8.6,27588.71,60,10.1,585,1,0,1691.68,0,1.0087073171445118,50.5
51,96754.53,0.6,40078.81,48,8.84,673,4,0,7068.56,0,0.4142318711072236,35.36
68,15000.0,0.0,22800.81,36,9.37,640,1,0,521.01,1,1.520054,28.11
33,20780.29,0.3,7673.34,24,10.39,629,3,0,1376.22,0,0.36926048674007916,20.78
37,15000.0,3.8,11562.38,12,7.76,643,3,0,245.49,1,0.7708253333333333,7.76
34,15000.0,1.1,21035.96,36,11.17,551,1,1,559.61,1,1.4023973333333333,33.51
22,20602.5,6.7,3103.9,48,12.65,483,0,0,1634.14,0,0.15065647372891638,50.6
20,46849.16,3.3,18509.01,60,10.13,584,5,1,3509.65,1,0.3950766673297877,50.650000000000006
35,31202.25,0.8,4067.74,12,7.83,665,1,1,2246.66,0,0.13036688059354692,7.83
46,32721.32,4.9,36154.64,48,5.62,797,4,0,1883.97,0,1.104926084888996,22.48
22,48101.9,5.4,15734.23,36,6.71,799,3,0,3524.75,1,0.32710204794405207,20.13
21,93498.04,3.7,7129.33,12,10.35,561,3,0,7163.56,1,0.0762511171357175,10.35
35,17475.45,0.4,28844.26,24,10.67,505,1,0,116.33,1,1.6505589269518093,21.34
49,27341.14,3.2,4919.93,24,10.06,581,2,0,2051.26,0,0.17994604467845893,20.12
31,89044.25,2.5,9832.3,24,7.39,703,5,0,6978.4,0,0.11042038087804658,14.78
18,15000.0,0.7,13129.34,36,7.19,715,4,0,843.46,0,0.8752893333333334,21.57
49,61309.13,3.4,97505.57,60,11.12,559,7,0,2983.25,0,1.5903923281899452,55.599999999999994
21,36752.01,19.0,13300.64,24,9.1,632,2,0,2454.42,0,0.3619023830261256,18.2
39,78476.92,3.4,9747.83,48,7.28,749,3,0,6305.05,0,0.12421269845962354,29.12
46,56969.13,2.2,8371.13,36,5.33,850,1,0,4495.29,0,0.14694151025300894,15.99
28,47452.85,2.2,14136.98,48,8.82,648,3,0,3603.81,0,0.29791635275858036,35.28
48,28296.72,2.8,23133.84,24,7.72,730,6,0,1314.73,0,0.8175449310026038,15.44
39,89477.93,0.1,40506.42,48,9.09,671,4,0,6446.76,0,0.4526973299449373,36.36
33,44187.8,9.8,4928.46,48,9.95,579,2,2,3557.44,0,0.11153440542412159,39.8
27,95233.28,1.1,8882.75,48,9.24,609,3,1,7714.05,0,0.09327359091275655,36.96
43,33951.86,3.9,5218.6,60,11.85,567,2,1,2713.63,1,0.15370586471551193,59.25
19,15000.0,0.6,43536.49,24,9.89,605,3,0,-756.78,0,2.9024326666666664,19.78
35,15000.0,6.6,20304.26,48,8.72,671,6,1,747.42,0,1.3536173333333332,34.88
47,71165.64,12.3,14889.82,36,8.24,697,2,0,5462.23,0,0.20922765536851773,24.72
36,54633.55,2.4,12020.58,48,10.45,617,4,1,4245.32,0,0.22002194622168977,41.8
27,77663.67,3.0,18545.83,36,7.04,711,2,0,5898.99,0,0.2387967243886363,21.12
42,29985.69,17.5,57440.87,36,10.71,579,2,0,626.15,0,1.9156094123563607,32.13
55,15043.45,0.7,45402.06,48,10.07,610,4,0,100.58,0,3.018061681329748,40.28
36,44252.38,5.0,11909.27,12,7.97,684,2,0,2651.89,0,0.26912157041045026,7.97
58,20250.54,2.0,23387.63,48,12.16,522,1,1,1069.82,1,1.1549138936541938,48.64
26,39363.99,5.3,12582.73,36,8.49,661,2,0,2883.18,0,0.31965077727130814,25.47
40,29123.63,1.2,18666.49,48,9.0,664,0,0,1962.45,1,0.6409396768191328,36.0
36,52987.25,1.3,7167.88,48,8.44,667,3,1,4239.13,0,0.13527556157377482,33.76
33,28087.62,9.4,10463.49,36,10.11,608,2,1,2002.47,0,0.37253031762748146,30.33
31,15000.0,3.4,17318.5,48,8.28,703,1,0,824.92,0,1.1545666666666667,33.12
55,37958.0,2.1,10441.2,48,10.47,595,3,0,2895.99,0,0.2750724484957058,41.88
31,53128.41,24.5,19356.06,36,9.68,639,3,0,3805.71,0,0.36432597926420157,29.04
34,15000.0,3.6,25680.21,24,6.54,749,3,0,105.58,1,1.712014,13.08
22,26568.51,3.2,26359.72,48,8.11,690,6,0,1569.16,0,0.9921414486548175,32.44
34,61652.03,2.0,10549.95,36,7.04,713,4,1,4811.72,0,0.17112088604381723,21.12
42,86336.32,9.2,11085.68,24,9.33,607,4,1,6686.57,1,0.12840111786094194,18.66
31,386326.35,3.6,8440.38,36,12.83,438,3,0,31910.16,0,0.021847797852773954,38.49
25,29012.37,6.9,2700.92,36,8.13,711,2,0,2332.9,0,0.09309546238380388,24.39
27,25350.61,7.6,8869.55,48,8.5,683,1,0,1893.93,0,0.3498752101034255,34.0
25,38967.1,7.3,36390.4,60,8.81,644,2,0,2495.2,0,0.9338749868478794,44.050000000000004
53,31145.07,0.9,14889.62,48,9.82,639,0,0,2219.07,0,0.4780730947145086,39.28
29,102347.4,4.8,7376.42,36,6.77,751,1,0,8301.96,0,0.07207237311353293,20.31
18,15000.0,16.0,18948.12,48,9.56,585,3,1,773.42,0,1.2632079999999999,38.24
43,23064.15,3.4,22218.52,36,8.2,690,2,0,1223.71,0,0.963335739665238,24.599999999999998
32,68984.66,9.1,39217.04,48,9.74,625,3,1,4758.97,0,0.5684892844293209,38.96
18,19685.87,4.0,4444.02,48,5.17,793,3,0,1537.8,0,0.22574669039265222,20.68
47,15000.0,0.5,10813.42,36,10.78,611,2,0,897.11,0,0.7208946666666667,32.339999999999996
54,170735.37,2.0,13715.14,60,7.95,654,3,0,13950.18,0,0.08032981098175498,39.75
21,22157.63,0.6,20843.82,48,9.41,642,3,0,1323.7,0,0.9407062036869466,37.64
34,66310.63,2.8,5695.34,36,9.2,631,2,0,5344.25,0,0.0858887933955687,27.599999999999998
41,15000.0,7.2,18856.62,60,11.07,521,7,2,839.35,0,1.257108,55.35
46,58786.98,15.3,15112.6,48,9.84,601,4,2,4516.78,1,0.25707393031586245,39.36
45,22259.61,2.8,33774.58,48,8.74,684,7,0,1018.65,0,1.5173033130409743,34.96
29,32013.25,3.8,29850.73,48,11.21,543,3,2,1893.22,0,0.9324492202447424,44.84
32,15000.0,1.5,15872.17,48,10.21,576,2,0,845.84,0,1.0581446666666667,40.84
37,15000.0,15.3,16061.61,36,7.46,726,1,1,750.68,0,1.0707740000000001,22.38
40,49423.12,4.3,4182.77,48,6.57,741,4,0,4019.26,0,0.08463184841426442,26.28
38,25337.82,0.4,73494.64,12,8.04,725,4,0,-4283.06,0,2.9005905006823793,8.04
27,26325.05,5.0,7672.76,36,11.36,569,5,0,1941.25,0,0.29146231441155857,34.08
31,26489.55,1.8,45753.42,24,6.49,773,6,0,169.53,0,1.727225264302338,12.98
18,62638.92,8.8,12683.99,24,7.54,696,4,0,4648.9,0,0.20249375308514259,15.08
29,60023.56,2.9,10553.98,36,11.48,541,4,0,4654.04,0,0.17583062384170484,34.44
59,38655.28,3.1,19590.57,60,10.76,554,4,0,2797.67,1,0.5068019168403385,53.8
36,29733.2,6.1,16883.39,24,11.3,543,6,0,1688.51,0,0.5678295642581357,22.6
21,53449.21,7.7,31418.58,12,13.55,402,3,1,1639.77,1,0.5878212231761705,13.55
53,22908.07,10.7,15738.9,36,9.19,637,3,0,1407.12,0,0.687046093363605,27.57
39,51573.49,3.7,43351.33,60,7.33,697,2,0,3432.62,1,0.8405739072535134,36.65
64,23476.94,0.9,24710.64,36,7.48,663,2,0,1187.98,0,1.0525494378739308,22.44
47,38411.49,13.0,58687.22,48,9.4,616,5,0,1729.35,0,1.5278558577134083,37.6
48,51780.13,5.7,24494.43,48,8.33,661,2,1,3713.23,0,0.4730469004230001,33.32
37,173369.62,1.7,9545.02,24,9.11,639,0,0,14010.93,0,0.05505589733656912,18.22
34,15000.0,0.5,7370.03,48,7.5,738,5,1,1071.8,0,0.4913353333333333,30.0
45,20540.42,3.1,19949.49,36,7.66,736,3,0,1089.68,1,0.97123087064432,22.98
45,44807.13,6.3,7778.84,48,10.13,626,5,0,3536.15,0,0.17360719153402596,40.52
64,36187.59,1.3,24605.84,12,6.3,750,7,0,894.5,1,0.6799524367331453,6.3
35,30349.98,0.4,6195.71,48,6.94,701,4,0,2380.97,0,0.20414214440997985,27.76
29,83482.38,1.4,7627.47,48,10.03,651,4,0,6763.3,0,0.09136622602278469,40.12
36,43863.98,0.1,5084.93,24,5.88,790,1,0,3430.24,0,0.11592495710603552,11.76
41,34381.75,2.4,34869.94,36,10.24,643,2,1,1736.06,0,1.0141991027216475,30.72
32,15000.0,8.5,7452.11,48,6.68,744,5,0,1072.65,0,0.4968073333333333,26.72
26,35024.42,10.4,1284.79,12,9.2,632,8,1,2806.23,0,0.036682691676264735,9.2
32,29357.27,3.5,2888.04,24,5.4,818,6,0,2319.22,0,0.09837563233911055,10.8
46,16407.46,2.4,36956.81,36,9.12,610,1,0,190.01,0,2.2524394391331746,27.36
32,28801.57,1.2,39103.96,48,12.13,501,4,0,1367.88,1,1.3577023752524602,48.52
26,82383.02,4.1,21779.08,48,9.21,625,1,0,6321.1,0,0.26436370018967503,36.84
36,33471.79,3.1,16897.91,36,8.53,681,2,0,2255.66,0,0.5048403446603842,25.589999999999996
41,27216.08,28.4,2334.72,60,12.02,492,3,0,2216.05,1,0.08578458029223898,60.099999999999994
43,77694.22,5.8,13521.78,48,11.27,516,4,0,6123.26,0,0.17403842911351708,45.08
31,20741.2,11.8,9019.97,36,9.13,640,2,0,1441.05,0,0.4348817811891308,27.39
50,24172.96,2.8,5845.5,24,14.16,431,2,0,1733.31,0,0.24181978541312277,28.32
29,31907.21,0.2,18557.26,48,4.56,850,2,0,2235.26,1,0.5816008356731911,18.24
48,105779.9,5.4,28186.81,12,7.2,771,2,0,6373.48,0,0.26646659715125465,7.2
34,38974.5,6.6,30165.66,12,8.25,669,5,0,620.32,0,0.7739845283454566,8.25
36,65903.02,0.1,15617.64,48,12.08,533,1,0,5080.03,1,0.2369791247806246,48.32
39,48418.86,26.1,11032.88,24,12.46,476,4,0,3513.18,0,0.22786327476524643,24.92
24,40444.99,7.6,8465.84,24,8.21,670,4,0,2986.72,0,0.20931739629556098,16.42
30,35358.05,8.1,24371.24,48,10.09,607,3,0,2327.33,0,0.6892699116608523,40.36
58,59896.4,1.7,21793.21,60,7.78,725,3,0,4551.77,0,0.3638484115906799,38.9
48,20484.91,6.8,6147.8,60,9.57,646,2,0,1577.75,0,0.3001135958127226,47.85
54,84558.43,1.8,9179.27,12,6.4,796,4,0,6254.82,0,0.1085553504245526,6.4
29,69986.5,1.7,16600.89,48,9.61,682,5,0,5414.27,0,0.23720131739692654,38.44
29,266440.63,0.4,72117.04,48,9.81,601,3,0,20380.88,0,0.2706683286254052,39.24
46,79110.8,1.1,13703.36,48,7.25,758,2,0,6262.83,0,0.17321731040515329,29.0
29,15000.0,20.8,10810.0,60,9.06,653,4,0,1025.29,1,0.7206666666666667,45.300000000000004
18,37141.15,2.2,5452.36,36,9.92,627,4,0,2919.37,0,0.1468010548946384,29.759999999999998
29,24211.18,0.0,4345.64,36,9.56,669,3,0,1878.27,0,0.17948897988449966,28.68
39,43349.44,0.8,15643.77,48,12.68,473,4,1,3195.25,0,0.3608759421113629,50.72
36,46188.6,0.1,13185.22,36,8.89,603,3,0,3430.44,0,0.28546481166348403,26.67
18,23535.46,0.6,4530.14,36,5.68,796,3,0,1824.13,0,0.19248147263745857,17.04
18,43214.17,4.5,7507.93,60,14.78,387,3,1,3423.43,0,0.17373768835546305,73.89999999999999
27,22843.76,1.2,9842.59,24,7.28,734,5,0,1461.72,0,0.4308655842996075,14.56
35,110619.39,1.0,28412.27,60,8.87,635,2,0,8630.28,0,0.2568471042915713,44.349999999999994
22,33643.15,2.4,3892.75,60,11.04,569,1,0,2718.88,0,0.11570706072409985,55.199999999999996
36,16467.26,0.1,16310.32,36,8.87,663,1,0,854.59,0,0.9904695741732383,26.61
35,40716.94,35.3,11440.57,60,12.35,437,0,0,3136.56,0,0.2809781383375077,61.75
49,32872.77,2.2,16774.43,12,5.53,788,4,0,1299.3,1,0.5102834351957563,5.53
26,51121.69,3.0,6422.0,60,9.58,662,4,0,4125.02,0,0.12562182510007006,47.9
36,48230.55,5.8,9967.36,12,11.3,558,6,0,3136.89,1,0.20666071608140482,11.3
29,105766.88,0.7,21286.32,36,7.92,733,2,0,8147.66,0,0.20125695302726146,23.759999999999998
25,15000.0,4.4,20727.52,60,12.41,478,1,1,784.62,0,1.3818346666666668,62.05
45,37745.42,0.3,22213.64,36,11.92,534,2,0,2408.49,1,0.5885121956518169,35.76
46,15000.0,0.1,24670.87,24,6.05,778,4,0,156.02,1,1.6447246666666666,12.1
39,89088.44,1.0,18875.63,36,9.27,635,1,0,6821.42,0,0.21187518829603483,27.81
43,80304.58,5.9,15618.05,48,8.49,670,3,0,6307.16,1,0.19448517133144833,33.96
46,29932.72,0.1,1932.58,60,5.55,850,1,1,2457.43,0,0.06456412915364858,27.75
31,30522.65,0.1,9102.39,24,6.55,749,3,0,2137.87,0,0.29821755319410337,13.1
29,44894.94,8.8,18418.8,48,8.69,663,4,0,3285.6,0,0.4102644975135282,34.76
45,37123.01,2.1,16187.54,24,8.75,664,7,0,2355.92,0,0.4360513869969057,17.5
46,83929.65,8.7,6557.52,36,12.26,555,0,0,6775.52,0,0.0781311491231049,36.78
18,96156.25,3.3,6216.54,60,8.38,667,5,0,7885.84,0,0.0646503997400065,41.900000000000006
41,15000.0,1.9,12535.05,60,7.66,733,2,0,997.87,0,0.8356699999999999,38.3
33,96220.15,2.4,37982.07,24,8.6,683,4,0,6290.11,0,0.3947413301683691,17.2
27,20798.64,4.9,22811.3,24,6.58,773,3,0,716.24,0,1.096768827192547,13.16
41,84167.2,6.2,14491.71,48,13.04,449,4,0,6624.87,0,0.1721776416466272,52.16
37,40188.49,2.4,8115.99,24,10.61,577,7,0,2972.24,1,0.20194811997166354,21.22
39,31815.64,1.6,18977.1,36,8.98,632,3,0,2048.01,0,0.5964707923524405,26.94
38,60349.81,17.3,12152.57,48,9.33,621,0,0,4724.83,0,0.20136881955386438,37.32
26,25203.01,1.6,6973.3,48,10.26,592,1,1,1922.52,0,0.2766852054576021,41.04
35,72890.39,2.3,18051.14,36,13.6,438,1,0,5460.75,0,0.24764773518155137,40.8
40,15000.0,1.7,31822.85,36,5.3,850,1,0,291.95,1,2.121523333333333,15.899999999999999
39,18872.14,30.5,3068.63,48,12.05,508,2,0,1491.79,0,0.16260106167080152,48.2
21,52285.5,0.6,85732.13,24,6.98,754,3,2,519.45,1,1.63969226649836,13.96
37,36842.71,11.9,66678.09,48,8.35,641,2,1,1431.44,1,1.8098041647859238,33.4
36,18353.6,20.3,63126.07,36,7.51,743,3,2,-434.44,1,3.439438039403714,22.53
34,48099.49,0.8,4678.36,24,4.76,777,1,1,3803.55,0,0.09726423294716846,9.52
30,15000.0,1.9,6566.18,60,9.02,662,0,0,1113.63,0,0.4377453333333334,45.099999999999994
27,32696.51,0.7,10964.61,48,11.07,552,4,0,2440.95,0,0.3353449649519169,44.28
39,15000.0,4.2,5988.96,24,11.32,521,6,0,969.98,0,0.399264,22.64
35,21120.75,4.7,20018.57,24,7.69,715,5,0,857.5,0,0.9478153001195506,15.38
18,72617.82,0.6,15829.36,36,8.48,656,2,0,5551.94,0,0.21798175709488385,25.44
35,30848.58,8.3,26445.51,60,11.69,550,2,0,1986.58,0,0.8572683086223093,58.449999999999996
18,15000.0,2.5,20748.18,12,11.15,581,3,0,-585.21,1,1.383212,11.15
53,15000.0,10.7,8444.43,24,5.64,804,2,0,877.11,0,0.5629620000000001,11.28
48,114324.57,4.1,8133.08,60,8.35,677,8,0,9360.77,0,0.07114026319976537,41.75
38,15000.0,0.5,5425.87,36,7.12,747,5,0,1082.17,0,0.36172466666666664,21.36
38,49938.77,21.1,30720.88,48,10.23,578,2,0,3379.01,0,0.6151709383310803,40.92
26,35188.3,4.8,17589.82,12,8.51,679,2,0,1398.1,0,0.49987694773546887,8.51
41,15000.0,0.5,4924.89,48,8.22,695,4,0,1129.26,0,0.328326,32.88
28,15000.0,0.7,12822.85,36,7.11,750,5,0,853.42,0,0.8548566666666667,21.330000000000002
35,45518.29,11.4,25630.52,48,8.21,626,2,0,3164.95,0,0.5630817853658386,32.84
49,20738.8,3.5,22681.91,36,10.04,603,4,0,995.93,0,1.0936944278357474,30.119999999999997
35,27620.14,0.8,14410.26,60,8.4,684,2,0,2006.72,0,0.5217301577761735,42.0
41,38264.47,0.5,9007.44,12,7.92,729,3,1,2405.5,0,0.23539957563766073,7.92
36,44626.95,0.3,12330.39,48,11.13,504,3,1,3399.45,0,0.2762991869262856,44.52
39,36796.0,2.5,11064.41,36,7.3,779,0,0,2723.18,0,0.3006959995651701,21.9
23,16671.73,0.1,25268.26,36,9.11,635,7,2,584.49,0,1.5156351500414174,27.33
41,16863.6,0.3,23027.41,36,9.78,590,3,0,664.65,1,1.3655097369482199,29.339999999999996
42,15000.0,5.5,19164.93,60,5.5,850,2,0,883.93,0,1.277662,27.5
48,38996.07,2.5,7597.26,60,8.7,655,3,0,3093.07,0,0.19482117044102137,43.5
32,61376.89,4.6,18958.04,48,4.27,850,2,0,4684.39,0,0.30887912372230003,17.08
46,18618.61,2.0,28724.95,48,7.75,720,2,0,853.66,0,1.5428085125581341,31.0
42,97771.47,1.2,5618.75,48,11.53,537,3,0,8000.95,0,0.05746819598805255,46.12
36,90087.94,0.4,7728.41,48,7.72,722,3,0,7319.67,0,0.08578739840205026,30.88
18,29824.77,1.4,7929.66,48,11.31,519,4,0,2279.26,1,0.26587497573325797,45.24
39,65934.07,1.6,17602.13,36,9.82,629,5,0,4928.02,0,0.2669656218704533,29.46
30,37448.82,1.1,12534.49,48,9.61,666,1,0,2805.17,1,0.3347098787091289,38.44
44,21413.5,20.0,12968.64,24,8.74,663,3,0,1193.54,0,0.6056291591752866,17.48
26,28917.58,6.9,3913.18,48,8.52,691,5,0,2313.31,0,0.13532183536796646,34.08
33,21851.67,5.1,9133.74,36,5.99,820,2,0,1543.15,0,0.4179881903762962,17.97
37,33923.32,2.0,28422.83,48,11.6,554,2,0,2084.03,0,0.8378551981350882,46.4
30,32608.68,0.1,5406.5,48,9.53,603,7,0,2581.48,0,0.16579941291705153,38.12
29,15000.0,6.0,7968.11,48,6.48,757,5,0,1061.11,0,0.5312073333333334,25.92
26,49924.69,3.8,12611.14,12,10.21,630,8,0,3050.44,0,0.25260327104685076,10.21
18,46024.59,1.6,19658.04,24,11.98,506,5,0,2910.19,1,0.42712037195768615,23.96
22,58008.96,0.5,42086.51,48,10.79,592,2,1,3750.62,0,0.7255174028288044,43.16
35,52305.72,3.8,1968.15,12,8.92,647,4,0,4186.77,0,0.037627815848821126,8.92
20,24209.16,6.7,7898.73,24,9.68,622,2,0,1654.11,0,0.32627030429804255,19.36
23,20958.04,4.6,23946.16,24,11.19,541,5,1,628.31,0,1.142576309616739,22.38
28,56518.89,5.9,23122.58,48,5.87,813,1,0,4168.25,0,0.4091124224131083,23.48
43,82411.08,4.3,16051.73,36,9.51,606,2,0,6353.33,0,0.19477635774218707,28.53
39,48062.51,1.2,9631.03,48,10.0,622,4,0,3760.94,0,0.20038549796920718,40.0
33,17352.39,30.9,2830.71,12,6.54,783,2,0,1201.7,0,0.1631308424948955,6.54
31,39619.21,13.1,12489.18,36,8.25,686,2,0,2908.79,0,0.31523041474072805,24.75
34,120850.09,0.8,11123.22,60,12.67,467,3,0,9819.63,0,0.09204147055248366,63.35
41,46676.13,1.4,2106.97,24,10.85,603,3,1,3791.62,0,0.0451402033544769,21.7
37,68489.81,0.5,27357.99,48,7.59,744,3,1,5044.85,0,0.39944613658586586,30.36
48,16958.32,4.2,5323.45,48,11.82,548,2,0,1273.48,1,0.31391376032531526,47.28
18,51774.11,24.5,29533.8,60,10.48,567,3,0,3680.01,1,0.5704356868712953,52.400000000000006
34,87684.34,4.6,9640.86,48,8.04,671,4,0,7071.49,0,0.10994962156298378,32.16
43,34566.36,0.2,11118.76,48,10.19,586,4,0,2597.51,0,0.32166418448456824,40.76
37,26831.16,8.7,46475.87,48,6.82,742,4,1,1126.88,0,1.7321602942250727,27.28
30,19170.44,4.5,9220.11,24,7.66,713,4,0,1181.96,0,0.48095453208168415,15.32
25,37864.08,2.9,23722.46,24,9.99,605,7,0,2060.78,0,0.6265162127272074,19.98
23,30251.39,2.9,14099.31,36,6.38,748,0,0,2089.59,0,0.46607147638505203,19.14
48,25753.76,18.9,12563.33,36,9.73,594,3,0,1742.35,1,0.4878250787457832,29.19
33,25669.17,5.1,18995.02,36,8.69,655,2,0,1537.8,0,0.7399935408897133,26.07
38,125185.27,7.4,68620.86,12,11.0,557,4,0,4367.28,0,0.5481544274338347,11.0
43,28537.03,1.6,5517.49,60,8.19,697,4,1,2265.71,0,0.19334492762561487,40.949999999999996
30,39626.94,5.0,20251.86,36,6.94,750,4,1,2677.48,0,0.5110629284017388,20.82
47,62679.35,2.4,38164.07,24,15.65,321,3,1,3361.02,1,0.6088778840240048,31.3
33,79981.25,25.0,8770.05,12,9.08,666,2,0,5897.82,1,0.10965132452918652,9.08
36,22438.89,0.5,4404.7,24,8.99,647,2,0,1668.7,0,0.19629758869534097,17.98
39,43907.83,6.0,1988.32,12,9.73,623,2,1,3484.43,0,0.045283950493568,9.73
43,39963.53,0.1,5439.71,60,8.07,715,0,2,3219.81,1,0.1361168545421288,40.35
28,15000.0,2.7,9183.04,36,8.61,636,5,0,959.65,0,0.6122026666666667,25.83
36,72215.33,7.1,8695.59,24,8.53,672,3,0,5622.56,0,0.12041196792980105,17.06
34,49541.85,2.1,22839.42,36,9.9,628,3,1,3392.6,1,0.46101265899436533,29.700000000000003
47,15000.0,10.3,7266.33,36,10.17,642,2,0,1014.96,1,0.484422,30.509999999999998
42,35598.46,1.2,100000.0,36,12.18,503,1,1,-363.5,1,2.8091102817369067,36.54
33,15000.0,4.9,10987.06,48,10.17,575,4,0,970.44,1,0.7324706666666666,40.68
33,85983.7,11.0,18295.64,36,9.41,670,1,0,6580.01,0,0.21278032929497104,28.23
35,31152.79,0.3,9645.82,48,9.63,635,5,0,2353.13,0,0.30962941039951797,38.52
26,27393.74,18.7,10739.92,36,8.14,657,2,1,1945.57,0,0.39205745546245235,24.42
41,23904.77,8.0,10616.4,24,6.45,756,1,0,1519.38,0,0.4441122002010477,12.9
44,153620.27,1.1,13832.5,24,8.53,673,4,0,12172.73,0,0.09004345585384013,17.06
33,44639.82,0.4,31779.42,36,10.69,576,1,1,2684.23,0,0.7119074404869912,32.07
26,61234.21,4.6,5777.7,24,7.57,697,1,0,4842.67,0,0.09435412002539104,15.14
40,17017.74,3.0,13297.96,36,9.11,655,5,0,994.59,0,0.7814175090229372,27.33
21,15000.0,9.4,6902.73,48,10.57,628,1,0,1073.03,1,0.460182,42.28
41,103241.58,5.3,6189.75,48,15.42,309,4,0,8429.88,1,0.059954041772704365,61.68
18,25121.07,0.7,38437.69,36,10.46,585,8,0,844.83,0,1.5300976431338316,31.380000000000003
33,26289.92,0.3,31102.35,48,9.69,601,4,0,1406.61,0,1.1830522877209213,38.76
48,21433.6,9.8,5467.93,48,12.6,454,1,0,1640.53,0,0.25511020080621083,50.4
42,23725.19,3.1,12326.32,36,8.66,680,1,1,1587.07,0,0.5195456811937017,25.98
22,21640.95,2.1,2771.05,60,7.87,736,4,0,1747.4,0,0.12804659684533257,39.35
30,45267.01,2.5,2239.87,48,8.5,712,4,0,3717.04,0,0.04948128891216804,34.0
36,30440.03,2.8,20477.33,36,6.19,771,2,1,1911.94,1,0.6727105722300537,18.57
25,45967.9,0.7,6746.94,24,5.61,850,2,0,3532.81,0,0.14677503214199472,11.22
41,15000.0,7.0,26935.39,36,8.43,697,2,1,400.59,1,1.7956926666666666,25.29
28,50529.32,2.1,7959.85,12,6.97,769,3,1,3522.15,0,0.15752933148516546,6.97
38,56719.13,16.5,12879.66,36,10.13,574,2,0,4310.22,0,0.22707788359941347,30.39
44,28375.03,5.5,7458.67,36,8.06,643,1,1,2130.65,0,0.2628603388260735,24.18
41,15000.0,13.0,100000.0,36,9.39,635,3,2,-1948.16,0,6.666666666666667,28.17
30,26785.76,1.5,7304.35,36,10.76,571,5,0,1993.84,1,0.2726952679334094,32.28
38,27614.33,1.8,10369.11,12,4.7,799,3,2,1414.95,0,0.3754974319492814,4.7
38,16466.42,0.2,49739.22,36,12.06,516,5,0,-281.28,0,3.0206456533964277,36.18
42,15000.0,0.8,5338.81,12,9.48,659,2,0,781.92,0,0.3559206666666667,9.48
49,132944.09,12.6,4563.98,60,11.77,513,1,0,10977.68,1,0.034330070633451996,58.849999999999994
38,18451.88,11.3,5135.97,36,8.14,674,3,0,1376.38,0,0.27834399530020787,24.42
38,92185.93,9.1,48558.57,48,8.29,655,4,0,6490.08,1,0.526746001260713,33.16
55,15000.0,4.9,60935.73,24,13.39,390,0,1,-1658.17,1,4.062382,26.78
22,56069.69,0.0,9380.0,36,7.92,713,3,2,4378.88,0,0.16729181131552537,23.759999999999998
23,50241.98,7.0,17263.04,12,7.45,731,4,1,2689.53,1,0.3435979234894803,7.45
31,19269.23,0.3,10358.3,60,7.58,684,4,0,1397.82,0,0.5375565084852897,37.9
23,34800.25,4.4,43399.24,12,9.77,632,5,0,-910.82,1,1.2470956386807566,9.77
39,36148.01,5.4,5753.77,48,5.36,815,3,1,2878.89,0,0.15917252429663487,21.44
18,48799.86,4.3,6166.82,24,11.18,501,2,0,3778.72,0,0.1263696248308909,22.36
28,29356.06,7.3,20779.23,36,8.77,668,2,3,1787.79,0,0.7078344300972269,26.31
36,40867.28,3.5,89422.48,36,8.33,683,7,0,589.8,0,2.188119199516092,24.990000000000002
34,39790.35,7.0,13938.3,12,6.75,769,1,1,2111.43,0,0.35029347567940466,6.75
35,15000.0,7.7,6883.26,36,9.71,611,2,0,1028.83,1,0.458884,29.130000000000003
18,45131.49,0.5,28955.69,12,8.65,679,7,0,1233.44,0,0.6415850662142996,8.65
29,41537.23,15.0,17408.48,48,8.55,663,3,2,3031.94,0,0.41910546273788596,34.2
24,22863.22,2.5,20103.99,48,8.79,674,2,0,1406.98,0,0.8793157744184765,35.16
25,77624.02,2.0,5084.12,48,13.83,433,4,1,6330.17,1,0.06549673670598354,55.32
33,26718.56,0.9,80585.18,48,5.08,847,3,0,367.81,1,3.0160749681120533,20.32
31,38515.16,5.0,10530.47,24,7.36,695,4,0,2736.4,0,0.27341104126271315,14.72
18,64376.66,6.1,51122.75,48,9.77,636,4,0,4073.76,0,0.7941193283404264,39.08
21,30941.42,1.1,24600.73,12,9.61,645,0,0,420.12,1,0.795074369566749,9.61
26,68573.62,4.3,35721.41,24,11.39,502,4,1,4043.1,0,0.5209205814130857,22.78
30,42559.58,3.5,6691.11,48,7.23,756,5,0,3385.69,0,0.1572174819394364,28.92
32,40022.81,11.0,12446.73,48,11.08,582,4,0,3013.06,1,0.31099090743503516,44.32
27,15000.0,5.6,50450.66,24,10.98,573,2,0,-1100.93,0,3.3633773333333337,21.96
36,15000.0,3.4,10529.84,36,7.22,772,5,0,923.81,0,0.7019893333333334,21.66
35,15000.0,10.3,7176.53,36,7.23,724,2,0,1027.65,0,0.4784353333333333,21.69
40,46155.51,0.7,18636.29,12,9.52,638,3,0,2212.02,0,0.4037717273625619,9.52
41,123385.16,0.6,13542.88,12,6.93,771,2,0,9110.71,0,0.10976101177807768,6.93
18,46268.84,1.2,14140.14,24,7.34,705,2,0,3220.46,0,0.305608266816285,14.68
22,32425.31,2.1,29067.92,60,7.57,727,3,0,2118.68,0,0.8964577362560295,37.85
39,65816.07,3.0,29233.23,12,10.17,587,7,1,2912.3,0,0.4441655358638095,10.17
38,111603.34,1.8,35267.01,48,6.09,799,2,0,8470.58,1,0.3160031769658507,24.36
22,24570.62,1.1,7443.72,24,8.39,665,1,0,1709.57,0,0.3029520622597232,16.78
33,23107.34,8.4,9125.61,12,8.93,648,2,1,1127.86,0,0.3949225657301966,8.93
44,22215.72,1.2,4171.52,48,7.62,767,0,0,1750.21,0,0.18777334248000965,30.48
37,77196.2,1.7,24668.58,36,11.02,578,4,0,5625.17,0,0.3195569211956029,33.06
48,69771.94,3.7,8197.09,12,9.82,606,2,0,5094.36,0,0.11748404874509724,9.82
45,15106.8,1.3,10834.78,36,6.53,801,2,0,926.68,1,0.7172121163979136,19.59
39,34962.17,4.8,18457.13,12,9.2,634,2,0,1297.7,0,0.5279171744774424,9.2
36,35199.28,3.7,18263.69,24,9.89,615,6,0,2091.42,0,0.5188654427022371,19.78
21,38820.84,7.5,28645.77,48,7.82,727,0,0,2538.16,0,0.7378967070264323,31.28
32,49345.59,2.0,3566.8,36,6.86,735,3,0,4002.23,0,0.0722820418197452,20.580000000000002
47,36216.18,11.8,16576.01,36,8.06,659,2,0,2498.12,0,0.45769625620371884,24.18
19,32921.31,0.7,76470.18,24,8.39,709,3,0,-728.71,0,2.3228170446437275,16.78
40,16726.96,10.4,32781.7,48,11.03,560,2,0,546.18,1,1.9598121834451687,44.12
44,54395.89,3.3,16084.06,12,10.58,577,5,1,3114.6,1,0.29568520709928636,10.58
18,15000.0,1.4,15708.14,48,8.23,703,2,0,864.82,1,1.0472093333333332,32.92
37,55426.74,1.0,20945.57,60,8.69,662,3,1,4187.24,0,0.37789648101259427,43.449999999999996
31,36526.46,12.6,13284.28,48,11.02,539,1,0,2700.4,0,0.36368922693302336,44.08
33,15000.0,30.5,8773.95,24,9.94,635,2,1,845.37,0,0.5849300000000001,19.88
18,63364.81,2.4,7626.77,36,11.63,513,3,0,5028.43,0,0.12036286386718434,34.89
49,44516.26,0.3,22743.2,36,9.97,603,5,1,2976.15,0,0.5108964679422755,29.910000000000004
28,15000.0,3.3,24683.68,24,7.39,745,4,0,140.48,0,1.6455786666666667,14.78
29,34730.55,13.5,62979.23,36,11.06,580,2,0,830.56,1,1.8133669060812454,33.18
38,50489.83,2.0,7981.81,48,10.17,610,4,0,4004.39,0,0.1580874801915554,40.68
26,16245.55,5.3,35440.16,36,7.43,740,2,1,252.53,1,2.1815303267664072,22.29
48,29833.63,1.1,4306.58,48,9.5,616,1,0,2377.94,0,0.144353201403919,38.0
33,51147.45,2.0,9947.55,48,11.35,562,3,1,4003.49,0,0.19448770173293095,45.4
33,37390.68,2.8,29631.99,36,9.94,633,2,0,2160.58,1,0.7924966863400185,29.82
29,91682.0,0.6,43792.3,36,12.02,475,4,0,6185.22,0,0.4776542832835235,36.06
24,84720.79,9.3,22179.19,36,6.88,750,4,1,6376.45,0,0.2617915862210444,20.64
31,20143.98,12.3,25381.97,48,6.24,786,0,0,1079.77,0,1.2600275615841559,24.96
38,124341.93,5.9,10625.2,36,7.54,777,3,0,10031.12,0,0.0854514643612175,22.62
23,61570.1,1.9,3205.57,48,5.79,823,2,0,5055.87,0,0.05206374522698518,23.16
50,25011.96,1.4,8927.44,24,11.33,551,4,1,1666.87,0,0.3569268461967795,22.66
43,51764.22,8.4,72511.54,48,12.83,490,1,0,2374.49,0,1.400804262094551,51.32
38,25152.98,3.5,8599.78,36,5.89,850,4,0,1834.89,1,0.34189905132513126,17.669999999999998
24,23829.32,19.1,14565.12,48,9.14,628,5,1,1622.35,0,0.6112268415548576,36.56
39,18365.39,0.9,23761.77,48,9.61,627,1,0,932.23,0,1.293834217514575,38.44
26,15000.0,7.2,9951.52,48,7.98,690,4,0,1007.15,0,0.6634346666666667,31.92
43,110517.25,4.6,8295.36,36,8.57,654,4,0,8947.64,0,0.0750594138019178,25.71
55,20502.12,0.1,20692.83,48,10.55,608,2,0,1178.2,0,1.0093019648699746,42.2
40,59038.66,1.4,33658.54,36,8.29,688,4,0,3860.64,1,0.5701101617143749,24.869999999999997
66,48139.58,1.3,9805.91,24,11.36,529,2,0,3552.96,0,0.2036974564381326,22.72
22,16018.18,3.7,25188.23,24,7.58,733,4,0,200.47,0,1.5724776472732858,15.16
32,42184.58,25.5,13385.48,24,8.95,642,1,0,2904.18,0,0.31730741422576686,17.9
26,72013.01,1.2,9458.71,60,8.11,730,3,0,5808.8,0,0.13134723850593108,40.55
34,66120.47,6.2,12960.8,48,5.89,799,1,0,5206.31,0,0.1960179653895382,23.56
36,20490.01,8.5,5141.49,24,5.84,788,1,0,1480.0,0,0.25092667109484085,11.68
46,31142.58,0.5,5565.91,36,9.24,640,4,0,2417.6,0,0.17872347120887222,27.72
24,28624.3,13.9,9736.32,48,7.7,674,3,0,2149.04,0,0.3401417676589471,30.8
22,69771.44,12.1,16838.47,36,6.08,791,6,0,5301.42,0,0.24133757308147863,18.240000000000002
30,56931.52,0.2,10010.98,36,10.19,609,3,0,4420.37,0,0.1758424858496664,30.57
33,29826.65,2.8,20648.66,24,10.79,570,11,0,1525.18,0,0.6922889429419663,21.58
36,21115.85,7.1,15953.66,36,8.63,682,3,0,1255.07,0,0.7555300875882335,25.89
38,34261.36,0.8,5730.15,48,7.57,707,5,1,2716.38,0,0.1672481769550304,30.28
37,45195.85,0.3,8533.57,24,6.75,724,0,0,3385.22,0,0.1888131321791713,13.5
26,86952.09,19.0,14326.6,24,9.21,593,1,1,6590.12,0,0.16476429721240743,18.42
39,89058.33,2.5,13636.22,24,6.22,812,4,1,6815.81,0,0.15311560412147857,12.44
38,31722.81,3.3,21176.92,36,12.57,474,1,0,1934.41,0,0.667561291070999,37.71
32,29037.44,10.5,77482.42,24,12.51,478,4,0,-1246.06,1,2.6683626380286967,25.02
39,40848.2,6.5,10428.77,36,9.95,636,3,1,3067.75,0,0.2553054969374416,29.849999999999998
47,46463.27,8.6,9313.45,12,11.03,498,3,0,3048.67,0,0.20044757934600818,11.03
30,33927.56,3.5,6604.55,60,12.3,532,3,0,2679.38,1,0.19466622415522958,61.5
36,141464.49,0.0,7003.62,48,5.91,793,3,0,11624.52,0,0.04950797192991683,23.64
34,45491.68,1.5,32988.22,24,12.07,497,4,0,2237.02,0,0.7251484227445546,24.14
40,29635.61,2.6,15996.96,12,9.34,655,5,0,1068.15,0,0.5397884504486326,9.34
34,86565.57,0.6,2118.82,48,7.52,743,3,0,7162.55,1,0.024476474884876285,30.08
32,51518.24,2.7,34742.81,48,9.93,650,1,0,3413.19,0,0.6743788219473336,39.72
31,80955.24,6.6,24817.72,36,9.43,657,3,0,5952.1,0,0.3065610082806252,28.29
32,23574.03,1.2,3667.34,36,10.27,619,3,0,1845.7,0,0.15556695227756986,30.81
35,59940.35,1.2,28867.34,36,13.11,475,1,0,4020.84,0,0.48160112511855535,39.33
42,53390.59,5.1,10375.65,48,8.89,592,7,1,4191.56,0,0.19433480693882574,35.56
18,19369.37,1.3,23657.8,48,9.94,642,3,0,1014.77,1,1.2214026579078205,39.76
44,34703.3,6.6,18347.09,36,11.37,488,0,0,2288.06,1,0.5286843037981979,34.11
43,44631.62,1.5,43823.15,12,7.56,687,2,0,-83.9,0,0.9818857124164437,7.56
38,31927.02,7.1,20043.63,12,11.17,575,3,3,887.51,1,0.6277952029346929,11.17
38,55415.42,1.3,31110.43,36,10.99,552,1,0,3599.58,0,0.5614038475211413,32.97
41,57515.3,0.2,4977.02,24,10.0,584,8,0,4563.28,1,0.0865338440380212,20.0
26,45074.53,10.7,13176.88,36,9.48,644,3,0,3334.24,0,0.2923353831975619,28.44
34,74387.73,0.1,4436.41,36,8.31,651,2,1,6059.32,0,0.059639002292447965,24.93
56,96767.83,4.2,7431.67,36,10.13,628,3,0,7823.73,0,0.07679897337782608,30.39
41,19822.5,5.6,82880.09,36,10.32,602,1,0,-1034.9,0,4.1811118678269645,30.96
34,15000.0,1.5,1000.0,12,13.06,462,0,0,1160.65,0,0.06666666666666667,13.06
44,18436.02,6.8,11512.83,24,9.7,634,0,0,1006.67,0,0.6244748052996254,19.4
40,53432.59,3.6,15173.25,36,7.79,687,1,1,3978.71,0,0.28396995167181677,23.37
19,51301.54,3.2,15609.59,36,8.86,660,4,0,3779.76,0,0.3042713727502137,26.58
41,21749.2,7.1,6653.07,48,11.91,488,2,1,1637.53,0,0.3058995273389366,47.64
52,16978.84,1.5,12298.32,36,7.61,731,2,1,1031.73,0,0.7243321687465103,22.830000000000002
43,101433.96,5.3,6750.82,36,9.83,562,2,2,8235.54,1,0.06655384449152926,29.490000000000002
31,46462.84,5.2,12796.55,60,11.63,520,5,0,3589.64,1,0.27541471851483895,58.150000000000006
24,43106.46,2.8,24800.35,48,11.68,562,1,0,2943.01,0,0.5753279206875257,46.72
27,15750.65,2.8,81076.52,48,7.55,727,2,0,-649.68,0,5.147503118918902,30.2
28,31887.98,7.7,4328.86,24,6.26,764,4,1,2464.97,0,0.13575209216764436,12.52
51,22773.4,3.6,12328.65,48,10.85,569,2,1,1580.04,1,0.5413618519852108,43.4
47,16021.92,0.9,21639.82,12,7.04,743,1,2,-537.66,0,1.3506383754256668,7.04
43,80563.18,3.5,15622.85,36,5.2,807,5,0,6243.96,0,0.1939204733477502,15.600000000000001
36,68513.35,19.9,22590.32,24,10.29,564,2,0,4663.99,0,0.3297214338519427,20.58
36,15549.17,8.3,3100.59,36,11.25,534,2,0,1193.89,0,0.19940549881440617,33.75
46,29691.26,5.8,18863.86,60,13.04,457,2,0,2044.67,0,0.6353337648856937,65.19999999999999
48,47642.44,11.2,2912.38,24,9.62,562,2,0,3836.32,1,0.06112995052310503,19.24
18,43452.66,1.9,3723.81,36,11.25,560,1,0,3498.7,0,0.08569809074979529,33.75
42,15000.0,3.7,19304.55,48,10.17,574,3,0,758.81,1,1.28697,40.68
18,58796.81,2.9,21431.66,36,13.85,451,1,1,4168.81,0,0.36450378855587573,41.55
28,22970.38,13.6,18069.04,24,10.61,551,1,0,1075.31,1,0.7866234690066076,21.22
28,37953.32,0.0,10031.21,36,11.68,506,2,0,2831.13,1,0.264303886985381,35.04
39,15000.0,1.5,38327.42,36,10.41,589,3,0,5.89,1,2.5551613333333334,31.23
61,98554.4,4.5,11308.13,36,9.61,618,1,0,7850.05,0,0.11473998116776116,28.83
54,30050.19,0.7,7448.31,48,10.69,535,6,0,2312.8,0,0.2478623263280532,42.76
35,27324.81,5.5,9399.91,48,6.26,775,5,0,2055.19,1,0.344006417610955,25.04
18,121247.26,4.5,12556.42,48,9.63,666,1,0,9787.7,0,0.10356044334527642,38.52
26,55004.69,3.1,36170.79,48,9.14,631,5,0,3681.21,0,0.6575946523832786,36.56
45,55664.26,7.4,4266.12,24,11.54,564,5,0,4438.78,1,0.07664019965414073,23.08
46,32434.79,4.3,12037.23,48,9.32,630,2,0,2401.52,1,0.37112094759978403,37.28
36,32416.6,0.6,23311.62,48,13.51,467,4,0,2070.07,1,0.7191260033439657,54.04
32,19560.23,6.4,7908.38,24,8.71,667,4,0,1269.78,0,0.40430915178400256,17.42
39,15000.0,1.1,69266.43,24,10.25,586,5,0,-1954.29,0,4.617762,20.5
32,26953.08,1.3,24923.02,48,8.23,650,1,0,1634.95,0,0.9246817061352542,32.92
38,53957.02,6.6,13387.79,24,7.3,751,4,0,3895.19,0,0.24811952179716376,14.6
31,57602.32,2.1,7276.55,36,6.13,806,3,0,4578.4,0,0.12632390500938157,18.39
36,15273.16,5.1,10166.93,48,11.6,552,1,0,1007.02,0,0.6656729845035343,46.4
30,18841.37,0.1,19672.26,48,11.02,555,3,2,1061.48,1,1.0440992348220963,44.08
35,44491.86,6.2,6870.01,48,6.34,797,0,0,3545.24,0,0.15441049216643224,25.36
30,20394.98,2.7,12115.06,36,11.31,559,4,0,1301.17,0,0.5940216661158775,33.93
40,62507.12,3.5,7717.77,12,10.05,617,6,0,4530.23,0,0.12347025426863371,10.05
33,23100.98,3.2,6412.07,48,7.59,739,2,0,1769.78,0,0.27756701230856873,30.36
49,51399.0,19.5,4455.33,36,11.89,519,4,0,4135.5,0,0.08668125839024106,35.67
27,90404.55,10.8,4725.5,24,6.44,736,0,0,7323.34,0,0.052270599212097174,12.88
18,28781.14,6.9,4698.63,48,7.7,704,1,1,2284.38,0,0.16325378355409134,30.8
32,20922.79,3.6,6174.88,48,9.06,644,3,0,1589.73,0,0.2951269883223031,36.24
32,24050.39,5.1,11693.42,48,5.26,803,4,0,1733.53,0,0.48620500540739675,21.04
35,15000.0,3.5,22513.04,36,7.84,718,3,0,546.18,0,1.5008693333333334,23.52
34,15000.0,9.4,23255.53,48,8.08,672,5,0,681.39,0,1.5503686666666665,32.32
39,30447.37,1.8,29083.22,24,9.32,618,2,0,1204.35,1,0.9551964586760696,18.64
42,209445.8,0.4,7676.26,12,8.36,635,2,1,16784.79,0,0.03665034104288556,8.36
25,41772.25,0.9,26797.6,48,9.17,613,3,1,2812.0,0,0.6415167964378266,36.68
47,34537.66,1.1,15004.15,24,7.19,744,2,1,2205.07,1,0.4344286787234572,14.38
37,25945.36,2.0,2555.97,36,11.21,542,4,0,2078.18,1,0.09851356851475561,33.63
27,36493.5,3.4,18442.63,24,6.36,782,0,0,2220.74,1,0.5053675312041871,12.72
34,75732.34,3.6,6712.11,36,9.63,601,3,1,6095.61,0,0.0886293755085344,28.89
35,20324.85,4.7,38711.6,60,10.4,553,4,0,863.59,0,1.9046438227096387,52.0
29,49209.79,8.6,7856.99,24,10.44,601,3,0,3736.66,0,0.1596631483288183,20.88
19,43037.07,18.6,11243.73,48,9.61,614,5,1,3303.35,0,0.26125686530240094,38.44
50,49346.22,3.6,3909.36,60,9.63,653,4,0,4029.83,0,0.0792230894281264,48.150000000000006
48,21669.51,1.2,21043.9,60,6.37,715,6,1,1395.32,1,0.9711294810081078,31.85
25,17385.11,0.2,3676.55,48,11.84,533,2,0,1352.23,0,0.21147694780188334,47.36
35,67320.66,8.2,3340.75,36,10.44,559,1,0,5501.57,0,0.04962443921375696,31.32
36,26221.32,0.3,40066.83,48,8.07,685,0,1,1205.64,1,1.528024904924695,32.28
29,43711.96,8.4,5344.41,48,10.71,543,3,0,3505.29,0,0.1222642498757777,42.84
44,15000.0,9.7,18304.47,12,9.22,631,3,0,-352.62,0,1.220298,9.22
23,67501.42,1.2,4857.36,60,5.66,816,2,0,5531.98,0,0.07195937507685023,28.3
20,22549.25,3.9,47185.57,24,11.97,554,3,1,-341.42,1,2.0925560717097023,23.94
28,79400.85,11.4,17679.16,36,8.64,679,4,0,6057.5,0,0.22265706223547982,25.92
40,46552.73,1.8,39580.03,48,8.93,654,3,0,2895.76,0,0.8502193104464549,35.72
33,51286.47,3.3,2974.13,48,9.8,602,7,0,4198.73,0,0.057990538245272095,39.2
35,48789.92,12.3,27076.45,48,11.75,492,5,1,3356.12,0,0.5549599179502652,47.0
35,28848.65,5.3,14264.49,36,8.15,680,1,0,1956.07,0,0.4944595327684311,24.450000000000003
22,40150.9,0.3,9828.25,48,6.27,799,1,0,3113.87,1,0.24478280686111642,25.08
26,63344.4,0.4,12307.49,24,8.94,672,2,0,4716.77,0,0.19429483900707875,17.88
36,31546.71,1.4,10515.42,48,8.76,656,0,1,2368.41,0,0.33332857847934066,35.04
33,27457.72,1.1,1970.44,48,7.74,692,0,0,2240.28,0,0.07176269551878306,30.96
21,51058.08,7.0,5722.72,12,9.62,653,5,0,3752.73,0,0.11208255382889447,9.62
33,65763.62,1.0,45343.91,60,10.16,624,6,1,4513.3,0,0.689498388318648,50.8
46,50800.29,2.4,4358.8,60,9.31,663,2,1,4142.22,0,0.08580265978796578,46.550000000000004
30,19616.23,0.8,4331.34,12,10.32,600,2,0,1253.25,0,0.22080389554975652,10.32
42,19872.62,0.7,6852.55,48,5.99,794,0,0,1495.15,0,0.34482368203085456,23.96
40,53981.11,1.7,9517.32,36,7.32,727,5,1,4203.16,0,0.17630834193665154,21.96
28,36827.85,3.8,11695.2,24,9.91,621,3,0,2529.8,1,0.31756401744875146,19.82
36,21709.76,7.6,3229.63,24,9.79,595,2,0,1660.43,0,0.1487639660687175,19.58
27,122880.62,5.5,12715.7,12,10.39,633,1,1,9119.83,0,0.10348010939397931,10.39
23,31974.63,3.7,28653.48,36,10.8,545,4,0,1729.19,0,0.8961317144248424,32.400000000000006
32,21146.8,3.6,6132.94,60,5.77,813,3,0,1644.32,0,0.2900174021601377,28.849999999999998
27,43753.4,0.3,19869.26,12,8.41,664,5,0,1913.95,0,0.4541192227346903,8.41
40,65407.84,4.5,4726.51,12,7.76,724,1,0,5040.03,0,0.07226213249053937,7.76
19,22497.69,2.4,10709.9,36,11.17,559,2,0,1523.32,0,0.47604442945031245,33.51
18,36521.15,3.2,28306.8,48,11.24,520,1,0,2308.52,1,0.7750796456299979,44.96
43,21127.98,0.7,20180.45,60,6.95,773,1,0,1361.54,0,0.9551528352450164,34.75
26,22494.6,8.1,5382.91,36,8.46,633,4,0,1704.72,0,0.23929787593466878,25.380000000000003
40,60641.43,2.5,19146.1,12,8.13,649,5,2,3386.81,0,0.3157263936552947,8.13
37,117311.84,0.8,14306.31,60,10.35,582,3,1,9469.55,0,0.12195111763654888,51.75
43,19949.92,3.6,10195.24,48,9.61,643,3,0,1405.82,1,0.5110416482873115,38.44
57,15000.0,14.6,10576.15,48,6.86,775,3,0,997.43,1,0.7050766666666667,27.44
52,70202.09,16.7,8738.95,36,8.57,639,6,0,5574.02,0,0.12448276112577276,25.71
24,22705.44,0.0,10687.04,24,9.8,638,2,0,1399.95,1,0.4706819158756669,19.6
42,18715.59,14.2,40669.83,36,8.1,687,3,1,283.31,0,2.173045573236003,24.299999999999997
28,36600.52,0.1,6950.54,24,8.15,675,5,0,2735.21,0,0.18990276640878329,16.3
55,15000.0,19.5,14779.18,48,12.96,455,2,0,853.8,0,0.9852786666666666,51.84
29,30435.12,11.9,16787.59,24,7.01,754,3,0,1784.56,1,0.5515861281309224,14.02
40,59957.05,1.1,3155.97,12,11.36,557,2,1,4716.96,0,0.05263717944762125,11.36
18,21831.38,9.6,6439.12,36,9.43,606,5,0,1613.23,0,0.2949479144240996,28.29
18,59436.1,13.4,19492.63,36,6.33,822,3,0,4357.09,0,0.3279594387922492,18.990000000000002
24,60363.9,2.6,7905.3,48,10.13,546,1,1,4829.33,1,0.13096072321370886,40.52
40,24038.3,5.2,5844.24,48,9.51,630,3,0,1856.34,0,0.24312201777995948,38.04
25,23965.96,3.9,6479.49,48,5.88,773,1,0,1845.35,0,0.270362213739821,23.52
53,44490.3,6.9,10593.22,24,8.59,709,3,0,3225.57,0,0.238101788479736,17.18
33,58277.14,0.7,24245.07,48,8.19,745,5,0,4262.37,0,0.4160305395906525,32.76
48,15000.0,4.1,56910.99,60,11.0,513,3,0,12.62,1,3.794066,55.0
31,15000.0,0.2,17934.49,36,13.03,466,4,0,645.46,0,1.1956326666666668,39.089999999999996
32,34092.41,0.7,57210.06,48,10.11,596,5,1,1387.02,1,1.6780878793842968,40.44
20,34142.27,4.6,49693.39,24,6.54,754,3,1,630.64,1,1.4554799666220202,13.08
31,21871.63,13.8,25314.34,36,8.61,681,0,0,1022.23,1,1.1574052779788246,25.83
33,30997.98,7.2,10042.45,12,4.97,838,6,0,1723.59,0,0.32397111037557935,4.97
34,77257.43,4.7,47850.03,36,12.52,466,4,0,4836.9,1,0.619358293435337,37.56
38,15000.0,12.3,24627.41,36,4.51,850,7,0,517.3,0,1.6418273333333333,13.53
38,36718.99,13.7,27376.4,48,11.05,551,3,0,2351.69,0,0.7455651694123396,44.2
30,42003.04,3.8,16411.38,24,8.37,704,5,0,2755.24,0,0.3907188622537797,16.74
46,50742.3,1.6,12014.79,36,5.64,801,2,0,3864.97,1,0.23678055586758975,16.919999999999998
42,29879.41,3.9,50737.61,24,10.84,548,1,1,128.95,1,1.6980793797467888,21.68
30,28052.63,1.4,15110.87,12,10.68,560,6,1,1004.45,1,0.5386614374481109,10.68
52,29693.73,2.4,6150.53,36,8.74,651,4,0,2279.64,0,0.2071322801143541,26.22
43,157816.6,3.9,18499.83,48,11.18,547,1,0,12671.63,0,0.11722360005221251,44.72
29,16526.84,13.4,56170.46,24,8.76,678,4,0,-1182.72,0,3.3987416832255892,17.52
20,17300.0,8.0,39616.26,36,8.36,711,4,0,193.65,1,2.2899572254335263,25.08
39,15000.0,0.8,14407.8,48,9.74,623,5,0,886.38,0,0.9605199999999999,38.96
41,38536.4,5.1,5513.34,48,5.87,797,3,1,3082.21,0,0.1430683717212817,23.48
37,37195.51,9.8,12199.41,48,9.39,652,1,0,2793.78,0,0.327980715952006,37.56
34,18541.24,1.0,5666.98,48,11.93,496,5,1,1396.07,1,0.30564190960259396,47.72
24,78382.12,19.4,5008.29,60,7.91,704,0,0,6430.51,0,0.06389582215944146,39.55
38,34950.13,14.0,21829.4,48,6.04,730,3,0,2399.45,0,0.6245870902339992,24.16
36,59821.36,2.4,30647.69,12,10.31,581,2,0,2286.27,0,0.5123201812864168,10.31
41,49788.5,1.9,8992.58,36,10.92,559,4,0,3854.98,0,0.1806156040049409,32.76
36,50685.01,0.2,3121.06,60,6.8,748,4,1,4162.24,0,0.061577574908242096,34.0
37,20799.99,6.7,7317.35,36,8.64,663,2,1,1501.87,0,0.3517958422095395,25.92
19,29014.84,9.0,44333.95,36,8.08,687,3,0,1027.0,0,1.5279749948646968,24.240000000000002
43,15000.0,10.6,14951.82,12,9.87,616,3,0,-63.6,0,0.996788,9.87
21,18171.18,0.1,30145.56,48,7.66,783,6,0,783.12,1,1.6589764671309184,30.64
41,24991.94,18.4,3225.95,48,6.03,785,4,2,2006.86,0,0.12907961526796238,24.12
31,18812.43,8.4,39097.64,48,9.1,654,2,0,592.9,0,2.078287600272798,36.4
29,18834.26,3.5,9318.46,48,8.99,619,3,0,1337.68,0,0.4947611427260747,35.96
32,23133.98,8.1,4672.65,24,11.97,500,3,0,1707.94,0,0.2019821059757119,23.94
34,21732.77,5.4,13447.59,48,10.54,576,2,0,1466.5,0,0.6187701797791998,42.16
18,17559.77,0.6,6791.26,12,9.77,556,2,0,866.98,1,0.38675107931368125,9.77
42,20253.62,0.4,14566.15,48,8.89,675,2,0,1326.08,1,0.7191874835214643,35.56
41,38679.25,1.9,7909.92,12,7.98,734,3,0,2535.27,1,0.20450034579264076,7.98
33,19463.77,4.4,20823.57,60,7.73,711,4,0,1202.44,1,1.0698631354562862,38.650000000000006
46,30987.42,2.4,23252.92,12,9.82,605,3,1,539.93,0,0.7503987101862627,9.82
28,20138.59,4.3,9162.15,36,11.78,529,3,1,1374.86,0,0.4549548900891274,35.339999999999996
39,36848.23,3.7,17477.22,36,5.01,836,3,0,2546.8,0,0.47430283625563563,15.03
31,67566.45,3.1,5234.88,24,9.21,629,3,1,5390.88,0,0.0774775054779406,18.42
38,44776.04,1.2,23539.97,48,15.36,347,2,0,3071.9,0,0.525726928955754,61.44
32,39514.62,14.7,38617.52,36,7.72,718,2,0,2087.73,1,0.97729701057482,23.16
27,124913.67,2.1,20439.49,48,10.77,573,3,1,9883.48,0,0.16362892868330586,43.08
47,36261.86,8.1,19601.91,36,8.96,639,2,0,2398.85,0,0.5405654867124853,26.880000000000003
37,51920.72,0.5,10330.04,48,4.97,850,3,0,4088.97,0,0.19895794973567393,19.88
39,15000.0,0.7,10192.84,60,7.72,654,2,0,1044.69,1,0.6795226666666667,38.6
43,31558.56,4.0,13621.17,48,12.6,485,4,1,2267.16,0,0.43161570109662795,50.4
34,22293.37,3.2,8108.02,60,7.21,771,1,0,1696.43,0,0.36369647119300497,36.05
23,29196.52,5.4,12614.86,24,12.82,460,3,0,1834.38,0,0.43206724637045785,25.64
24,15000.0,3.6,6220.14,36,7.73,720,3,0,1055.86,0,0.41467600000000004,23.19
32,61796.96,7.4,9933.26,60,6.4,803,5,0,4955.86,0,0.16074026942425648,32.0
18,59885.21,1.6,22701.87,48,9.76,612,2,0,4417.27,0,0.3790897618961343,39.04
49,43983.16,9.0,43398.41,12,12.19,474,2,0,-194.49,1,0.9867051389668228,12.19
37,38840.02,5.1,6202.14,12,5.07,818,2,0,2705.52,0,0.15968426380830908,5.07
23,15000.0,7.4,12200.73,36,8.27,653,4,0,866.15,0,0.8133819999999999,24.81
45,222475.62,1.3,14566.74,60,10.19,597,1,0,18228.77,1,0.06547566874968143,50.949999999999996
25,100263.76,0.6,6531.19,36,8.26,689,8,1,8149.87,1,0.06514008650782696,24.78
42,106637.78,10.7,31955.05,36,8.22,690,2,0,7881.88,0,0.2996597453547889,24.660000000000004
37,15000.0,5.4,12587.87,36,10.27,569,2,0,842.23,1,0.8391913333333334,30.81
22,42757.48,3.6,7476.0,48,8.61,659,4,0,3378.46,0,0.1748465999399403,34.44
50,64633.12,3.1,53427.21,60,6.87,782,2,0,4331.44,0,0.826622790296987,34.35
28,15000.0,1.1,7764.42,48,10.93,566,2,0,1049.59,1,0.517628,43.72
51,38476.9,1.9,29177.48,36,8.45,657,5,0,2286.02,1,0.758311610342829,25.349999999999998
49,22689.51,16.6,12412.27,36,8.48,673,2,0,1499.08,0,0.5470488344613877,25.44
53,46496.27,1.9,35178.18,24,9.36,664,3,1,2261.77,0,0.7565806891606575,18.72
43,108820.4,12.3,9338.85,60,8.85,600,3,1,8875.19,0,0.08581892733347792,44.25
41,25605.4,1.5,10486.67,48,9.59,670,4,0,1869.87,0,0.40954915759956884,38.36
44,39507.47,0.7,96607.73,36,7.86,683,2,0,271.19,0,2.4453028756333928,23.580000000000002
39,25493.71,15.0,10374.13,48,8.8,666,3,0,1867.3,0,0.40692900327178744,35.2
25,86319.46,0.3,8241.43,24,7.85,713,1,0,6821.11,0,0.09547592165196585,15.7
25,110482.55,5.3,14038.77,48,8.8,639,2,0,8858.86,0,0.12706775866415104,35.2
25,33178.06,7.9,9209.35,48,12.0,539,3,0,2522.32,0,0.27757349284436766,48.0
26,79478.24,2.9,7080.04,24,11.52,513,1,0,6291.49,0,0.08908148947435171,23.04
41,54357.34,5.9,9127.95,36,11.95,495,1,1,4226.82,0,0.16792488374155176,35.849999999999994
26,30788.3,3.0,7163.31,48,8.28,700,2,0,2389.87,0,0.23266338186908664,33.12
37,44887.77,5.8,5190.78,48,11.74,513,1,0,3604.62,0,0.11563907050851491,46.96
41,36642.72,2.6,11121.97,24,10.56,584,6,0,2537.46,1,0.30352468375710095,21.12
66,22547.15,2.7,59143.26,48,9.58,607,2,0,390.8,0,2.6230924972779266,38.32
34,128397.14,5.0,8020.97,36,7.58,741,6,0,10449.96,0,0.062470005173012426,22.740000000000002
48,48181.08,10.0,4408.1,36,9.59,593,1,0,3873.7,0,0.09149026962450821,28.77
30,31015.93,0.5,12584.25,48,9.94,613,2,0,2265.85,0,0.4057350529228045,39.76
28,36133.66,0.0,12934.28,12,8.71,663,2,0,1881.76,0,0.3579565424593025,8.71
26,35546.07,3.7,19129.34,60,6.29,778,1,1,2589.76,0,0.5381562574990709,31.45
56,159286.94,1.0,17581.15,36,8.68,656,2,0,12717.45,0,0.11037408339942999,26.04
39,32243.6,21.7,9847.31,36,10.27,604,4,0,2367.97,0,0.3054035529531442,30.81
44,26488.1,11.3,18560.98,36,10.67,525,5,0,1602.58,0,0.7007290066105157,32.01
20,80494.26,0.5,3032.11,36,12.74,462,4,0,6606.07,1,0.03766864867134626,38.22
37,54771.74,16.3,45243.09,48,8.28,694,1,0,3453.84,0,0.826029810263468,33.12
35,50754.56,10.3,9617.35,48,8.53,648,4,0,3992.36,0,0.18948740763391508,34.12
20,44405.01,2.0,11849.13,24,5.26,797,2,0,3179.2,1,0.2668421874018269,10.52
37,15000.0,6.6,56022.57,24,8.1,745,2,1,-1286.31,0,3.734838,16.2
45,104657.41,7.0,25298.14,60,10.65,614,6,0,8175.81,0,0.2417233524124092,53.25
18,15000.0,13.5,17920.54,48,10.37,566,3,0,792.3,1,1.1947026666666667,41.48
37,40493.86,0.2,34776.16,36,10.22,580,6,0,2248.76,1,0.8588008157286068,30.660000000000004
18,54632.46,2.9,11616.54,36,9.69,599,0,0,4179.56,0,0.21263073271824115,29.07
28,51770.41,10.5,5391.6,36,7.36,732,1,1,4146.84,0,0.10414443308445887,22.080000000000002
45,36153.15,6.4,4701.15,48,5.94,747,3,0,2902.49,1,0.13003431236282315,23.76
18,87248.12,1.2,5791.64,24,9.23,598,1,2,7005.48,0,0.06638125841565412,18.46
19,62065.79,7.8,9241.06,48,9.82,615,2,0,4938.57,0,0.14889136189195368,39.28
47,80763.6,0.7,19326.55,24,8.14,610,3,0,5854.98,0,0.2392977777117414,16.28
24,65562.95,2.8,7245.63,24,9.58,641,5,2,5130.63,0,0.11051409370688782,19.16
25,127736.83,12.9,8339.64,48,9.56,642,0,0,10434.98,0,0.06528766996957729,38.24
30,64016.25,3.6,8441.33,24,9.26,601,2,0,4948.04,0,0.1318623005877414,18.52
29,28464.34,2.3,8452.65,48,8.91,634,0,1,2162.04,0,0.2969557699212418,35.64
61,31522.81,0.3,4081.82,36,8.82,624,3,0,2497.44,0,0.12948782167579603,26.46
40,20228.39,5.1,4319.93,48,11.41,574,2,1,1573.19,1,0.2135577769659375,45.64
28,15000.0,2.5,13838.74,36,10.25,614,4,0,801.84,0,0.9225826666666667,30.75
35,15000.0,2.4,4598.73,48,9.84,556,3,0,1133.72,1,0.30658199999999997,39.36
38,18475.9,14.7,18476.14,48,6.61,730,1,0,1100.56,1,1.0000129898949441,26.44
22,15000.0,0.5,17832.73,48,10.45,586,4,0,793.85,0,1.1888486666666667,41.8
37,35346.11,1.4,8105.05,48,6.24,786,5,1,2754.27,0,0.22930528988904295,24.96
46,30934.8,10.5,28866.11,48,13.09,458,2,1,1802.2,0,0.9331274163724996,52.36
41,95558.76,0.4,19570.74,48,9.93,597,4,0,7467.52,0,0.20480320171588667,39.72
32,31240.06,6.9,42959.28,48,10.22,581,8,0,1509.24,0,1.3751343627380996,40.88
40,22774.82,5.6,5533.67,48,7.09,677,2,0,1765.16,0,0.24297316070994196,28.36
37,21082.46,1.7,10816.33,60,11.25,494,4,0,1520.35,0,0.5130487618617562,56.25
35,18151.56,10.9,14340.57,36,8.0,671,2,0,1063.25,0,0.7900461447941663,24.0
21,58712.15,3.8,33134.42,36,9.2,640,4,2,3835.93,1,0.5643537155426943,27.599999999999998
58,39416.06,15.1,51677.45,24,9.66,618,2,0,908.12,1,1.3110759928820892,19.32
36,77941.95,3.2,25128.66,12,10.42,535,3,1,4281.04,1,0.32240224936635536,10.42
30,51682.04,0.5,23189.7,48,9.98,602,5,1,3718.91,0,0.4486993934449956,39.92
18,54682.98,6.1,16244.83,48,8.56,667,3,0,4156.05,1,0.29707287349738437,34.24
38,79767.16,4.8,37791.44,48,7.06,775,3,1,5741.25,0,0.47377191315323247,28.24
34,15000.0,3.2,10976.26,48,6.43,745,0,1,990.05,0,0.7317506666666667,25.72
21,29890.8,4.0,22009.85,24,8.29,676,5,0,1492.54,1,0.7363419513696522,16.58
27,76450.98,7.6,18940.32,48,5.65,803,4,0,5929.13,0,0.2477446332277232,22.6
42,23157.98,5.7,34666.96,48,8.72,662,5,1,1071.74,1,1.496976852039772,34.88
25,88498.27,1.7,12695.53,24,7.86,692,3,0,6801.48,0,0.14345512064812113,15.72
40,21932.87,4.2,2752.23,24,6.73,794,2,0,1704.85,0,0.1254842617496023,13.46
36,28380.96,11.4,10690.02,36,11.16,535,4,1,2014.29,0,0.3766616774062611,33.480000000000004
25,36173.75,3.8,19352.26,36,4.48,850,2,0,2438.98,0,0.5349807526175748,13.440000000000001
52,21467.25,7.5,12071.58,36,8.25,708,3,0,1409.26,0,0.56232540264822,24.75
44,23165.91,1.8,17187.59,36,10.87,558,5,0,1368.85,1,0.7419345926838186,32.61
42,64824.74,0.2,100000.0,12,9.37,617,5,1,-3360.25,0,1.542620919112055,9.37
26,94205.39,1.0,54274.98,60,8.49,680,3,0,6737.18,0,0.5761345502629945,42.45
34,29369.66,6.8,20419.54,36,6.48,760,4,1,1821.82,0,0.695259665927355,19.44
58,39338.65,0.2,5000.08,48,6.05,804,5,0,3160.68,0,0.12710349745098012,24.2
45,15113.02,0.8,21973.83,48,9.92,599,0,0,702.95,0,1.4539668444824396,39.68
29,15000.0,2.7,7637.64,24,10.95,568,4,1,894.2,0,0.5091760000000001,21.9
27,15000.0,1.3,8410.76,24,8.47,660,2,0,867.8,1,0.5607173333333334,16.94
18,43919.23,2.3,11693.41,24,11.09,596,1,1,3114.44,1,0.26624806491370634,22.18
40,33214.59,1.8,22151.92,24,5.79,803,2,2,1788.19,0,0.6669334169110623,11.58
35,37012.98,4.3,7299.21,36,9.4,607,2,1,2850.94,0,0.1972067636812815,28.200000000000003
30,42673.01,9.9,24704.73,48,13.12,458,1,0,2891.85,1,0.5789310386119938,52.48
35,16318.37,5.1,12912.72,48,6.54,787,3,0,1053.4,0,0.7912996212244237,26.16
29,43328.33,5.4,14504.29,36,9.97,583,5,1,3142.89,1,0.33475303571589304,29.910000000000004
26,72349.16,5.7,14459.94,24,10.28,609,1,0,5359.97,1,0.19986327415549815,20.56
41,32352.36,5.4,3594.74,48,8.66,627,2,0,2607.15,1,0.11111214143264973,34.64
28,29117.73,0.5,7131.07,60,10.63,597,3,0,2272.74,0,0.2449047367360024,53.150000000000006
44,29353.13,5.1,12780.19,48,12.23,543,2,0,2108.1,0,0.4353944536749573,48.92
35,32430.33,11.8,5468.99,36,9.99,632,2,0,2526.08,0,0.16863812363303116,29.97
25,32737.21,1.5,8042.84,48,11.35,574,4,0,2518.86,1,0.24567884679238092,45.4
33,81715.24,8.4,8766.5,48,9.36,678,7,0,6589.95,0,0.10728108979426604,37.44
41,54009.5,2.2,27388.58,48,5.48,850,4,0,3864.08,0,0.5071067127079496,21.92
37,37633.11,6.4,7748.02,24,6.3,755,1,0,2791.65,0,0.20588306414218757,12.6
26,46329.83,2.3,46103.96,36,9.78,562,4,0,2377.93,0,0.9951247392878411,29.339999999999996
18,49198.74,0.0,22337.9,36,6.85,782,3,0,3411.7,0,0.454033985423204,20.549999999999997
46,129347.05,11.8,4394.43,60,10.32,582,1,0,10684.86,1,0.033973948381505414,51.6
31,20104.68,10.1,5044.14,36,5.55,817,1,2,1522.96,0,0.2508938217370284,16.65
42,66179.47,23.1,30611.15,60,5.67,799,1,0,4927.84,0,0.4625475241793263,28.35
31,30213.02,8.5,11112.28,36,4.56,850,3,2,2186.9,0,0.3677977242923746,13.68
27,117376.64,1.9,36817.73,48,9.53,602,2,0,8855.88,0,0.3136716982186575,38.12
40,16484.25,21.6,11831.04,24,7.26,721,4,0,842.59,0,0.7177178215569407,14.52
34,24125.86,14.6,3341.75,48,11.97,473,1,1,1922.54,0,0.13851319704250956,47.88
18,42704.94,0.3,3686.63,36,9.2,639,4,0,3441.17,0,0.08632795175452769,27.599999999999998
24,16196.69,25.3,10558.61,12,9.5,653,2,0,423.91,1,0.6518992460805263,9.5
22,15000.0,6.1,7881.08,24,10.05,610,5,1,886.15,0,0.5254053333333333,20.1
55,25647.12,9.6,19202.81,48,11.78,490,1,0,1633.65,1,0.7487316314658333,47.12
30,49941.24,8.4,23876.06,60,10.68,531,4,0,3646.45,1,0.4780830431923597,53.4
18,55989.74,6.6,21162.44,36,7.85,741,2,0,4004.12,0,0.3779699637826502,23.549999999999997
43,16275.48,0.8,9068.62,60,10.51,594,3,0,1161.32,1,0.5571952409391305,52.55
35,22699.19,3.6,50749.09,24,10.02,649,5,1,-450.68,0,2.235722508159983,20.04
41,28915.72,5.4,4605.74,48,10.19,617,1,1,2292.41,0,0.15928152575830723,40.76
36,15000.0,1.2,17472.7,60,12.17,526,0,0,859.83,1,1.1648466666666668,60.85
21,50126.02,4.2,7786.0,36,12.34,482,5,0,3917.3,0,0.1553285100233372,37.019999999999996
41,25057.72,8.1,17744.66,60,7.03,733,1,1,1736.53,0,0.7081514200015004,35.15
34,44123.3,8.5,16779.81,24,7.19,715,3,0,2924.22,0,0.3802936317093237,14.38
55,31080.13,0.1,36797.43,36,8.26,693,3,0,1432.49,1,1.183953542021864,24.78
38,68749.52,5.4,5597.79,48,10.03,627,4,0,5587.07,0,0.08142296848036175,40.12
33,52267.16,3.7,20043.42,48,9.71,617,4,0,3850.03,0,0.3834801814370629,38.84
36,30671.21,4.0,15409.72,48,7.74,743,3,0,2181.62,0,0.5024164354780917,30.96
34,22031.6,1.7,18333.57,48,4.77,850,3,0,1415.66,1,0.8321488226002651,19.08
44,40432.9,4.3,6993.22,60,6.9,750,3,0,3231.26,0,0.17295865495673077,34.5
23,18164.76,2.7,3186.28,12,12.0,507,0,0,1230.63,0,0.1754099696335102,12.0
40,19975.26,0.7,7800.87,36,11.14,543,3,0,1408.7,1,0.3905265813811685,33.42
49,41182.4,4.1,15234.46,48,9.22,616,1,0,3051.16,0,0.36992647344496676,36.88
41,81867.35,3.0,5121.09,12,10.63,603,3,0,6370.55,0,0.06255350881639628,10.63
51,159233.87,0.5,4867.27,12,6.36,788,4,0,12849.77,0,0.03056680089480963,6.36
48,68102.64,0.4,34206.52,48,11.74,511,6,0,4778.79,0,0.502278913122898,46.96
32,15000.0,6.9,9185.49,48,6.27,734,4,0,1033.14,0,0.612366,25.08
44,20842.41,3.9,9552.82,36,9.12,646,1,0,1432.56,0,0.4583356723142861,27.36
26,35019.39,3.6,6728.0,36,10.71,580,4,1,2698.94,0,0.19212213576535742,32.13
32,80846.94,6.2,3053.62,36,8.11,677,1,0,6641.4,0,0.03777038438313188,24.33
38,15000.0,1.1,12424.69,12,9.79,608,4,1,158.89,1,0.8283126666666667,9.79
28,38319.45,1.3,8776.13,24,9.6,645,1,1,2789.93,0,0.22902546878934849,19.2
36,58158.64,3.7,30211.08,36,7.16,739,2,0,3911.51,0,0.5194598773286309,21.48
32,162738.15,2.2,46086.94,24,5.21,844,4,0,11535.28,0,0.28319690250872337,10.42
28,15000.0,29.6,12491.02,24,11.9,515,2,0,662.59,0,0.8327346666666667,23.8
30,130650.66,1.6,5811.02,12,12.54,503,2,0,10369.78,0,0.04447754033542579,12.54
40,29751.75,1.0,6006.95,36,11.96,484,3,0,2279.91,0,0.2019024091019856,35.88
29,54467.17,2.9,20681.86,24,8.19,668,2,0,3601.75,0,0.3797124029025191,16.38
36,17933.51,9.4,59359.48,36,6.42,752,2,0,-322.69,1,3.3099755708726293,19.259999999999998
26,26843.37,3.3,17067.95,36,8.16,707,2,0,1700.84,0,0.6358348448797599,24.48
33,82436.48,3.3,7486.07,24,10.09,595,6,0,6523.95,0,0.09081016074436948,20.18
36,16972.58,1.8,3916.32,24,7.99,706,4,0,1237.28,0,0.2307439411097193,15.98
32,28850.79,5.1,10613.8,12,11.65,547,8,1,1462.95,0,0.36788594003838365,11.65
36,32468.98,10.2,15396.31,12,11.79,516,0,0,1339.32,0,0.4741852069267344,11.79
32,23950.13,9.5,15363.28,36,9.84,618,4,1,1501.27,0,0.6414695870126801,29.52
66,90993.7,2.7,21881.47,36,7.7,685,3,0,6900.15,1,0.24047236237234007,23.1
31,35777.24,2.7,11425.23,48,6.01,763,3,0,2713.06,0,0.31934352677847705,24.04
21,30950.59,1.5,18380.85,48,9.08,670,0,0,2121.11,0,0.5938772088028047,36.32
26,31955.42,8.0,10471.49,12,5.71,804,7,2,1763.1,0,0.32769057643429506,5.71
31,15000.0,0.9,6982.64,60,6.49,764,2,0,1113.41,0,0.46550933333333333,32.45
26,55146.89,0.6,20038.59,24,13.25,459,4,0,3640.55,0,0.3633675443891759,26.5
42,20522.6,2.7,4474.72,36,9.11,667,5,0,1567.69,0,0.21803865007357745,27.33
43,131123.41,5.2,16361.15,36,10.25,616,2,0,10397.1,0,0.12477672751189127,30.75
36,16601.32,2.9,10914.99,36,7.76,664,0,0,1042.61,0,0.6574772367498488,23.28
29,38201.94,5.0,6834.92,36,7.72,703,3,0,2970.2,0,0.1789155210442192,23.16
25,137395.95,3.9,15732.83,36,9.86,571,3,2,10943.04,0,0.1145072325639875,29.58
32,15000.0,22.1,21733.15,24,8.7,670,2,0,260.12,1,1.4488766666666668,17.4
30,18111.86,9.9,77040.29,36,11.91,532,2,0,-1046.21,1,4.253582459228372,35.730000000000004
23,15000.0,2.5,22765.62,48,7.99,659,1,0,694.33,0,1.5177079999999998,31.96
33,30289.15,2.7,20246.63,24,8.23,732,2,0,1606.27,0,0.6684449712190669,16.46
35,90464.42,0.1,50418.33,48,7.6,684,3,0,6317.29,0,0.5573277317203825,30.4
35,15000.0,0.4,11296.41,36,8.28,663,5,0,894.55,0,0.753094,24.839999999999996
26,87463.27,4.8,3339.65,48,10.38,640,7,1,7203.29,0,0.03818345689567747,41.52
18,27268.18,4.4,10997.3,48,11.94,541,2,0,1983.07,1,0.40330157714963005,47.76
40,30529.81,1.4,4925.15,36,6.74,782,3,0,2392.66,0,0.16132265480852975,20.22
38,25098.41,5.3,49000.69,60,10.18,619,2,0,1046.07,0,1.9523423993790843,50.9
32,15000.0,15.0,8589.92,48,8.45,699,4,0,1038.48,0,0.5726613333333334,33.8
66,43991.65,6.0,8391.33,60,8.27,689,3,0,3494.74,0,0.19074824426908288,41.349999999999994
31,19326.41,5.1,100000.0,24,8.04,692,5,0,-2914.02,0,5.174266715856696,16.08
35,76167.89,2.8,5101.91,36,7.68,731,1,0,6188.2,1,0.06698242527133152,23.04
36,43621.27,6.1,5172.16,48,7.56,682,2,0,3509.9,0,0.11856967942473935,30.24
28,45102.32,12.1,7720.01,36,7.21,748,4,1,3519.41,0,0.17116658300504276,21.63
18,55956.76,17.4,24230.7,48,11.49,529,1,1,4031.03,1,0.4330254289204736,45.96
37,22861.37,7.1,26090.4,48,6.55,791,5,0,1285.78,0,1.1412439411986246,26.2
38,18325.51,2.6,27365.08,48,10.2,620,4,1,830.45,0,1.4932779496996267,40.8
38,31600.61,11.4,14805.7,36,7.45,758,1,0,2173.17,0,0.4685257658000906,22.35
30,23954.47,2.2,18120.68,24,8.94,670,5,1,1168.87,1,0.7564634074558945,17.88
32,152950.09,4.8,9438.03,48,7.66,690,2,0,12516.93,0,0.061706599845740534,30.64
35,79897.8,0.3,4047.78,12,9.8,615,2,1,6302.66,0,0.05066197066752777,9.8
42,71046.9,0.3,17547.26,48,7.89,687,3,0,5493.1,0,0.24698136020009318,31.56
29,48796.31,4.5,19475.54,36,7.81,685,3,0,3457.77,0,0.3991191137198694,23.43
47,21832.99,4.0,16558.14,48,6.53,714,2,0,1426.51,0,0.7584000175880627,26.12
23,118040.19,1.0,14360.26,36,8.19,692,7,0,9385.42,0,0.12165568354303734,24.57
36,27336.67,4.3,6563.96,60,6.9,738,1,0,2148.39,0,0.24011556638025042,34.5
42,20277.48,1.5,25768.23,12,5.74,850,1,0,-524.91,1,1.2707806887246345,5.74
37,176472.89,4.2,9843.38,48,10.76,586,3,0,14452.81,0,0.055778425796732846,43.04
46,64895.97,3.6,36103.72,36,10.8,565,3,0,4229.42,0,0.5563322344977663,32.400000000000006
46,50154.31,2.6,54281.73,24,4.61,838,4,0,1807.58,0,1.082294422951886,9.22
30,124977.98,5.3,28052.97,48,9.4,652,3,0,9711.39,0,0.22446330145518437,37.6
33,24008.16,3.4,6328.94,36,6.35,784,4,0,1807.14,0,0.26361620382403317,19.049999999999997
35,51246.51,5.4,17731.18,36,11.44,525,4,0,3686.34,0,0.3459978055090971,34.32
43,105191.25,5.0,11157.2,36,10.91,566,3,1,8401.14,0,0.10606585623804261,32.730000000000004
28,46958.32,2.1,9893.29,36,11.0,590,3,0,3589.3,0,0.21068236683084066,33.0
43,26196.12,1.2,6938.22,24,9.84,616,5,0,1863.36,0,0.26485678031708515,19.68
36,71308.15,1.1,28039.33,48,8.15,705,5,0,5255.85,0,0.39321353870490267,32.6
18,16770.37,10.5,47276.75,60,7.1,742,5,0,459.16,0,2.8190642186189097,35.5
40,44173.27,8.8,10270.98,36,11.26,574,1,0,3343.58,0,0.2325157272712661,33.78
48,38621.91,7.6,9178.03,36,7.65,721,3,0,2932.37,0,0.23763791070923213,22.950000000000003
44,59412.08,7.9,33045.96,48,6.53,741,3,0,4166.87,0,0.5562161769121701,26.12
46,58394.95,3.4,4380.83,36,9.78,587,6,2,4725.34,1,0.07502069956391777,29.339999999999996
34,33866.03,11.8,6815.66,48,9.42,615,2,0,2651.2,0,0.2012535865585662,37.68
28,18989.33,4.2,16786.42,24,9.82,610,1,0,809.23,0,0.8839922208945759,19.64
32,35744.41,1.9,15839.81,24,8.64,648,5,0,2257.68,0,0.4431408995140778,17.28
27,19952.85,2.3,6186.59,48,7.58,721,0,0,1512.92,0,0.31006046755225447,30.32
33,16512.79,0.1,19618.8,48,7.8,800,5,1,898.95,0,1.1880972264529495,31.2
33,38878.32,4.5,10263.88,48,9.14,622,3,0,2983.76,1,0.26400009053889156,36.56
39,89307.51,1.8,23162.26,36,8.64,701,6,0,6709.61,0,0.25935400057621133,25.92
33,33354.87,1.7,3165.15,36,9.02,586,1,0,2678.89,0,0.09489318951025742,27.06
28,26373.26,1.2,12937.54,36,10.96,559,3,0,1774.46,0,0.4905552062960742,32.88
53,37056.32,0.3,28819.86,24,10.99,543,1,0,1744.93,0,0.7777313019749398,21.98
30,36036.79,1.7,6899.6,36,6.81,729,4,1,2790.62,0,0.19145989418036402,20.43
20,26857.47,1.6,6607.92,24,8.5,737,5,0,1937.75,1,0.24603657753317792,17.0
40,65021.75,2.7,12383.74,60,9.74,619,5,0,5156.94,0,0.19045534763367641,48.7
53,52397.25,2.7,10503.18,60,10.86,553,2,1,4138.81,0,0.20045288636331104,54.3
19,60243.46,4.4,11191.43,24,7.7,704,3,0,4515.66,0,0.18577004043260464,15.4
27,24968.87,3.0,20733.77,48,5.67,850,4,1,1596.94,1,0.830384795146917,22.68
19,40893.17,7.4,25956.24,36,14.04,436,2,0,2520.14,1,0.6347328906025139,42.12
18,26440.51,14.9,4843.09,36,7.39,772,3,0,2052.97,0,0.1831693110306874,22.169999999999998
52,27853.42,3.1,3359.65,48,8.81,685,6,1,2237.82,1,0.12061894015169412,35.24
18,27231.17,0.1,15677.93,36,7.56,755,7,0,1781.15,1,0.5757347187065411,22.68
28,35414.23,7.6,28344.36,36,9.3,600,1,1,2045.88,0,0.8003664063852298,27.900000000000002
53,15000.0,10.5,23304.13,36,11.27,552,3,0,484.07,0,1.5536086666666666,33.81
32,15000.0,5.5,19033.38,36,8.61,670,5,0,648.19,1,1.2688920000000001,25.83
32,17530.07,1.0,3984.49,12,10.01,621,5,0,1110.52,0,0.22729458581739834,10.01
46,35922.42,1.3,32388.3,36,7.18,739,2,0,1990.81,1,0.901617986761471,21.54
32,60240.36,7.4,9211.06,48,8.07,698,6,1,4794.86,1,0.15290512872101028,32.28
43,94932.82,5.8,10842.28,36,9.11,615,2,0,7565.73,0,0.1142100276806272,27.33
39,41931.36,5.5,20833.93,36,10.19,576,5,0,2820.17,0,0.49685796024741385,30.57
20,15000.0,6.5,16528.83,48,8.53,702,4,0,842.36,0,1.101922,34.12
38,49531.45,15.5,42642.78,60,8.22,682,3,0,3258.48,1,0.8609233123601268,41.1
18,161708.71,11.3,6650.91,12,10.81,569,4,1,12888.5,0,0.04112895341258983,10.81
32,59857.03,1.7,28330.65,60,10.25,615,2,1,4382.65,1,0.4733053076639453,51.25
33,19832.54,4.1,3340.73,36,8.14,695,5,1,1547.81,0,0.16844690594346462,24.42
51,91251.35,8.2,10312.57,48,4.99,850,4,0,7366.83,0,0.11301279378332484,19.96
36,47142.82,0.6,10986.78,36,10.67,585,3,0,3570.59,1,0.2330530927084973,32.01
32,45215.72,8.5,10666.57,36,8.1,666,0,0,3433.23,0,0.23590401745233736,24.299999999999997
18,55216.47,1.4,34861.12,36,5.78,850,2,0,3544.3,0,0.6313536522707809,17.34
39,37752.89,0.6,7469.66,36,8.26,710,3,1,2911.11,0,0.1978566409088152,24.78
43,129692.96,5.9,9358.64,48,10.53,530,2,1,10568.0,0,0.0721599692072723,42.12
30,64568.22,2.2,27601.9,24,8.13,709,3,0,4130.69,0,0.4274842949054504,16.26
36,22873.47,0.3,42577.8,24,7.8,685,3,0,-15.67,0,1.8614490936442962,15.6
25,83921.66,31.4,8195.8,36,8.47,673,4,0,6734.86,0,0.09766012731397351,25.410000000000004
44,15000.0,5.2,20353.25,24,6.99,769,3,0,338.82,0,1.3568833333333334,13.98
40,48060.42,7.1,2946.9,60,8.47,695,3,0,3944.62,0,0.061316567770319116,42.35
32,26911.21,1.7,100000.0,48,7.56,720,5,0,-178.09,1,3.7159235872337217,30.24
38,21934.26,2.7,6554.08,36,7.18,731,0,0,1624.94,0,0.2988056127719832,21.54
36,15000.0,19.0,19009.76,12,11.92,529,2,1,-438.28,1,1.2673173333333332,11.92
39,31275.71,0.7,10918.11,48,9.31,650,3,0,2333.0,0,0.3490923147707918,37.24
27,68687.52,7.2,20087.86,36,12.25,504,4,3,5054.35,1,0.29245283568252284,36.75
26,144274.77,2.4,19328.49,36,6.82,738,3,1,11427.68,0,0.1339699935061411,20.46
28,215828.24,0.2,17439.58,36,10.2,638,3,1,17421.32,0,0.08080304968432306,30.599999999999998
35,15000.0,1.3,13581.29,60,10.54,605,4,0,957.82,0,0.9054193333333334,52.699999999999996
31,15000.0,14.9,14137.61,60,8.88,659,4,0,957.35,0,0.9425073333333334,44.400000000000006
25,48126.28,2.1,21733.82,48,4.41,850,2,0,3515.8,0,0.451599832773279,17.64
27,80776.25,8.4,9713.14,60,8.65,657,2,0,6531.37,0,0.12024747373144952,43.25
40,40974.04,0.5,4201.92,48,8.54,686,3,0,3310.85,0,0.102550785814628,34.16
18,18187.67,1.7,5860.01,24,5.26,803,6,0,1257.87,0,0.32219685094352385,10.52
20,34476.17,4.8,8044.66,24,9.88,647,5,0,2502.24,0,0.23333972422110694,19.76
32,17974.45,13.7,11048.15,36,7.63,685,5,0,1153.54,0,0.6146585848245704,22.89
40,67675.83,0.8,17811.78,60,7.31,726,3,0,5284.35,0,0.2631926346525783,36.55
25,34805.13,0.9,17910.35,48,9.17,680,6,0,2453.28,0,0.514589372313794,36.68
20,147055.26,8.2,6603.43,48,8.41,702,2,0,12092.12,0,0.04490441212371458,33.64
38,38408.3,2.5,7216.52,36,5.65,827,3,0,2982.29,0,0.1878895967798627,16.950000000000003
29,38948.35,5.6,7756.19,12,7.54,653,5,0,2572.65,0,0.19914040004262054,7.54
27,36754.97,11.7,7313.56,48,12.45,522,5,1,2868.7,0,0.1989815254916546,49.8
42,29851.28,1.5,9146.98,36,8.3,671,7,0,2199.71,0,0.3064183512398798,24.900000000000002
43,69518.76,11.7,30285.0,48,9.83,604,3,1,5027.59,0,0.43563780481700193,39.32
22,15000.0,7.1,3895.06,48,8.91,679,0,1,1153.24,1,0.25967066666666666,35.64
43,25944.26,1.7,11559.01,36,5.28,799,5,0,1814.13,0,0.44553246074468883,15.84
55,30956.14,1.0,12348.12,12,6.26,761,1,0,1515.44,0,0.3988908177828373,6.26
29,51922.76,5.6,17254.93,36,8.34,704,3,0,3783.48,0,0.3323191987482946,25.02
48,29320.95,3.8,74630.96,24,10.78,576,8,1,-1027.36,1,2.5453117992425214,21.56
40,65982.33,1.7,12367.08,36,11.87,505,5,0,5088.53,1,0.18743018017096394,35.61
20,27081.51,19.4,14667.63,36,12.25,509,5,2,1767.86,0,0.5416104936541574,36.75
32,37222.09,4.8,16504.71,24,5.7,783,2,1,2372.57,0,0.44341169450721335,11.4
27,42915.6,3.7,32592.36,48,9.76,625,2,1,2753.42,0,0.759452506780751,39.04
45,36914.86,1.7,30755.83,36,9.58,656,2,0,2089.89,0,0.8331558077153753,28.740000000000002
31,241513.72,3.0,7137.71,24,10.79,584,3,0,19794.17,0,0.02955405597661284,21.58
34,84808.22,1.7,77854.47,36,8.44,626,4,0,4611.84,1,0.9180061791180147,25.32
29,55531.79,2.5,44835.11,48,10.43,586,2,0,3481.23,1,0.8073773598870124,41.72
45,21207.18,3.1,33604.89,24,6.18,785,2,0,275.15,0,1.5845996497412669,12.36
32,20500.34,3.0,4082.11,36,6.23,821,1,0,1583.75,0,0.19912401452853953,18.69
32,93118.6,4.2,8098.64,48,9.32,623,6,0,7557.12,0,0.08697123882876245,37.28
35,39980.17,0.5,17796.84,60,8.84,637,2,0,2963.63,0,0.445141678987358,44.2
41,19231.26,5.1,14488.52,36,8.86,695,3,0,1142.82,0,0.7533838136450759,26.58
27,46293.08,5.8,12618.19,48,11.71,479,4,0,3527.27,1,0.2725718401108762,46.84
28,30767.17,17.0,10762.12,48,10.02,569,3,0,2290.87,0,0.3497923273411237,40.08
28,21465.09,1.8,22616.38,36,6.21,737,5,0,1098.57,0,1.0536354611138365,18.63
19,37249.56,1.3,57419.95,36,10.9,539,4,2,1226.99,0,1.5414933760291396,32.7
53,23263.97,6.5,6321.3,36,13.22,475,1,1,1725.0,1,0.2717206048666672,39.660000000000004
33,43858.45,13.9,12999.44,36,14.54,399,3,0,3207.16,0,0.2963953354484712,43.62
47,112301.91,1.6,45882.43,48,7.67,722,4,0,8245.46,0,0.40856322034059794,30.68
32,51291.38,9.0,11001.96,48,12.59,470,6,0,3981.36,1,0.21449920045044604,50.36
40,24021.19,6.4,32458.93,36,8.13,688,3,0,982.67,0,1.3512623646039186,24.39
27,15000.0,3.5,46468.65,36,9.19,612,2,0,-231.8,0,3.09791,27.57
30,15000.0,0.2,6825.03,48,9.38,663,4,1,1078.92,0,0.45500199999999996,37.52
35,15449.54,4.9,4966.49,36,11.91,513,3,0,1122.72,0,0.32146523456361803,35.730000000000004
35,62860.7,2.8,13885.56,48,10.0,590,5,0,4886.22,0,0.22089413576368064,40.0
39,28669.11,0.5,3327.26,48,10.31,611,3,0,2304.21,0,0.11605731744026934,41.24
34,73783.07,3.6,19179.36,36,11.19,592,5,0,5518.95,1,0.2599425586384519,33.57
33,34463.4,16.0,35474.78,24,6.66,795,2,0,1289.11,1,1.0293464951223616,13.32
36,58041.16,2.4,4145.04,36,9.62,651,3,0,4703.75,0,0.0714155264987812,28.86
49,28087.62,3.5,21910.07,48,11.21,560,3,0,1772.12,0,0.7800614648019305,44.84
26,39235.14,0.7,100000.0,36,10.51,585,4,0,18.88,0,2.5487356487067463,31.53
29,31120.01,11.9,27585.5,60,10.17,587,2,1,2004.91,0,0.886423237010528,50.85
26,117058.52,4.6,11815.82,48,10.18,590,4,1,9454.17,0,0.10093942756153075,40.72
35,22894.64,0.9,22386.11,36,5.11,845,4,0,1235.85,1,0.9777882508744405,15.330000000000002
34,65034.97,2.5,33146.73,36,10.22,581,5,1,4346.6,0,0.5096754868957425,30.660000000000004
45,55083.76,6.6,41019.03,24,8.39,660,4,0,2727.83,0,0.7446664860931788,16.78
47,15000.0,2.3,43634.94,48,7.65,781,3,0,191.9,0,2.908996,30.6
18,33226.68,2.5,34473.74,36,10.05,631,4,0,1655.71,0,1.0375318870257275,30.150000000000002
27,33377.9,2.0,13602.87,48,5.58,793,1,1,2464.64,0,0.40754121739234644,22.32
28,48457.86,0.5,31851.67,12,15.08,353,2,1,1162.07,0,0.6573065752387744,15.08
36,28808.7,5.2,13551.65,36,12.12,487,3,0,1949.84,0,0.47040130238434913,36.36
23,64685.43,12.3,23052.53,24,12.65,500,2,0,4298.28,1,0.35637901765513497,25.3
40,15000.0,0.9,5983.62,60,9.27,628,2,1,1125.0,0,0.398908,46.349999999999994
19,81234.07,3.7,9845.94,36,9.43,626,2,0,6454.43,0,0.1212045635531988,28.29
31,30874.69,3.1,14511.38,48,11.33,509,7,0,2195.51,0,0.47000892964431384,45.32
29,108749.06,11.3,20702.8,60,10.88,549,1,0,8613.53,0,0.19037222022884612,54.400000000000006
27,55648.83,5.9,17429.85,60,7.57,739,0,0,4287.56,0,0.3132114367903152,37.85
25,82538.98,4.0,14382.1,36,8.69,673,2,0,6422.97,0,0.1742461561797832,26.07
34,19049.53,2.9,24743.14,12,7.04,759,2,2,-553.94,1,1.298884539408584,7.04
32,60529.74,5.8,11571.05,36,10.07,575,4,0,4670.4,0,0.19116305472318235,30.21
35,126657.89,3.6,10124.15,36,9.11,677,2,0,10232.36,0,0.0799330385181689,27.33
34,122312.43,4.7,9747.46,24,10.1,605,2,0,9742.46,0,0.07969312685554526,20.2
18,25453.68,3.9,42955.12,24,9.59,646,4,1,147.1,1,1.6875799491468424,19.18
33,17314.41,1.6,14434.92,48,8.3,733,0,0,1088.43,1,0.8336940155627596,33.2
37,58081.97,9.7,39669.37,48,8.3,663,2,2,3866.12,1,0.6829894027354789,33.2
29,24276.49,10.7,6768.48,48,13.09,472,3,0,1841.16,0,0.27880801549153106,52.36
43,34540.58,0.9,8488.27,36,6.28,773,1,0,2619.07,0,0.2457477552490433,18.84
39,16005.62,1.0,17953.14,12,4.98,812,2,0,-202.96,0,1.1216772608621222,4.98
48,32958.44,3.2,4680.21,36,8.45,655,4,0,2598.9,0,0.14200338365529436,25.349999999999998
18,22154.82,0.1,40046.12,12,8.76,709,6,2,-1651.4,0,1.8075579038782532,8.76
33,15000.0,5.1,27320.68,60,10.41,537,3,0,663.99,1,1.8213786666666667,52.05
45,84733.63,2.8,16773.15,24,9.83,633,3,0,6288.46,1,0.19795150992587005,19.66
36,59151.16,2.1,15034.15,36,11.91,511,0,0,4430.56,0,0.2541649225475882,35.730000000000004
25,53028.23,0.4,5311.17,24,7.36,670,4,0,4180.36,0,0.1001574067246823,14.72
23,37396.88,4.3,4340.92,60,9.15,655,2,1,3025.98,0,0.11607706311328647,45.75
49,64602.05,2.4,6883.72,60,13.34,443,3,0,5225.68,0,0.1065557517137614,66.7
29,47284.73,2.1,13467.12,48,5.74,788,1,0,3625.72,0,0.2848090704969659,22.96
23,48403.25,24.3,6924.97,60,6.19,757,6,0,3899.11,0,0.14306828570395583,30.950000000000003
36,58862.42,2.4,19201.37,60,7.17,720,1,1,4523.45,0,0.3262076210933903,35.85
27,36491.96,5.7,16899.04,48,6.37,762,3,0,2641.25,0,0.4630894038029199,25.48
28,78679.22,11.2,78154.84,24,8.43,675,4,0,3006.52,0,0.9933352160837384,16.86
37,15000.0,11.1,53478.73,12,10.11,588,1,0,-3454.37,1,3.5652486666666667,10.11
37,36772.25,6.0,18095.14,36,6.78,746,5,0,2507.45,0,0.4920868317821183,20.34
37,17518.24,5.1,16950.16,36,8.63,653,3,0,923.76,0,0.9675720848669729,25.89
38,15000.0,14.7,33543.33,48,10.03,597,3,0,398.77,0,2.236222,40.12
28,45097.92,0.3,15459.99,36,7.99,673,1,1,3273.77,0,0.3428093801221875,23.97
32,35611.95,0.5,9593.04,36,7.79,696,2,1,2667.98,0,0.2693769928352702,23.37
29,51285.35,17.9,13536.32,12,13.9,374,0,0,3059.03,0,0.26394126197832324,13.9
28,16675.64,0.1,79441.67,60,12.48,478,4,0,-396.83,0,4.763935297235968,62.400000000000006
46,83554.38,3.6,38628.84,48,7.06,759,3,0,6036.77,0,0.46231974912625756,28.24
26,68486.83,1.6,4386.67,48,10.22,597,2,0,5595.51,1,0.06405129278140045,40.88
18,79097.97,5.9,21310.3,60,5.7,797,2,0,6182.48,0,0.2694165223203579,28.5
37,59492.41,0.8,6558.25,60,10.11,605,2,0,4818.0,0,0.11023675120910381,50.55
45,57222.76,2.9,5306.61,48,6.09,831,3,0,4643.72,0,0.09273600224805653,24.36
24,28973.2,4.3,12925.42,48,9.88,630,2,0,2087.36,0,0.44611641102812255,39.52
24,15000.0,6.6,12706.31,24,10.01,584,4,0,663.61,1,0.8470873333333333,20.02
22,24003.58,6.7,4089.22,36,4.67,850,6,0,1878.35,0,0.1703587548190728,14.01
24,76725.14,15.1,21302.28,12,5.69,786,3,0,4563.38,0,0.2776440681633165,5.69
31,35271.76,2.5,9263.89,12,15.04,377,0,0,2103.0,0,0.2626432590831872,15.04
33,34907.11,2.2,79775.97,24,8.02,681,3,0,-699.85,1,2.2853788239702455,16.04
38,75136.22,28.4,12885.73,36,5.24,801,3,0,5873.76,0,0.17149824678430722,15.72
24,37553.51,21.4,5332.12,60,7.48,721,1,1,3022.67,0,0.14198726031201875,37.400000000000006
37,16555.85,4.8,22965.99,36,6.46,801,3,1,676.19,0,1.3871827782928694,19.38
43,56024.51,0.3,11331.3,36,10.33,563,0,0,4301.32,1,0.20225611968761528,30.990000000000002
36,35138.72,3.4,47927.59,24,13.01,485,1,0,649.44,0,1.3639537809003854,26.02
54,66961.95,1.9,26485.22,12,10.43,563,1,1,3246.39,1,0.3955264146280089,10.43
29,84353.47,24.0,14156.4,48,4.87,844,2,0,6704.28,0,0.16782237885412418,19.48
18,33614.74,9.3,6312.36,48,5.83,824,2,0,2653.47,0,0.1877854774423363,23.32
38,15000.0,14.0,16466.46,36,8.42,689,5,0,730.8,1,1.097764,25.259999999999998
35,69676.69,3.4,20601.28,60,8.21,673,3,1,5386.6,0,0.29566961346757425,41.050000000000004
26,97375.72,8.2,32233.73,24,9.54,623,7,0,6634.05,0,0.33102430462131627,19.08
37,79218.41,1.4,4276.41,36,10.98,568,3,0,6461.57,1,0.05398252754631152,32.94
26,124303.18,0.5,30764.57,36,11.3,556,5,0,9347.03,0,0.2474962426544518,33.900000000000006
28,152673.45,1.7,14311.47,24,8.28,677,2,0,12073.69,0,0.09373908823046835,16.56
32,70627.1,2.2,18662.26,48,7.86,673,1,0,5431.22,0,0.26423653243584966,31.44
40,104450.44,1.4,6281.92,60,7.74,711,2,0,8577.61,0,0.06014259011259311,38.7
40,33964.49,2.8,12017.85,48,6.7,779,3,0,2544.26,0,0.3538357266662918,26.8
36,15219.1,1.5,24832.6,48,7.67,686,3,0,665.86,0,1.6316733578201075,30.68
18,15000.0,6.3,40995.31,24,11.55,551,7,0,-671.19,1,2.7330206666666665,23.1
28,52292.38,0.9,5922.24,48,7.74,668,3,1,4213.84,0,0.1132524471060602,30.96
22,28014.54,10.0,7053.68,24,9.3,628,7,0,2011.33,1,0.2517863937798015,18.6
46,32896.8,0.7,31407.34,24,9.14,689,1,0,1304.55,0,0.9547232557573988,18.28
22,15000.0,8.1,14312.31,36,11.76,460,7,0,776.27,0,0.954154,35.28
37,178864.22,6.4,6314.05,60,9.38,653,4,0,14773.11,0,0.03530079967922036,46.900000000000006
44,24082.27,5.1,4632.96,36,8.49,671,3,0,1860.63,0,0.19238053555582593,25.47
47,36742.54,4.6,11911.2,36,11.37,520,2,0,2669.83,1,0.32418009206766873,34.11
39,59078.14,7.1,22224.76,60,6.7,757,6,1,4486.24,0,0.37619261540732324,33.5
18,27174.99,2.4,28018.99,12,8.46,669,2,0,-178.71,0,1.0310579691105681,8.46
28,71373.72,0.1,77395.02,48,7.87,714,0,0,4063.09,0,1.0843629840226907,31.48
31,44100.9,1.1,8581.53,36,9.98,592,1,0,3398.25,0,0.19458854581199023,29.94
51,23872.63,0.6,28635.61,60,8.07,708,1,0,1407.8,0,1.1995163498952566,40.35
27,17417.45,19.4,8949.2,60,8.92,635,2,0,1266.03,0,0.5138065560687701,44.6
36,254807.75,7.6,50843.69,24,10.6,601,5,1,18873.7,0,0.19953745519906677,21.2
28,18295.47,3.6,38745.15,48,9.89,612,4,0,543.99,0,2.1177455402894814,39.56
33,29959.97,2.2,12798.87,24,8.46,675,5,0,1915.12,0,0.42719902590022624,16.92
47,58041.82,8.7,59798.28,24,9.66,627,5,1,2086.81,0,1.030261973177271,19.32
46,240056.19,11.1,5043.05,36,8.53,666,1,0,19845.42,0,0.021007789884526618,25.589999999999996
19,77998.03,0.9,10520.91,48,6.36,747,5,0,6251.01,0,0.13488686829654545,25.44
34,34522.16,1.0,3354.95,36,8.86,636,4,2,2770.38,1,0.09718250538205024,26.58
25,108957.03,2.6,33202.27,24,5.88,783,3,0,7610.0,0,0.30472811162345376,11.76
55,37662.28,1.8,39364.36,12,12.77,423,4,0,-373.15,1,1.0451932278130798,12.77
34,15000.0,1.5,84884.17,48,6.31,756,3,1,-755.59,1,5.658944666666667,25.24
31,30155.84,0.5,16571.2,24,7.9,734,5,0,1764.27,0,0.5495187665142142,15.8
22,93403.34,1.8,8767.55,48,7.97,632,2,0,7569.69,0,0.09386762828823894,31.88
23,17447.84,7.0,22932.49,12,10.0,612,1,0,-562.14,1,1.3143455006464984,10.0
41,105699.05,2.2,8358.97,36,10.46,599,1,0,8536.72,0,0.07908273536990161,31.380000000000003
31,36747.83,3.7,15933.77,48,9.14,610,5,0,2664.75,0,0.43359757569358515,36.56
37,23785.71,3.0,3281.77,36,8.82,640,0,2,1878.06,0,0.1379723371721929,26.46
29,41067.47,7.7,9766.58,36,9.64,630,2,0,3108.8,0,0.2378179128151795,28.92
38,56938.79,1.4,57497.84,36,8.31,665,5,1,2934.89,0,1.009818438361616,24.93
18,248736.08,2.0,10756.66,48,6.31,742,0,0,20473.85,0,0.04324527426821232,25.24
61,17839.04,5.5,3956.53,48,9.23,647,1,0,1387.7,0,0.22179052235994762,36.92
43,38257.11,1.2,10383.45,36,9.18,640,2,0,2857.03,0,0.27141229434214975,27.54
40,107202.95,5.3,2992.95,24,8.15,678,3,0,8798.01,0,0.027918541420735157,16.3
45,81553.37,3.1,5688.47,48,4.82,820,7,0,6665.58,0,0.06975150137879037,19.28
22,20040.36,0.4,1451.59,48,7.63,732,1,0,1634.84,0,0.07243332954098629,30.52
28,15000.0,5.0,32262.68,12,6.68,783,5,1,-1536.83,1,2.1508453333333333,6.68
22,42146.56,14.2,5483.51,48,10.89,574,3,0,3370.78,0,0.13010575477571598,43.56
39,29915.4,19.2,6237.44,36,9.79,596,4,0,2292.3,1,0.20850264412309377,29.369999999999997
39,57374.65,10.7,8770.33,24,6.05,836,2,0,4392.32,0,0.1528607146187384,12.1
26,292405.89,5.7,17084.42,48,14.38,362,2,0,23897.04,0,0.058427072040169906,57.52
51,39778.85,5.2,32243.64,48,10.01,560,2,0,2496.97,1,0.8105724524464634,40.04
42,159871.7,6.8,10524.99,36,11.27,558,1,0,12976.72,1,0.06583397812120594,33.81
48,129189.43,1.1,26912.0,24,10.67,540,4,1,9515.59,0,0.20831425605020473,21.34
56,64601.28,14.6,2188.62,24,6.92,722,3,0,5285.53,0,0.03387889527885515,13.84
28,15000.0,10.6,88386.68,60,11.37,569,3,1,-688.09,1,5.892445333333333,56.849999999999994
70,72824.08,9.3,34609.5,12,10.76,560,5,0,3013.7,1,0.47524802235744,10.76
22,113019.05,3.1,15710.7,48,9.19,659,1,1,9025.87,0,0.13900930860770816,36.76
25,15946.36,2.3,6793.16,48,7.21,739,4,0,1165.53,0,0.4260006672369117,28.84
35,23535.85,11.6,14376.91,48,5.33,850,4,1,1628.08,0,0.6108515307498986,21.32
41,15000.0,0.5,7492.13,12,7.9,747,5,0,598.62,0,0.4994753333333333,7.9
45,68614.3,3.2,5831.33,36,7.54,708,1,0,5536.36,0,0.08498709452694263,22.62
44,25238.41,11.3,10527.13,24,10.47,540,3,0,1615.14,0,0.4171074960744357,20.94
39,97844.76,7.7,10276.51,24,10.45,583,3,0,7677.38,1,0.10502872100662315,20.9
40,78632.38,10.5,20924.58,60,5.56,792,0,0,6152.43,0,0.26610640552912174,27.799999999999997
54,17342.38,7.1,14694.77,48,7.37,722,3,0,1090.79,0,0.8473329496874131,29.48
41,16861.56,3.9,4480.54,36,11.81,534,4,0,1256.72,0,0.26572511677448585,35.43
33,64498.92,2.0,6812.51,36,6.96,746,5,0,5164.68,0,0.10562207863325464,20.88
23,21719.72,9.9,9590.44,12,5.6,820,3,0,986.32,0,0.4415544951776542,5.6
33,15000.0,1.2,3295.88,12,9.27,673,1,1,961.36,0,0.21972533333333333,9.27
53,77413.92,2.6,13348.36,36,8.61,670,2,1,6029.1,0,0.17242842114183082,25.83
55,55082.75,7.4,5441.83,48,10.9,553,3,0,4449.85,0,0.09879372398799988,43.6
19,31828.21,3.6,24410.33,60,9.79,627,4,0,2136.22,0,0.7669400823986018,48.949999999999996
42,70279.49,0.4,12101.25,60,10.61,630,3,1,5595.86,1,0.1721875044909973,53.05
30,82102.84,7.3,13187.59,36,8.35,707,6,0,6426.52,0,0.1606228237659014,25.049999999999997
30,66481.51,9.1,9379.69,36,8.74,662,2,0,5242.99,0,0.14108719853083965,26.22
34,51527.72,3.4,20715.6,48,7.96,640,1,1,3788.64,0,0.40202826750339427,31.84
36,48800.73,2.4,6229.03,36,8.9,649,4,0,3868.94,0,0.1276421479760651,26.700000000000003
39,45449.38,1.2,33828.07,48,8.48,661,1,0,2953.96,0,0.7443021224932002,33.92
29,145474.94,6.7,3626.44,48,9.27,631,0,0,12032.2,0,0.024928279743576455,37.08
40,29826.46,13.6,7636.97,24,10.4,572,4,0,2131.72,0,0.2560468121258775,20.8
29,16998.33,6.0,38769.8,48,8.28,708,3,1,464.94,1,2.2808005256987007,33.12
36,62503.18,6.6,74766.65,24,11.35,552,3,0,1711.72,0,1.1962055370622742,22.7
40,28227.79,2.3,25668.19,36,11.29,523,1,0,1508.44,1,0.909323400804668,33.87
35,32663.34,7.8,2741.97,36,8.12,695,2,0,2635.87,0,0.08394640597073048,24.36
35,44328.71,0.7,9796.49,36,10.22,587,1,0,3376.94,0,0.22099650542503943,30.660000000000004
45,23279.23,5.6,19150.07,36,13.2,474,3,0,1292.85,0,0.8226247173982988,39.599999999999994
38,62891.68,0.6,17172.67,24,9.7,559,3,0,4450.92,1,0.2730515387726961,19.4
46,27978.91,2.8,3766.39,48,9.1,635,7,1,2237.67,0,0.13461532275560412,36.4
54,53409.4,5.2,34213.99,36,10.47,565,2,0,3339.23,1,0.6405986586630817,31.410000000000004
34,23234.16,1.5,11672.67,48,10.27,588,5,0,1638.62,0,0.5023925977956595,41.08
25,42466.32,8.6,9475.56,36,6.75,755,3,0,3247.36,0,0.22313117783693054,20.25
44,28034.7,5.3,15942.46,36,8.78,625,2,1,1830.89,0,0.5686688282735324,26.339999999999996
25,34403.04,1.1,9435.55,36,10.12,612,2,0,2561.93,0,0.27426500681335136,30.36
36,61679.62,1.2,22038.04,36,11.12,555,2,0,4417.22,0,0.35729856960856765,33.36
24,47393.28,1.4,20895.95,24,10.65,567,3,0,2978.92,0,0.4409053351023605,21.3
47,24000.93,18.9,20386.0,60,8.23,691,1,0,1584.48,0,0.8493837530462361,41.150000000000006
40,25862.03,3.9,5057.41,36,11.12,542,3,0,1989.31,0,0.1955534813005785,33.36
35,16957.66,1.0,6941.6,36,7.51,688,5,0,1197.18,0,0.40934893139737444,22.53
31,31512.6,0.7,10027.72,48,9.82,629,3,0,2372.59,0,0.3182130322474185,39.28
59,49431.65,3.7,3810.46,60,6.28,801,5,0,4045.14,0,0.07708543008376212,31.400000000000002
24,27832.58,0.5,8006.89,24,10.77,574,3,0,1947.05,0,0.2876804809327773,21.54
30,59812.11,6.1,27359.58,48,11.27,553,5,0,4273.63,0,0.4574254277269269,45.08
37,53056.26,3.8,13589.52,48,6.9,784,2,1,4096.57,0,0.25613414892041014,27.6
27,317326.62,0.3,43279.41,36,5.21,811,3,0,25142.68,1,0.1363875807204577,15.629999999999999
40,34291.07,12.0,42581.31,24,5.99,849,1,0,970.55,0,1.2417609015991626,11.98
32,53168.89,2.3,3536.08,48,9.45,587,0,0,4341.99,0,0.06650656050935048,37.8
31,38906.1,4.1,10699.4,48,7.99,698,2,0,2981.02,0,0.27500571889755077,31.96
37,129440.19,3.1,46056.6,48,11.48,558,4,0,9585.56,1,0.35581375459971126,45.92
36,17117.83,5.4,16490.01,36,7.17,732,1,0,916.04,0,0.9633236222114601,21.509999999999998
23,26063.26,0.8,8745.64,36,8.4,636,4,0,1896.27,0,0.33555433971038157,25.200000000000003
40,51922.88,9.9,9681.13,36,12.67,473,3,1,4002.25,0,0.1864520997294449,38.01
48,18559.93,2.1,7328.12,48,5.84,805,5,0,1375.1,0,0.39483554086680284,23.36
29,26177.97,3.7,54942.13,24,7.7,713,3,0,-295.88,0,2.098792610733376,15.4
26,72626.66,5.4,3906.35,24,8.41,686,3,0,5874.82,0,0.05378672239643128,16.82
24,22549.39,6.5,6494.6,36,8.97,643,1,2,1672.68,0,0.28801666031764056,26.910000000000004
35,40388.21,1.1,8310.54,24,8.21,675,1,1,2989.02,0,0.20576648482316995,16.42
43,22398.83,0.4,3559.4,48,9.15,614,1,1,1777.74,0,0.15891008592859537,36.6
51,26162.06,5.7,2724.53,36,10.23,599,3,0,2091.96,0,0.10414049963955438,30.69
32,15000.0,3.2,5441.2,60,10.91,540,1,0,1131.94,1,0.36274666666666666,54.55
24,23371.77,8.1,55327.69,48,5.63,850,2,1,657.64,1,2.3672871160378524,22.52
20,43052.35,4.0,28663.74,36,9.67,566,3,1,2667.23,0,0.6657880464132621,29.009999999999998
39,108208.95,4.4,6018.2,36,9.04,631,4,0,8825.92,0,0.055616471650450354,27.119999999999997
28,140951.19,0.2,10957.1,24,10.47,575,2,1,11237.94,1,0.07773683925619926,20.94
45,52705.83,6.0,43547.95,24,7.66,690,1,0,2429.34,0,0.8262454077660858,15.32
57,15455.34,1.4,7199.14,12,10.69,595,3,1,652.71,0,0.4658027581405521,10.69
28,77480.06,5.4,2739.53,36,8.26,735,6,1,6370.5,0,0.03535787143169482,24.78
28,15000.0,4.9,9717.29,48,8.22,717,2,1,1011.77,0,0.6478193333333334,32.88
34,100828.2,3.2,31709.09,12,8.82,706,1,0,5631.99,0,0.3144863242624583,8.82
24,16718.61,7.8,4423.36,60,13.02,468,3,0,1292.53,0,0.26457701926176874,65.1
37,25186.24,7.9,28433.63,36,8.65,666,2,0,1199.3,0,1.1289350851893731,25.950000000000003
31,78940.18,4.1,43909.53,60,6.74,770,3,0,5714.26,0,0.5562380273265148,33.7
44,27151.42,2.5,13779.21,36,7.57,736,6,1,1833.56,1,0.507495003944545,22.71
52,38183.73,2.1,18528.28,36,11.48,511,3,0,2571.17,0,0.48524017952148724,34.44
39,185927.39,13.5,23966.18,24,8.02,708,5,0,14409.8,1,0.1289007499110271,16.04
42,18480.44,2.6,4041.36,48,8.37,640,2,1,1440.67,0,0.21868310494771773,33.48
37,87435.65,6.3,3661.51,36,7.32,728,5,0,7172.71,0,0.04187662583854527,21.96
35,20324.63,22.2,13761.16,48,7.72,690,4,1,1359.57,0,0.6770681680306111,30.88
22,31097.34,5.0,9630.29,12,8.37,676,2,0,1752.07,1,0.3096821142901612,8.37
34,17931.7,1.4,14480.45,48,9.36,613,3,0,1131.48,0,0.8075335857726819,37.44
25,45028.13,15.2,13444.62,36,12.7,470,2,1,3301.28,0,0.29858268597874266,38.099999999999994
34,46476.22,2.9,23585.99,48,7.83,732,3,1,3299.1,0,0.507485118195929,31.32
37,69020.35,17.3,5274.25,48,8.45,675,3,0,5621.82,1,0.07641586865323052,33.8
37,59083.38,0.5,23372.36,12,9.25,697,6,2,2876.96,0,0.39558264946927546,9.25
48,75240.86,2.5,12140.8,48,5.93,800,4,1,5985.33,1,0.1613591338536003,23.72
52,22467.97,4.0,3692.04,48,6.2,847,2,0,1785.28,0,0.1643245918523124,24.8
28,17182.16,0.8,7088.84,48,5.8,800,3,0,1266.01,0,0.41256978168053376,23.2
54,15000.0,2.5,11144.15,24,6.76,776,3,0,752.26,1,0.7429433333333333,13.52
39,93687.9,3.9,11128.16,48,10.34,556,2,0,7523.27,1,0.11877905257776085,41.36
37,79985.6,0.3,15806.61,36,9.91,636,7,1,6156.1,0,0.19761819627532956,29.73
37,15000.0,10.1,26102.06,36,11.74,518,2,0,386.28,1,1.7401373333333334,35.22
36,102171.11,11.2,5027.81,36,6.27,808,2,0,8360.69,0,0.04920970321258133,18.81
52,15000.0,12.1,49660.53,24,6.71,742,7,0,-966.91,0,3.310702,13.42
23,15000.0,12.6,22208.92,36,12.43,503,7,1,507.78,0,1.4805946666666665,37.29
32,26069.82,6.8,5854.17,48,9.6,608,3,1,2025.13,0,0.22455736173092106,38.4
35,34429.53,17.2,26117.87,60,8.09,678,2,0,2338.43,1,0.7585892110638746,40.45
41,38172.17,11.0,9057.05,24,9.07,678,3,0,2766.95,0,0.23726840784791642,18.14
26,82719.26,2.4,15882.31,12,5.79,777,3,1,5527.87,0,0.19200256385272305,5.79
29,72994.36,0.9,13738.3,60,8.56,664,1,1,5800.6,0,0.18821043160046885,42.800000000000004
18,47653.8,6.7,13011.97,36,5.32,839,5,0,3579.3,0,0.27305209657991597,15.96
27,59572.02,3.9,11357.93,24,8.91,658,5,0,4445.92,0,0.19065880257207998,17.82
36,41562.73,11.0,13133.55,48,8.62,711,1,0,3139.1,1,0.3159934393145012,34.48
29,23468.13,1.5,4715.68,24,6.96,720,1,0,1744.63,0,0.2009397425359413,13.92
42,47449.61,5.0,7331.53,48,10.58,588,0,1,3766.14,0,0.1545119127428023,42.32
43,112459.48,12.2,3224.28,24,9.21,651,4,0,9224.01,0,0.028670593177204808,18.42
26,15000.0,3.5,8616.45,60,9.68,627,0,0,1068.28,0,0.57443,48.4
39,15000.0,2.0,14094.02,36,7.11,730,2,0,814.11,0,0.9396013333333334,21.330000000000002
33,59033.93,10.6,18912.56,36,5.61,850,3,0,4347.47,0,0.32036762587210443,16.830000000000002
40,19969.94,10.3,13918.52,48,12.26,499,3,1,1295.85,0,0.6969735512475251,49.04
46,15000.0,1.1,4447.19,12,7.68,693,3,1,863.8,1,0.2964793333333333,7.68
52,55173.11,1.0,3727.27,12,14.88,360,3,0,4261.55,0,0.06755591627878145,14.88
42,71417.47,2.7,5034.9,36,9.43,653,4,0,5790.34,0,0.07049955704115533,28.29
42,15814.45,4.7,10936.93,36,7.69,674,2,0,976.71,0,0.6915782717704377,23.07
25,22333.61,1.3,30282.96,24,11.4,525,5,1,444.08,0,1.3559366354118298,22.8
55,18470.34,5.2,16248.2,12,7.92,679,1,0,126.39,1,0.8796914404391041,7.92
46,29246.91,4.5,57430.92,12,11.8,565,3,0,-2660.05,0,1.9636576992236103,11.8
38,15000.0,0.1,25205.82,48,9.9,630,3,0,611.93,0,1.680388,39.6
38,21997.05,4.1,15802.72,60,12.59,494,3,1,1476.84,1,0.7184017856939908,62.95
37,87105.45,2.0,17752.74,36,6.01,747,2,0,6718.63,0,0.20380745406860307,18.03
43,17351.41,3.1,2615.82,36,9.18,639,3,0,1362.55,1,0.15075547174552387,27.54
41,23692.06,18.4,12686.76,36,9.03,640,2,0,1570.73,0,0.5354857281300148,27.089999999999996
18,48613.73,11.5,13192.57,48,8.04,677,2,0,3728.83,0,0.27137539127320615,32.16
36,28732.3,2.3,11826.88,12,9.02,664,4,2,1359.97,0,0.411623155821149,9.02
40,24477.58,0.7,23034.6,24,10.39,580,1,1,972.72,1,0.9410489108808958,20.78
19,31390.37,12.1,10207.44,12,6.23,775,2,2,1736.27,0,0.3251774349904127,6.23
18,15000.0,4.1,7718.9,48,9.93,611,1,0,1054.49,0,0.5145933333333333,39.72
50,38336.66,4.9,15559.2,36,9.35,585,7,0,2697.41,0,0.40585695258794063,28.049999999999997
33,123148.58,12.6,14820.83,48,8.84,616,6,0,9894.69,0,0.12034917495597594,35.36
56,22254.54,22.2,11485.66,60,10.22,589,3,1,1609.26,0,0.516104129764084,51.1
37,32817.59,11.4,27828.03,48,9.8,591,7,0,2031.68,1,0.8479608039469078,39.2
21,15000.0,12.2,33165.36,36,7.25,734,5,0,222.15,0,2.211024,21.75
45,36878.4,4.1,6030.87,24,8.84,635,2,0,2798.12,0,0.16353393856566445,17.68
34,16587.86,1.5,6076.58,48,6.67,719,2,1,1237.74,0,0.36632694030453594,26.68
35,44883.68,1.0,17039.8,36,12.36,522,3,1,3171.41,1,0.3796435586386856,37.08
38,54796.76,7.8,33225.1,48,7.11,703,2,0,3769.08,0,0.6063332941582678,28.44
43,115201.03,1.6,28709.96,48,10.23,591,7,0,8868.75,0,0.24921617454288386,40.92
28,21856.68,7.8,5507.94,60,9.13,611,3,0,1706.71,0,0.25200259142742626,45.650000000000006
25,15000.0,12.2,4973.23,12,13.15,453,2,1,805.45,1,0.33154866666666666,13.15
33,36454.51,2.8,26148.4,36,7.17,776,1,0,2228.46,1,0.717288478160864,21.509999999999998
43,130812.55,1.1,6313.75,48,10.25,585,4,1,10740.15,0,0.048265628947681244,41.0
43,16146.3,8.3,90945.65,48,7.1,776,1,0,-836.5,1,5.63260003839889,28.4
51,31230.99,0.9,3647.58,36,12.08,485,2,0,2481.29,0,0.11679360788755015,36.24
23,76704.28,3.8,7340.0,36,11.79,539,5,0,6148.97,0,0.0956921830176882,35.37
34,41813.57,15.7,12771.11,36,12.58,501,5,1,3056.73,0,0.3054297922899193,37.74
51,91402.26,3.7,5575.2,36,9.86,624,6,0,7437.33,0,0.06099630359249323,29.58
39,21124.36,0.9,41742.34,36,9.67,635,2,1,419.91,1,1.9760286228789887,29.009999999999998
44,52645.86,12.3,6382.69,36,9.72,596,3,0,4182.04,1,0.121238213223224,29.160000000000004
48,82731.69,3.4,13657.27,36,8.02,665,8,1,6466.21,0,0.16507906462445043,24.06
24,38829.1,1.3,14415.03,48,8.98,625,1,0,2877.18,0,0.37124295953292763,35.92
25,52750.45,1.0,15009.75,36,9.07,627,5,0,3918.08,0,0.2845425963190836,27.21
31,112662.41,3.6,15322.9,24,7.64,660,5,0,8698.03,1,0.13600720950315193,15.28
32,24641.05,15.7,21384.96,60,6.56,770,2,0,1634.4,1,0.8678591212630955,32.8
34,51691.86,1.2,4957.0,36,7.86,674,5,0,4152.64,0,0.09589517575881386,23.580000000000002
37,23605.36,14.0,10332.09,36,9.19,662,2,0,1637.64,0,0.4377010136680822,27.57
46,95297.69,4.1,15174.1,24,9.83,633,3,0,7242.46,1,0.15922841361632165,19.66
38,21561.63,0.6,6819.46,48,4.36,850,1,0,1641.72,0,0.31627757270670165,17.44
31,32719.28,25.7,14406.07,48,6.36,752,2,1,2385.9,0,0.4402930015574915,25.44
51,21300.57,4.0,12319.56,12,10.29,586,4,0,690.3,0,0.5783676211481664,10.29
28,15324.19,2.9,4586.69,48,11.37,522,4,1,1157.64,0,0.2993104366364551,45.48
30,117930.8,4.8,17935.67,48,6.48,742,3,0,9402.39,0,0.1520863930372727,25.92
22,64742.07,4.6,14792.93,48,10.15,613,2,0,5018.92,0,0.22849022281802236,40.6
20,72623.43,12.8,4955.9,48,7.63,679,3,0,5931.82,0,0.06824106214757414,30.52
37,37344.27,2.5,87948.19,12,7.05,745,4,1,-4499.88,1,2.3550651813517844,7.05
38,60050.62,3.5,15363.77,24,6.31,728,6,0,4321.14,0,0.25584698376136666,12.62
40,16613.35,1.2,3448.54,36,8.25,681,3,0,1275.98,0,0.2075764370220335,24.75
22,19532.22,4.8,20047.82,48,12.47,504,2,1,1095.11,0,1.0263974089990795,49.88
50,53624.28,1.9,29068.65,36,9.34,639,2,0,3539.71,0,0.5420800055497249,28.02
38,17683.8,0.6,9911.31,48,7.07,706,2,2,1235.99,1,0.5604739931462694,28.28
40,29483.47,12.8,37665.47,36,5.47,850,4,0,1320.12,0,1.2775114326773613,16.41
37,60043.95,15.5,19630.3,36,10.48,639,3,1,4365.82,0,0.3269321888383426,31.44
25,22700.73,8.5,6010.77,60,6.63,793,1,1,1773.75,0,0.2647831149042344,33.15
47,15000.0,0.8,71247.3,48,9.04,638,3,0,-524.35,0,4.749820000000001,36.16
35,59929.63,2.4,12065.64,12,11.03,598,6,0,3927.59,0,0.20133012668357872,11.03
18,117932.07,0.0,17153.13,48,7.88,759,0,0,9409.88,0,0.14544924039745932,31.52
51,15000.0,5.2,4004.82,12,10.62,585,3,0,896.76,0,0.266988,10.62
38,41902.95,0.3,11419.56,36,15.08,334,3,0,3095.6,0,0.2725240108393323,45.24
40,21993.98,4.3,5487.16,24,8.74,687,4,0,1582.81,0,0.24948463170376622,17.48
45,15000.0,6.7,33834.16,24,6.35,756,2,1,-254.89,0,2.255610666666667,12.7
38,15000.0,7.4,4300.86,48,9.55,611,2,0,1141.85,0,0.286724,38.2
37,53571.14,1.0,13241.82,36,10.3,603,1,0,4035.12,0,0.24718197148688642,30.900000000000002
24,33312.3,9.1,32434.02,60,8.68,653,2,0,2107.77,1,0.9736349636620707,43.4
20,126594.33,11.2,9741.22,36,9.32,641,7,1,10238.31,0,0.07694831198206112,27.96
45,27023.43,6.1,17387.74,12,7.34,704,0,0,744.72,0,0.6434320143667921,7.34
39,31454.43,2.2,69669.04,48,10.85,515,3,0,825.64,1,2.214919806208537,43.4
24,69749.3,3.2,13906.48,24,10.5,606,5,1,5167.51,0,0.19937805827441996,21.0
26,34941.45,2.5,3106.35,48,13.83,443,2,1,2827.17,1,0.08890157678058581,55.32
46,90584.97,1.1,9234.32,60,7.07,747,2,0,7365.59,0,0.10194097321001486,35.35
38,39360.49,7.3,26271.72,48,7.24,737,5,1,2648.0,0,0.6674642515883314,28.96
20,15000.0,1.4,31981.44,36,9.62,609,1,1,223.75,0,2.1320959999999998,28.86
35,33049.08,3.2,17317.21,36,11.06,527,4,0,2186.65,1,0.5239846313422339,33.18
18,141156.5,1.7,10893.3,36,10.69,588,3,0,11408.01,1,0.0771717915930191,32.07
27,38992.53,0.2,10561.26,24,9.38,608,2,0,2765.05,0,0.2708534173083922,18.76
26,59443.13,11.4,22490.02,12,6.94,743,5,0,3008.23,0,0.37834515107128447,6.94
43,21980.59,4.8,42760.83,24,12.48,467,4,0,-190.78,1,1.945390455852186,24.96
25,21483.09,2.9,8583.8,36,9.44,639,2,0,1515.53,0,0.3995607708202125,28.32
41,15000.0,7.4,12087.25,36,7.62,745,4,1,873.34,0,0.8058166666666666,22.86
46,16452.57,9.4,22934.26,24,10.11,598,3,0,311.58,0,1.3939621591034106,20.22
38,15000.0,0.0,3921.0,24,11.18,519,6,1,1066.92,0,0.2614,22.36
35,157073.48,3.0,5588.49,60,8.16,673,6,0,12975.71,0,0.03557882591001358,40.8
49,49503.25,6.0,13779.72,24,7.05,717,5,0,3508.01,0,0.2783599056627595,14.1
25,158508.05,2.5,7065.47,48,6.73,791,8,0,13040.7,0,0.0445748338964488,26.92
25,19090.93,6.2,13896.61,36,8.34,681,4,0,1153.26,1,0.7279168694243812,25.02
18,32625.31,1.8,13422.12,48,7.78,688,1,1,2392.49,1,0.41140206790372263,31.12
34,15363.33,14.2,11295.4,48,8.15,712,0,0,1003.73,0,0.7352182111560449,32.6
42,100342.9,1.6,69818.6,24,12.33,499,2,0,5064.53,0,0.6958001014521208,24.66
46,37046.47,3.1,31289.9,36,8.21,666,6,0,2103.66,1,0.8446121857224184,24.630000000000003
32,168962.58,2.7,47587.83,36,6.99,704,5,0,12611.06,0,0.2816471552458539,20.97
37,36775.2,24.8,4505.74,48,7.62,727,6,0,2955.4,0,0.12252115556135657,30.48
18,15000.0,0.7,25226.16,36,9.95,588,1,0,436.61,0,1.681744,29.849999999999998
24,219899.67,8.0,20821.74,36,7.45,714,0,0,17677.76,0,0.09468745451050473,22.35
45,29826.85,0.9,7881.35,36,12.55,501,0,0,2221.72,0,0.26423675312679684,37.650000000000006
22,49328.35,2.5,4496.09,48,11.91,528,1,1,3992.5,0,0.09114616645397627,47.64
31,35368.64,0.9,25013.75,48,8.91,656,3,1,2325.99,0,0.7072296248880364,35.64
39,44119.44,2.5,4738.6,36,8.98,642,1,0,3525.98,0,0.10740390177209864,26.94
26,29666.55,4.1,17922.64,48,6.83,779,2,0,2044.44,0,0.6041363084012128,27.32
24,76092.98,3.3,40545.03,24,9.02,675,6,0,4488.42,0,0.5328353548513937,18.04
29,57635.54,1.7,4436.24,36,9.39,655,2,1,4661.08,0,0.07697056364874867,28.17
43,66232.14,3.8,23458.29,36,8.32,658,2,0,4780.78,1,0.3541828785843248,24.96
32,40647.1,3.1,13108.14,48,10.06,569,1,0,3054.42,0,0.32248647504988054,40.24
49,31531.99,3.8,37075.73,48,11.74,539,4,0,1656.05,1,1.175813197961816,46.96
35,83420.0,0.5,3525.84,48,6.0,805,6,1,6868.86,0,0.04226612323183889,24.0
34,42952.83,3.9,8553.08,48,7.03,746,4,0,3374.47,0,0.1991272751993291,28.12
41,101940.86,3.3,8827.26,48,12.39,500,6,1,8260.92,0,0.08659197107028527,49.56
40,67261.31,5.8,11995.82,48,11.63,526,3,0,5291.39,0,0.1783465115383569,46.52
33,33324.9,11.4,11560.92,36,12.88,472,1,1,2388.21,1,0.3469153695885059,38.64
28,54466.61,15.8,15001.27,36,11.96,500,5,0,4040.91,0,0.27542140037722196,35.88
34,15000.0,0.2,2941.14,24,6.79,776,5,1,1118.6,0,0.196076,13.58
18,44776.55,0.4,24018.1,48,8.21,719,5,0,3142.66,0,0.536399074962229,32.84
40,51614.83,2.6,12741.44,12,8.58,687,3,0,3189.46,0,0.2468561845500605,8.58
41,81101.92,0.9,20597.56,48,13.12,459,6,1,6204.69,1,0.25397129932312335,52.48
32,55987.57,2.8,21197.43,36,7.01,761,1,0,4011.02,0,0.3786095735178362,21.03
37,41206.33,2.4,3067.38,12,7.42,726,2,0,3167.86,0,0.07443953392597691,7.42
38,69901.76,7.7,2181.87,24,9.58,636,0,0,5724.89,0,0.03121337717390807,19.16
18,34312.0,1.8,7487.17,36,8.35,687,5,0,2623.5,0,0.21820849848449522,25.049999999999997
38,15357.41,8.5,8065.93,36,14.38,329,3,0,1002.62,0,0.5252142125527677,43.14
25,26917.07,5.5,6571.19,36,7.63,687,2,0,2038.29,0,0.2441272397032812,22.89
51,50570.91,0.5,7701.63,60,7.88,660,4,1,4058.52,0,0.15229368029960305,39.4
43,33152.16,2.3,9550.94,36,10.32,585,3,0,2453.06,0,0.2880940487738959,30.96
33,117418.11,8.7,30815.03,36,10.14,596,2,0,8788.5,1,0.2624384773353957,30.42
23,67276.4,8.5,11001.02,60,7.4,705,2,1,5386.45,0,0.16351974838130462,37.0
18,26129.52,1.1,8200.39,36,10.46,565,1,0,1911.08,1,0.3138362281434944,31.380000000000003
30,18333.81,1.6,13963.05,36,9.2,677,2,0,1082.5,0,0.761601107462115,27.599999999999998
26,22088.28,1.9,8772.01,48,7.42,742,1,0,1628.92,1,0.397134136293093,29.68
32,30676.8,17.2,42768.71,36,6.34,799,2,0,1248.69,0,1.3941711651802013,19.02
19,18673.81,12.9,7488.29,48,6.85,802,1,0,1377.36,0,0.40100493686076916,27.4
25,44833.05,1.8,34919.66,36,10.04,585,1,0,2608.67,1,0.778882097024405,30.119999999999997
22,29931.08,0.5,4297.36,36,12.01,449,6,1,2351.5,1,0.14357517336494371,36.03
23,39639.96,7.4,27497.69,48,13.28,455,4,0,2561.81,0,0.6936861187549129,53.12
43,27299.88,4.0,5525.45,24,9.33,655,3,0,2021.72,0,0.20239832556040538,18.66
31,26868.5,0.5,35320.97,24,8.13,732,3,0,639.47,0,1.3145865976887434,16.26
26,116899.02,12.0,29052.54,48,11.3,543,1,0,8986.47,0,0.24852680544285144,45.2
26,52240.1,6.3,12563.33,24,7.78,675,3,0,3786.4,0,0.24049207409633597,15.56
53,29774.86,5.0,27437.25,48,9.15,609,1,1,1796.51,0,0.9214904788805052,36.6
20,183900.04,15.9,11183.46,12,9.17,636,2,0,14346.11,0,0.06081271107934506,9.17
28,54691.71,2.1,8599.94,48,5.36,828,4,1,4358.19,0,0.1572439406264679,21.44
28,19465.87,1.0,4459.82,60,5.74,782,3,0,1536.47,0,0.22910971870252908,28.700000000000003
56,69267.9,3.6,35603.33,48,7.38,708,3,0,4913.47,0,0.5139946497584019,29.52
32,43886.39,2.8,8204.58,48,9.97,589,3,1,3449.23,1,0.18695044181123122,39.88
25,67154.01,0.4,10042.67,48,9.37,639,5,0,5344.49,1,0.14954684016635791,37.48
31,136984.47,4.5,4824.23,60,9.45,662,0,0,11314.17,0,0.03521734982074975,47.25
18,21552.02,7.0,4313.65,48,8.39,729,1,0,1689.9,1,0.20015061233239387,33.56
53,81926.91,7.9,37087.37,12,6.7,769,7,0,3623.32,0,0.4526885000300878,6.7
27,15001.05,11.1,39761.66,36,8.07,659,4,0,2.82,1,2.6505917919079,24.21
32,42451.36,3.9,23386.1,24,7.53,702,4,0,2484.93,0,0.5508916557679188,15.06
28,59030.77,6.5,5777.87,48,6.68,738,3,0,4781.73,0,0.09787895363723022,26.72
33,31184.27,0.1,9034.87,48,9.34,650,3,1,2372.39,0,0.2897252364733887,37.36
20,22744.91,2.6,33986.19,24,9.5,623,2,0,334.95,0,1.4942327755968259,19.0
22,72065.09,1.1,73527.24,48,8.11,723,2,0,4206.61,1,1.0202892968009893,32.44
23,29430.22,1.5,12033.33,24,8.4,697,5,0,1906.09,0,0.40887665807459134,16.8
43,128643.62,1.8,24729.34,12,10.91,557,1,1,8535.72,0,0.1922313753297676,10.91
37,90290.8,5.3,16281.43,36,9.1,641,1,0,7005.73,0,0.18032213691760401,27.299999999999997
21,37381.41,4.3,52275.04,36,10.98,591,2,0,1404.19,1,1.398423440956347,32.94
51,27974.73,5.2,13128.4,36,9.96,635,3,0,1907.86,0,0.46929496727939823,29.880000000000003
26,15000.0,10.3,19938.2,60,10.82,546,3,0,818.28,1,1.3292133333333334,54.1
28,15000.0,2.4,6836.37,48,10.82,583,2,0,1073.91,1,0.455758,43.28
45,81726.07,0.4,14449.92,48,8.15,684,4,1,6456.72,0,0.1768091870806953,32.6
44,15000.0,0.5,38670.55,48,10.0,624,2,1,269.22,0,2.5780366666666668,40.0
52,41175.58,8.3,7382.43,24,5.67,805,1,0,3105.2,0,0.17929146353251127,11.34
56,15000.0,7.6,21915.78,36,6.69,778,4,0,576.41,0,1.461052,20.07
54,18846.74,0.3,8487.93,60,7.64,726,4,1,1399.92,1,0.4503659518834557,38.199999999999996
33,27407.32,2.2,21086.04,36,5.74,768,1,0,1644.95,0,0.769357967141625,17.22
30,20914.2,4.3,7052.3,48,10.49,563,0,2,1562.32,0,0.33720151858545866,41.96
44,18681.33,1.8,9718.24,36,6.83,763,1,1,1257.46,0,0.5202113554013552,20.490000000000002
30,35494.78,6.3,18129.48,36,5.23,838,4,1,2412.67,0,0.5107646814545688,15.690000000000001
41,40274.57,1.3,4691.28,36,7.08,784,3,0,3211.19,0,0.11648243544251372,21.240000000000002
43,36729.83,7.6,28158.43,36,9.32,605,4,1,2161.19,0,0.7666365458266482,27.96
21,39251.59,1.2,38522.45,36,8.27,679,2,1,2059.01,0,0.9814239372213966,24.81
42,34313.99,0.8,19084.47,48,9.28,628,4,0,2382.04,0,0.5561716955679011,37.12
38,17195.15,4.2,10562.32,36,11.36,517,4,1,1085.33,1,0.6142615795733098,34.08
57,51542.75,5.0,20214.34,24,6.72,784,0,0,3392.74,0,0.39218590393411296,13.44
46,20384.45,10.8,33822.25,48,11.94,500,1,0,809.03,0,1.6592181785625808,47.76
46,24281.24,8.9,11108.18,36,9.9,617,3,0,1665.53,0,0.4574799310084658,29.700000000000003
32,52407.2,3.6,1809.1,12,8.45,691,5,0,4209.52,0,0.03452006594513731,8.45
27,45430.98,0.9,11841.99,36,5.67,812,3,0,3427.43,0,0.2606589160084154,17.009999999999998
39,31046.53,2.5,7835.86,36,6.21,793,0,0,2348.08,0,0.25239084689979846,18.63
38,56341.06,0.3,12021.05,24,5.67,794,1,0,4164.09,0,0.2133621554156063,11.34
35,63121.23,4.1,20153.12,36,9.05,629,1,0,4618.77,1,0.31927641460725653,27.150000000000002
40,39818.47,0.1,29984.21,48,10.73,569,4,1,2547.17,0,0.7530226550643457,42.92
28,23744.96,16.2,9925.7,48,5.74,816,4,1,1746.82,0,0.41801291726749595,22.96
41,52334.68,17.7,31998.71,48,8.58,630,5,1,3571.3,0,0.6114245849979402,34.32
30,15000.0,4.8,7458.55,36,8.1,703,1,0,1015.93,0,0.49723666666666666,24.299999999999997
36,56184.26,9.2,17613.37,24,10.04,593,1,0,3868.93,0,0.3134929604839505,20.08
18,17894.95,1.0,5500.15,48,6.92,759,4,0,1359.74,0,0.3073576623572572,27.68
29,128121.16,7.6,6370.38,36,8.18,665,7,0,10476.61,0,0.049721529215002426,24.54
55,83361.0,1.6,10069.75,48,9.94,562,5,0,6691.64,0,0.120796895430717,39.76
36,56162.41,2.4,26014.17,24,9.64,597,5,0,3484.1,0,0.46319540062472386,19.28
41,15000.0,13.3,11093.89,48,9.61,626,0,0,970.7,0,0.7395926666666667,38.44
30,31942.04,7.2,9810.39,60,9.82,609,5,1,2454.26,0,0.30713097848478055,49.1
28,38030.81,4.5,12898.69,48,9.05,675,2,1,2847.94,0,0.33916421974709454,36.2
39,15000.0,0.2,8619.08,48,5.36,832,0,0,1050.1,0,0.5746053333333333,21.44
24,111388.91,2.9,6530.34,24,13.03,461,6,1,8971.85,0,0.058626482654332464,26.06
24,15000.0,0.9,11714.8,60,8.52,668,3,1,1009.54,0,0.7809866666666666,42.599999999999994
20,20604.17,3.4,9005.24,36,9.87,571,3,1,1426.99,0,0.4370591001724409,29.61
40,91224.18,2.1,5340.16,48,6.35,717,2,1,7475.74,0,0.05853886546308227,25.4
33,49265.44,6.1,8735.07,24,9.1,629,4,1,3705.99,0,0.1773062414544557,18.2
43,31291.32,7.3,32205.58,24,11.38,554,1,0,1100.89,1,1.0292176872052698,22.76
35,36828.26,0.9,26308.52,36,9.53,612,3,0,2225.91,1,0.7143568553062241,28.589999999999996
37,19653.41,0.0,15069.43,12,5.67,840,1,1,343.1,0,0.7667590509738513,5.67
43,41833.48,7.9,9764.35,36,9.26,647,1,1,3174.44,0,0.2334099386424462,27.78
52,37033.44,5.4,6808.37,36,7.96,724,1,0,2872.9,0,0.18384384491421804,23.88
29,33222.77,4.5,13074.07,48,8.03,699,1,0,2449.2,0,0.3935273910032186,32.12
21,48628.08,2.8,13642.81,24,9.48,664,3,0,3426.06,0,0.28055415718654736,18.96
39,28872.84,0.7,13007.9,60,13.16,436,4,1,2109.03,0,0.4505237448065379,65.8
33,23947.66,14.4,4099.5,48,10.69,583,3,1,1890.3,1,0.1711858277593719,42.76
36,15000.0,1.6,13770.17,48,8.82,637,1,0,908.5,0,0.9180113333333333,35.28
43,66749.41,7.6,15854.27,36,9.34,602,0,0,5055.78,0,0.2375192529791649,28.02
29,15000.0,2.6,7465.64,36,10.07,579,3,0,1008.86,1,0.49770933333333334,30.21
36,45314.92,2.2,2038.76,48,10.46,595,1,0,3724.08,0,0.044990921312450735,41.84
34,15000.0,4.3,29304.54,12,7.74,632,2,0,-1295.63,1,1.9536360000000002,7.74
44,48588.68,4.6,81105.49,36,8.79,659,2,1,1477.84,0,1.669226041950512,26.369999999999997
30,94802.81,3.7,4457.42,48,6.49,753,4,0,7794.55,0,0.04701780464102277,25.96
34,16321.89,5.8,17215.53,24,11.07,543,2,1,557.22,0,1.0547510122908559,22.14
18,33663.39,4.5,8123.23,36,9.53,626,3,0,2544.96,1,0.2413075450808727,28.589999999999996
49,80215.16,1.4,37777.42,24,13.27,429,3,1,4883.79,0,0.47095112694408386,26.54
45,120642.0,13.1,33707.7,48,9.53,630,4,0,9206.17,0,0.27940269557865416,38.12
30,20998.81,2.0,76836.94,48,11.57,523,1,0,-257.33,1,3.659109254286314,46.28
18,16493.92,1.2,2864.4,12,7.79,708,0,0,1125.6,1,0.17366399254998208,7.79
25,18956.17,0.6,20057.42,24,11.27,544,1,0,642.33,1,1.05809454124963,22.54
50,18224.78,5.2,5027.42,48,9.78,579,2,0,1391.75,0,0.27585627919788336,39.12
35,96667.95,1.5,6901.45,24,8.44,667,2,0,7742.14,0,0.07139336253639392,16.88
34,45121.9,6.1,24032.27,36,7.53,750,1,1,3012.27,0,0.5326076694465437,22.59
44,30251.28,16.7,20713.32,48,10.94,585,5,0,1986.2,1,0.6847088784342349,43.76
23,34591.86,13.7,14274.9,60,6.29,821,4,0,2604.75,0,0.41266644811814107,31.45
42,21980.3,1.2,7302.7,24,10.29,591,3,0,1493.73,0,0.3322384134884419,20.58
39,113176.41,1.5,39690.22,24,13.34,428,6,0,7538.08,1,0.35069339979948116,26.68
40,17927.0,2.1,9362.36,48,7.09,703,2,0,1269.33,0,0.5222491214369387,28.36
41,68029.41,1.0,9000.7,60,14.36,429,2,0,5458.0,0,0.13230601294351957,71.8
46,18675.55,4.0,6047.48,36,7.79,685,6,0,1367.38,0,0.3238180401648144,23.37
28,22703.85,0.2,54856.4,48,11.3,556,6,0,466.19,1,2.4161717065607817,45.2
22,96554.26,1.9,48015.2,60,7.93,668,3,0,7074.22,0,0.49728722482053095,39.65
20,46874.13,0.5,4818.98,24,5.9,802,5,0,3692.81,0,0.10280681476114863,11.8
31,29095.0,22.0,35309.18,36,8.43,669,4,0,1311.1,0,1.213582402474652,25.29
38,41616.0,13.2,27456.67,48,9.33,611,1,0,2780.43,1,0.6597623510188388,37.32
41,84835.0,0.5,9498.87,48,7.54,698,1,0,6839.73,0,0.11196876289267402,30.16
26,15037.56,2.8,3339.97,24,9.86,597,1,1,1099.22,0,0.22210850696522574,19.72
31,18770.79,4.2,10963.28,36,7.12,764,5,1,1225.12,0,0.5840606602066296,21.36
35,18445.46,2.6,15973.67,48,8.38,671,5,0,1144.3,0,0.8659946675225232,33.52
36,19389.2,2.2,18403.86,48,10.68,542,4,0,1142.96,1,0.9491809873537845,42.72
23,35526.1,2.0,41086.79,48,6.06,798,2,0,1994.45,0,1.156524076664762,24.24
27,193805.21,4.3,5029.94,48,9.39,621,2,0,16024.33,0,0.025953585045520706,37.56
27,18867.48,1.9,30844.98,36,6.96,751,3,1,620.45,0,1.6348224564170732,20.88
25,25490.61,2.7,17072.05,36,6.63,759,1,0,1599.97,0,0.6697387783187613,19.89
38,51878.05,10.0,26331.74,60,8.11,696,3,0,3787.87,0,0.5075699645611198,40.55
36,24913.26,6.5,19275.59,48,8.62,675,6,0,1599.9,0,0.7737080574762195,34.48
48,34410.07,3.2,14649.47,36,10.57,552,2,0,2390.88,1,0.4257320604113854,31.71
27,39294.73,4.4,11109.73,48,8.41,707,2,0,3001.2,1,0.2827282437110523,33.64
31,71086.71,3.8,7050.4,48,11.22,539,3,0,5740.92,1,0.09918028278422224,44.88
29,20856.53,6.7,15308.02,24,6.37,766,1,1,1057.03,0,0.7339677309696292,12.74
51,15000.0,5.8,21773.55,12,9.41,615,4,0,-658.27,1,1.45157,9.41
35,16199.21,1.6,4332.43,48,8.88,699,6,0,1242.37,0,0.2674469927854507,35.52
22,32076.34,2.0,36130.55,48,10.19,588,6,0,1753.36,1,1.1263925373031962,40.76
49,170389.76,15.8,53444.06,48,11.77,512,1,0,12797.79,0,0.313657698678606,47.08
19,44857.87,0.2,15191.05,24,8.78,660,2,0,3045.69,0,0.3386484913349653,17.56
26,29281.05,0.7,100000.0,36,4.81,805,4,0,-548.48,1,3.415178075922824,14.43
43,80710.76,3.3,3652.22,48,10.5,548,3,0,6632.39,1,0.04525071997835233,42.0
36,204055.87,3.0,28837.13,48,6.55,752,1,0,16320.12,0,0.14131977678466198,26.2
56,33338.18,7.1,11053.3,48,10.27,578,3,0,2496.41,1,0.3315507925147683,41.08
47,23524.91,2.4,12576.86,36,9.85,615,3,2,1555.47,0,0.5346188359487879,29.549999999999997
38,32155.2,6.7,17343.64,36,8.2,660,2,1,2134.51,0,0.5393727919589988,24.599999999999998
30,46979.83,1.0,1133.68,48,8.11,644,7,1,3887.25,0,0.024131206945619002,32.44
28,51289.28,11.9,12152.97,48,7.99,676,3,1,3977.47,0,0.2369495145964225,31.96
40,40717.51,3.8,91080.75,12,9.23,608,3,0,-4581.74,0,2.2368939063316984,9.23
42,15000.0,4.9,6621.82,48,4.78,850,3,0,1098.16,0,0.44145466666666666,19.12
39,21811.0,9.6,22580.91,60,8.59,689,1,1,1353.32,0,1.0352991609738205,42.95
37,52723.55,5.6,21172.05,48,10.1,613,3,0,3855.63,1,0.4015672313415921,40.4
35,28780.74,2.6,11413.09,48,8.1,719,5,1,2119.23,0,0.3965530420691059,32.4
35,19227.08,0.1,20498.5,36,9.34,635,2,1,947.16,0,1.0661265257126926,28.02
47,22887.66,15.5,31366.4,48,8.25,650,3,1,1137.87,0,1.3704502775731553,33.0
45,23833.4,0.5,5984.1,36,7.88,660,4,0,1798.93,1,0.25108041655827534,23.64
49,88941.12,8.8,12590.8,12,5.01,850,4,0,6333.84,0,0.14156331739469888,5.01
47,22818.27,1.1,18231.34,48,5.27,832,3,1,1479.43,0,0.7989799401970439,21.08
40,15000.0,1.6,6381.92,24,10.58,576,5,0,953.8,0,0.42546133333333336,21.16
43,20665.46,1.9,6165.86,36,6.98,754,7,1,1531.79,0,0.2983654852105881,20.94
49,85828.78,5.3,36124.36,24,8.56,634,4,0,5509.35,0,0.4208886576274299,17.12
32,15445.79,9.5,20799.44,36,8.8,681,1,0,627.67,0,1.3466090112580837,26.400000000000002
34,28863.22,9.5,23398.03,24,10.48,577,3,0,1320.38,0,0.8106521032649856,20.96
25,79899.14,2.0,10034.23,36,8.43,660,7,1,6341.83,0,0.12558620781149835,25.29
18,30292.07,2.7,22489.55,48,9.39,658,5,1,1960.51,1,0.7424236772198136,37.56
50,25918.05,2.2,8802.96,36,11.65,503,4,0,1868.92,0,0.3396459224362944,34.95
32,15000.0,5.0,10244.06,36,12.29,459,1,1,908.33,1,0.6829373333333333,36.87
42,54966.11,4.9,3261.76,24,10.66,594,5,0,4429.0,1,0.059341292298108785,21.32
39,143168.68,0.1,8978.12,48,9.47,627,3,0,11705.29,0,0.06271008435643886,37.88
44,73269.89,1.1,13179.91,12,8.87,679,3,0,4954.02,0,0.17988166762636057,8.87
41,36131.52,0.6,21941.57,12,9.72,600,5,1,1084.8,0,0.6072694976574471,9.72
46,74047.14,0.2,11094.87,24,12.38,491,6,0,5646.35,1,0.14983522658673923,24.76
33,25213.17,1.4,13230.2,36,13.06,469,6,0,1654.94,0,0.5247337006810331,39.18
53,53764.6,4.4,16380.62,12,9.64,592,2,0,3043.01,0,0.3046729632509123,9.64
44,39632.6,0.0,4234.54,24,12.04,469,1,0,3103.3,0,0.10684487013216393,24.08
34,17013.6,0.4,9021.66,36,8.07,674,3,0,1134.8,0,0.5302616730145296,24.21
39,16948.94,1.1,35520.11,36,5.77,792,1,2,335.52,0,2.095712770238139,17.31
38,29096.63,2.8,22392.69,36,6.14,817,1,1,1742.07,1,0.7695973726166913,18.419999999999998
37,18070.89,2.8,8195.08,48,14.18,409,4,0,1281.22,1,0.4534962030093703,56.72
30,18044.01,0.3,27169.43,24,8.61,666,4,0,267.3,0,1.5057312648352557,17.22
30,35630.24,2.4,9906.05,48,8.15,688,3,0,2726.65,0,0.2780236675363399,32.6
40,110598.18,18.1,5525.64,36,6.83,740,4,0,9046.33,0,0.049961400811478096,20.490000000000002
47,25100.48,2.5,14198.72,36,7.05,780,4,0,1652.97,0,0.5656752380830964,21.15
28,15000.0,1.2,7354.1,48,7.33,759,3,0,1072.77,0,0.49027333333333334,29.32
23,23012.83,2.4,18471.86,12,10.21,593,1,0,291.96,0,0.8026765938826298,10.21
21,31748.45,8.5,9144.01,36,11.71,558,3,0,2343.26,1,0.2880143755049459,35.13
27,59255.57,3.2,2790.35,36,10.49,580,3,1,4847.28,0,0.047090087902284965,31.47
27,80039.03,8.3,36944.79,48,13.42,432,0,0,5671.06,0,0.46158467937455017,53.68
35,29787.52,9.1,11887.53,60,7.01,777,1,0,2246.85,0,0.39907753314139616,35.05
40,39025.48,1.2,25947.39,36,5.11,815,3,0,2473.17,0,0.6648833018837949,15.330000000000002
46,15000.0,0.3,5465.84,48,8.17,693,1,0,1116.13,0,0.36438933333333334,32.68
47,58695.79,1.1,30966.26,36,8.1,688,2,0,3919.52,1,0.5275720797011165,24.299999999999997
29,25961.72,0.7,10804.32,12,8.64,670,2,1,1220.43,0,0.4161634899382629,8.64
38,44543.12,0.1,3799.37,60,8.99,610,2,0,3633.08,0,0.08529644982210495,44.95
42,24680.86,4.2,23687.58,12,7.92,686,2,0,-2.93,0,0.9597550490542064,7.92
39,56523.75,2.5,17029.5,36,9.55,648,4,0,4164.41,0,0.30128043521528564,28.650000000000002
33,17551.35,0.6,5309.2,24,8.88,612,4,0,1220.35,0,0.3024952496531606,17.76
49,46374.5,3.7,4066.83,36,6.31,800,1,1,3740.25,0,0.08769539294224196,18.93
36,28013.52,10.9,8089.93,12,9.75,573,1,0,1624.17,0,0.2887866287421217,9.75
37,71028.25,1.0,6144.8,48,10.91,591,6,0,5760.47,0,0.08651205682246149,43.64
18,102886.52,18.9,12270.37,48,10.65,555,2,1,8258.82,1,0.11926120156459757,42.6
29,62056.85,15.1,10520.91,24,7.86,666,3,0,4696.24,0,0.1695366426107674,15.72
21,19793.69,8.8,3838.09,36,11.02,514,2,0,1523.78,0,0.19390472418230256,33.06
32,15000.0,18.6,13716.33,36,8.32,658,4,0,818.15,0,0.914422,24.96
43,27442.01,4.4,16313.21,36,9.58,656,0,0,1763.66,0,0.5944611928936693,28.740000000000002
38,22508.16,4.4,6986.6,60,8.22,704,0,0,1733.28,0,0.31040298274048167,41.1
43,58748.7,2.8,3077.6,36,8.51,676,7,0,4798.56,0,0.05238584002709847,25.53
57,24111.78,1.6,19055.93,48,11.43,542,5,0,1512.82,0,0.7903161856984429,45.72
22,51729.08,0.0,25065.72,36,11.93,512,4,0,3479.05,1,0.4845576221343971,35.79
28,17979.31,2.1,7224.88,48,5.45,811,1,0,1330.42,0,0.40184411971315914,21.8
19,16041.8,3.6,9240.03,36,9.15,686,2,1,1042.34,0,0.5759970826216511,27.450000000000003
52,49450.38,0.2,15564.0,36,12.12,504,3,0,3603.03,1,0.31473974517486014,36.36
18,59082.33,1.8,24648.45,36,6.56,751,5,0,4167.4,0,0.4171881846907527,19.68
22,90865.57,4.3,16247.71,48,13.67,433,4,1,7130.82,0,0.17881041190849292,54.68
35,82210.41,19.6,80057.91,24,11.39,547,4,0,3105.03,1,0.9738171844660548,22.78
39,16453.75,5.4,21190.74,48,9.2,624,7,1,841.8,0,1.2878972878523134,36.8
31,17088.0,10.9,57038.43,12,8.0,700,3,0,-3537.68,0,3.3379231039325843,8.0
18,22095.08,7.8,24353.9,24,10.21,614,1,0,715.09,0,1.102231809072427,20.42
47,27046.42,1.6,7155.42,36,5.58,807,4,2,2037.55,0,0.2645607071102202,16.740000000000002
30,27127.84,11.3,9192.76,24,7.21,752,3,0,1848.19,0,0.33886811482226376,14.42
33,103913.63,3.1,45143.55,48,5.98,774,2,0,7599.69,0,0.4344333847253724,23.92
27,18724.35,2.6,19376.82,36,8.83,636,1,0,945.72,1,1.0348460694229706,26.490000000000002
36,39452.2,3.0,13695.14,24,7.39,729,5,2,2672.09,0,0.34713247930406926,14.78
18,89787.73,1.8,29385.26,24,5.78,789,1,0,6182.85,1,0.32727478465041937,11.56
31,32031.35,6.1,12153.0,36,10.13,547,1,0,2276.39,0,0.3794095472092185,30.39
39,23714.07,8.0,17008.74,36,8.04,692,4,0,1442.87,0,0.7172425484111332,24.119999999999997
38,15000.0,8.6,26930.01,24,12.02,512,2,0,-17.94,1,1.795334,24.04
48,33129.32,1.6,25455.93,36,9.42,627,1,0,1946.3,0,0.7683806972192608,28.259999999999998
29,66354.61,2.1,6678.2,48,7.83,712,2,1,5367.05,0,0.10064409993518159,31.32
18,111449.76,6.5,16285.91,48,10.83,576,0,1,8867.91,0,0.14612781579789855,43.32
24,61287.25,0.6,17866.98,36,13.31,491,3,2,4502.59,0,0.29152849899448907,39.93
22,15876.62,4.5,9159.54,24,8.17,692,2,0,908.08,0,0.5769200245392282,16.34
39,41487.51,2.8,8998.84,36,13.71,445,3,0,3151.0,0,0.21690479857672826,41.13
43,15000.0,4.0,25310.75,36,9.23,683,2,0,442.41,0,1.6873833333333332,27.69
18,16417.62,9.9,21259.55,60,6.89,755,3,1,948.27,1,1.2949227719974028,34.449999999999996
41,58778.5,4.4,12817.89,60,9.79,628,4,1,4627.19,0,0.21807106339903196,48.949999999999996
21,130787.34,6.7,19862.94,24,8.98,667,3,0,9991.69,0,0.15187203899092985,17.96
39,70402.38,3.1,6532.7,48,6.11,781,1,0,5713.11,1,0.09279089712592102,24.44
34,59303.1,2.9,100000.0,36,8.45,652,4,0,1787.49,1,1.6862524893302375,25.349999999999998
32,22453.1,10.3,14664.68,48,8.15,671,2,0,1512.05,0,0.6531249582463001,32.6
40,25352.24,1.4,8961.72,24,8.9,669,5,1,1703.68,0,0.3534882913699144,17.8
38,27473.73,1.3,16955.23,36,7.26,705,2,0,1763.93,0,0.617143358400916,21.78
36,18475.9,0.1,21313.09,48,9.97,623,3,0,999.41,0,1.1535616668200195,39.88
41,24199.84,8.7,18216.33,48,6.67,753,3,0,1583.22,0,0.7527458859232128,26.68
35,27541.61,8.8,5971.16,12,10.92,558,4,0,1767.62,0,0.21680504516620486,10.92
31,22968.71,7.3,2847.99,60,6.88,740,4,0,1857.83,0,0.12399433838469813,34.4
38,39592.44,5.9,43990.03,12,8.9,643,3,0,-545.58,0,1.1110714570761488,8.9
18,114231.83,2.5,2070.34,24,7.14,761,1,0,9426.49,1,0.01812402024899715,14.28
32,28800.05,1.2,9683.78,36,8.43,689,2,1,2094.63,0,0.33624177735802546,25.29
51,50919.14,0.6,14833.2,48,8.26,671,2,1,3879.33,0,0.2913089262701609,33.04
34,74009.29,7.4,22146.69,48,11.18,548,5,0,5593.11,0,0.29924202758869867,44.72
30,18423.78,1.0,9353.56,48,6.97,739,6,1,1311.46,0,0.5076895186546951,27.88
35,15000.0,6.4,11653.07,48,6.57,807,2,1,973.27,0,0.7768713333333334,26.28
18,87945.92,0.5,6583.43,48,10.3,577,2,0,7160.9,0,0.07485770800964957,41.2
34,35369.23,10.3,3198.49,24,6.84,749,4,0,2804.46,0,0.09043142867401975,13.68
39,41587.66,5.4,4289.09,36,13.31,447,4,0,3320.48,0,0.10313371803078124,39.93
24,53138.91,4.9,7357.74,48,9.28,635,4,0,4244.16,0,0.13846238095587582,37.12
28,15000.0,5.7,28196.56,48,9.54,609,1,0,541.08,0,1.8797706666666667,38.16
30,15000.0,9.0,8486.65,60,11.41,559,5,0,1063.74,1,0.5657766666666666,57.05
38,15000.0,3.9,29143.51,48,9.81,599,3,0,513.5,0,1.9429006666666666,39.24
22,200636.88,0.7,8124.04,24,11.27,565,0,0,16340.08,1,0.04049125963282523,22.54
39,63724.3,7.8,20669.11,24,6.05,815,3,0,4393.82,0,0.3243520917452212,12.1
43,15000.0,6.2,5411.65,60,7.74,749,2,0,1140.94,0,0.36077666666666663,38.7
46,15000.0,7.2,92695.36,36,10.24,550,2,0,-1751.47,1,6.179690666666667,30.72
46,90638.28,6.1,29745.56,36,10.67,565,4,0,6584.0,1,0.3281787783263319,32.01
26,42579.14,9.6,24614.42,24,12.62,430,2,1,2382.44,1,0.5780863587193165,25.24
30,43978.89,9.3,19951.63,36,10.11,594,8,0,3020.09,1,0.4536637918783307,30.33
40,25197.72,1.0,9735.84,12,9.76,638,2,0,1244.96,0,0.3863778151356551,9.76
42,22081.95,4.9,44169.79,36,8.25,698,3,0,450.94,0,2.000266733689733,24.75
38,54398.05,3.4,10851.98,60,7.89,687,4,1,4313.7,1,0.19949207738145022,39.449999999999996
41,43773.26,0.5,8237.77,36,9.89,660,2,0,3382.39,1,0.18819183218247854,29.67
20,23592.79,9.6,13805.79,24,9.07,663,1,0,1334.91,0,0.5851698760511156,18.14
30,16203.27,2.9,16264.18,36,9.08,612,3,1,832.47,0,1.003759117758329,27.240000000000002
25,43756.99,1.6,20795.6,48,6.51,767,1,0,3153.15,0,0.47525206829811645,26.04
32,57773.84,0.5,4755.49,24,8.24,701,3,0,4598.89,0,0.08231216758311374,16.48
26,42172.25,5.6,30614.69,24,9.05,641,1,0,2115.03,0,0.7259439560374417,18.1
42,60274.21,1.2,15155.13,12,7.6,715,4,0,3707.33,0,0.2514363937743854,7.6
36,51265.15,1.2,14111.44,12,6.74,762,1,0,3052.77,0,0.27526380006690704,6.74
53,17657.48,5.7,12687.66,36,9.7,590,2,0,1063.85,0,0.7185430763619723,29.099999999999998
46,20760.43,20.3,19257.95,36,8.31,686,3,0,1123.8,0,0.9276277032797491,24.93
40,44251.6,2.9,12141.9,36,9.79,651,3,0,3297.04,0,0.2743832991349465,29.369999999999997
42,49589.28,0.5,19110.54,48,12.34,447,3,0,3625.99,0,0.3853764361975008,49.36
28,38656.1,5.0,14044.58,48,7.21,664,4,0,2883.66,0,0.36332118346134246,28.84
41,49238.2,1.6,25452.58,48,8.63,709,3,1,3474.26,0,0.5169275075043361,34.52
36,59597.85,2.7,11304.66,24,5.78,786,3,1,4466.58,0,0.18968234592355263,11.56
30,25920.72,18.8,36334.73,36,5.93,784,2,0,1055.84,0,1.401763917051687,17.79
32,48511.37,1.0,10716.02,24,9.95,612,2,1,3548.37,0,0.22089708041640546,19.9
20,24879.52,5.6,46867.0,36,10.23,556,3,1,555.96,1,1.8837582075538435,30.69
30,30147.37,2.4,18850.45,48,8.07,692,2,1,2051.47,0,0.6252767654359237,32.28
51,74774.58,2.3,10915.24,48,9.15,606,6,0,5958.81,0,0.1459752766247567,36.6
28,24035.68,0.8,32827.06,12,9.81,650,5,2,-880.15,0,1.3657637312528705,9.81
36,44342.43,2.4,46351.56,48,9.63,616,1,0,2527.83,0,1.0453094248556067,38.52
30,22737.54,0.7,10464.98,60,6.95,753,4,1,1687.82,0,0.46025119691927974,34.75
23,73562.54,5.0,5495.23,36,7.43,704,3,0,5959.45,0,0.07470147170013433,22.29
45,55249.18,7.5,14441.23,48,5.59,820,4,0,4267.65,0,0.2613836078653113,22.36
39,15000.0,2.2,45174.56,48,15.09,342,4,0,-9.3,1,3.0116373333333333,60.36
18,104599.93,4.7,24274.89,36,7.94,689,2,1,7956.65,0,0.2320736734718656,23.82
54,33897.22,6.1,14636.52,24,10.69,603,1,0,2144.7,0,0.43179116163508396,21.38
23,37296.49,3.1,46711.43,48,9.92,631,4,2,1925.11,0,1.2524350146622378,39.68
40,21512.58,3.7,56225.44,36,11.08,529,2,0,-50.16,0,2.613607479902457,33.24
33,79895.55,1.6,19911.79,24,8.67,693,2,1,5751.31,0,0.24922276647447825,17.34
24,33651.27,16.8,15159.57,24,8.48,720,1,0,2115.32,0,0.4504902786729892,16.96
51,26940.34,0.4,12412.59,36,7.16,765,5,0,1860.86,1,0.460743628328373,21.48
29,67203.78,1.3,36801.94,24,9.92,577,1,0,3903.45,0,0.5476171132040489,19.84
32,16061.67,0.8,4203.6,48,8.28,681,3,0,1235.3,0,0.2617162474387782,33.12
30,41347.93,4.1,9462.88,36,8.36,740,0,1,3147.55,0,0.22885982442168204,25.08
36,26151.21,4.8,10477.35,48,4.57,850,3,0,1940.02,1,0.40064494147689533,18.28
35,57443.36,0.9,4870.9,60,12.35,491,4,0,4677.73,1,0.08479483094303675,61.75
43,43930.25,10.1,6809.14,48,9.28,647,3,0,3490.5,0,0.15499889028630615,37.12
36,34987.68,3.6,5898.26,36,9.74,610,2,1,2726.04,0,0.16858105481700988,29.22
43,22629.22,0.9,59051.06,48,6.67,768,1,1,480.74,0,2.6095048790899553,26.68
43,15000.0,8.1,5622.19,48,10.87,555,3,1,1105.05,1,0.3748126666666666,43.48
34,16468.96,4.2,32981.66,24,5.45,850,2,1,-81.19,0,2.002655905412364,10.9
41,28424.9,4.6,44892.28,36,9.21,661,5,1,936.79,0,1.5793293907806183,27.630000000000003
29,63183.47,3.0,24676.94,36,10.99,520,2,1,4457.51,1,0.39056006262397425,32.97
41,79541.94,4.8,9641.76,48,14.85,348,4,0,6360.89,0,0.12121605281440206,59.4
32,51403.79,0.8,22726.44,36,9.59,645,5,0,3554.7,0,0.4421160385255639,28.77
41,30418.19,2.2,16134.04,48,6.77,741,2,1,2150.22,0,0.5304076278042843,27.08
35,46385.46,0.8,5232.9,12,9.79,611,3,0,3405.91,0,0.11281336867199333,9.79
18,21932.57,3.9,8804.01,12,7.85,669,3,0,1062.48,0,0.4014126023534862,7.85
29,37335.46,0.2,10589.62,12,10.42,576,2,0,2178.22,0,0.2836343786845,10.42
51,30212.52,15.4,11633.95,24,10.72,575,1,0,1976.99,1,0.38507049395416204,21.44
31,114051.34,0.3,9808.49,12,10.58,587,4,0,8639.31,1,0.08600065549427126,10.58
29,61689.37,2.2,12836.67,24,8.81,635,5,0,4555.46,0,0.20808560696923958,17.62
38,24630.31,0.4,8262.23,12,12.2,471,1,0,1317.66,1,0.3354496959234374,12.2
37,100594.09,2.9,28034.76,24,9.55,652,2,0,7094.99,0,0.2786919191773592,19.1
27,24366.08,7.0,27617.67,36,13.54,451,6,0,1092.76,0,1.1334473990071443,40.62
20,48360.99,0.2,16237.91,48,8.52,662,4,0,3629.69,0,0.33576463178276544,34.08
27,21033.0,5.3,15543.95,36,9.1,643,3,0,1257.73,0,0.7390267674606571,27.299999999999997
32,41201.79,2.1,8914.44,48,8.98,616,4,0,3211.73,0,0.216360502783981,35.92
42,21524.52,2.8,14145.18,24,9.9,610,5,1,1141.63,0,0.6571658740822095,19.8
38,15000.0,0.1,20218.95,24,9.89,583,2,0,318.02,1,1.34793,19.78
27,15000.0,0.2,34770.73,60,9.49,618,4,0,519.92,0,2.318048666666667,47.45
39,16402.5,6.2,11873.53,60,8.59,666,3,0,1122.76,0,0.7238853833257126,42.95
47,23413.79,0.1,4385.69,60,9.86,629,4,1,1858.27,0,0.1873122634139966,49.3
34,38858.55,2.2,16128.13,60,13.44,461,1,1,2867.61,0,0.4150471389179472,67.2
32,15430.09,0.4,15243.94,36,11.69,520,6,0,781.78,0,0.9879359096414863,35.07
38,28201.74,2.0,30234.07,36,8.13,718,7,0,1400.9,0,1.072063993214603,24.39
43,74055.49,4.7,24715.29,48,5.82,817,3,0,5592.89,0,0.33374014539637775,23.28
41,49614.18,3.3,3075.43,24,9.77,578,2,0,3992.93,1,0.06198691583736746,19.54
44,48817.3,9.6,48202.78,48,7.56,675,5,0,2901.27,1,0.9874118396552041,30.24
35,15000.0,0.7,9923.51,12,7.17,748,1,0,390.57,1,0.6615673333333334,7.17
18,19048.12,10.7,22717.02,48,7.63,702,2,0,1036.69,0,1.192612184299553,30.52
44,15000.0,4.5,10202.72,24,11.03,566,2,0,774.33,1,0.6801813333333333,22.06
45,18473.59,2.3,5093.37,36,10.9,579,6,0,1372.96,0,0.2757108932264925,32.7
44,33946.71,3.9,67097.12,48,12.05,522,3,0,1060.32,1,1.9765426458116264,48.2
44,43117.92,4.3,62265.58,48,7.85,707,5,0,2077.46,0,1.4440766159406577,31.4
42,36781.92,0.2,5846.11,12,7.27,748,5,0,2558.59,0,0.15893977258392167,7.27
33,72850.35,0.3,5837.81,48,11.41,564,2,0,5918.82,0,0.0801342752642918,45.64
63,15000.0,0.3,29926.17,24,4.11,850,1,0,-51.01,1,1.995078,8.22
39,29821.29,4.3,2708.06,48,11.35,550,6,0,2414.66,0,0.09080961957044782,45.4
19,23122.24,0.9,3061.1,36,5.94,760,4,1,1833.81,0,0.13238769254189905,17.82
18,85819.41,7.4,29461.65,60,8.2,703,4,0,6551.42,0,0.3432982119080054,41.0
18,78602.46,5.6,27544.21,24,5.6,822,5,0,5334.39,0,0.35042427425299405,11.2
28,37575.28,5.5,14072.77,36,11.48,530,1,0,2667.34,1,0.3745220261831715,34.44
41,21030.65,3.2,45668.79,48,7.57,725,4,0,646.84,0,2.1715348788553848,30.28
29,31288.26,3.9,17203.77,24,12.52,474,2,0,1793.33,0,0.5498474507690745,25.04
30,27460.95,11.7,41933.15,48,8.66,673,2,0,1251.66,0,1.5270101726269485,34.64
41,15000.0,1.6,12192.0,48,12.87,461,3,0,923.71,1,0.8128,51.48
45,15000.0,3.9,14535.44,24,7.56,730,2,1,595.51,0,0.9690293333333334,15.12
43,37178.93,0.9,4231.74,60,7.38,724,2,1,3013.69,1,0.11382091953695278,36.9
18,114066.1,1.9,4058.92,36,6.49,763,3,0,9381.12,0,0.035583928967502176,19.47
52,18034.41,3.4,10610.55,48,8.62,694,2,0,1240.73,0,0.5883502703997524,34.48
18,19045.06,11.4,16137.61,48,12.1,521,1,0,1161.33,0,0.8473383649093256,48.4
38,16403.11,0.7,21368.97,48,7.04,758,5,0,854.82,0,1.3027389318245137,28.16
35,91015.44,9.2,27463.53,24,10.8,570,5,1,6307.15,1,0.3017458356516213,21.6
39,43055.92,0.5,20086.27,36,8.81,695,3,0,2951.03,0,0.4665158705237282,26.43
35,40223.12,17.7,9396.47,48,8.26,691,3,2,3121.38,0,0.23360868077861685,33.04
18,15000.0,4.9,31865.1,24,8.24,708,3,0,-194.66,0,2.12434,16.48
44,54385.03,13.9,5163.71,36,10.13,614,3,0,4365.15,0,0.09494726765803016,30.39
30,85011.85,1.2,27131.93,36,9.58,597,4,0,6214.19,0,0.3191546825530793,28.740000000000002
34,15000.0,0.5,26630.93,36,5.23,830,3,0,449.09,1,1.7753953333333334,15.690000000000001
40,24894.42,4.5,17063.12,36,10.08,587,0,0,1523.32,1,0.685419463478161,30.240000000000002
44,138156.64,1.7,19827.88,24,10.52,610,5,0,10593.33,0,0.1435173872207662,21.04
45,68981.76,3.7,15064.47,24,12.24,479,6,0,5037.65,0,0.2183833813460254,24.48
34,24642.94,5.2,20713.49,60,8.93,634,2,1,1624.3,0,0.8405445941109301,44.65
41,20765.93,3.7,13973.3,24,5.11,850,1,1,1116.78,1,0.6728954590523998,10.22
48,15000.0,19.2,10095.67,24,4.84,850,4,0,807.81,0,0.6730446666666666,9.68
43,17709.2,1.1,3058.13,24,7.8,740,2,0,1337.73,0,0.1726859485465182,15.6
20,15000.0,1.6,33507.83,36,10.37,594,3,0,162.97,0,2.2338553333333335,31.11
35,85816.14,0.4,6629.44,48,9.72,602,3,0,6984.1,0,0.07725166850897744,38.88
44,57689.46,3.3,64231.48,60,16.08,323,2,0,3242.74,1,1.1134006107874819,80.39999999999999
31,15000.0,2.1,31366.51,48,10.43,528,2,0,447.97,0,2.0911006666666667,41.72
39,38415.78,3.7,6664.99,48,6.42,769,7,0,3043.5,0,0.1734961518417692,25.68
43,36230.25,1.2,17922.81,24,10.2,554,7,0,2190.49,0,0.4946918666031838,20.4
41,137494.5,14.3,6310.89,48,7.1,740,7,0,11306.46,0,0.0458992177868933,28.4
38,47551.83,1.9,9962.62,48,12.58,531,3,0,3697.45,0,0.20951075910222594,50.32
44,101208.79,13.9,33842.41,60,5.65,808,4,0,7785.29,0,0.33438212234332615,28.25
31,34467.95,1.6,8494.08,36,4.57,818,2,1,2619.39,0,0.24643415114620976,13.71
44,29505.5,2.0,16379.11,24,7.32,754,2,0,1723.08,0,0.5551205707410483,14.64
38,40578.14,0.2,11047.56,48,9.28,633,4,0,3105.12,0,0.27225397714138694,37.12
43,137011.77,13.2,7453.94,24,7.24,739,2,1,11083.1,0,0.0544036472195053,14.48
39,15000.0,2.3,24796.12,24,5.99,749,3,0,151.13,1,1.6530746666666667,11.98
39,36448.07,0.8,8140.27,36,7.98,729,3,0,2782.33,0,0.22333884894316766,23.94
19,49635.52,1.5,28697.93,48,9.74,576,3,0,3412.02,1,0.5781732517358538,38.96
35,15000.0,2.6,13911.74,36,7.54,740,1,1,817.0,0,0.9274493333333333,22.62
25,28192.13,0.1,14130.33,48,12.0,521,3,0,1977.24,1,0.5012154101162275,48.0
35,15000.0,1.2,28095.77,24,6.99,750,3,0,-7.79,1,1.8730513333333334,13.98
32,20694.3,6.3,12748.26,36,7.51,724,3,1,1327.92,0,0.6160276018033952,22.53
39,47306.28,6.7,19064.85,12,4.92,846,3,0,2310.8,0,0.403008860557203,4.92
18,34169.52,6.2,7274.05,24,13.03,459,1,0,2501.54,0,0.21288124621007262,26.06
33,71937.17,12.6,7761.29,36,7.84,671,5,0,5752.13,0,0.10788984331743938,23.52
28,31339.22,5.3,4949.44,36,11.28,576,3,0,2448.91,0,0.1579311801633863,33.839999999999996
34,28944.9,1.7,25498.7,12,8.17,670,8,0,191.98,0,0.8809393019150178,8.17
35,63454.39,7.8,9206.75,12,8.67,665,2,0,4484.13,0,0.14509240416620506,8.67
38,64884.82,23.5,7205.87,12,10.24,576,2,1,4772.75,0,0.11105633027879248,10.24
35,60372.52,6.6,31942.16,24,6.54,736,4,0,3607.56,0,0.5290844245030687,13.08
18,19443.62,3.6,4974.89,24,10.72,585,1,0,1389.08,0,0.2558623342772591,21.44
29,64764.78,0.6,100000.0,12,10.57,571,2,0,-3421.06,0,1.54404909582029,10.57
18,56734.24,13.3,2580.05,12,5.98,757,3,1,4505.82,0,0.045476065247370905,5.98
48,15000.0,0.4,8390.77,36,12.7,488,2,0,968.49,0,0.5593846666666666,38.099999999999994
32,49226.04,0.0,18774.35,24,9.8,611,6,1,3237.56,0,0.38139062171159815,19.6
34,33831.98,9.6,34040.1,36,8.03,679,5,0,1752.17,0,1.0061515761123054,24.089999999999996
34,31374.71,1.4,6591.74,36,9.54,633,1,0,2403.28,0,0.2100972407394363,28.619999999999997
42,118197.13,3.9,27029.98,48,10.19,544,2,0,9161.74,1,0.2286855865282008,40.76
40,30066.94,11.2,5538.63,24,8.98,691,6,0,2252.6,0,0.18420996616217017,17.96
40,15000.0,9.3,23451.79,24,7.0,783,3,0,200.0,1,1.5634526666666668,14.0
35,39581.34,3.5,12367.77,24,7.46,716,2,0,2742.13,0,0.3124646613783162,14.92
50,15000.0,2.0,23033.59,60,7.92,732,6,1,783.84,0,1.5355726666666667,39.6
44,79693.23,1.8,43221.79,24,9.8,646,6,0,4650.62,0,0.5423520918903652,19.6
29,15000.0,2.6,27841.94,48,7.7,704,0,0,574.21,0,1.8561293333333333,30.8
43,69241.5,2.1,4930.31,12,11.39,560,2,1,5333.48,1,0.07120455218330048,11.39
41,17008.74,3.0,8636.95,36,11.0,550,4,0,1134.63,1,0.507794816076911,33.0
36,76056.3,3.0,23594.66,24,6.0,806,3,0,5292.3,0,0.3102262402983053,12.0
33,174963.32,0.5,40431.42,24,9.33,620,4,0,12727.05,0,0.23108512115567992,18.66
23,70846.21,2.5,7018.42,48,7.99,728,2,0,5732.54,0,0.0990655675158911,31.96
35,27510.22,12.4,21539.86,48,9.18,646,1,2,1754.65,0,0.7829766537672181,36.72
27,63024.6,0.3,16516.1,48,5.95,806,2,0,4864.55,0,0.26205799005467706,23.8
50,53374.58,4.3,21555.57,48,9.53,606,3,1,3906.03,1,0.40385460644374155,38.12
21,15000.0,2.4,4097.95,24,8.06,741,1,0,1064.55,0,0.27319666666666664,16.12
28,22265.5,5.9,2245.71,48,7.35,735,2,0,1801.32,0,0.10086052412925828,29.4
42,15000.0,8.9,12502.57,12,10.27,573,4,0,149.25,0,0.8335046666666667,10.27
28,44529.12,4.9,10016.49,60,9.28,646,5,0,3501.47,0,0.2249424646164128,46.4
41,81614.54,8.8,18281.49,12,8.7,706,5,0,5205.01,0,0.2239979542860868,8.7
22,15000.0,1.2,10948.62,24,6.35,733,5,0,763.02,0,0.729908,12.7
22,94108.77,10.0,30713.59,60,9.05,674,3,0,7204.09,0,0.3263626758696347,45.25
34,15000.0,4.8,18350.55,48,7.75,730,0,0,804.16,0,1.2233699999999998,31.0
39,39856.86,3.7,20231.87,36,12.13,495,2,0,2648.16,0,0.5076132439936312,36.39
37,15000.0,9.0,2984.77,48,8.63,670,1,0,1176.25,0,0.19898466666666667,34.52
19,67376.22,9.9,19113.71,48,7.23,757,1,0,5154.94,0,0.2836862916916384,28.92
18,15177.39,1.7,31156.37,36,11.94,531,4,0,230.84,1,2.0528147461454176,35.82
18,73025.8,3.7,29336.9,36,9.41,666,2,0,5146.97,0,0.4017333599905787,28.23
31,50096.32,5.5,69012.71,36,11.99,525,4,0,1882.81,0,1.3776003906075338,35.97
40,64286.02,4.6,5493.76,48,7.18,767,1,1,5225.15,0,0.08545808248822995,28.72
50,32564.28,6.8,13100.47,24,5.55,773,3,0,2135.72,0,0.40229570560135214,11.1
30,41183.24,5.7,9438.37,48,9.82,638,2,0,3193.37,0,0.22917987997059,39.28
48,101667.54,6.7,8027.85,24,8.38,683,2,0,8107.82,0,0.0789617807217525,16.76
30,33827.0,0.1,48164.21,12,6.88,741,5,0,-1345.91,0,1.4238392408431135,6.88
36,26466.76,4.7,14881.88,48,4.85,850,5,0,1863.85,0,0.5622856745593341,19.4
21,55331.96,11.4,6660.88,36,10.1,558,1,2,4395.76,1,0.12038033715053652,30.299999999999997
26,28043.98,5.5,11467.67,12,6.37,775,0,0,1348.07,0,0.4089173505329843,6.37
26,39566.72,4.0,10047.34,24,7.1,707,1,1,2846.93,0,0.25393411432638335,14.2
44,59477.45,4.6,21571.6,36,7.38,758,1,0,4286.63,0,0.3626853538610011,22.14
35,32633.32,0.5,24765.69,48,6.53,750,2,0,2131.78,0,0.7589080730982933,26.12
37,20173.84,16.5,4136.51,60,7.3,752,3,0,1598.66,0,0.20504326394974878,36.5
40,99997.78,1.3,3670.67,60,6.99,759,1,0,8260.48,0,0.03670751490683093,34.95
45,15000.0,9.1,6454.32,48,9.36,626,3,0,1088.28,1,0.430288,37.44
42,15000.0,0.4,7440.69,24,11.54,504,3,0,901.34,0,0.496046,23.08
54,57203.21,1.0,15301.89,36,12.47,432,2,0,4255.25,0,0.26750054760912895,37.410000000000004
27,26236.81,1.8,16902.77,24,9.25,613,3,0,1412.26,0,0.6442387622580641,18.5
51,40927.57,6.4,43158.4,48,7.2,712,0,1,2373.14,0,1.0545067786824383,28.8
34,22020.63,4.6,44150.38,48,12.28,510,3,1,666.32,0,2.00495535323013,49.12
43,82215.86,17.4,11185.37,12,6.61,762,2,0,5885.5,0,0.13604881102016084,6.61
49,52984.69,0.6,3962.62,36,7.62,663,1,0,4291.91,0,0.07478801895415449,22.86
38,27280.55,4.3,30112.65,24,10.71,610,2,1,873.94,0,1.1038138893827287,21.42
38,81352.72,16.3,4948.61,48,10.39,585,1,0,6652.96,0,0.0608290663176351,41.56
37,52577.54,2.4,22784.09,48,9.84,623,1,0,3805.35,0,0.43334264022242197,39.36
56,29046.58,0.5,13184.18,48,7.08,736,4,0,2104.35,0,0.45389784270643907,28.32
31,40515.0,0.9,24236.72,24,10.75,580,4,0,2249.44,1,0.5982159693940516,21.5
18,29056.67,3.4,6134.3,24,9.58,616,4,0,2139.51,0,0.2111150383027374,19.16
46,49098.91,6.4,20350.89,36,10.17,588,2,0,3433.28,0,0.41448761286146674,30.509999999999998
36,50576.99,3.3,1428.13,36,9.14,666,4,0,4169.24,0,0.028236753511824253,27.42
18,31361.31,5.1,46428.16,36,6.47,811,5,0,1191.1,0,1.480427954061868,19.41
42,20057.39,5.2,16199.14,36,10.16,612,3,0,1147.53,0,0.8076394785163972,30.48
38,15000.0,9.1,14475.03,24,9.22,671,3,0,587.25,0,0.965002,18.44
37,88817.89,2.6,70705.33,48,6.31,810,5,0,5730.91,0,0.7960708141118867,25.24
25,57734.77,1.1,29776.83,24,8.95,608,4,0,3451.57,0,0.5157521195633066,17.9
34,24220.25,3.9,4178.11,36,8.85,672,1,1,1885.78,0,0.17250482550758145,26.549999999999997
45,174202.84,4.0,9955.67,24,7.61,705,1,0,14068.4,0,0.057149871953867115,15.22
33,34522.61,3.8,45455.63,36,5.53,821,1,0,1503.69,0,1.3166915827047838,16.59
37,15000.0,15.4,16945.77,48,9.85,583,1,0,821.43,0,1.129718,39.4
36,54180.24,5.6,7436.7,36,8.54,650,4,0,4280.12,0,0.13725852820142548,25.619999999999997
19,15000.0,9.6,1913.47,36,12.11,486,1,0,1186.34,0,0.12756466666666666,36.33
35,19343.26,2.0,4683.73,36,7.74,738,5,0,1465.73,0,0.24213757143315034,23.22
51,15000.0,6.5,18494.03,24,8.49,666,5,0,409.43,1,1.2329353333333333,16.98
33,36740.49,3.3,11212.79,48,5.86,780,3,1,2799.09,0,0.30518890738800714,23.44
48,15000.0,0.3,3382.17,36,9.16,621,4,0,1142.2,0,0.225478,27.48
51,16634.03,3.0,27417.42,24,11.54,578,0,0,101.42,1,1.6482728478907396,23.08
54,48464.96,2.0,7375.97,24,7.91,688,3,0,3705.45,0,0.15219181033059762,15.82
48,30757.26,0.3,36707.41,12,5.07,828,0,0,-580.5,1,1.1934551387217198,5.07
46,57485.12,2.3,9291.42,24,10.12,634,0,0,4361.16,0,0.16163174052693985,20.24
55,15000.0,7.8,21863.93,12,11.0,552,3,0,-682.37,1,1.4575953333333334,11.0
43,67875.54,4.9,8757.42,48,11.25,578,5,0,5428.89,1,0.12902173595966973,45.0
37,27450.07,5.0,5933.15,60,5.92,801,5,0,2173.02,0,0.21614334681113745,29.6
30,51606.42,2.0,20437.46,48,10.14,657,2,0,3780.81,0,0.3960255332572963,40.56
26,55157.02,5.6,6860.42,48,10.75,568,3,0,4419.94,0,0.12437981602341824,43.0
34,72511.69,8.5,8468.99,12,10.99,564,1,1,5294.18,1,0.1167948230140547,10.99
34,43546.91,1.3,6643.5,48,9.42,629,8,0,3462.26,0,0.15255961904070806,37.68
39,189589.7,1.5,28997.05,12,8.54,680,1,0,13269.49,1,0.15294633621974188,8.54
43,94659.01,3.7,4243.72,48,7.99,662,0,1,7784.67,0,0.04483165416583166,31.96
35,210199.93,12.1,35592.27,36,6.26,820,4,1,16429.68,0,0.16932579378118726,18.78
22,52296.45,0.5,15216.54,60,7.49,695,2,0,4053.2,0,0.29096697768204155,37.45
34,28599.95,10.3,20424.06,24,10.28,533,4,0,1438.22,1,0.7141292205056303,20.56
38,40602.11,9.2,3279.62,60,11.82,520,8,1,3310.85,0,0.08077461984118559,59.1
18,64693.68,1.1,3528.45,48,9.9,629,3,0,5301.82,0,0.054540876326713825,39.6
27,500000.0,3.0,43857.9,48,10.2,587,4,0,40550.1,0,0.0877158,40.8
38,25236.35,9.6,13395.5,36,12.21,499,3,0,1656.76,1,0.5308017997848342,36.63
28,21696.42,5.0,8517.92,36,9.29,652,1,0,1536.02,0,0.3925956448114482,27.869999999999997
36,31741.74,2.5,17532.07,36,7.78,695,3,0,2097.53,0,0.5523348751517717,23.34
53,35964.82,5.3,13053.62,36,8.33,670,6,1,2586.03,0,0.36295524348516134,24.990000000000002
19,22308.39,3.8,13578.42,24,9.31,601,4,1,1236.77,0,0.6086687564633755,18.62
56,22295.52,2.7,8418.8,36,9.38,606,2,1,1588.75,0,0.37760052243679443,28.14
35,67052.56,0.4,4384.14,48,8.7,683,4,1,5479.24,0,0.06538363337656311,34.8
34,34510.69,1.7,19745.82,60,9.77,600,2,1,2458.58,1,0.5721653203688479,48.849999999999994
45,34661.31,0.0,10982.27,48,9.41,615,5,0,2613.01,0,0.3168452086779179,37.64
29,62165.56,5.3,10998.81,48,13.62,439,5,0,4882.0,0,0.17692770723854173,54.48
32,61212.06,3.7,12226.01,48,10.94,536,3,0,4785.37,0,0.19973204626669974,43.76
40,42187.43,0.6,12025.09,36,8.57,667,5,0,3135.63,0,0.28503964332503784,25.71
26,21217.67,5.0,9480.77,12,13.04,465,3,0,921.16,1,0.4468337004015993,13.04
36,57906.2,6.8,6202.85,36,8.04,732,7,1,4631.03,0,0.10711892681612678,24.119999999999997
22,31547.15,6.0,9881.98,36,7.61,689,9,0,2321.04,0,0.31324477805443596,22.830000000000002
31,117002.18,5.6,49871.37,36,10.46,586,4,0,8130.18,1,0.4262430836758769,31.380000000000003
18,34218.56,5.5,4864.53,48,7.24,762,2,0,2734.52,0,0.14216057017010653,28.96
42,35692.12,5.4,23067.11,48,8.47,638,2,1,2406.1,0,0.6462801873354679,33.88
55,17932.87,0.4,8396.54,36,10.68,591,3,0,1220.78,1,0.46822064733642754,32.04
30,20554.05,4.3,28437.33,36,12.01,504,2,0,768.18,0,1.3835390105599628,36.03
26,25013.61,3.9,28898.6,24,6.07,760,1,1,802.75,0,1.1553150464886914,12.14
36,74247.63,1.3,29942.23,36,7.25,702,2,1,5259.35,0,0.4032752291217915,21.75
22,19806.71,7.7,8771.84,48,6.41,770,2,0,1442.9,0,0.44287213777553164,25.64
43,47905.63,0.8,24653.36,48,7.51,712,3,0,3395.93,0,0.5146234377880011,30.04
25,16269.61,25.3,30941.36,60,5.81,813,2,0,760.35,0,1.90178867225459,29.049999999999997
39,35107.72,11.9,4045.31,48,9.91,609,3,0,2823.22,1,0.1152256540726655,39.64
29,99371.45,1.3,11689.64,24,5.84,793,7,1,7763.7,0,0.11763579981976714,11.68
38,56177.9,4.1,34521.43,48,7.75,723,3,0,3842.77,0,0.6145019660756276,31.0
40,66849.13,1.2,8192.29,60,8.8,662,1,0,5401.5,0,0.12254893967954408,44.0
39,15000.0,2.0,14279.36,36,10.47,611,0,0,786.09,1,0.9519573333333333,31.410000000000004
36,28392.34,2.5,8349.62,48,8.54,691,5,0,2160.07,0,0.29408002299211694,34.16
35,63796.9,2.5,13377.39,12,10.94,575,3,1,4134.47,0,0.20968714780812234,10.94
41,39620.67,1.1,12089.25,36,6.29,775,4,0,2932.35,0,0.3051248249966495,18.87
40,17485.72,1.2,5137.63,36,6.87,735,4,1,1298.81,0,0.2938186131311722,20.61
18,55702.16,6.1,28124.94,12,7.97,690,1,0,2195.69,0,0.5049165059308292,7.97
45,45839.15,4.4,4580.48,24,15.8,307,2,0,3596.09,0,0.09992506405550712,31.6
34,93561.11,3.1,20358.65,36,5.79,789,3,0,7179.35,0,0.21759735428534357,17.37
18,18149.49,1.1,11546.19,48,9.36,627,1,0,1223.15,0,0.6361715949043196,37.44
31,23768.14,0.1,34564.19,60,9.15,630,1,0,1260.66,0,1.4542235951151417,45.75
29,15000.0,2.0,5174.54,36,12.35,497,5,0,1077.26,0,0.34496933333333335,37.05
36,15000.0,4.4,8594.03,36,5.42,795,2,0,990.81,0,0.5729353333333334,16.259999999999998
32,42915.84,2.0,4649.03,48,10.22,580,5,0,3457.92,1,0.10832899926926748,40.88
29,47012.89,10.6,4109.61,36,7.62,708,0,0,3789.68,0,0.08741453673662691,22.86
45,54802.14,8.3,48380.08,48,12.23,497,1,0,3287.34,0,0.8828137003408991,48.92
38,46606.2,12.6,6318.94,36,11.99,490,4,2,3674.0,0,0.13558153207084037,35.97
38,51645.71,0.8,3681.21,48,7.84,673,1,0,4214.22,0,0.07127813713859292,31.36
41,29684.45,5.5,11321.57,24,6.4,781,4,1,1969.88,0,0.3813973309257877,12.8
31,102101.28,1.5,8110.91,36,9.55,612,3,0,8248.43,0,0.07943984639565733,28.650000000000002
26,22010.25,0.5,4732.09,12,9.42,622,3,0,1419.44,0,0.2149948319532945,9.42
25,20372.92,0.4,10501.89,48,5.7,792,2,0,1452.55,0,0.5154828075700489,22.8
44,78253.35,4.5,21074.6,48,8.09,689,3,0,6005.73,0,0.2693124319917294,32.36
40,108529.03,4.6,12972.58,36,8.75,698,5,0,8633.07,0,0.11953096788942093,26.25
25,36147.7,2.1,11798.25,48,13.06,455,4,1,2695.44,1,0.3263900607784175,52.24
49,42285.83,4.9,12946.27,36,10.25,584,1,1,3104.56,0,0.3061609527352307,30.75
21,58207.86,3.7,11917.73,36,6.82,730,2,0,4483.65,1,0.20474434208713393,20.46
39,68568.32,0.8,15661.21,12,8.87,621,5,0,4345.37,0,0.22840300010267128,8.87
26,75513.15,4.9,9254.07,36,9.18,634,7,0,5997.71,0,0.12254911892829262,27.54
36,30782.2,22.2,5494.58,48,8.67,651,2,1,2429.31,0,0.17849861283469018,34.68
51,46806.63,3.8,15723.99,48,9.47,641,4,0,3505.74,0,0.33593510150164624,37.88
26,36017.58,17.9,2652.66,12,10.61,594,1,0,2767.5,0,0.07364903472137772,10.61
32,25202.07,12.6,17128.69,48,6.99,699,2,0,1690.08,0,0.6796540919059426,27.96
43,40068.92,1.0,51693.1,36,11.05,581,3,1,1645.49,0,1.2901046496885866,33.150000000000006
37,17400.79,18.1,100000.0,60,8.24,678,4,0,-589.08,1,5.746865515876003,41.2
34,21155.96,1.3,4908.67,36,9.29,633,1,1,1606.24,0,0.23202303275294528,27.869999999999997
25,22018.43,2.9,1915.06,36,10.86,542,6,0,1772.3,1,0.08697532022037902,32.58
43,22425.3,3.3,15683.0,36,10.81,572,6,1,1356.74,1,0.6993440444497956,32.43
29,15000.0,1.6,22719.27,12,10.82,577,2,0,-756.06,1,1.514618,10.82
40,58732.17,0.1,5845.1,24,7.67,745,3,0,4630.87,0,0.09952126747572924,15.34
19,49494.24,2.1,2083.93,48,8.19,656,3,0,4073.46,0,0.042104495391787004,32.76
45,15000.0,0.5,7101.89,12,12.12,528,4,0,618.61,0,0.47345933333333334,12.12
26,15000.0,4.1,18419.59,36,9.75,566,3,1,657.81,1,1.2279726666666666,29.25
29,37698.25,4.4,93076.58,48,10.2,580,2,0,771.91,1,2.468989409322714,40.8
18,37987.27,1.2,42294.16,48,11.23,566,4,1,2067.76,1,1.1133771918855977,44.92
36,24804.08,2.1,8259.43,12,5.34,802,4,0,1358.65,0,0.33298675056684224,5.34
39,67286.13,4.1,9029.86,36,10.96,534,3,0,5311.72,0,0.13420091183725383,32.88
46,15000.0,9.5,16296.89,24,8.95,613,1,0,505.85,0,1.0864593333333332,17.9
18,45687.47,7.7,36795.63,36,9.78,655,6,0,2623.79,0,0.8053768352679629,29.339999999999996
59,25913.34,1.1,7357.89,24,11.71,537,1,0,1814.08,1,0.2839421703261718,23.42
31,66867.15,1.0,5069.64,36,10.11,597,2,0,5408.42,1,0.075816600528062,30.33
24,60823.67,3.0,8666.93,24,11.11,562,3,0,4664.25,0,0.14249271706228842,22.22
25,15000.0,4.3,10168.01,48,8.4,680,2,0,999.86,1,0.6778673333333334,33.6
38,75358.03,0.4,14754.22,60,5.04,850,5,0,6001.14,0,0.19578829223640798,25.2
51,29764.4,1.6,13584.84,12,12.0,526,4,1,1273.37,0,0.45641235838787275,12.0
29,21188.92,0.3,31008.04,36,9.48,593,0,1,772.75,0,1.4634082341148111,28.44
18,15000.0,2.6,5849.91,48,9.97,607,3,0,1101.72,0,0.389994,39.88
43,327189.91,1.8,30384.16,36,7.28,738,2,0,26323.76,0,0.09286398837910376,21.84
18,83776.16,17.5,57307.74,36,7.99,674,2,0,5185.79,1,0.6840578513028049,23.97
54,36303.34,7.0,14752.87,48,9.86,651,5,2,2652.1,0,0.40637776028321365,39.44
40,134618.51,6.9,23467.17,36,4.88,830,6,0,10516.14,0,0.17432350127779603,14.64
31,29995.65,1.3,14727.78,24,8.34,636,1,0,1831.25,0,0.490997194593216,16.68
35,15000.0,3.7,3545.53,36,8.68,645,4,0,1137.78,0,0.23636866666666667,26.04
33,101052.45,0.5,2352.58,36,8.84,675,4,0,8346.4,0,0.02328078141598744,26.52
22,46058.65,2.1,8473.6,36,10.93,540,5,0,3561.09,0,0.18397412863816026,32.79
33,47550.07,3.3,14747.03,48,10.86,562,6,1,3582.36,1,0.3101368725640152,43.44
39,34402.94,2.0,17443.71,48,8.31,648,4,0,2438.52,0,0.5070412586831241,33.24
33,15000.0,4.9,13591.05,36,7.71,732,2,0,825.92,0,0.9060699999999999,23.13
47,21139.92,0.8,6614.18,60,10.4,597,3,0,1619.82,0,0.31287630227550534,52.0
48,23106.39,5.9,65395.93,24,7.2,751,3,0,-1008.35,0,2.8302097385182194,14.4
35,75017.01,1.0,34798.62,36,10.34,596,4,1,5123.0,0,0.4638763928341053,31.02
32,86892.84,7.3,29763.13,24,6.57,806,1,0,5914.29,0,0.3425268411068162,13.14
31,128536.5,7.8,13327.25,48,8.52,658,1,0,10382.76,0,0.10368455652674533,34.08
43,54407.75,8.6,10914.15,24,10.09,612,4,0,4029.89,1,0.20059917934485436,20.18
31,120185.8,2.9,14646.43,48,11.33,524,3,0,9634.59,0,0.12186489585292105,45.32
18,68838.95,2.9,7778.67,36,8.54,650,4,0,5490.88,0,0.11299809192324985,25.619999999999997
37,45919.85,1.0,9042.68,60,6.64,715,3,0,3649.13,0,0.196923117126907,33.199999999999996
34,52289.12,2.9,18960.84,24,7.1,753,5,2,3507.64,0,0.36261539685502453,14.2
39,73226.25,11.1,6043.56,60,10.82,566,3,1,5971.33,0,0.08253269831515338,54.1
50,15000.0,0.3,6643.08,60,9.39,623,1,2,1110.84,0,0.442872,46.95
62,67583.31,0.1,2862.09,60,6.47,769,0,0,5575.98,0,0.04234906517600278,32.35
19,108642.53,6.8,3719.7,36,6.14,778,5,0,8940.15,0,0.0342379729190769,18.419999999999998
30,63465.85,1.6,17114.98,36,9.74,626,2,0,4738.66,0,0.26967227256863335,29.22
18,55639.96,1.0,2803.53,24,8.84,648,1,0,4508.79,0,0.05038698805678509,17.68
29,36114.51,4.8,15560.68,60,10.18,602,3,0,2677.54,0,0.4308705835964547,50.9
24,58152.78,10.0,5596.62,60,6.35,778,1,0,4736.95,0,0.09623993900205631,31.75
39,53988.47,8.1,4151.93,48,7.79,719,1,0,4398.09,0,0.07690401302352151,31.16
33,44404.12,0.4,27897.07,48,6.9,762,2,1,3033.61,0,0.6282540899357987,27.6
36,110894.37,1.3,6947.05,36,10.16,596,4,1,9016.51,0,0.06264565099202062,30.48
24,51892.06,0.8,44999.92,24,10.49,606,6,0,2237.63,0,0.8671831490212568,20.98
36,16166.73,0.2,10771.56,60,11.13,524,0,0,1112.33,1,0.6662794516887459,55.650000000000006
37,43145.3,1.7,18683.08,12,9.4,609,2,0,1958.11,0,0.433027004100099,9.4
36,41442.79,3.7,18819.07,24,10.33,566,3,0,2582.29,0,0.4540975643773018,20.66
21,72510.31,14.0,6521.77,60,10.36,606,3,1,5902.8,0,0.08994265780962736,51.8
41,35823.75,1.2,31938.03,36,11.25,530,2,1,1935.92,1,0.89153229352036,33.75
28,29293.01,10.4,30552.72,48,11.46,479,3,1,1644.59,1,1.0430037746206349,45.84
37,43799.92,12.7,6083.4,60,6.58,776,1,2,3530.74,0,0.13889066464048336,32.9
27,16714.84,2.2,15956.15,36,9.11,641,1,0,884.68,0,0.9546097958460864,27.33
31,44862.26,2.1,10568.14,36,10.49,591,3,0,3395.08,1,0.23556860488080625,31.47
36,37810.27,2.0,29443.32,24,11.07,550,4,0,1777.61,0,0.7787122387647589,22.14
45,63649.57,6.3,7053.4,24,6.57,770,1,0,4989.7,0,0.11081614534080905,13.14
37,63210.25,5.9,18314.55,36,6.12,822,1,0,4709.36,0,0.2897401924529645,18.36
32,42084.92,7.7,6249.66,48,7.67,708,5,1,3355.47,0,0.14850117334190013,30.68
30,59211.99,2.2,30590.08,48,8.94,652,4,0,4173.97,0,0.5166196913834513,35.76
39,34114.06,6.6,9293.56,12,5.85,790,3,0,2043.62,0,0.27242609059138667,5.85
19,65884.33,2.3,2423.1,48,10.15,600,2,0,5428.73,0,0.036778092757412874,40.6
40,25645.56,9.9,7800.03,36,8.85,676,2,0,1889.64,0,0.30414738457651147,26.549999999999997
33,20007.61,4.5,7218.47,36,9.15,639,3,0,1437.25,0,0.36078622084296924,27.450000000000003
47,49666.53,3.6,18492.95,36,8.21,686,7,1,3557.58,0,0.3723422997338449,24.630000000000003
54,29064.52,7.4,10525.18,36,5.37,850,0,0,2104.84,0,0.3621315610923559,16.11
38,106939.84,1.3,6194.34,36,10.58,575,2,2,8710.09,0,0.057923595172762556,31.740000000000002
34,22313.19,0.0,21188.38,36,8.17,701,4,0,1193.8,1,0.9495899062393142,24.509999999999998
44,17517.98,5.8,14236.38,48,11.14,528,4,1,1090.92,1,0.8126724656609952,44.56
22,35864.26,2.9,15495.03,48,10.35,578,3,0,2593.08,1,0.43204655554025095,41.4
52,36201.75,0.7,10242.06,36,11.18,545,6,0,2680.63,0,0.282916157368083,33.54
20,47669.79,1.0,30984.58,48,8.11,666,6,0,3214.46,1,0.6499835640140224,32.44
48,51665.51,16.7,6134.0,48,9.2,614,3,0,4152.23,0,0.11872523855856644,36.8
28,78291.62,9.6,3598.99,36,13.15,490,2,1,6402.78,0,0.04596903219016288,39.45
29,109627.1,0.5,10468.3,48,10.78,558,1,0,8866.15,1,0.0954900749905817,43.12
34,15000.0,4.4,36605.9,48,9.53,620,0,0,329.82,0,2.4403933333333336,38.12
20,32482.93,0.3,15044.29,36,10.24,598,1,0,2219.78,1,0.46314448850519335,30.72
26,15000.0,2.7,8585.03,48,8.92,624,6,2,1036.69,0,0.5723353333333334,35.68
47,74838.07,1.2,50040.51,24,8.67,675,4,0,3957.99,0,0.6686504609218276,17.34
56,36411.56,10.0,1049.54,48,9.73,669,4,0,3007.81,0,0.02882436237282885,38.92
18,104365.87,3.4,4584.93,36,10.12,616,2,0,8548.95,0,0.04393131586025202,30.36
27,34523.49,1.7,4990.05,48,10.67,569,4,0,2748.78,1,0.14454071705960203,42.68
32,92156.22,2.2,25517.35,12,9.78,579,3,0,5438.91,1,0.2768923247937035,9.78
35,27697.88,7.9,9942.04,12,11.5,487,4,0,1427.14,0,0.3589458832228315,11.5
21,36871.68,0.4,7287.6,48,8.15,685,2,0,2894.22,0,0.19764762549468862,32.6
45,31132.92,17.5,21859.31,48,8.85,658,3,0,2052.0,0,0.7021284865023905,35.4
41,75473.68,2.3,24380.12,60,7.27,710,3,1,5803.61,0,0.3230281072819028,36.349999999999994
31,77526.45,4.3,12003.31,24,9.03,646,3,0,5912.0,0,0.1548285778595563,18.06
37,15264.53,8.8,7417.58,36,10.78,610,5,0,1029.97,1,0.4859356953669716,32.339999999999996
36,15000.0,1.8,24210.89,48,11.17,565,1,2,622.26,0,1.6140593333333333,44.68
29,73997.13,8.7,16129.68,12,8.16,673,3,1,4762.14,0,0.21797710262546668,8.16
32,64890.5,0.0,20433.29,48,5.88,762,6,0,4928.79,0,0.31488877416570993,23.52
18,68431.15,2.6,62783.13,36,7.12,771,4,0,3760.59,1,0.9174641957646481,21.36
29,32700.07,2.5,17111.88,12,9.07,666,4,0,1227.99,0,0.523297962359102,9.07
57,41784.32,5.3,32232.88,24,9.98,604,1,0,1994.94,0,0.7714109024629335,19.96
37,53391.22,2.9,52688.55,48,10.41,585,2,0,3102.55,0,0.9868392218795525,41.64
37,62374.38,13.2,11910.24,48,10.65,554,4,1,4892.06,0,0.19094762945940305,42.6
40,64724.17,3.6,16870.09,48,9.4,615,1,0,4970.66,0,0.26064590708540564,37.6
44,15685.66,2.0,20000.55,60,12.93,456,2,0,852.78,1,1.2750850139554217,64.65
37,23019.54,1.2,5789.45,36,8.87,653,4,1,1734.54,0,0.2515015504219459,26.61
30,15000.0,6.4,9543.91,12,5.14,845,4,0,432.36,0,0.6362606666666667,5.14
34,43763.93,7.4,100000.0,36,9.87,591,2,1,426.38,1,2.28498674593438,29.61
44,27187.92,3.4,10716.54,36,7.88,678,6,0,1930.44,0,0.39416549702956316,23.64
41,92341.36,6.9,18116.12,24,6.04,787,3,0,6891.87,0,0.1961864109430487,12.08
38,15000.0,9.6,24743.89,36,4.19,850,4,0,517.37,0,1.6495926666666667,12.57
53,43273.74,1.9,15511.85,24,8.68,659,1,0,2899.77,0,0.3584587327094908,17.36
30,61496.67,4.5,23460.21,24,14.74,388,3,0,3990.11,1,0.38148748541994226,29.48
34,78835.46,4.4,22086.92,36,9.61,568,5,0,5860.98,0,0.28016478878920725,28.83
29,49311.49,6.5,84545.97,36,8.28,692,1,0,1448.99,0,1.7145288045443365,24.839999999999996
34,132198.64,0.5,16210.86,24,7.17,762,0,0,10289.5,0,0.12262501338894258,14.34
27,49875.83,2.9,21283.01,24,7.22,746,1,0,3201.3,0,0.42671991623999034,14.44
35,15000.0,1.5,16531.22,48,12.14,512,4,1,813.53,1,1.1020813333333335,48.56
27,26615.56,7.7,12015.66,12,9.13,634,2,0,1166.45,0,0.45145245863697775,9.13
46,27395.45,5.1,16562.9,60,8.35,657,5,0,1944.34,0,0.6045857980066033,41.75
38,55743.15,5.1,16050.79,48,6.71,771,2,0,4263.06,0,0.2879419264967983,26.84
38,26558.78,7.2,18602.76,48,14.09,400,1,0,1704.04,1,0.7004372941829407,56.36
51,44036.64,4.0,23074.96,24,6.36,761,1,0,2643.28,0,0.5239945645262672,12.72
21,95717.22,0.9,3634.92,12,7.82,683,3,0,7660.54,0,0.037975611911837806,7.82
29,97053.86,3.1,23104.5,48,9.62,660,4,0,7506.04,0,0.23805853780570913,38.48
27,144783.32,0.7,5845.0,48,11.35,580,3,0,11913.21,0,0.04037067253327248,45.4
29,42556.16,6.0,30819.5,24,7.89,708,5,1,2154.01,0,0.7242077292688062,15.78
24,40762.49,4.2,4633.24,48,7.95,659,3,0,3283.87,0,0.1136643026468697,31.8
40,15997.42,4.5,3247.65,36,9.93,623,2,1,1228.43,0,0.20301086050125583,29.79
48,44330.14,4.2,7156.1,48,9.28,662,5,0,3515.15,0,0.16142741710267552,37.12
26,16877.14,4.7,6483.16,12,7.67,705,1,0,843.46,0,0.3841385448008371,7.67
39,61528.11,2.0,16492.04,24,7.81,707,2,0,4382.88,0,0.2680407378026076,15.62
35,73291.21,2.4,31706.26,24,9.48,622,4,0,4652.12,0,0.4326065840637642,18.96
39,35484.54,4.6,19763.7,36,10.99,576,2,0,2310.1,1,0.5569664986498346,32.97
44,21152.13,5.0,23610.86,24,5.9,767,4,0,717.29,1,1.116240302986035,11.8
57,26724.74,0.3,16590.18,24,8.36,672,2,0,1474.01,0,0.6207798466888733,16.72
31,62955.4,4.9,17888.66,60,9.33,658,2,0,4872.07,1,0.2841481429710557,46.65
22,40216.44,4.7,18219.17,48,8.06,668,2,0,2906.07,0,0.45302791594681174,32.24
30,20605.29,13.7,10102.59,36,9.91,594,4,0,1391.55,0,0.490291085444563,29.73
32,19717.11,7.9,2484.02,12,8.65,637,1,0,1426.26,0,0.12598296606348497,8.65
40,15000.0,17.2,11585.9,48,5.24,850,0,1,981.92,0,0.7723933333333333,20.96
50,48270.67,17.5,4209.61,12,6.84,784,4,0,3658.62,0,0.0872084435538185,6.84
28,20627.13,1.4,16782.89,24,11.07,572,5,0,936.17,0,0.8136318528074433,22.14
40,22773.81,0.8,5455.25,48,6.07,781,4,1,1769.53,0,0.23954050727568202,24.28
45,49198.81,2.1,34495.87,48,4.43,850,0,0,3314.36,0,0.7011525278761824,17.72
27,70678.32,2.6,95967.18,48,13.39,440,4,0,3296.69,0,1.3578022228032582,53.56
42,39595.49,4.6,4506.41,60,11.07,565,3,0,3201.49,0,0.1138111941536776,55.35
34,21144.9,1.7,67740.39,48,12.17,512,4,0,-27.45,0,3.2036278251493266,48.68
25,191401.08,0.1,8990.05,48,11.5,535,5,0,15715.55,1,0.046969693169965396,46.0
37,66917.68,3.2,45584.2,36,8.71,704,4,0,4133.05,1,0.681198152715396,26.130000000000003
38,67678.41,0.2,5934.01,36,12.69,488,6,0,5440.81,0,0.0876795125653809,38.07
45,72945.79,2.3,3567.21,60,6.24,782,7,0,6009.45,0,0.04890220532261012,31.200000000000003
45,231774.21,14.0,21516.79,24,6.67,763,2,0,18354.37,0,0.09283513467697722,13.34
26,54731.48,20.3,19578.22,48,12.17,505,0,0,4043.75,0,0.35771406145055823,48.68
33,73098.76,2.4,4227.46,24,7.42,707,0,2,5901.48,0,0.05783217116131656,14.84
31,26191.79,8.6,46382.68,48,8.7,629,3,0,1035.01,1,1.7708862204530502,34.8
26,19168.75,12.2,21780.86,24,10.88,544,3,0,583.45,1,1.1362691881317248,21.76
18,23803.63,2.3,11444.62,48,11.85,523,6,0,1683.1,0,0.4807930555129617,47.4
18,54644.18,4.2,5698.76,36,11.08,551,3,0,4366.9,1,0.1042885079435724,33.24
18,35457.13,1.9,100000.0,12,9.04,653,4,0,-5792.24,0,2.820307227347504,9.04
32,39839.59,4.9,12864.63,48,10.83,588,3,1,2988.53,0,0.32291070264528327,43.32
40,28340.49,0.4,68322.0,48,13.33,421,7,0,517.59,1,2.4107557773348307,53.32
49,35024.43,1.3,7297.78,48,6.53,746,2,1,2745.53,0,0.2083625629310741,26.12
18,18905.5,2.7,8102.84,48,8.59,679,4,0,1375.39,0,0.42859696913596573,34.36
38,63508.11,10.9,23430.88,48,8.17,707,1,0,4718.46,1,0.36894311608391434,32.68
36,93178.51,17.7,4533.31,48,9.61,601,1,0,7650.75,0,0.04865188335808333,38.44
36,65557.32,2.5,5424.74,24,8.12,700,2,0,5217.47,0,0.08274804400179872,16.24
18,34104.76,2.4,5348.84,36,7.23,766,4,0,2676.34,0,0.15683558541388357,21.69
60,61872.72,2.2,5935.94,36,9.98,610,3,0,4964.58,0,0.0959379190053387,29.94
28,46222.71,1.6,14462.29,24,9.28,659,4,1,3189.33,0,0.31288277991489466,18.56
22,22333.68,12.5,7641.86,60,9.57,654,2,0,1700.39,0,0.3421675245637978,47.85
50,46706.57,0.6,5188.09,24,4.94,850,2,0,3664.75,0,0.1110783771961846,9.88
39,17168.32,2.1,8081.23,36,6.45,760,4,0,1183.2,0,0.47070592812808704,19.35
24,19890.52,12.0,14673.14,48,9.92,600,6,0,1285.96,0,0.7376951432139531,39.68
43,23855.03,1.8,11920.98,60,6.41,755,1,0,1755.17,1,0.4997260535828293,32.05
39,66312.18,12.0,35765.44,36,6.61,795,5,0,4428.05,0,0.5393494830059878,19.830000000000002
24,74736.95,10.0,19088.04,60,7.75,714,6,0,5843.32,0,0.25540298339710144,38.75
48,29558.72,4.5,25698.69,36,8.09,670,3,1,1656.86,0,0.8694114630132833,24.27
18,15000.0,11.7,36142.98,48,7.59,679,2,0,374.58,0,2.409532,30.36
31,53678.21,6.6,9942.96,48,8.84,648,4,0,4226.51,0,0.1852327042947222,35.36
36,21236.23,4.6,49851.25,48,12.05,504,1,0,455.69,1,2.3474623320617645,48.2
34,40141.24,3.3,15152.62,48,8.27,640,2,0,2973.26,0,0.3774826089079461,33.08
20,36769.6,1.3,16429.71,60,8.41,704,5,0,2727.77,0,0.4468286301727514,42.05
49,17703.12,0.6,5890.78,24,5.31,850,1,1,1216.0,0,0.3327537744759116,10.62
48,35324.72,4.7,3089.59,36,7.37,739,4,0,2847.81,0,0.08746254747383701,22.11
30,15000.0,3.2,9019.21,36,6.94,755,4,0,971.76,0,0.6012806666666666,20.82
46,15000.0,7.6,22637.92,12,6.69,786,4,1,-705.55,1,1.5091946666666665,6.69
44,19122.0,1.2,19403.75,24,8.1,714,5,0,715.04,1,1.0147343374124045,16.2
46,22752.74,3.2,25335.5,48,13.79,401,4,0,1206.4,1,1.1135142404826845,55.16
33,107030.04,1.0,81179.14,24,4.81,820,4,1,5364.63,0,0.7584706125495235,9.62
42,59523.47,1.8,18547.93,36,8.78,722,3,0,4372.37,1,0.311607001406336,26.339999999999996
48,18385.5,6.1,5016.29,36,9.67,629,4,0,1371.04,0,0.27283946588344077,29.009999999999998
39,45890.34,2.8,10203.85,48,11.41,516,3,0,3558.44,1,0.2223528960561199,45.64
55,83892.68,3.4,13285.53,24,9.37,598,3,0,6381.85,0,0.15836339952424933,18.74
38,44643.07,4.9,4779.64,48,4.91,843,4,0,3610.38,0,0.10706342552158712,19.64
44,35979.4,1.9,15151.26,48,10.43,596,1,1,2610.87,0,0.4211093014335981,41.72
36,46255.43,5.6,5259.08,36,11.48,550,2,0,3681.25,0,0.11369648925542362,34.44
33,30642.2,12.7,12300.04,48,8.33,713,5,0,2251.33,0,0.4014085150544021,33.32
38,15000.0,2.0,9768.74,12,8.82,685,1,1,396.52,1,0.6512493333333333,8.82
40,15000.0,4.9,35429.61,36,9.96,572,1,1,107.45,1,2.361974,29.880000000000003
34,19361.79,8.4,4146.98,48,9.74,613,3,0,1508.82,0,0.21418370925415467,38.96
25,22901.5,2.8,20731.16,48,12.66,483,2,1,1355.78,0,0.9052315350522891,50.64
35,18351.84,3.3,23989.03,24,9.37,689,5,0,429.31,1,1.3071730137141562,18.74
46,15000.0,0.5,6608.18,24,7.8,770,1,0,951.73,0,0.44054533333333334,15.6
39,45642.48,1.2,5959.82,60,7.4,753,2,0,3684.4,0,0.13057616501119132,37.0
32,23953.07,0.1,48786.7,48,9.5,602,4,0,770.41,1,2.03676188480224,38.0
32,40678.7,2.8,6505.93,24,7.44,729,4,0,3097.31,0,0.15993456034730708,14.88
40,55908.74,0.1,10607.7,36,10.3,563,5,0,4315.28,1,0.18973241035301458,30.900000000000002
48,61514.23,1.0,13341.81,36,10.26,582,4,0,4694.05,0,0.21688981557600573,30.78
37,61546.67,7.7,23326.41,36,8.03,740,6,0,4397.6,0,0.3790036081562171,24.089999999999996
33,15000.0,3.3,7095.31,60,10.47,586,4,0,1097.6,1,0.4730206666666667,52.35
47,19739.38,2.3,17522.69,12,9.32,637,2,0,109.96,1,0.8877021466732996,9.32
45,71903.9,3.9,4091.34,24,12.07,535,2,0,5799.26,1,0.05690011251128243,24.14
34,31251.9,4.9,12930.16,12,7.19,736,4,0,1484.39,0,0.41373996461015167,7.19
28,52643.41,1.1,36042.22,48,11.85,484,3,0,3440.47,1,0.6846482779136078,47.4
29,21766.28,18.3,1015.43,36,10.04,565,1,0,1781.07,0,0.046651517852384514,30.119999999999997
39,87652.28,0.8,37502.17,24,8.2,667,2,0,5604.81,0,0.4278516200605392,16.4
41,110191.54,3.8,6824.17,36,9.58,646,1,0,8963.77,0,0.06193007194563213,28.740000000000002
40,24920.33,1.7,10974.09,36,11.14,553,3,0,1716.69,0,0.44036696143269366,33.42
30,82738.54,0.7,23668.21,48,9.55,607,5,1,6299.69,0,0.2860602809766767,38.2
39,15000.0,2.3,18388.62,60,9.11,668,4,0,867.3,1,1.225908,45.55
19,15000.0,9.7,4492.36,36,11.53,567,3,0,1101.8,0,0.2994906666666666,34.589999999999996
27,79074.21,5.5,28703.47,12,9.87,622,3,0,4067.76,0,0.3629940786003426,9.87
31,84611.57,4.2,78146.72,48,10.97,538,3,0,5032.36,1,0.9235937827415328,43.88
38,21548.59,5.7,10367.95,36,8.25,705,2,0,1469.62,0,0.4811428497177774,24.75
21,74614.42,15.1,19102.36,48,9.75,644,3,0,5735.67,1,0.25601432002017843,39.0
46,15000.0,7.6,23547.5,24,7.6,679,1,1,189.3,1,1.5698333333333334,15.2
23,117516.94,0.8,10223.26,48,8.05,710,1,1,9543.26,1,0.08699392615226366,32.2
24,105982.92,1.6,10745.65,24,7.73,697,2,0,8347.24,0,0.10139039384836726,15.46
43,15000.0,22.4,2754.98,24,13.0,466,3,0,1119.02,0,0.18366533333333335,26.0
34,21400.67,1.9,3803.67,36,4.77,846,0,0,1669.78,0,0.17773602415251488,14.309999999999999
45,22473.94,4.8,23147.44,48,7.76,699,5,1,1310.34,0,1.029968042986677,31.04
28,42646.52,4.8,4763.24,24,9.2,647,2,2,3335.83,0,0.1116911766774874,18.4
32,64892.78,0.9,5704.1,48,5.99,789,5,0,5273.8,0,0.08790037967243815,23.96
45,21614.53,16.7,20099.25,36,7.21,776,0,1,1178.67,0,0.9298953065368528,21.63
23,59712.53,4.3,7341.37,24,11.11,517,2,0,4633.5,1,0.1229452176955155,22.22
24,22521.42,0.6,11444.32,12,12.28,486,2,1,858.47,1,0.5081526830901426,12.28
26,25682.44,2.1,13776.75,48,5.23,850,3,2,1821.5,0,0.5364268348334504,20.92
51,57848.0,4.7,7668.39,48,7.26,748,4,1,4636.11,0,0.13256102198865993,29.04
44,41471.16,11.5,30542.98,48,12.67,454,4,0,2641.53,0,0.7364872359490305,50.68
34,24856.27,2.5,25534.59,12,9.11,663,2,0,-162.98,0,1.027289693908217,9.11
37,76019.65,2.7,16132.99,24,7.99,694,1,0,5605.39,0,0.2122213138313581,15.98
28,16740.05,6.1,7267.81,36,5.8,769,6,0,1174.56,0,0.43415700669950213,17.4
30,73383.27,3.0,25203.92,24,6.15,777,4,0,4996.51,1,0.3434559402981088,12.3
22,35611.41,4.0,7335.15,36,8.54,659,4,0,2735.93,0,0.2059775223727451,25.619999999999997
32,51495.0,0.7,75803.38,24,11.99,515,4,2,723.28,0,1.4720532090494223,23.98
38,33455.37,4.8,37402.68,48,8.21,698,2,1,1871.15,0,1.1179873365621125,32.84
40,92961.79,3.1,10887.87,12,10.42,580,4,0,6787.47,0,0.11712199173445349,10.42
18,99021.45,9.5,6912.18,48,7.57,683,3,0,8084.43,0,0.06980487561028444,30.28
43,27275.91,6.5,15258.94,48,9.08,683,2,0,1892.69,0,0.5594291812812112,36.32
35,20652.01,0.5,14906.85,36,6.06,786,2,0,1267.1,0,0.721811097321762,18.18
44,17808.58,2.9,5943.75,48,13.57,418,4,1,1322.91,0,0.3337576606332453,54.28
45,20268.05,12.4,3779.25,24,9.16,638,4,0,1516.07,1,0.18646342396037113,18.32
34,22286.15,15.9,7216.49,36,10.5,602,1,0,1622.63,0,0.3238105280633936,31.5
27,76037.81,5.0,11111.42,12,10.83,548,3,0,5355.32,0,0.1461301949648471,10.83
40,88377.3,1.1,28482.2,36,6.68,760,2,0,6489.49,0,0.32227958989469013,20.04
29,17167.54,5.4,14333.58,36,8.13,723,4,0,980.61,0,0.8349233495305676,24.39
29,58466.02,2.2,31491.48,60,10.24,603,2,1,4199.34,0,0.5386287624846022,51.2
33,111671.24,2.2,5452.26,48,8.57,630,2,1,9171.37,0,0.048824209348799205,34.28
26,15000.0,10.4,7818.53,36,6.05,754,1,1,1011.97,1,0.5212353333333333,18.15
44,38770.73,6.9,25555.92,48,7.56,733,3,0,2612.26,0,0.6591549862486468,30.24
42,38173.66,14.3,8954.52,36,6.74,740,2,0,2905.71,0,0.23457326334441078,20.22
28,100304.2,1.5,10849.61,48,7.32,717,2,0,8097.26,0,0.10816705581620711,29.28
29,27312.2,0.6,15563.26,48,7.2,752,4,0,1901.89,0,0.5698281354120137,28.8
20,80714.54,3.6,4464.45,48,8.66,687,3,0,6615.83,0,0.055311595655503955,34.64
47,37405.92,3.4,12319.0,36,9.26,624,2,1,2723.93,0,0.3293328970387575,27.78
51,15000.0,7.4,30348.46,48,11.52,525,6,0,457.94,1,2.0232306666666666,46.08
51,27237.38,0.1,100000.0,24,10.49,578,6,0,-2367.36,0,3.671425078329854,20.98
39,25682.97,0.4,16921.6,60,4.81,850,5,0,1822.39,0,0.658864609505832,24.049999999999997
22,15000.0,6.3,7306.58,36,6.28,817,2,0,1026.79,0,0.48710533333333333,18.84
23,32452.56,12.0,5471.19,12,12.2,500,1,0,2217.76,1,0.16859039779912585,12.2
41,43833.93,8.3,19563.53,36,9.19,635,0,0,3028.98,0,0.44631019851516845,27.57
27,32268.91,3.3,25232.33,48,5.73,808,3,0,2099.61,0,0.7819393341764566,22.92
24,15716.08,3.0,17147.16,48,5.96,799,2,0,907.29,1,1.0910583300670396,23.84
62,59568.54,0.7,10522.3,48,12.35,482,1,0,4685.14,0,0.1766418985592059,49.4
57,36428.51,2.2,17438.53,36,8.39,716,4,0,2486.11,0,0.47870555232700973,25.17
51,16447.79,7.2,9027.23,36,8.89,678,2,2,1084.05,0,0.5488415160942595,26.67
32,61910.48,7.5,18309.98,36,7.1,762,6,0,4593.01,0,0.2957492818663334,21.299999999999997
34,49493.53,7.9,5416.66,48,12.32,501,2,2,3980.97,1,0.10944177956189426,49.28
34,33510.97,4.7,7051.43,24,9.47,598,0,0,2468.92,1,0.21042154255755652,18.94
34,15000.0,14.4,15193.17,36,8.5,695,3,0,770.39,0,1.012878,25.5
40,49029.03,3.4,8578.98,12,8.94,629,1,0,3335.75,0,0.17497755921338848,8.94
33,27682.82,1.0,8896.47,48,7.66,738,4,0,2091.13,0,0.32137152212093995,30.64
48,34363.54,7.2,27572.6,24,8.16,664,3,0,1614.58,0,0.8023794987361604,16.32
29,44007.8,3.9,10185.09,48,13.45,434,3,0,3391.8,0,0.23143829048486858,53.8
29,59549.58,0.1,10241.46,48,7.24,737,2,2,4716.08,0,0.17198206939494787,28.96
41,15000.0,1.7,41927.15,12,9.44,638,2,2,-2425.15,0,2.7951433333333333,9.44
18,95240.12,5.3,14311.54,24,8.34,641,3,0,7287.18,0,0.15026797530284508,16.68
23,41631.54,2.1,28651.73,24,9.77,616,4,1,2150.2,0,0.6882217184375116,19.54
35,15000.0,2.5,11882.59,60,11.64,521,7,0,987.84,0,0.7921726666666666,58.2
26,45485.86,10.8,10223.98,24,11.4,539,4,1,3312.07,0,0.22477270958491274,22.8
45,75294.83,8.5,4330.89,36,8.11,662,1,1,6138.63,0,0.057519088627997435,24.33
51,60834.72,7.2,44797.16,36,9.04,662,1,0,3644.19,0,0.7363748859204087,27.119999999999997
29,35607.55,0.3,23340.08,24,9.31,644,2,0,1897.69,0,0.6554812111476358,18.62
49,114656.21,8.4,12445.29,36,10.63,588,6,0,9149.42,0,0.10854440418011375,31.89
35,25859.23,1.2,5530.59,24,8.54,684,3,0,1903.44,0,0.21387295754745986,17.08
50,30650.32,0.0,4985.32,24,7.31,734,2,0,2330.29,1,0.1626514829208961,14.62
23,69089.86,3.9,8703.32,48,8.73,669,5,1,5542.02,0,0.12597101803361593,34.92
46,46665.68,4.6,6515.24,60,10.26,574,4,0,3749.54,0,0.13961523757930883,51.3
33,42965.87,9.9,3069.48,24,10.84,569,4,1,3437.66,0,0.07143995920482932,21.68
41,20476.49,26.5,1580.97,48,9.09,629,2,0,1666.96,0,0.07720903338413956,36.36
43,34597.84,5.3,3313.67,36,11.51,557,2,0,2773.87,1,0.09577678837754035,34.53
30,33313.92,1.1,5355.29,48,9.2,629,5,0,2642.38,0,0.16075232215242158,36.8
41,29654.14,3.1,23452.64,48,8.08,696,4,1,1897.75,0,0.7908723706032278,32.32
36,22190.97,2.7,17219.88,24,8.43,679,4,0,1067.06,1,0.7759859077814084,16.86
36,22387.59,5.3,5554.78,24,8.24,679,2,0,1613.8,0,0.24811871219724854,16.48
32,61980.04,0.2,3814.49,12,12.63,456,3,0,4824.97,0,0.06154384540571448,12.63
44,42357.85,2.4,3027.94,48,10.86,560,1,0,3451.77,0,0.07148474249755359,43.44
49,75122.11,4.7,18812.58,48,5.77,850,5,1,5820.34,0,0.25042667198778096,23.08
59,45848.67,13.1,8711.17,36,9.78,607,3,0,3540.54,0,0.18999831401870546,29.339999999999996
42,21449.05,6.4,12140.72,48,9.74,587,4,1,1481.01,1,0.5660260011515661,38.96
24,27349.8,2.7,17122.16,60,8.42,713,4,0,1928.52,0,0.6260433348689936,42.1
41,24731.59,5.1,21716.46,12,6.35,767,0,0,188.41,1,0.8780858812555117,6.35
51,17554.23,1.4,10828.38,48,7.66,710,3,0,1200.23,0,0.6168530320042519,30.64
33,65297.1,5.0,8342.74,36,11.54,534,3,0,5166.16,0,0.12776585790180575,34.62
22,15156.55,12.7,34274.76,36,8.37,641,5,0,183.14,1,2.2613827025279503,25.11
35,20856.21,3.2,68723.55,48,9.5,668,4,0,11.47,1,3.295112103301607,38.0
33,55007.22,12.6,39387.72,12,6.75,743,6,0,1180.38,0,0.7160463662770087,6.75
27,61693.83,3.5,14518.57,36,6.61,811,2,0,4695.45,0,0.2353326094359841,19.830000000000002
30,49670.7,5.2,25071.17,36,5.95,789,3,1,3377.08,0,0.5047476681423857,17.85
25,53479.85,3.3,22302.75,12,9.32,658,4,0,2502.93,0,0.41703090042324353,9.32
30,15000.0,9.0,32346.81,48,7.05,799,4,1,474.66,0,2.156454,28.2
18,36636.6,1.1,10670.31,48,6.18,765,4,0,2801.58,0,0.2912472773128511,24.72
23,18674.73,2.8,15436.66,36,6.33,745,5,0,1084.3,1,0.8266068639278854,18.990000000000002
23,25391.29,1.0,22397.25,48,8.47,680,1,0,1564.2,1,0.8820839744652595,33.88
27,30278.56,0.4,7854.29,36,7.45,726,4,0,2279.08,0,0.2594010415290555,22.35
46,46631.66,6.0,8840.68,60,10.62,573,0,0,3695.43,0,0.18958535895998554,53.099999999999994
30,134874.11,2.5,12384.97,36,10.12,561,3,0,10839.18,1,0.09182614810210796,30.36
29,15000.0,5.5,15257.18,36,8.25,698,4,0,770.13,0,1.0171453333333333,24.75
45,23847.13,5.7,14911.96,24,10.91,546,6,0,1292.87,0,0.6253146605063167,21.82
42,68605.94,4.6,10526.14,48,8.38,681,3,0,5458.31,0,0.15342898880184425,33.52
24,55676.2,9.5,31209.56,36,5.36,790,2,2,3699.25,0,0.5605547792413994,16.080000000000002
52,43372.4,0.2,13118.6,36,6.82,774,3,0,3210.38,0,0.30246423993138494,20.46
24,57500.81,3.0,3995.35,48,9.12,642,3,0,4692.08,0,0.06948336901688863,36.48
49,86747.71,14.7,6768.16,48,7.89,734,1,0,7064.09,0,0.07802119502635861,31.56
43,32142.87,10.8,6050.14,24,7.41,775,5,0,2406.57,1,0.1882265024871768,14.82
25,48186.51,2.7,16968.98,36,6.53,758,4,0,3495.23,0,0.3521520857185963,19.59
46,107726.22,2.5,16055.74,48,4.72,821,0,0,8609.47,0,0.14904208093442803,18.88
53,51167.91,10.1,16291.59,12,9.69,647,3,0,2834.05,0,0.31839467353659745,9.69
45,45926.38,3.4,3894.8,24,9.11,640,5,1,3649.07,0,0.0848052905541434,18.22
48,62634.9,2.9,7676.73,60,11.7,532,4,1,5049.97,0,0.12256313971923001,58.5
45,98349.77,1.5,51767.09,48,7.76,672,6,0,6937.85,0,0.5263570011399111,31.04
30,97223.26,1.0,14917.97,48,8.58,674,3,0,7733.67,0,0.15344033927683562,34.32
33,94440.96,2.1,24765.5,60,8.23,648,3,0,7365.19,0,0.2622326160174568,41.150000000000006
34,23667.93,8.0,12465.94,36,9.59,631,5,1,1572.48,0,0.5267017436674859,28.77
49,39954.59,16.7,12899.43,12,8.1,702,1,0,2206.85,0,0.3228522680372894,8.1
21,139866.24,1.2,8165.99,48,12.42,511,6,0,11438.79,1,0.0583842820111558,49.68
35,29286.94,7.1,7319.49,60,13.65,409,4,0,2271.59,0,0.24992334467172056,68.25
33,75298.31,0.8,13355.87,24,7.83,704,1,1,5671.84,0,0.17737277237696306,15.66
32,15013.21,10.0,10053.7,36,10.03,623,5,0,926.55,0,0.6696569221372379,30.089999999999996
40,144050.02,2.5,10120.81,12,13.36,480,2,1,11098.5,0,0.0702589975343287,13.36
31,30281.2,5.3,5630.01,36,10.68,572,6,0,2339.97,0,0.18592426984399563,32.04
39,62007.14,20.9,4838.84,48,9.75,632,1,0,5045.12,0,0.07803681963077155,39.0
25,37400.05,1.3,18188.41,24,6.95,710,2,0,2302.74,0,0.4863204728335924,13.9
37,95625.51,1.8,16154.44,12,8.0,725,2,0,6563.54,0,0.16893441927786845,8.0
33,15000.0,0.5,26528.08,48,8.04,699,5,0,601.87,1,1.7685386666666667,32.16
33,15910.6,0.5,5863.31,36,11.02,616,2,0,1133.87,0,0.36851595791484926,33.06
35,33657.5,7.4,13016.68,48,11.9,542,2,0,2462.65,1,0.38673935972665824,47.6
36,40817.95,1.0,72781.23,36,14.29,401,4,1,903.74,0,1.783069213422036,42.87
38,56426.31,2.3,6342.78,36,9.79,581,8,1,4498.15,1,0.11240820106790608,29.369999999999997
39,38109.25,8.0,9667.3,24,8.72,661,3,0,2735.36,0,0.25367332078169996,17.44
31,53888.46,5.0,7587.3,12,11.69,520,0,1,3817.68,0,0.14079637829694894,11.69
40,15000.0,22.6,13146.82,36,10.74,556,3,0,821.21,0,0.8764546666666666,32.22
50,75322.44,26.0,32935.57,36,7.12,714,3,0,5258.11,0,0.43726106058168057,21.36
39,26769.07,2.9,10588.37,48,8.78,696,3,0,1968.37,1,0.3955449330141092,35.12
35,49582.87,0.8,17469.06,36,11.1,550,5,0,3559.16,0,0.3523204687425314,33.3
32,33200.16,1.5,21909.55,12,8.71,619,4,0,853.6,0,0.6599230244673518,8.71
27,15000.0,1.8,12388.11,48,8.18,690,1,0,946.52,1,0.825874,32.72
34,41588.09,3.9,15394.27,60,11.01,569,5,0,3130.89,0,0.3701605435594662,55.05
26,25126.65,13.6,10875.03,12,8.09,691,5,1,1147.43,0,0.4328085916745766,8.09
52,25802.03,2.2,16201.58,60,9.46,638,1,1,1810.22,0,0.6279188110392865,47.300000000000004
23,59567.68,5.9,70439.91,48,6.65,749,5,0,3288.62,0,1.1825189431584378,26.6
37,30407.72,10.8,32633.32,12,7.29,700,4,0,-294.04,1,1.0731919394153853,7.29
18,62845.06,1.1,35080.06,12,7.43,715,0,0,2194.77,0,0.5581991647394401,7.43
25,16343.66,8.8,11782.85,24,7.73,706,2,0,830.51,0,0.7209431669528124,15.46
39,55534.32,4.4,1859.87,48,11.22,570,0,0,4579.59,0,0.03349046139396323,44.88
58,15000.0,1.8,12541.3,48,10.81,580,2,0,927.02,1,0.8360866666666666,43.24
38,15000.0,1.4,24049.66,24,8.79,675,3,1,153.61,1,1.6033106666666666,17.58
42,15000.0,1.9,17163.33,24,9.37,656,4,0,462.98,1,1.144222,18.74
30,32846.61,3.2,15161.99,24,11.97,516,2,1,2023.7,0,0.4615998424190502,23.94
45,17159.14,2.7,2080.76,36,9.75,618,7,4,1363.03,0,0.12126248751394303,29.25
47,61653.21,12.3,17820.85,48,7.94,675,1,0,4703.21,1,0.28904983211741936,31.76
49,68611.97,6.6,16388.18,60,11.02,579,3,0,5361.18,1,0.23885307476231918,55.099999999999994
27,54095.3,12.3,69103.56,36,7.57,713,3,0,2356.17,0,1.2774411085621116,22.71
41,36154.84,5.9,11312.12,48,10.93,557,1,0,2720.92,0,0.31287982466524544,43.72
31,20259.46,1.0,5941.68,60,9.92,588,9,0,1562.28,0,0.2932792877993787,49.6
32,15969.86,1.8,7457.55,24,7.7,749,5,0,994.56,0,0.4669765420611076,15.4
40,15000.0,1.7,9059.56,48,11.3,531,2,0,1014.53,0,0.6039706666666667,45.2
32,33640.25,4.3,8342.51,60,11.11,555,1,0,2621.51,1,0.2479919144477226,55.55
42,21011.59,10.0,12007.47,36,6.53,814,1,0,1382.79,0,0.5714688893129934,19.59
18,81170.75,1.2,2881.64,60,8.15,704,7,1,6705.59,0,0.035500965557174226,40.75
34,33975.49,15.8,11761.63,12,5.52,825,2,0,1821.6,0,0.3461798490617795,5.52
26,19598.2,4.7,25948.11,36,10.09,601,4,1,794.81,0,1.324004755538774,30.27
28,55819.25,0.8,24119.02,24,8.6,684,1,0,3554.15,0,0.43209143798958244,17.2
26,66807.61,2.0,100000.0,48,10.79,580,4,0,2992.94,0,1.4968354653010338,43.16
48,41996.4,12.8,2214.1,24,8.52,665,5,1,3399.04,1,0.052721185625434555,17.04
50,17237.67,0.1,12051.81,48,12.23,488,3,0,1117.74,1,0.6991553962919583,48.92
55,33071.49,4.5,16468.18,48,8.39,741,3,0,2350.9,1,0.497957001634943,33.56
42,38851.47,4.3,28964.89,24,10.43,539,2,0,1895.28,1,0.7455288049589887,20.86
40,22000.55,0.5,22118.93,60,12.07,506,4,1,1340.57,0,1.0053807745715448,60.35
24,15000.0,3.1,22179.21,24,7.34,701,2,1,253.56,0,1.4786139999999999,14.68
32,57063.43,3.0,23208.84,36,7.13,730,1,0,4037.28,0,0.40672003067463697,21.39
26,35200.61,12.8,5849.21,36,10.8,519,5,2,2742.44,1,0.1661678590228976,32.400000000000006
26,15000.0,8.6,9157.5,48,9.85,658,2,0,1018.4,0,0.6105,39.4
24,41591.83,3.3,11605.3,12,12.05,512,2,0,2434.6,0,0.27902835725189296,12.05
36,33173.01,1.6,9396.62,12,12.35,454,5,0,1928.0,0,0.2832610004337864,12.35
46,50411.09,6.0,15563.97,24,10.5,607,4,1,3479.13,0,0.3087409933012756,21.0
33,105912.73,5.2,4316.11,24,7.6,683,1,0,8631.64,0,0.0407515697121583,15.2
46,49874.01,0.5,6425.79,36,6.42,770,2,0,3959.46,0,0.12884045217138143,19.259999999999998
42,15000.0,6.5,26598.07,36,9.22,652,5,0,401.46,0,1.7732046666666665,27.660000000000004
31,30392.1,0.7,13650.4,24,8.13,684,2,2,1914.49,0,0.449143033880515,16.26
43,26843.1,26.7,13696.98,48,11.36,540,2,0,1880.52,1,0.5102607373962024,45.44
38,68178.23,2.7,3244.96,36,10.94,560,3,0,5575.38,0,0.04759525144609944,32.82
39,36664.24,10.6,2312.18,24,9.64,584,5,0,2949.04,0,0.06306362821103069,19.28
31,42702.94,5.7,25056.59,36,7.03,746,4,1,2784.56,0,0.5867649862046969,21.09
18,37317.82,7.3,10722.5,36,7.12,733,3,1,2778.15,0,0.28732921697998437,21.36
38,29711.98,1.2,14178.42,24,13.05,451,3,0,1801.6,0,0.47719539391181603,26.1
44,22475.23,1.5,16444.34,48,8.77,667,4,0,1465.51,0,0.73166503746569,35.08
51,44517.58,0.8,17436.8,36,12.77,472,5,0,3124.21,1,0.3916834652737188,38.31
40,24727.27,0.2,3996.84,60,9.61,619,2,0,1976.45,0,0.1616369295923084,48.05
39,35171.89,2.1,8284.14,48,13.3,475,1,0,2707.51,0,0.2355329781822927,53.2
42,144171.62,3.0,38628.39,36,9.58,627,3,0,10775.48,0,0.26793338383795645,28.740000000000002
24,69487.33,4.0,11044.73,48,5.32,832,1,0,5534.65,0,0.15894595460784,21.28
21,15000.0,1.1,5834.87,24,7.03,752,3,0,988.68,1,0.3889913333333333,14.06
40,124623.36,0.6,18832.01,48,12.33,457,4,1,9886.3,0,0.15111139677184116,49.32
18,46608.3,6.5,32149.6,36,10.02,609,3,1,2846.35,0,0.6897827211033227,30.06
45,15000.0,7.3,25208.46,48,10.1,576,1,1,609.44,0,1.680564,40.4
34,40229.86,0.5,13108.63,12,8.58,627,3,2,2208.67,0,0.3258432915252501,8.58
39,63307.69,5.2,17148.29,48,7.17,739,3,0,4863.65,0,0.27087214839145135,28.68
29,123462.77,0.8,6054.7,24,6.71,753,3,0,10018.27,1,0.04904069461587489,13.42
38,130138.07,14.7,12211.24,12,8.73,653,2,0,9778.48,0,0.09383295756576072,8.73
38,90616.93,2.2,14780.4,36,9.83,618,6,0,7075.67,0,0.16310859350454712,29.490000000000002
19,22379.64,4.2,4908.99,24,10.73,567,4,0,1636.79,0,0.2193507134163016,21.46
18,52836.01,5.6,5386.28,36,7.51,718,3,0,4235.43,0,0.10194335264907399,22.53
45,15000.0,13.5,17694.84,48,8.52,660,4,0,813.69,0,1.179656,34.08
34,45746.76,1.3,17933.97,24,8.12,664,4,0,3000.14,0,0.3920271074935143,16.24
31,18142.1,6.0,2940.4,36,10.28,602,4,1,1416.58,0,0.1620760551424587,30.839999999999996
27,80380.41,3.1,8872.26,36,9.14,667,1,0,6415.65,0,0.1103783869726467,27.42
34,70600.34,0.1,11591.1,36,8.81,634,3,0,5515.79,0,0.1641790960213506,26.43
28,15945.51,2.7,38674.24,60,11.23,539,2,0,483.48,1,2.4254000028848246,56.150000000000006
35,37803.72,0.7,12070.97,48,10.24,559,1,1,2842.77,0,0.3193064068827089,40.96
23,15277.44,0.3,10281.69,60,4.95,850,2,0,1079.33,0,0.6729982248334799,24.75
43,15000.0,7.8,21162.06,36,8.41,697,4,0,582.85,0,1.4108040000000002,25.23
37,84355.96,1.1,13349.66,36,9.16,633,3,0,6604.15,1,0.1582539040513557,27.48
52,26285.65,1.4,20196.57,48,6.45,815,5,0,1711.98,0,0.7683496508551243,25.8
43,93833.26,1.6,18481.98,12,9.1,702,4,0,6202.3,0,0.1969661930108791,9.1
41,31497.93,16.0,17482.17,36,12.13,556,0,1,2043.08,1,0.5550259969464659,36.39
26,17682.89,7.2,16007.24,48,12.27,472,1,0,1049.92,0,0.9052389060837907,49.08
28,38968.74,3.1,21978.99,60,8.37,679,2,1,2797.84,0,0.564015926611946,41.849999999999994
27,62801.0,1.1,1881.13,60,10.01,605,1,0,5193.44,0,0.029953822391363197,50.05
43,41645.49,20.0,15277.94,48,10.29,581,7,1,3080.84,1,0.3668570114074778,41.16
18,23638.62,2.2,21513.82,36,5.21,850,4,0,1323.07,0,0.9101131961172014,15.629999999999999
29,18440.6,2.7,16888.23,12,11.79,511,5,1,37.88,1,0.9158178150385563,11.79
28,85334.45,0.3,12794.68,48,7.03,698,6,1,6804.64,0,0.14993569420087668,28.12
41,24899.99,1.7,6726.18,48,12.3,471,3,0,1896.88,0,0.2701278193284415,49.2
29,31506.63,2.4,14745.08,48,8.07,662,4,0,2265.1,0,0.4679992750732147,32.28
21,24386.05,1.7,15640.57,24,10.49,544,3,0,1306.9,1,0.6413736541998397,20.98
36,45995.63,9.1,19394.95,24,5.82,814,4,0,2974.95,0,0.42166940641969686,11.64
23,53940.68,0.6,9012.3,12,5.99,808,3,0,3719.44,0,0.1670779827024798,5.99
52,52158.75,1.8,17321.75,48,10.42,572,3,0,3903.74,0,0.33209672394372947,41.68
37,44961.41,3.7,6880.32,36,9.44,616,1,1,3526.58,0,0.15302722935068094,28.32
32,93753.57,1.6,10103.99,48,11.18,547,2,0,7550.77,0,0.1077717893835936,44.72
24,19994.23,2.5,53892.78,48,10.42,600,1,0,288.43,0,2.6954166276970906,41.68
21,39661.91,3.1,11814.52,36,8.13,697,4,0,2934.23,0,0.297880762676331,24.39
28,15000.0,3.7,2651.61,48,7.03,752,2,0,1186.47,0,0.17677400000000001,28.12
29,41394.59,10.0,23422.62,36,4.98,850,2,0,2747.76,1,0.5658377097103752,14.940000000000001
47,22180.03,6.0,15885.92,60,9.13,651,0,1,1517.57,0,0.7162262629942341,45.650000000000006
31,61565.69,5.4,41064.34,36,9.86,660,2,0,3808.14,0,0.667000402334482,29.58
29,40360.52,10.2,31663.85,24,9.28,625,6,0,1912.75,0,0.7845253232614446,18.56
42,15000.0,1.4,4074.64,48,9.29,669,5,0,1148.04,0,0.27164266666666664,37.16
43,57292.88,7.4,42795.67,48,8.68,692,5,1,3715.93,0,0.7469631479513685,34.72
26,113434.7,0.3,32105.4,36,9.42,607,1,0,8425.66,0,0.28302979599716843,28.259999999999998
41,62918.07,12.0,10068.66,36,8.85,638,3,0,4923.69,1,0.1600281127504388,26.549999999999997
45,37296.66,11.1,8160.44,48,6.18,774,3,0,2915.73,0,0.21879814439148168,24.72
37,19015.07,1.4,19280.19,24,12.58,470,4,0,671.77,1,1.013942625507032,25.16
38,15000.0,2.6,29742.06,48,6.64,756,5,0,542.75,0,1.982804,26.56
21,15000.0,0.3,6612.36,48,6.91,721,2,0,1091.93,0,0.440824,27.64
38,106397.96,18.3,7571.35,24,7.18,775,0,0,8526.89,0,0.07116066886996705,14.36
49,21144.36,2.2,19230.28,24,13.82,401,2,0,840.36,1,0.9094756237597165,27.64
37,15000.0,0.5,20550.52,48,7.86,773,2,0,749.65,0,1.3700346666666667,31.44
38,54813.76,5.4,12631.19,12,12.0,522,3,1,3445.55,0,0.23043830600199658,12.0
34,43252.39,1.7,4480.62,48,6.81,782,3,0,3497.47,0,0.10359242575959386,27.24
36,51821.11,4.0,20612.03,24,5.15,850,3,0,3412.76,0,0.3977535409797281,10.3
19,60133.35,3.2,16277.36,48,10.43,533,3,0,4594.91,1,0.2706877298537334,41.72
38,15584.97,6.6,25451.64,24,12.85,441,0,0,90.52,0,1.6330888028658381,25.7
47,15000.0,1.1,24373.0,48,7.14,746,3,0,664.77,1,1.6248666666666667,28.56
34,50268.16,0.5,4087.28,60,5.98,812,1,0,4110.03,0,0.08130952077816256,29.900000000000002
25,67447.83,8.5,10403.8,36,6.24,784,3,0,5303.02,1,0.15424958816317735,18.72
27,23690.88,6.1,10717.63,24,8.73,663,4,0,1485.93,0,0.4523947611908042,17.46
31,20253.12,2.0,16469.74,48,7.74,689,2,0,1287.69,0,0.8131952015294435,30.96
24,29292.96,4.7,7267.08,36,6.74,756,2,0,2217.56,0,0.24808281580284136,20.22
18,25832.62,0.8,3940.21,24,12.54,447,1,0,1966.24,0,0.1525284698183924,25.08
51,63066.77,6.1,69478.81,24,10.68,582,1,0,2027.62,1,1.1016706579391968,21.36
45,23184.1,0.7,11711.42,48,10.16,615,0,0,1634.08,0,0.5051487873154447,40.64
18,19253.43,0.1,13109.52,24,3.84,850,5,0,1036.11,0,0.6808927032741698,7.68
18,30234.94,4.6,13048.43,48,11.65,512,6,0,2178.2,0,0.43156791447246134,46.6
45,126523.1,0.6,15029.65,60,11.16,537,1,0,10215.61,1,0.1187897704055623,55.8
23,28954.65,7.2,23297.54,24,6.74,787,4,0,1372.54,0,0.8046217101570905,13.48
21,71535.5,5.6,28541.75,36,9.5,632,3,0,5047.02,0,0.39898721613744226,28.5
44,22271.62,3.7,6230.03,12,10.3,579,2,0,1307.38,1,0.2797295392072961,10.3
36,21199.4,5.0,11889.19,48,10.73,598,7,1,1460.89,0,0.5608267215109861,42.92
28,16377.76,2.1,8766.96,48,5.33,819,3,2,1161.6,0,0.5352966461836051,21.32
45,68297.47,0.5,7215.27,36,8.0,680,1,0,5465.36,0,0.10564476253659177,24.0
18,43348.39,1.5,5809.32,36,9.39,657,6,0,3426.58,1,0.134014665827266,28.17
52,32442.05,5.5,9315.58,48,10.47,630,3,2,2465.13,0,0.2871452328074212,41.88
25,23021.33,1.8,5688.18,36,9.03,645,3,0,1737.48,0,0.24708303125840253,27.089999999999996
32,31076.42,8.4,3722.46,12,6.88,778,4,0,2267.81,0,0.11978406779159248,6.88
37,45892.75,3.1,23011.87,36,9.88,600,4,0,3083.16,0,0.5014271317364943,29.64
36,19224.55,0.0,2861.33,48,8.58,673,3,0,1531.41,0,0.14883729398087342,34.32
38,30776.35,0.9,18186.97,12,10.16,643,4,0,964.42,0,0.5909397963046301,10.16
40,27273.96,0.3,13511.98,48,10.2,594,3,0,1928.83,0,0.4954168738239698,40.8
59,34483.88,0.2,7750.09,48,10.85,568,1,0,2673.92,0,0.22474530128280232,43.4
34,98061.01,0.0,3281.92,36,8.12,700,3,1,8068.73,1,0.03346814396466037,24.36
49,23263.02,8.7,11086.0,36,13.36,439,5,0,1563.13,0,0.4765503361128521,40.08
20,15000.0,11.4,9208.33,24,12.09,503,2,0,816.14,0,0.6138886666666666,24.18
28,75671.44,6.9,8148.49,48,8.56,684,1,1,6104.88,0,0.1076825021434771,34.24
18,69346.34,1.3,13181.25,60,11.88,502,3,0,5486.45,0,0.1900785246921467,59.400000000000006
36,38313.69,0.6,9796.68,12,12.62,490,2,0,2319.54,0,0.25569659304546233,12.62
30,258063.53,1.5,9298.74,24,11.12,569,7,0,21071.38,0,0.03603275519016577,22.24
21,36300.04,4.6,24689.5,36,8.7,665,3,0,2243.33,0,0.6801507656740874,26.099999999999998
48,63239.0,2.6,6766.13,48,7.45,712,0,0,5106.48,0,0.10699299482914025,29.8
43,36801.7,2.9,23418.25,12,14.94,387,2,0,953.78,1,0.636336093169609,14.94
35,15000.0,1.0,13759.28,48,10.08,660,5,1,900.5,0,0.9172853333333334,40.32
50,39106.32,7.6,18954.46,48,9.81,613,0,0,2779.85,0,0.48469045412608497,39.24
34,70184.27,0.5,11949.23,24,12.05,492,5,0,5285.92,0,0.17025510132113647,24.1
34,22826.17,1.5,8701.11,36,11.02,524,2,0,1617.24,1,0.3811900989084021,33.06
46,44275.71,5.7,11116.96,36,5.77,815,2,0,3352.6,0,0.2510848499098038,17.31
43,19557.69,10.1,7577.51,24,13.04,468,2,0,1269.42,1,0.38744401818415164,26.08
38,95779.74,4.5,7648.1,48,12.4,477,2,1,7778.74,1,0.07985091627937181,49.6
43,46321.96,15.8,13786.2,36,10.12,598,3,0,3414.54,0,0.2976169402158285,30.36
29,49965.42,0.3,12539.22,48,8.09,656,1,0,3857.14,0,0.25095796252688357,32.36
47,24818.36,7.5,9436.13,36,12.61,503,3,0,1752.03,0,0.38020763660451373,37.83
38,100730.77,0.3,4957.57,36,6.98,739,4,0,8241.2,1,0.049216043915875946,20.94
62,110040.34,3.9,18991.83,24,8.24,645,2,0,8309.0,0,0.17258970664758036,16.48
44,27522.01,7.0,22675.82,36,12.44,459,3,0,1535.56,0,0.8239158404491532,37.32
41,63980.78,2.0,3390.85,36,8.13,691,4,0,5225.27,0,0.0529979471960173,24.39
20,15683.86,8.8,8326.0,24,9.12,625,5,0,926.16,1,0.5308642132740282,18.24
46,15000.0,3.3,11352.37,24,9.02,667,4,1,731.27,0,0.7568246666666667,18.04
30,21448.24,5.3,7664.27,48,12.21,533,6,0,1584.73,0,0.3573379447451166,48.84
23,15891.85,3.0,35687.76,60,9.93,595,3,0,567.29,1,2.2456642870402126,49.65
23,21329.91,2.1,8972.3,48,8.06,666,4,0,1558.2,0,0.42064406272694066,32.24
19,21405.71,3.9,14929.47,60,11.53,542,5,0,1455.25,0,0.6974526890254983,57.65
40,72545.43,5.4,15028.02,36,6.94,735,1,0,5581.84,0,0.2071532279841749,20.82
41,93114.2,9.3,6734.88,48,9.12,623,4,0,7591.54,0,0.07232924731136604,36.48
28,128591.71,12.0,4726.91,48,8.28,721,3,0,10599.96,0,0.036759057018527865,33.12
55,74756.48,1.4,4999.41,12,7.64,718,6,1,5795.65,0,0.06687594172438296,7.64
55,31602.09,11.4,32602.18,36,7.73,666,2,0,1615.93,0,1.0316463246576413,23.19
35,15000.0,0.3,7636.0,12,8.36,709,4,0,584.48,1,0.5090666666666667,8.36
44,47303.88,1.2,11190.92,36,10.48,577,6,0,3578.36,0,0.2365750970110697,31.44
41,42319.29,1.0,23290.93,36,9.9,612,6,1,2776.17,1,0.5503620216690781,29.700000000000003
41,56545.9,1.8,8034.93,48,9.48,641,5,0,4510.37,0,0.1420957133938977,37.92
40,64570.28,4.9,36446.85,12,13.57,457,1,0,2115.77,0,0.5644524075162752,13.57
53,68314.32,0.2,42224.88,36,9.99,551,5,0,4330.58,1,0.6180970549073751,29.97
27,20387.68,2.1,85312.41,36,11.48,558,4,0,-1113.48,1,4.184507996986415,34.44
22,71481.97,0.9,6601.15,24,9.61,620,2,0,5653.41,0,0.09234706318250602,19.22
42,50576.92,5.3,5929.11,48,11.1,545,1,1,4061.21,0,0.11722955846263473,44.4
52,31711.08,3.6,11588.3,60,6.81,742,4,3,2414.17,1,0.36543378528892734,34.05
34,15000.0,3.2,10407.79,48,8.75,670,3,0,992.24,0,0.6938526666666667,35.0
43,15000.0,0.9,7563.7,12,9.52,619,3,0,586.72,0,0.5042466666666666,9.52
34,47079.66,1.8,12606.44,24,6.09,808,0,0,3364.07,0,0.2677682888958841,12.18
47,28701.22,3.3,1691.18,48,7.89,689,2,0,2350.57,0,0.05892362763673461,31.56
37,24415.25,3.2,22956.16,36,8.22,723,4,0,1312.91,0,0.9402385803954496,24.660000000000004
18,23669.41,12.8,6940.07,36,11.49,566,2,1,1743.63,0,0.293208406969164,34.47
44,28489.05,6.8,10721.32,12,10.62,561,4,1,1428.42,0,0.376331257097025,10.62
39,90723.79,6.7,6471.15,12,6.61,729,3,0,7001.55,0,0.0713280386544698,6.61
33,98781.32,1.1,40927.33,48,9.05,632,4,0,7212.33,0,0.4143225662503801,36.2
31,40260.38,6.8,8804.97,36,12.43,488,4,0,3060.77,1,0.21870061832501334,37.29
38,29425.73,17.8,6627.41,48,8.46,681,3,1,2288.92,0,0.22522499866613335,33.84
43,33554.06,2.5,5137.53,60,7.95,759,3,0,2692.12,0,0.15311202280737413,39.75
48,16173.88,0.0,11414.32,24,10.12,624,2,0,820.48,1,0.7057255278263472,20.24
36,19618.5,0.6,22686.12,12,8.08,701,6,1,-339.39,0,1.1563636363636363,8.08
38,20821.44,4.7,12651.32,48,10.35,621,2,1,1412.12,0,0.6076102325295465,41.4
52,41674.57,0.5,11561.98,36,12.58,463,2,0,3085.65,0,0.2774348961488985,37.74
31,39296.06,0.1,25156.13,36,8.77,659,4,0,2477.4,0,0.6401692688783558,26.31
23,41310.98,11.1,15582.98,36,8.04,697,5,0,2953.98,0,0.37721157910076203,24.119999999999997
18,25049.11,21.3,5599.56,24,11.92,559,4,0,1824.04,1,0.22354327159727433,23.84
43,66991.99,1.4,3821.61,12,9.18,633,2,0,5248.14,0,0.05704577517401707,9.18
19,47143.71,2.0,5756.6,12,11.6,529,2,0,3418.25,0,0.12210748793423344,11.6
26,38106.24,3.5,9978.97,12,9.06,680,2,0,2302.57,0,0.26187233377000724,9.06
36,37341.46,1.7,18826.44,48,7.96,703,1,0,2652.53,0,0.5041698958744516,31.84
28,16928.02,3.0,10982.28,24,10.74,557,4,0,900.13,0,0.6487634111963478,21.48
29,73043.7,11.0,12615.24,24,8.86,622,3,1,5511.46,0,0.17270811856464008,17.72
31,145987.15,2.0,7317.37,24,10.91,576,7,0,11824.86,0,0.050123384147166376,21.82
28,23738.98,6.4,11257.92,36,10.87,557,2,0,1610.37,1,0.47423773051748647,32.61
47,41489.6,1.5,2697.43,36,5.83,766,3,0,3375.61,0,0.06501460606995488,17.490000000000002
37,34255.84,0.4,100000.0,12,8.63,658,1,0,-5873.35,1,2.919210271883568,8.63
56,37436.31,1.7,11838.52,36,9.86,619,2,1,2738.47,0,0.3162309533177816,29.58
31,67662.77,6.5,4102.36,48,9.27,612,1,0,5535.95,0,0.06062950127522121,37.08
42,35890.9,15.2,28236.3,48,6.41,812,3,0,2322.46,0,0.7867258831625843,25.64
25,36775.27,3.0,22787.56,36,11.12,538,2,0,2317.27,1,0.6196435811348224,33.36
21,81655.44,14.3,18808.74,48,10.78,566,3,1,6320.51,0,0.23034276711998614,43.12
32,58935.19,5.4,13386.82,12,11.69,553,1,0,3723.8,0,0.22714476698895852,11.69
42,67154.4,10.5,5786.78,48,7.88,677,2,0,5455.25,0,0.08617127098149935,31.52
48,15000.0,1.0,7003.02,36,10.7,574,2,0,1021.72,1,0.466868,32.099999999999994
33,95620.28,2.5,36355.18,48,10.28,594,2,1,7041.4,1,0.38020365554252716,41.12
35,22836.51,0.7,9819.19,48,9.78,605,4,0,1655.04,0,0.42997769799325736,39.12
28,21084.94,1.0,62732.44,24,7.7,718,1,0,-1071.56,0,2.9752249709982577,15.4
54,20278.72,3.1,51229.42,24,8.65,690,2,0,-642.29,0,2.5262649713591387,17.3
29,45884.76,3.6,17925.39,36,11.41,519,3,0,3233.39,0,0.39066108224168544,34.230000000000004
35,47520.29,0.1,3964.34,48,8.39,672,3,0,3862.52,0,0.08342415418761123,33.56
22,163422.54,19.0,18851.03,48,5.48,850,1,0,13180.31,0,0.11535146865297773,21.92
51,76310.06,8.5,47594.83,60,10.68,580,2,0,5331.92,0,0.6237032181602269,53.4
40,66399.2,11.4,12708.37,48,8.35,684,5,0,5220.93,0,0.19139342040265547,33.4
28,19240.11,8.5,21172.93,36,11.26,518,5,0,907.56,0,1.1004578456152279,33.78
30,129676.1,3.2,24524.89,12,7.69,728,4,0,8676.47,0,0.18912421024383058,7.69
38,17636.42,12.4,11460.52,36,10.25,607,2,0,1098.56,0,0.6498212222208363,30.75
30,28474.09,0.7,13639.23,48,7.05,733,2,0,2045.92,0,0.479004948007118,28.2
43,66758.27,1.7,22402.86,36,10.6,582,1,1,4833.98,0,0.33558179383617937,31.799999999999997
51,36929.37,1.9,19170.29,36,6.42,746,3,0,2490.6,1,0.5191068788879962,19.259999999999998
38,15000.0,4.1,5498.45,24,4.97,813,4,0,1008.85,0,0.3665633333333333,9.94
19,23911.36,1.9,34843.01,24,12.32,509,2,0,347.22,1,1.4571739123161545,24.64
20,49172.07,0.1,26299.41,36,10.09,572,6,1,3247.95,0,0.5348444757359209,30.27
31,35197.12,9.5,23765.99,12,8.14,687,3,1,864.19,0,0.675225416170414,8.14
44,95788.95,3.3,16223.34,36,8.56,646,8,0,7469.83,0,0.16936546438811576,25.68
36,19634.64,1.1,35288.59,24,13.27,425,3,0,-45.94,1,1.7972618800242834,26.54
29,40838.64,5.8,28337.63,48,7.33,769,2,0,2720.29,0,0.6938925977946376,29.32
38,22765.2,0.4,19232.73,60,9.3,612,4,1,1495.05,1,0.8448302672500131,46.5
40,40918.57,2.2,11916.67,48,7.19,739,3,0,3123.47,0,0.2912288968065111,28.76
26,15000.0,1.0,3902.34,12,11.85,503,2,0,903.56,1,0.260156,11.85
18,60800.86,11.9,21301.44,36,13.81,409,0,0,4340.67,1,0.35034767600326705,41.43
32,34292.71,26.0,31886.2,48,9.7,650,4,0,2053.6,0,0.9298244437374591,38.8
30,40626.73,9.3,5587.37,48,11.55,529,4,0,3239.66,0,0.13752940490164972,46.2
36,36396.89,1.7,2517.26,24,8.76,682,2,0,2918.35,0,0.06916140362541966,17.52
42,15000.0,17.8,46995.52,48,8.93,656,3,0,82.08,0,3.1330346666666666,35.72
26,18867.99,0.2,53022.67,48,14.03,394,4,0,122.61,1,2.810191758634597,56.12
29,28617.16,6.0,11404.1,48,10.73,521,4,0,2091.51,0,0.39850565185364306,42.92
40,44712.89,7.0,56676.41,36,10.35,563,3,1,1887.96,1,1.2675631121137552,31.049999999999997
36,50477.09,1.5,3351.4,48,12.05,508,3,0,4118.09,1,0.06639447717766615,48.2
27,63275.79,5.6,10038.68,48,9.49,655,6,0,5020.83,0,0.15864961938839484,37.96
45,47720.7,8.8,19279.94,60,10.3,599,5,1,3564.23,0,0.40401628643335075,51.5
46,31203.94,4.7,6514.11,12,11.29,509,2,0,2023.72,0,0.20875921438126083,11.29
35,87836.54,6.5,3777.7,48,5.88,834,3,1,7231.2,0,0.04300829700259141,23.52
42,15000.0,6.7,5372.97,48,8.18,687,3,0,1118.38,1,0.358198,32.72
30,61737.45,5.1,34441.34,48,9.85,600,6,0,4273.75,0,0.5578678743615099,39.4
31,15000.0,2.3,17730.42,36,6.95,721,3,0,702.94,0,1.1820279999999999,20.85
41,18513.41,0.6,33521.75,48,8.68,656,6,0,713.68,0,1.8106739925275788,34.72
35,15000.0,10.3,18460.15,48,11.86,506,4,0,765.14,1,1.2306766666666669,47.44
35,94155.66,5.3,4778.35,48,7.98,697,2,0,7729.7,0,0.05074947167275977,31.92
18,46291.18,6.2,1124.87,36,6.8,780,2,0,3822.97,0,0.024299877428054326,20.4
31,117595.0,0.5,35250.0,48,6.82,736,3,0,8958.42,0,0.29975764275691996,27.28
28,36103.59,2.8,9678.87,48,8.55,686,4,0,2769.84,0,0.26808608229818703,34.2
25,99083.59,9.0,10421.59,36,6.67,744,1,0,7936.75,0,0.10517977800360283,20.009999999999998
28,35386.81,1.2,14943.96,60,10.24,568,5,0,2629.62,0,0.4223031123743564,51.2
29,23723.77,6.3,12256.17,60,3.94,850,4,0,1751.6,0,0.5166198289732197,19.7
51,46228.07,0.9,8776.68,12,5.7,850,0,0,3098.17,0,0.1898560766218447,5.7
18,165178.74,8.4,8572.99,48,11.33,556,2,0,13541.95,1,0.05190129189749238,45.32
29,18609.78,13.0,17517.63,36,9.85,601,2,0,986.8,0,0.9413131160067449,29.549999999999997
26,62530.24,0.2,13289.56,24,7.72,713,2,0,4611.5,0,0.21253012942218036,15.44
32,35196.57,3.6,16434.28,48,9.24,603,3,0,2522.2,0,0.46692845353964885,36.96
18,30211.63,1.2,26141.74,24,8.63,698,2,0,1327.79,1,0.8652873082319623,17.26
18,143556.93,4.9,7135.89,24,10.09,594,3,1,11633.5,1,0.04970773615735584,20.18
20,46630.67,1.3,8760.05,36,12.39,469,5,0,3593.3,0,0.18786026449973803,37.17
30,73262.63,4.6,31875.75,24,9.0,639,2,0,4648.98,0,0.43508880311831555,18.0
33,31947.09,13.2,17760.05,48,9.15,667,1,2,2219.03,0,0.555920742703013,36.6
41,15000.0,4.8,31019.83,24,7.56,744,4,0,-146.73,1,2.067988666666667,15.12
20,33691.84,0.9,17431.56,48,11.15,519,6,0,2355.85,1,0.5173822504202799,44.6
36,26158.71,0.6,19125.3,36,13.56,404,2,0,1530.32,0,0.7311255027484154,40.68
24,28229.19,5.1,40538.15,36,6.46,785,5,0,1110.72,0,1.4360365989955788,19.38
30,40868.13,0.1,5625.77,12,7.37,725,6,0,2917.94,0,0.1376566532405569,7.37
39,22383.19,7.6,32252.14,24,8.16,736,2,1,404.23,1,1.4409090035870669,16.32
29,47866.96,20.6,19931.14,48,11.37,563,0,0,3470.19,1,0.4163861669928485,45.48
23,27158.25,10.7,36187.56,48,4.82,850,3,1,1432.76,0,1.3324702438485543,19.28
42,20027.5,2.2,23171.24,36,12.04,472,0,0,898.9,1,1.1569711646486083,36.12
42,167537.32,6.3,6827.29,48,6.8,722,2,0,13798.59,0,0.040750860763440644,27.2
36,32711.46,6.0,6349.93,24,8.71,679,3,0,2436.7,1,0.19411943092726525,17.42
44,78740.68,1.9,7629.2,36,9.95,592,3,0,6315.73,0,0.09689019703665247,29.849999999999998
32,39297.82,3.7,28951.77,24,10.86,543,2,0,1927.32,1,0.7367271263393237,21.72
28,81800.11,0.8,42301.76,36,11.18,575,2,2,5428.16,0,0.517135734903046,33.54
42,29420.0,12.1,8945.33,36,6.4,742,2,0,2177.91,0,0.304056084296397,19.200000000000003
33,60282.55,4.8,13263.15,24,9.64,616,3,1,4413.72,0,0.22001640607439465,19.28
29,15000.0,8.7,7815.45,48,10.54,570,1,1,1049.75,1,0.52103,42.16
40,40212.45,11.5,27858.52,24,13.63,382,3,0,2018.33,0,0.6927834538805768,27.26
23,34567.8,0.3,46717.04,36,13.2,400,2,0,1302.06,0,1.3514611864220458,39.599999999999994
36,15175.03,0.9,19699.91,24,10.27,584,2,1,353.08,1,1.2981793116718714,20.54
36,42366.01,9.3,24332.88,48,9.12,623,1,0,2923.59,0,0.5743491067485468,36.48
31,66462.28,17.3,19963.01,48,8.22,716,3,0,5049.1,0,0.30036601211995734,32.88
37,15000.0,6.4,7907.81,36,9.78,589,3,0,995.65,0,0.5271873333333333,29.339999999999996
36,59287.59,0.1,11976.46,12,7.37,725,2,0,3902.3,0,0.20200618712954937,7.37
39,22904.04,3.7,5578.57,36,5.29,824,6,1,1740.75,0,0.24356270771444685,15.870000000000001
37,15000.0,5.1,25991.56,36,9.09,659,4,1,422.39,1,1.7327706666666667,27.27
18,40496.58,0.9,4960.11,24,7.41,720,2,1,3151.71,0,0.12248219479274544,14.82
49,36258.45,0.3,21705.64,24,8.75,648,6,0,2032.41,1,0.5986367315756741,17.5
31,40996.35,0.6,9371.06,48,7.72,711,6,0,3188.82,0,0.22858278846775384,30.88
31,50839.45,25.6,28290.97,48,8.54,657,2,1,3538.76,0,0.5564767124742696,34.16
35,42197.84,9.0,3469.77,36,10.72,560,4,1,3403.35,1,0.08222624665148738,32.160000000000004
28,25174.41,0.7,19400.74,24,12.3,417,6,0,1181.89,1,0.7706532149114915,24.6
43,15216.96,5.2,27760.53,60,11.87,513,0,1,652.38,1,1.8243151063024414,59.349999999999994
34,115643.54,1.5,27104.92,36,7.32,734,2,0,8796.07,1,0.2343833473101913,21.96
36,73274.42,0.5,14620.19,48,9.63,572,1,0,5737.99,0,0.19952651962308265,38.52
29,23638.82,19.0,27929.52,36,11.57,478,3,0,1047.97,1,1.1815107522287491,34.71
44,36725.47,2.7,8382.37,36,6.28,813,2,0,2804.38,0,0.22824404970174653,18.84
30,57071.4,9.6,4991.69,24,7.4,694,10,0,4531.55,0,0.08746394866780909,14.8
21,32692.35,1.4,17015.13,24,11.96,554,5,0,1923.72,0,0.5204621264607776,23.92
43,33917.43,3.8,18104.93,48,10.15,622,3,0,2365.96,1,0.5337942762762391,40.6
54,21417.7,4.6,14681.1,48,7.01,710,2,0,1433.18,0,0.6854657596287183,28.04
46,24807.95,1.5,6744.06,12,6.34,741,2,0,1485.84,0,0.27185075751926296,6.34
34,15967.77,3.8,14532.13,36,10.23,613,4,0,860.17,0,0.910091390344425,30.69
45,19903.4,7.3,12018.64,12,8.37,700,2,0,611.08,0,0.6038485886833405,8.37
26,31979.44,2.8,33305.93,36,11.0,580,5,0,1574.56,1,1.0414794630550128,33.0
40,29852.5,0.2,9262.0,36,7.1,731,2,0,2201.3,0,0.31025877229712756,21.299999999999997
37,16301.65,10.5,6355.46,36,7.13,732,2,0,1161.85,0,0.38986605650348277,21.39
42,26740.51,1.3,11198.73,12,6.74,751,4,1,1260.73,0,0.41879268570419936,6.74
45,15000.0,14.5,35788.44,60,5.8,821,1,0,561.43,0,2.3858960000000002,29.0
44,15000.0,2.4,8356.33,36,7.98,670,3,0,988.22,0,0.5570886666666667,23.94
48,25312.56,6.1,53144.31,36,8.87,603,2,0,422.62,0,2.0995233196484273,26.61
28,39845.14,0.9,43662.62,60,8.94,659,2,0,2415.33,0,1.0958079203636881,44.699999999999996
35,46687.99,2.6,7098.06,12,9.29,637,2,2,3268.98,0,0.15203181803286028,9.29
35,80018.72,0.6,19790.13,48,7.49,725,6,0,6189.82,0,0.24731875241193563,29.96
21,22830.11,5.2,11053.89,48,5.4,825,5,0,1645.94,0,0.48418032151400053,21.6
37,17860.46,4.2,27492.45,48,4.34,850,2,0,863.43,0,1.5392912612553094,17.36
39,62173.36,4.3,4246.18,36,8.84,635,1,1,5046.4,0,0.06829581029559928,26.52
39,15630.34,6.2,38725.48,48,9.38,639,0,1,331.84,0,2.477583980898688,37.52
34,63626.8,0.5,4446.5,12,11.17,524,3,0,4908.89,0,0.0698840740065507,11.17
42,15000.0,2.8,40787.62,48,9.86,602,2,0,218.26,1,2.719174666666667,39.44
29,20293.89,0.6,7420.09,36,11.66,554,3,0,1445.91,0,0.3656317246225342,34.980000000000004
25,15000.0,8.7,40637.89,48,6.56,787,1,0,285.15,0,2.7091926666666666,26.24
40,92927.95,13.2,35557.22,48,9.63,610,2,0,6848.48,0,0.38263213597200846,38.52
28,15000.0,5.8,13538.49,48,9.56,645,5,2,909.48,0,0.902566,38.24
33,47539.93,12.8,8317.99,48,10.41,594,4,0,3749.05,1,0.1749684949052302,41.64
34,15660.94,2.7,9010.27,36,7.59,714,3,0,1024.43,0,0.5753339199307321,22.77
21,77865.69,0.5,6386.64,48,4.76,850,4,0,6342.42,0,0.08202123425606322,19.04
42,21209.86,20.0,15841.74,60,12.08,526,3,0,1414.46,0,0.746904505734597,60.4
24,17127.06,1.1,11188.72,12,8.4,695,2,1,451.9,0,0.6532773283914459,8.4
37,15000.0,3.2,7839.53,24,11.14,541,2,0,884.11,1,0.5226353333333333,22.28
37,29218.56,1.7,25281.04,36,8.7,698,7,0,1634.48,0,0.865239080912954,26.099999999999998
50,25975.67,1.4,13250.34,12,8.32,696,2,0,1010.05,0,0.5101058028532085,8.32
29,34335.73,14.5,20766.48,36,8.16,706,2,1,2209.03,0,0.6048067130071211,24.48
35,31309.05,11.2,2794.86,36,8.87,659,1,0,2520.38,0,0.0892668413765349,26.61
28,63839.57,4.2,12369.37,12,5.88,789,0,0,4256.06,0,0.1937571008075399,5.88
38,65168.62,6.8,4104.87,24,7.93,715,5,0,5245.2,0,0.06298844443844291,15.86
38,21198.06,3.6,2968.86,12,10.96,553,3,0,1504.17,0,0.14005338224346944,10.96
35,30234.79,1.7,20183.96,24,8.47,669,2,0,1602.37,0,0.6675740099402045,16.94
51,23250.5,0.4,13879.98,36,10.53,568,5,0,1486.21,0,0.5969755489129266,31.589999999999996
26,34462.5,5.5,3466.78,12,10.76,563,1,0,2565.86,0,0.10059571998549148,10.76
43,50626.11,9.2,12511.13,48,8.5,662,4,0,3910.46,0,0.24712801358824527,34.0
18,15000.0,3.4,45876.43,24,7.92,663,2,0,-823.19,0,3.058428666666667,15.84
33,26854.11,0.1,9816.46,24,8.54,695,1,0,1791.45,0,0.365547769037961,17.08
26,33811.64,5.1,45589.36,24,6.73,728,2,0,782.06,0,1.3483332958708896,13.46
30,39166.84,2.4,10900.37,36,9.47,679,5,0,2914.89,0,0.2783060874964639,28.410000000000004
45,46046.14,9.4,5648.39,24,8.08,636,3,0,3581.51,0,0.12266804557341833,16.16
44,311743.4,9.4,43620.96,48,8.41,678,3,0,24905.29,0,0.13992584927218987,33.64
56,20339.13,4.2,5882.5,36,9.68,577,4,1,1506.0,0,0.28922082704619123,29.04
47,38916.63,6.1,35856.11,48,9.27,595,7,0,2346.17,0,0.9213570136982571,37.08
19,63789.97,8.2,30013.49,48,9.92,625,3,0,4555.76,0,0.4705048458245082,39.68
44,45286.35,6.4,34045.79,24,10.49,583,4,0,2195.11,1,0.7517892256717532,20.98
49,23625.14,3.0,8741.82,12,5.23,850,2,1,1219.47,0,0.37002193426155355,5.23
28,136334.91,7.1,9290.65,48,8.31,662,3,0,11133.08,0,0.06814578892522832,33.24
20,15000.0,0.0,5662.66,24,8.3,679,2,1,993.12,1,0.37751066666666666,16.6
27,26758.22,1.7,8979.76,24,7.66,697,2,0,1825.11,0,0.335588839616387,15.32
26,111457.08,1.6,11950.21,48,11.12,566,4,1,8978.53,1,0.10721804303504093,44.48
38,102146.24,0.9,5506.86,36,8.37,698,3,0,8338.68,0,0.05391152919578831,25.11
21,22289.46,5.8,1881.31,24,9.15,666,4,0,1771.38,0,0.08440357011789429,18.3
37,17025.87,0.4,10480.37,24,5.97,783,3,0,954.47,0,0.6155556221209255,11.94
67,70444.89,9.4,14359.15,48,10.01,619,3,0,5506.15,0,0.20383522495386108,40.04
30,16559.58,3.2,21252.75,48,10.13,556,4,0,839.61,0,1.2834111734717908,40.52
47,18708.41,1.8,6740.61,60,8.3,672,6,0,1421.39,0,0.36029838986851365,41.5
26,116994.68,2.3,26939.95,12,11.19,546,1,2,7366.17,0,0.23026645314128816,11.19
52,109673.34,1.4,53486.23,36,10.37,587,3,0,7404.29,0,0.48768670672380365,31.11
24,53589.1,9.0,6559.79,48,8.04,722,2,0,4305.49,0,0.12240903467309584,32.16
50,22570.66,1.8,4551.1,48,10.38,580,2,0,1764.63,0,0.2016378785556116,41.52
26,53158.11,6.2,24735.86,48,10.47,553,5,0,3796.88,0,0.46532617506529106,41.88
37,24816.47,3.6,22757.72,48,9.28,612,6,0,1498.68,1,0.917040981251564,37.12
38,26248.15,3.9,19928.16,36,5.96,834,5,0,1581.45,1,0.7592215070395437,17.88
30,27168.28,0.5,27187.65,24,6.05,774,3,0,1058.44,0,1.0007129637945429,12.1
47,53277.46,2.6,22519.98,48,8.33,689,2,0,3886.51,0,0.4226924481760204,33.32
42,17048.42,10.2,10481.71,48,13.24,449,2,0,1138.25,0,0.6148200243776256,52.96
56,15000.0,5.0,20662.35,24,14.21,390,2,0,255.89,0,1.3774899999999999,28.42
34,25170.3,12.4,5216.75,24,6.58,766,2,1,1864.95,0,0.2072581574315761,13.16
35,42858.22,6.9,59750.69,60,8.59,707,1,1,2343.05,0,1.3941477270871259,42.95
55,31358.86,3.3,14411.89,48,14.45,382,3,0,2216.15,0,0.45957952553122144,57.8
31,38805.49,2.0,15153.11,24,5.24,850,0,0,2567.37,0,0.39048882000974605,10.48
34,15000.0,6.7,13148.51,36,8.01,726,4,0,837.91,0,0.8765673333333334,24.03
23,41153.69,0.3,16206.41,24,11.6,505,2,1,2669.61,0,0.3938021110622158,23.2
38,69925.19,1.0,6468.47,24,8.52,661,6,0,5533.01,0,0.0925055763166321,17.04
38,15000.0,1.7,30124.24,48,10.77,553,0,0,474.78,1,2.0082826666666667,43.08
53,56528.83,14.3,6716.72,12,11.56,523,5,1,4115.35,1,0.11881937057604058,11.56
40,44702.24,3.3,47666.26,12,8.14,686,2,0,-424.31,0,1.0663058495502686,8.14
37,15000.0,11.5,12824.83,48,6.96,753,1,0,943.13,1,0.8549886666666666,27.84
31,73198.36,0.1,15906.54,12,7.4,713,3,0,4720.59,0,0.21730732765051022,7.4
27,28854.25,6.6,11289.81,60,6.22,784,2,0,2185.1,0,0.39127026347938343,31.099999999999998
41,173173.18,8.4,5293.99,48,10.91,574,1,0,14294.5,0,0.030570495962481025,43.64
50,36878.61,4.9,4239.11,48,11.93,515,3,0,2961.73,1,0.11494766207294688,47.72
29,22312.87,0.3,1718.78,48,7.33,689,1,2,1817.98,0,0.07703087948793678,29.32
34,37360.38,4.4,4664.54,24,10.47,641,6,1,2897.11,0,0.12485258447585385,20.94
49,27001.18,2.6,10988.61,48,7.66,717,2,1,1983.58,0,0.4069677695567379,30.64
22,39126.44,3.3,7707.87,36,7.95,686,1,0,3019.18,0,0.19699901141018705,23.85
46,49601.57,0.8,36498.45,36,8.71,659,1,1,2977.74,0,0.7358325553001649,26.130000000000003
31,133777.3,9.0,8158.06,36,11.43,538,6,0,10879.36,0,0.060982393873998064,34.29
31,33190.34,0.2,3147.63,36,9.16,654,3,0,2665.53,0,0.09483572629867608,27.48
39,31413.31,6.1,12335.42,24,8.39,689,3,0,2057.68,0,0.39268131884223595,16.78
31,31849.05,4.3,19345.95,12,9.29,645,4,0,959.65,1,0.6074262811606626,9.29
36,23149.45,1.2,7961.75,36,7.88,717,1,1,1680.07,0,0.3439282574747996,23.64
29,24528.96,4.2,7358.55,24,5.49,795,3,0,1719.63,0,0.2999943739971038,10.98
37,56099.34,13.7,27578.82,36,9.59,643,2,1,3790.35,0,0.4916068531287534,28.77
44,123285.03,2.0,4681.09,36,9.12,636,0,0,10124.63,0,0.03796965454767704,27.36
28,30939.34,0.1,11765.55,24,8.66,689,3,0,2042.61,0,0.38027798912323274,17.32
47,15000.0,1.8,13762.46,12,10.32,559,3,0,38.01,1,0.9174973333333333,10.32
23,36840.43,11.3,13018.18,36,7.51,708,1,0,2665.03,0,0.35336666808720746,22.53
41,20688.59,13.0,2027.28,36,10.55,584,5,0,1658.11,0,0.09799024486443977,31.650000000000002
49,31869.31,1.4,10414.53,36,10.55,574,1,1,2317.03,0,0.3267886879257819,31.650000000000002
29,18441.18,2.6,70110.08,24,7.12,747,1,2,-1606.06,0,3.8018217923148083,14.24
34,36771.65,1.3,22880.49,24,6.78,762,1,0,2042.17,0,0.6222318008574541,13.56
39,36323.6,0.8,38305.87,36,6.85,714,6,2,1846.82,0,1.0545725093327756,20.549999999999997
31,133294.15,2.5,8731.56,24,12.34,463,5,0,10695.43,0,0.06550595056122117,24.68
18,40128.21,40.0,19534.58,48,7.2,717,1,0,2874.42,0,0.48680417093112305,28.8
36,96134.94,2.1,10696.38,36,6.39,778,1,0,7683.95,0,0.11126422921780571,19.169999999999998
45,15000.0,1.9,6759.12,12,5.58,769,0,0,669.57,0,0.450608,5.58
35,205633.43,5.6,19330.68,48,6.92,716,1,0,16673.94,0,0.09400553207715302,27.68
18,31498.37,7.1,11264.0,48,10.97,543,1,0,2333.9,0,0.35760580626870536,43.88
18,66178.05,14.4,19290.05,24,5.23,821,1,1,4666.57,0,0.2914871320626703,10.46
40,52436.32,3.8,4713.24,60,6.86,727,3,1,4276.68,0,0.08988502625660992,34.300000000000004
25,21032.36,1.6,5081.85,48,9.5,608,6,0,1625.02,0,0.24162053140969442,38.0
18,40436.32,5.3,24116.93,36,9.37,691,6,0,2598.62,1,0.5964175276088427,28.11
45,15000.0,3.8,25783.65,36,12.32,446,3,0,389.67,1,1.7189100000000002,36.96
41,24121.3,2.2,6055.34,24,11.37,528,4,1,1726.84,1,0.2510370502419024,22.74
18,26657.26,0.3,24689.2,12,6.28,754,3,0,93.35,1,0.9261717070696689,6.28
20,41059.99,0.6,18300.57,24,6.5,801,1,0,2606.44,0,0.4457032259384379,13.0
39,55655.51,15.0,17251.41,48,5.7,810,3,1,4235.18,1,0.3099676923273185,22.8
24,117775.55,2.6,6070.91,36,8.84,671,3,0,9622.03,1,0.05154643726987477,26.52
30,19559.32,3.7,15665.06,24,9.3,613,2,0,912.13,1,0.8009000312894313,18.6
37,26718.22,6.5,44321.51,48,11.02,594,1,0,1080.57,0,1.6588496539065851,44.08
37,196548.33,2.7,7336.91,24,13.84,394,1,0,16027.32,1,0.037328783205637005,27.68
36,20383.72,2.7,3596.05,24,12.3,495,3,0,1528.86,0,0.17641774906641183,24.6
28,22839.3,4.6,5204.21,24,10.14,634,4,0,1662.79,0,0.22786206232240044,20.28
32,22120.71,1.2,10584.85,24,9.81,597,3,1,1355.88,0,0.47850408056522603,19.62
36,24815.2,5.3,14373.65,48,11.83,528,2,0,1690.62,0,0.5792276507946742,47.32
28,99901.95,2.6,1990.57,36,12.55,521,7,0,8258.52,1,0.019925236694579036,37.650000000000006
33,57205.39,5.9,13691.75,24,10.05,622,1,0,4134.99,0,0.23934370519980722,20.1
32,90671.18,4.0,23751.87,48,10.42,567,5,0,6948.72,0,0.26195611439048216,41.68
42,32508.84,1.7,41530.41,48,13.15,432,1,1,1591.82,0,1.2775112861609335,52.6
35,15000.0,1.3,22930.9,48,7.61,676,2,0,694.38,0,1.5287266666666668,30.44
32,69111.94,0.6,19779.0,48,9.74,607,4,0,5260.15,0,0.28618788591377986,38.96
30,23811.63,3.5,9436.37,60,8.79,680,2,0,1789.38,0,0.3962924839668683,43.949999999999996
26,26488.92,2.3,6717.55,48,8.62,654,1,0,2041.45,0,0.25359848570647653,34.48
43,20222.74,8.3,100000.0,24,8.16,707,1,0,-2844.8,0,4.944928333153667,16.32
49,17071.15,16.6,22411.03,60,7.5,670,1,0,973.52,0,1.3128014222826228,37.5
39,27364.59,0.3,8828.46,48,9.28,619,1,1,2059.51,0,0.3226235072405616,37.12
40,61056.01,3.3,6380.51,48,13.97,436,2,0,4913.74,1,0.10450257067240391,55.88
31,70414.79,0.7,44551.71,36,6.25,807,2,0,4507.5,0,0.6327038680368144,18.75
55,33072.61,2.8,8619.25,24,12.3,504,1,0,2349.1,0,0.26061595985318364,24.6
28,44278.63,1.9,13248.11,36,9.91,573,6,0,3262.97,0,0.29919873311346806,29.73
34,54817.55,3.5,7660.8,12,6.61,755,5,0,3906.64,0,0.13975086445855386,6.61
26,24337.73,5.7,31511.62,12,6.81,770,7,0,-695.69,0,1.2947641378222208,6.81
40,73700.72,5.8,17296.97,48,9.79,592,4,0,5704.77,0,0.23469200843628124,39.16
32,27765.94,2.1,55951.88,12,10.43,596,3,1,-2616.43,0,2.015126446286349,10.43
40,15000.0,1.2,13838.62,24,8.45,658,2,0,621.27,0,0.9225746666666668,16.9
18,45243.57,0.9,5391.01,36,6.01,815,4,0,3606.27,0,0.11915527444010277,18.03
36,44820.05,3.0,34919.37,36,6.4,779,2,2,2666.35,0,0.779101540493596,19.200000000000003
24,67855.73,1.8,7703.2,36,6.6,746,5,0,5418.2,0,0.11352320577790558,19.799999999999997
34,19532.33,8.9,9244.75,48,9.3,614,4,0,1396.32,0,0.47330502812516473,37.2
41,84888.06,2.4,8966.49,24,7.32,730,2,0,6671.25,0,0.10562722248570647,14.64
42,27756.89,0.2,28530.08,48,9.74,572,2,0,1593.03,0,1.0278557864371693,38.96
18,81883.45,1.5,72846.85,12,6.32,796,3,0,543.23,0,0.8896407027305274,6.32
34,51576.09,0.3,67735.66,36,6.04,783,4,0,2236.13,0,1.3133151427337746,18.12
27,25262.97,12.7,16570.18,48,7.16,745,8,1,1707.22,0,0.6559078366478683,28.64
23,21515.96,0.2,33926.42,48,10.27,590,4,0,928.13,0,1.5768025224066229,41.08
33,28789.18,0.1,8784.5,24,11.17,508,3,0,1988.98,0,0.3051319975073969,22.34
18,18007.14,12.7,59124.18,48,7.41,713,3,1,73.52,0,3.2833742615429213,29.64
49,15000.0,2.7,1840.29,48,8.81,676,3,1,1204.37,0,0.122686,35.24
21,23278.52,14.4,9682.4,24,8.95,607,2,1,1497.76,0,0.41593709565728404,17.9
37,16789.95,0.6,18206.21,48,7.03,753,2,0,962.94,0,1.0843516508387456,28.12
42,33663.37,6.5,9446.84,24,6.95,743,4,0,2382.54,0,0.28062668710827227,13.9
31,35086.72,0.3,10641.31,36,9.93,591,3,0,2580.88,0,0.3032859725844992,29.79
29,120190.62,10.4,12825.5,48,7.9,709,2,0,9703.38,0,0.10670965837433903,31.6
27,39759.84,0.2,23857.18,48,6.16,763,1,0,2751.28,1,0.6000320926844777,24.64
38,53277.95,3.2,18985.68,60,6.19,781,0,0,4071.1,0,0.3563515488114689,30.950000000000003
36,59409.5,15.4,3433.76,36,5.81,782,0,0,4846.63,0,0.057798163593364704,17.43
22,15000.0,0.1,5841.82,48,11.09,564,6,0,1098.76,0,0.38945466666666667,44.36
31,30606.82,2.4,23941.58,12,9.36,622,2,1,452.84,0,0.7822302349607049,9.36
34,55096.79,0.8,7235.3,60,7.25,746,3,0,4447.28,0,0.13131981010145963,36.25
24,165120.77,1.3,38562.46,24,6.9,772,4,0,12035.27,0,0.23354094097308292,13.8
47,33405.76,5.9,13521.05,36,8.75,656,4,0,2355.42,0,0.4047520547354707,26.25
18,33530.22,4.0,13582.12,60,8.6,655,4,0,2514.87,0,0.40507100758658904,43.0
36,21790.72,5.3,12142.57,48,6.95,756,2,0,1525.41,1,0.5572358325011748,27.8
45,28975.79,10.3,10509.09,48,7.63,768,4,0,2159.91,0,0.3626851933976606,30.52
24,121887.18,1.2,36023.81,36,13.0,513,1,1,8943.48,1,0.29555044263063596,39.0
42,95164.51,6.2,5574.61,36,7.95,727,4,0,7755.82,0,0.058578665513015306,23.85
18,24080.42,0.9,20183.37,24,11.21,512,2,0,1064.03,0,0.8381651981153153,22.42
28,28509.92,3.5,3656.88,60,13.35,449,4,2,2291.96,0,0.12826693305347753,66.75
18,38199.37,0.4,6150.3,36,12.2,469,4,1,2978.42,1,0.16100527312361435,36.599999999999994
52,19425.01,0.1,53367.52,36,10.86,583,3,1,-124.9,1,2.747361262619685,32.58
18,18500.46,0.4,4848.82,60,9.54,608,4,0,1439.78,0,0.26209186149966,47.699999999999996
52,36240.7,8.2,19377.98,36,10.92,542,4,0,2386.38,0,0.5347021442742552,32.76
31,92667.65,0.2,13813.49,60,10.44,523,4,0,7425.81,1,0.14906485704558173,52.199999999999996
40,15000.0,7.8,9063.17,36,6.14,815,5,0,973.71,1,0.6042113333333333,18.419999999999998
18,34334.43,17.0,14888.0,36,9.23,641,1,1,2386.17,0,0.4336172174694614,27.69
23,68165.44,14.2,8376.01,36,7.65,687,1,0,5419.33,0,0.12287766351981297,22.950000000000003
32,80539.29,3.5,14290.83,48,7.28,706,1,0,6367.54,0,0.17743923493738276,29.12
45,83351.77,10.7,5216.83,60,8.61,666,1,0,6838.67,0,0.06258811300587858,43.05
31,15000.0,1.7,37253.91,48,6.24,800,1,0,370.99,0,2.483594,24.96
44,24967.44,3.2,100000.0,48,8.77,673,4,1,-396.98,0,4.0052163938313265,35.08
47,75445.7,3.2,26764.96,36,8.66,709,3,0,5440.25,0,0.3547579252362958,25.98
40,23055.2,2.1,57803.56,48,11.36,564,2,0,417.18,0,2.5071810264061902,45.44
46,37089.84,3.4,7896.03,24,10.65,594,1,0,2724.09,0,0.21288929798564785,21.3
51,34177.2,2.6,18278.49,48,10.16,561,3,0,2383.1,1,0.5348153154734736,40.64
50,38950.0,8.4,9639.7,24,8.76,639,1,0,2806.51,0,0.2474890885750963,17.52
27,41570.06,0.3,11122.22,48,10.4,562,3,0,3179.94,0,0.2675536191191449,41.6
44,47080.18,6.9,22944.6,48,8.04,690,4,0,3362.77,0,0.48735157767026377,32.16
39,29698.41,3.1,3072.32,48,7.61,763,3,0,2400.42,0,0.1034506561125663,30.44
26,107392.17,2.8,2532.25,48,7.28,715,4,1,8888.38,0,0.023579465802767558,29.12
43,32045.28,3.5,19682.42,60,9.69,618,1,0,2255.24,1,0.61420652277028,48.449999999999996
23,21004.13,4.4,25094.8,24,9.29,647,1,1,600.55,0,1.1947555076073133,18.58
18,85004.62,2.6,20651.46,12,7.47,696,7,0,5292.34,0,0.24294514815782955,7.47
19,30320.91,0.5,20367.5,48,7.95,650,7,1,2029.99,1,0.6717311584645711,31.8
40,42785.49,0.8,9351.55,48,9.32,652,4,0,3331.32,0,0.21856825760322016,37.28
18,15000.0,3.8,2654.15,24,10.82,575,7,0,1126.52,0,0.17694333333333334,21.64
41,19391.05,1.6,6501.07,36,10.46,564,0,1,1404.74,1,0.3352613705807576,31.380000000000003
50,28823.98,2.2,7708.16,24,7.13,734,1,0,2056.43,0,0.26742177867178646,14.26
42,28627.56,13.2,24565.37,48,8.9,701,2,1,1775.49,1,0.858102122569999,35.6
42,38742.59,3.8,13286.85,24,9.16,639,0,0,2620.57,0,0.34295203289196724,18.32
34,43067.93,4.2,2379.9,48,8.53,694,2,0,3530.3,0,0.055259214919314674,34.12
47,66548.73,0.2,7726.65,60,10.66,598,7,0,5379.04,0,0.11610514580819198,53.3
44,32563.05,9.2,6399.37,36,6.55,745,4,0,2517.31,0,0.19652243877646597,19.65
41,91321.9,8.0,15849.32,36,9.96,604,2,0,7099.04,0,0.17355442670378082,29.880000000000003
24,68510.96,4.3,48621.35,60,8.79,634,0,1,4704.9,0,0.7096871799782107,43.949999999999996
25,400407.21,8.2,22449.66,48,8.63,674,4,0,32812.54,0,0.05606707231870275,34.52
35,16637.45,5.1,18282.94,12,10.7,568,5,0,-226.86,1,1.0989027765673225,10.7
32,71148.04,4.8,72548.02,48,9.88,560,3,0,4093.18,0,1.0196770002378142,39.52
31,87786.78,12.3,6579.78,12,8.33,659,5,1,6742.2,0,0.0749518321551377,8.33
48,51952.69,5.8,28634.89,48,11.04,524,5,1,3588.75,1,0.5511724224481928,44.16
20,28020.75,6.3,6179.84,24,10.73,587,2,0,2047.81,0,0.2205451317327338,21.46
46,23494.24,3.1,4129.35,48,9.08,677,3,0,1854.94,0,0.17576010119927268,36.32
40,22573.79,6.5,33805.47,24,7.66,742,3,0,357.46,1,1.4975540217216514,15.32
21,24606.43,16.0,8331.04,60,9.42,637,3,0,1875.89,0,0.3385716660238808,47.1
28,42341.21,17.1,15701.57,48,8.44,704,0,0,3141.86,0,0.37083422982007364,33.76
24,44900.66,0.4,11816.37,48,9.94,580,6,2,3442.37,1,0.26316695567503906,39.76
29,35276.75,0.6,16916.7,48,4.23,850,3,0,2556.02,0,0.4795424748595038,16.92
22,63351.14,0.7,12928.89,48,8.91,616,7,1,4958.08,0,0.20408298887754822,35.64
39,67561.25,12.2,4226.15,60,10.18,620,3,1,5539.94,0,0.06255286869322281,50.9
45,121845.68,1.1,22574.44,36,5.53,850,4,0,9471.85,0,0.18527074574986985,16.59
42,57762.53,0.1,17827.66,36,13.11,451,1,0,4211.91,1,0.3086371043650616,39.33
56,67970.03,11.0,7837.83,24,6.12,802,4,0,5316.37,0,0.11531302840384211,12.24
34,41827.99,1.2,8041.55,36,9.96,594,7,0,3226.34,0,0.19225284313207497,29.880000000000003
33,92486.42,1.0,20223.69,48,9.54,620,5,0,7198.73,0,0.21866658910573034,38.16
18,87441.58,12.4,36279.83,48,10.55,571,4,0,6357.04,1,0.414903641951575,42.2
39,40301.04,0.9,12594.07,36,10.16,571,3,0,2951.1,0,0.3124998759337228,30.48
33,54095.76,2.4,14799.18,36,9.64,641,2,0,4032.95,0,0.27357375143634177,28.92
36,50567.66,2.1,16909.36,48,6.44,810,2,0,3813.43,0,0.33439079443264724,25.76
45,198443.54,8.2,27757.97,36,11.15,509,2,1,15626.23,1,0.13987842587367671,33.45
18,25169.97,22.4,10010.06,24,9.56,624,3,0,1637.61,0,0.3976985272529129,19.12
27,18744.83,1.4,5385.18,36,8.74,690,3,0,1391.47,0,0.2872888151026176,26.22
50,38253.55,2.2,3178.76,36,7.82,693,3,0,3088.45,0,0.08309712431918083,23.46
23,85159.7,4.2,7529.76,24,6.03,820,2,1,6762.82,0,0.08841928752684662,12.06
37,43207.0,0.0,4099.31,24,9.64,601,1,0,3412.1,0,0.0948760617492536,19.28
27,84786.01,4.6,11245.92,48,6.51,779,5,0,6798.75,0,0.13263886341626407,26.04
43,34080.38,1.3,6537.27,48,8.9,628,5,0,2677.66,0,0.19181916398819499,35.6
18,57425.83,2.3,14272.82,24,10.09,589,1,0,4126.27,1,0.24854355609662063,20.18
42,116840.9,9.9,9589.23,12,9.76,601,3,0,8894.77,0,0.08207083307300783,9.76
42,44540.82,1.3,33299.66,48,10.51,602,3,0,2858.99,0,0.7476211708720226,42.04
36,15231.04,22.5,5990.65,12,11.1,551,3,0,739.51,0,0.39331851272138996,11.1
26,67660.51,4.3,8888.38,36,8.83,659,3,1,5356.43,0,0.1313673219430359,26.490000000000002
37,32045.86,1.1,11043.48,36,8.83,700,3,0,2320.18,1,0.3446148738089725,26.490000000000002
37,36255.98,2.2,30927.73,36,9.11,667,2,1,2036.25,0,0.8530380367597289,27.33
49,26703.44,2.2,7635.68,12,7.84,716,2,1,1561.64,0,0.28594368366023254,7.84
18,42535.29,0.8,17911.58,36,7.31,727,2,0,2989.01,1,0.4210992801506702,21.93
41,56168.29,1.9,20092.93,24,10.23,574,4,1,3751.37,0,0.3577272870511102,20.46
18,21293.65,9.6,4664.4,12,9.91,677,2,1,1364.59,1,0.21905121949501374,9.91
24,39519.64,5.9,6330.53,48,6.75,765,4,0,3142.44,0,0.16018693490122884,27.0
27,63184.07,1.8,34778.61,12,13.79,444,2,0,2146.1,1,0.5504332025461481,13.79
30,105631.54,1.1,17571.24,48,10.58,561,3,0,8352.07,0,0.16634463532388152,42.32
33,40199.27,3.4,10185.24,48,7.77,693,4,2,3102.39,0,0.25336878007983726,31.08
45,30254.2,1.3,5127.52,48,11.2,542,5,0,2388.16,0,0.16948126210575723,44.8
44,43143.3,3.4,7506.07,48,10.36,584,1,0,3403.6,0,0.17397996907978758,41.44
30,50858.48,4.6,43253.23,36,12.87,466,4,0,2783.54,1,0.850462499075867,38.61
30,65906.14,2.7,24162.07,36,9.3,638,1,0,4720.45,0,0.36661333830201553,27.900000000000002
34,69800.47,2.8,10094.11,12,7.69,731,1,1,4940.08,0,0.14461378268656358,7.69
41,15000.0,0.6,9804.55,36,10.84,579,5,1,929.75,0,0.6536366666666666,32.519999999999996
31,48141.64,0.6,10814.87,36,9.87,618,1,0,3663.5,0,0.22464689611737368,29.61
43,25216.09,1.9,16630.46,36,7.59,749,3,1,1583.34,0,0.6595177920129568,22.77
59,49942.27,1.3,39411.97,24,10.5,616,4,1,2334.08,0,0.789150553228758,21.0
31,56036.56,11.1,11666.32,48,10.37,590,3,1,4371.75,0,0.2081912237296508,41.48
37,27031.45,5.8,18236.01,24,7.08,749,2,0,1435.49,1,0.6746219681149179,14.16
41,35822.4,8.2,33009.14,36,7.53,712,2,0,1957.96,1,0.9214664567421501,22.59
25,15000.0,0.8,8882.23,24,9.89,612,1,0,840.58,0,0.5921486666666667,19.78
42,58007.72,10.0,13862.56,12,11.9,518,2,0,3602.95,0,0.2389778463969968,11.9
21,95575.13,4.5,8850.28,36,5.58,797,0,0,7697.03,1,0.09260024025078491,16.740000000000002
37,16605.25,6.1,44604.39,48,8.12,650,2,0,292.33,1,2.6861619066259164,32.48
39,53823.45,7.6,25557.3,48,7.66,727,3,0,3865.43,0,0.4748357825445972,30.64
33,59330.51,12.3,41362.68,48,11.17,546,4,0,3871.75,0,0.6971569939311157,44.68
29,18174.76,1.8,5964.51,36,7.87,728,1,0,1328.02,0,0.3281754477088006,23.61
44,58229.86,4.2,5009.44,48,10.32,632,5,0,4724.66,0,0.0860287144774176,41.28
25,120922.82,0.1,12454.25,36,8.84,656,1,2,9681.79,0,0.10299338040578279,26.52
37,63561.62,11.5,11233.36,48,8.8,663,5,0,5018.32,0,0.17673180765373822,35.2
35,55469.75,10.2,28322.98,60,10.23,593,1,0,4017.49,0,0.5106022651985992,51.150000000000006
48,15919.09,1.0,18014.77,48,7.72,725,2,0,889.16,1,1.1316457159297422,30.88
42,36552.43,13.8,6558.78,24,10.7,564,1,1,2741.26,1,0.1794348556306653,21.4
51,15000.0,4.6,21607.83,36,10.04,592,2,0,552.37,1,1.440522,30.119999999999997
29,24906.69,1.2,7956.23,36,9.15,655,4,0,1822.0,0,0.3194414833926146,27.450000000000003
42,51861.48,4.4,25457.32,36,6.4,811,1,1,3542.71,0,0.49087145218377876,19.200000000000003
38,70793.08,8.2,14566.89,36,12.13,544,4,1,5414.69,1,0.20576714560236678,36.39
51,18214.75,11.6,10697.27,36,11.07,593,6,0,1167.33,0,0.5872861280006588,33.21
30,15000.0,9.7,26151.15,24,9.49,632,3,0,49.4,1,1.7434100000000001,18.98
46,42648.62,1.0,10050.04,48,9.73,621,3,0,3300.46,0,0.23564748402175734,38.92
44,39532.19,0.4,26270.35,24,6.03,796,3,1,2129.68,0,0.6645306015173963,12.06
24,240531.55,7.3,4858.12,12,9.99,653,3,0,19617.21,0,0.02019743355913185,9.99
28,43612.72,1.2,15127.18,36,10.68,548,2,1,3141.44,1,0.34685247790094265,32.04
31,19211.37,6.3,36315.6,36,9.26,583,1,0,441.72,1,1.8903180772636206,27.78
53,77269.64,5.9,13274.09,48,7.46,721,5,0,6118.43,0,0.17178920466045913,29.84
20,88480.63,0.2,10430.83,48,9.12,597,1,0,7113.22,1,0.11788828809198125,36.48
37,133698.22,5.7,11053.26,12,7.81,759,4,1,10180.98,0,0.08267320238070484,7.81
18,68988.46,1.8,3801.95,24,11.37,531,3,0,5571.18,1,0.05510994157573599,22.74
43,62483.73,0.1,4241.14,36,6.83,780,1,0,5076.35,0,0.06787590945674979,20.490000000000002
46,41874.71,1.6,8921.95,24,7.0,770,1,1,3090.1,0,0.2130629680778685,14.0
50,26373.21,3.9,8237.18,36,11.63,524,3,0,1925.63,1,0.31233133926435197,34.89
26,20380.85,2.9,9471.9,48,13.65,425,2,0,1441.23,1,0.46474509159333394,54.6
21,87479.16,2.2,6106.38,36,9.63,633,1,0,7093.95,0,0.06980382527678593,28.89
50,116503.5,2.8,18188.62,48,6.6,734,4,0,9276.44,0,0.15612080323767097,26.4
35,41680.82,1.8,8911.4,24,8.05,691,2,0,3070.16,0,0.21380097608444362,16.1
30,37701.68,4.7,18582.25,36,8.06,641,4,0,2558.99,0,0.49287591428286487,24.18
32,60129.16,5.2,55869.14,36,7.95,736,1,0,3261.32,0,0.929152178410608,23.85
34,15000.0,3.7,58480.72,48,9.27,634,0,0,-212.8,1,3.8987146666666668,37.08
36,24696.08,1.3,9216.72,24,8.0,730,1,0,1641.16,0,0.37320578812507893,16.0
37,50954.52,7.3,13291.21,48,9.15,615,3,0,3914.51,1,0.2608445727680292,36.6
39,119645.64,5.5,69503.6,12,9.51,620,1,1,3875.83,0,0.5809121000982569,9.51
41,40891.53,6.8,11118.18,12,8.98,622,3,0,2435.43,0,0.27189444855695055,8.98
18,41063.69,1.9,3477.35,36,11.22,549,4,0,3307.77,0,0.08468186858024693,33.660000000000004
38,115630.99,6.8,5740.58,36,10.84,515,2,0,9448.41,1,0.049645687544489586,32.519999999999996
38,71086.11,0.4,6088.56,48,13.13,427,2,0,5760.11,1,0.0856504878379194,52.52
40,50581.22,1.6,21651.02,12,8.5,663,3,0,2326.7,0,0.4280446379110666,8.5
46,15000.0,12.7,24067.9,36,9.84,606,2,0,475.2,0,1.6045266666666667,29.52
31,72455.88,16.2,42244.21,60,8.27,713,3,0,5175.96,0,0.5830335647017191,41.349999999999994
34,19619.43,1.1,18975.18,60,8.59,695,4,0,1244.82,0,0.9671626545725335,42.95
23,15000.0,3.8,10978.24,48,9.82,637,4,0,972.51,0,0.7318826666666667,39.28
28,15000.0,8.4,20188.53,48,7.46,753,2,0,762.24,0,1.345902,29.84
18,15000.0,2.8,2484.36,24,8.7,701,1,0,1136.84,1,0.16562400000000002,17.4
33,46930.79,1.7,5745.01,48,7.37,731,2,0,3772.34,0,0.12241451720714695,29.48
31,19581.24,0.3,8306.86,24,9.38,672,2,0,1250.82,1,0.4242254320972523,18.76
34,35561.96,4.5,27260.42,48,8.37,675,3,0,2293.25,0,0.7665612356574272,33.48
47,21604.19,6.1,18012.3,24,7.86,687,4,0,986.85,1,0.8337410474542207,15.72
38,18846.24,1.5,5756.14,36,8.74,640,2,0,1388.17,0,0.3054264404995373,26.22
53,34065.25,3.5,7035.35,48,11.59,491,2,0,2654.92,0,0.20652571168566208,46.36
51,39743.23,4.2,25949.65,48,7.82,670,2,0,2680.62,1,0.6529325875123889,31.28
49,23652.27,0.7,8755.2,24,5.99,850,4,0,1583.03,0,0.37016320209434445,11.98
39,15000.0,4.2,6363.98,48,11.21,569,9,1,1084.87,0,0.4242653333333333,44.84
49,26936.82,0.2,9142.94,36,6.93,723,3,0,1962.72,0,0.33942165407794983,20.79
46,45297.34,5.0,34275.1,24,7.19,735,2,0,2237.24,0,0.7566691554073595,14.38
57,36555.92,6.7,4987.17,36,6.3,800,2,0,2893.93,0,0.13642578274599573,18.9
21,37753.59,0.5,11513.01,36,7.1,797,5,0,2790.12,1,0.30495139667512416,21.299999999999997
33,27430.05,3.9,17111.81,48,10.83,548,6,0,1844.98,0,0.6238344443411514,43.32
32,29876.98,17.2,15484.4,12,7.14,732,5,1,1148.93,0,0.5182719270823223,7.14
40,24334.49,1.6,11382.01,48,7.5,723,4,1,1752.67,0,0.4677316023471213,30.0
33,28340.67,8.3,2653.42,24,9.78,568,4,0,2239.55,1,0.09362587405308344,19.56
41,34770.96,10.4,6021.51,24,9.47,617,2,0,2621.19,0,0.1731764092794677,18.94
34,55668.21,11.7,20728.92,36,9.95,602,1,0,3970.64,0,0.3723654847173997,29.849999999999998
40,130704.43,4.3,8297.87,36,7.23,723,2,0,10634.95,0,0.06348575943447365,21.69
35,115984.15,0.7,18901.05,60,11.21,548,4,0,9252.41,0,0.16296235304565324,56.050000000000004
31,17259.36,2.1,16889.49,24,6.65,757,1,0,684.77,0,0.9785698890341241,13.3
47,59622.38,1.6,5104.52,24,6.86,780,3,1,4740.31,0,0.0856141603203361,13.72
37,15000.0,8.9,3787.79,48,7.57,703,2,0,1158.29,0,0.2525193333333333,30.28
41,15000.0,3.0,7416.97,48,11.3,498,2,0,1057.22,1,0.49446466666666666,45.2
35,33656.73,9.8,73607.4,48,7.01,750,3,1,1041.77,0,2.187003906796649,28.04
22,50871.36,1.9,16846.24,36,6.27,817,1,2,3724.72,0,0.3311537179269436,18.81
37,23782.93,6.2,13655.18,48,8.92,671,4,0,1642.62,1,0.5741588609982033,35.68
43,65696.28,1.3,74971.86,12,9.78,614,4,1,-1108.86,0,1.1411888161704133,9.78
31,15000.0,8.2,75826.56,48,9.51,569,2,2,-655.36,0,5.055104,38.04
44,24039.76,1.0,32709.41,36,7.81,678,1,0,981.18,1,1.3606379597799647,23.43
57,25271.26,9.0,14770.84,36,6.29,772,5,0,1654.64,0,0.5844916319961886,18.87
27,52564.12,8.6,1551.6,24,12.16,483,6,0,4307.19,0,0.02951823411102478,24.32
38,50501.4,0.6,8206.59,36,14.84,366,3,0,3924.61,1,0.16250222766101532,44.519999999999996
18,49175.2,3.0,64136.58,24,9.66,582,1,0,1148.41,1,1.304246449429794,19.32
22,23720.48,2.7,7835.47,12,11.43,525,1,1,1282.62,1,0.3303251030333282,11.43
30,23779.71,1.4,22116.24,36,9.93,595,1,1,1268.74,1,0.9300466658340242,29.79
26,39336.9,3.4,3476.73,24,5.64,850,1,1,3124.55,0,0.08838342624863678,11.28
44,32335.19,10.6,21544.53,48,10.97,512,3,0,2138.08,0,0.6662874100940801,43.88
33,15000.0,25.8,7673.29,48,12.22,475,2,0,1047.1,1,0.5115526666666667,48.88
45,20561.81,1.9,21712.89,48,6.18,784,1,0,1201.76,0,1.0559814529946536,24.72
30,40531.27,4.8,5128.48,48,8.66,658,4,0,3250.81,0,0.12653144103305916,34.64
45,128973.95,2.3,31212.29,36,6.55,758,4,0,9790.49,0,0.24200460635655496,19.65
36,28008.27,10.3,12850.96,36,10.38,591,3,0,1917.06,1,0.45882733921088303,31.14
30,54260.94,1.7,5174.27,48,5.81,829,1,0,4400.68,0,0.09535901884486336,23.24
28,50740.0,3.7,16244.41,36,9.29,621,0,0,3709.57,0,0.32014998029168307,27.869999999999997
45,40032.88,9.6,8721.15,36,9.94,633,4,0,3054.91,0,0.21784967756504153,29.82
48,34225.64,6.2,26702.36,36,8.19,668,3,1,2013.04,0,0.7801858489717066,24.57
33,20922.27,2.4,30250.37,12,10.75,603,4,0,-926.53,0,1.4458455033798914,10.75
37,37428.5,25.9,15730.52,60,7.02,747,1,0,2807.41,0,0.42028187076692897,35.099999999999994
24,51627.12,8.0,27549.8,24,7.29,745,5,0,3065.16,0,0.5336303865100358,14.58
18,49549.38,9.1,22808.49,12,8.66,630,2,0,2138.07,0,0.46031837330759745,8.66
22,29704.16,5.1,29732.62,36,10.87,552,1,1,1503.77,1,1.0009581149576354,32.61
21,67027.18,4.2,58586.53,12,10.85,576,3,0,411.72,0,0.8740712349825848,10.85
36,19645.67,1.3,12274.19,36,5.63,806,5,1,1265.79,0,0.6247783862805393,16.89
41,43972.42,2.9,16701.44,36,10.0,585,1,2,3125.46,0,0.37981625755416687,30.0
48,49751.65,29.3,41810.65,24,8.68,670,5,1,2241.99,0,0.8403872032384856,17.36
18,26208.38,3.3,8636.74,24,10.63,596,2,0,1782.97,1,0.3295411620252759,21.26
32,42548.7,0.9,6916.76,12,7.37,731,6,1,2946.06,1,0.16256101831548322,7.37
45,45953.44,1.3,32411.62,48,9.57,588,2,0,3014.09,0,0.7053143355535515,38.28
50,15000.0,0.7,32052.03,48,10.57,609,4,1,428.28,1,2.136802,42.28
18,197372.69,2.8,22205.67,12,5.76,765,5,1,14539.01,0,0.11250629456385278,5.76
56,40150.26,18.1,10171.91,48,10.66,562,6,0,3084.63,0,0.2533460555423551,42.64
38,19644.56,0.5,78589.13,24,8.05,683,5,0,-1919.12,1,4.000554351942726,16.1
25,34358.83,17.4,4946.67,48,7.55,737,3,0,2743.52,0,0.14397085116111347,30.2
18,34189.93,0.8,13054.43,48,5.68,786,2,1,2544.49,0,0.381820904576289,22.72
29,63510.05,3.3,11859.11,36,8.97,657,5,0,4915.55,0,0.18672808476768638,26.910000000000004
41,104967.07,4.1,73938.14,48,12.75,505,0,0,6772.84,1,0.7043936731776927,51.0
46,49220.42,13.8,27256.27,48,10.51,588,4,0,3403.72,1,0.5537593949828141,42.04
46,74554.59,3.5,15111.27,48,7.15,740,2,0,5849.97,0,0.2026873194527661,28.6
25,37107.15,0.1,14265.16,12,8.53,669,2,0,1847.86,0,0.38443157181297943,8.53
45,29109.66,2.0,10778.24,48,7.75,693,1,0,2163.94,0,0.3702633421345354,31.0
24,35364.9,0.1,10304.3,48,7.35,690,5,0,2698.65,0,0.2913708224821786,29.4
31,20251.08,4.2,7176.38,48,8.08,686,3,0,1512.12,0,0.3543702360565461,32.32
43,25101.47,0.4,8384.65,24,8.69,682,0,0,1709.93,0,0.3340302380697226,17.38
49,23696.16,9.9,48791.71,12,8.22,664,3,0,-2274.6,1,2.059055560056988,8.22
40,61949.25,1.5,26393.86,48,8.16,674,3,0,4516.1,0,0.4260561669431026,32.64
18,80704.54,7.5,17054.46,36,8.41,708,6,0,6187.72,1,0.2113197101427008,25.23
46,32663.77,1.3,17514.6,24,9.35,605,4,0,1919.02,0,0.5362087719819236,18.7
42,28959.47,3.6,46756.08,48,12.32,526,4,0,1174.66,1,1.6145350726377243,49.28
29,38437.44,12.9,9883.8,24,9.93,611,3,0,2747.35,0,0.2571399135842553,19.86
33,47445.89,3.7,4662.35,60,7.74,735,1,2,3859.87,0,0.09826667810425731,38.7
47,64002.62,2.6,8647.67,36,10.14,580,2,0,5053.95,0,0.1351143125078317,30.42
23,51626.09,2.4,22241.78,36,7.45,731,3,1,3610.83,0,0.43082441455473386,22.35
42,15000.0,1.3,16155.96,36,9.45,650,0,1,732.85,1,1.077064,28.349999999999998
43,33069.09,1.6,32544.52,24,8.76,666,5,0,1272.55,1,0.9841371504326246,17.52
21,34567.48,6.8,14560.0,36,7.97,755,2,0,2424.57,0,0.42120513268540255,23.91
27,16400.74,4.0,5415.64,24,7.32,766,3,1,1123.47,0,0.33020705163303604,14.64
32,133021.16,0.2,33127.65,36,11.43,535,5,0,9993.78,1,0.24904045341357722,34.29
41,38863.32,5.4,6683.58,36,11.6,542,2,0,3017.89,0,0.17197655784426036,34.8
29,43116.68,8.6,18339.95,24,11.04,550,2,0,2737.93,0,0.4253562658349391,22.08
34,29427.65,4.5,12209.72,24,6.6,793,2,0,1907.85,0,0.414906389059269,13.2
22,25316.09,3.8,10580.67,12,9.13,598,2,1,1183.74,1,0.417942502179444,9.13
18,76849.2,0.4,15455.69,48,7.46,716,3,0,6030.69,0,0.2011171228848186,29.84
47,36690.97,3.0,25587.89,36,9.06,669,2,0,2243.18,0,0.6973893031446157,27.18
32,43248.37,4.3,12858.98,48,9.6,623,7,0,3280.36,0,0.29732866232877675,38.4
32,44840.62,5.1,17984.24,60,9.59,621,2,0,3358.22,0,0.4010702795813261,47.95
58,56396.91,10.8,7270.32,60,8.01,730,2,0,4552.29,0,0.12891344578984912,40.05
48,17325.31,2.2,14362.6,36,9.54,617,5,1,983.43,1,0.828995267617145,28.619999999999997
33,117544.95,0.4,6949.85,36,11.35,536,3,0,9566.73,0,0.05912504110129785,34.05
33,44207.51,3.5,8358.69,24,6.89,734,1,2,3310.14,0,0.18907850724910769,13.78
34,40938.7,0.4,23319.2,12,9.08,604,4,0,1371.39,0,0.5696126159355329,9.08
27,29305.57,2.1,7663.82,48,11.37,536,6,0,2242.68,1,0.26151410806887565,45.48
37,15000.0,5.7,2199.28,36,8.76,686,0,0,1180.31,0,0.14661866666666667,26.28
43,31568.21,1.1,22680.76,48,10.44,524,3,0,2050.64,1,0.7184683578828194,41.76
41,15000.0,1.5,14016.29,36,11.18,571,8,0,789.93,0,0.9344193333333334,33.54
36,31635.16,1.2,5026.47,24,8.71,679,1,0,2407.3,0,0.15888871749028613,17.42
29,40775.8,0.7,14231.73,48,7.13,773,5,1,3056.33,0,0.3490239308609518,28.52
48,28702.9,0.8,12491.55,36,9.41,604,1,1,1992.29,0,0.4352016695177142,28.23
27,27663.75,14.8,12518.62,12,9.34,660,1,0,1208.57,0,0.4525279472233519,9.34
32,55429.55,2.4,13122.33,36,8.93,660,5,1,4202.27,0,0.2367388874706722,26.79
26,27943.14,0.6,35664.93,36,10.96,517,3,0,1161.65,1,1.2763393806136318,32.88
40,15000.0,8.6,2467.22,48,11.57,598,3,1,1185.55,0,0.1644813333333333,46.28
40,93388.8,2.5,10622.75,36,9.8,628,4,0,7440.63,0,0.1137475800095943,29.400000000000002
32,26314.33,0.4,17643.36,24,6.67,787,4,0,1405.56,0,0.6704848650906179,13.34
36,23357.85,7.8,16413.0,12,5.72,823,8,0,535.99,0,0.702675974030144,5.72
37,97908.03,4.7,4934.2,24,9.77,626,3,0,7931.84,0,0.05039627495313714,19.54
51,16565.94,20.6,4511.11,24,5.97,792,3,1,1180.62,0,0.27231234689972317,11.94
19,15000.0,0.4,12604.08,48,7.02,752,1,0,948.06,0,0.840272,28.08
46,15000.0,2.3,9140.03,48,10.05,594,4,0,1017.97,0,0.6093353333333333,40.2
39,23866.84,1.7,24296.9,24,10.32,590,3,1,864.13,0,1.0180191428777334,20.64
60,40122.13,3.6,6982.45,48,7.46,715,3,0,3174.81,0,0.1740298932285001,29.84
30,15000.0,1.8,30312.94,48,8.52,666,2,0,502.55,0,2.0208626666666665,34.08
25,38243.19,0.5,32118.43,60,8.63,620,4,1,2525.96,0,0.839847042048532,43.150000000000006
24,45133.4,0.0,4393.69,24,4.76,837,2,0,3568.83,0,0.0973489699424373,9.52
47,47731.13,1.0,3436.34,48,9.2,649,4,0,3891.75,0,0.07199368630074336,36.8
28,29977.59,1.2,49034.15,48,9.01,671,3,1,1277.68,0,1.6356935297333774,36.04
30,67114.38,0.7,4411.34,60,7.0,726,2,1,5505.51,0,0.06572868586434084,35.0
50,38918.35,13.3,14048.45,36,8.33,658,2,0,2800.83,0,0.36097239477007637,24.990000000000002
39,24775.62,0.0,13619.23,24,7.74,702,4,0,1450.29,0,0.5497028934089238,15.48
36,25850.54,3.0,14827.2,36,6.65,771,4,1,1698.76,0,0.5735740916824175,19.950000000000003
25,33893.35,3.5,24843.0,48,11.8,511,2,0,2172.67,0,0.7329756427145738,47.2
40,104224.56,2.7,22324.56,36,8.34,720,2,0,7982.3,0,0.21419673059785527,25.02
31,42834.77,20.2,10323.79,48,11.38,498,1,1,3300.83,0,0.2410142508060625,45.52
24,57414.32,7.5,19320.54,48,14.86,343,3,1,4248.19,1,0.33651082169047725,59.44
36,25110.81,1.8,26369.26,24,6.99,728,5,0,912.07,1,1.0501158664336194,13.98
32,15325.63,11.2,9013.68,36,8.72,657,3,0,991.68,0,0.5881441741709803,26.160000000000004
36,15000.0,0.8,13043.27,36,9.31,642,1,0,833.34,0,0.8695513333333333,27.93
34,15668.8,2.1,46704.58,48,11.26,572,1,1,92.72,0,2.9807375165934853,45.04
26,15120.57,3.3,9087.32,36,7.47,665,4,0,977.5,0,0.6009905711226494,22.41
33,29323.67,21.3,74668.94,48,8.83,649,4,0,591.52,0,2.5463709010502438,35.32
49,71665.29,0.4,43523.3,36,9.04,655,3,1,4587.27,0,0.607313526534254,27.119999999999997
50,15000.0,5.8,9552.81,36,11.41,527,0,0,935.4,0,0.6368539999999999,34.230000000000004
50,54855.61,12.0,9333.55,48,8.24,696,3,0,4342.39,0,0.1701475929262294,32.96
54,15000.0,0.8,5005.38,24,9.43,599,3,1,1020.34,0,0.333692,18.86
23,28048.76,4.1,7088.44,48,6.0,832,3,1,2170.92,1,0.2527184802465421,24.0
27,34788.56,1.7,14749.16,36,8.26,671,3,0,2435.09,0,0.4239658094500031,24.78
55,71114.22,6.6,15039.34,48,8.12,655,4,0,5558.18,0,0.21148147304435033,32.48
26,28227.9,8.7,3399.4,36,10.64,561,0,1,2241.61,0,0.12042695347510796,31.92
41,33574.14,1.9,27185.4,36,9.32,637,2,0,1929.3,0,0.8097124751371145,27.96
34,47713.13,1.2,3354.86,12,9.8,608,4,0,3681.46,0,0.07031314021947419,9.8
43,15000.0,10.4,9823.04,12,6.09,782,4,0,404.16,0,0.6548693333333334,6.09
41,83223.67,6.1,7852.47,36,11.76,515,0,0,6675.39,1,0.09435380583432575,35.28
36,64016.96,3.7,57521.34,60,11.78,517,4,0,4061.6,0,0.8985328263010302,58.9
51,36462.86,2.1,19791.97,12,10.94,529,1,0,1289.88,0,0.5427980690488897,10.94
35,60219.23,6.6,4925.5,24,10.71,589,3,1,4789.37,1,0.08179280937335133,21.42
42,84618.48,1.9,14635.82,48,6.28,762,3,0,6705.94,0,0.17296245453711767,25.12
26,19678.33,0.4,6844.86,36,8.39,701,2,0,1424.13,0,0.3478374435229005,25.17
18,54861.04,0.1,9778.02,24,11.98,522,1,0,4111.56,1,0.1782324943165496,23.96
31,29870.48,10.0,7976.93,36,11.9,488,4,0,2224.64,0,0.26705061318063855,35.7
32,52260.86,2.7,6262.98,48,10.86,529,2,0,4193.63,0,0.11984073740845443,43.44
36,64396.83,6.0,21888.65,24,10.65,549,3,2,4349.77,0,0.33990260079572243,21.3
53,161061.68,1.0,7907.67,12,9.64,641,2,0,12727.92,0,0.04909715333901894,9.64
57,15000.0,3.6,12020.57,24,9.47,651,4,0,698.25,0,0.8013713333333333,18.94
47,17626.35,1.5,11067.39,48,12.59,442,1,1,1174.2,0,0.6278889276566051,50.36
34,49573.63,3.0,3563.9,60,9.91,647,1,0,4055.57,1,0.07189104368592739,49.55
25,112347.41,32.1,17340.79,48,7.46,727,3,0,8943.33,0,0.15434970864036832,29.84
37,282440.79,4.0,15692.42,48,10.52,537,4,0,23134.8,0,0.05556003437038964,42.08
30,44628.07,1.3,29224.81,48,12.31,503,5,0,2944.95,0,0.6548526521536782,49.24
23,24303.39,7.1,5216.77,36,7.33,696,14,0,1863.42,0,0.21465194773239454,21.990000000000002
18,38551.13,5.6,2770.63,36,10.55,570,3,0,3122.48,1,0.07186896985898987,31.650000000000002
48,15000.0,7.6,11145.03,48,6.63,730,3,2,985.03,0,0.743002,26.52
37,75438.29,10.0,33462.24,48,10.62,578,3,1,5427.84,0,0.4435710300432314,42.48
18,24485.67,1.9,8677.24,48,10.38,577,2,0,1818.81,1,0.35438033756070386,41.52
20,119243.28,1.4,16107.3,60,7.38,748,2,0,9615.1,0,0.13507931012967775,36.9
35,64500.31,6.7,13898.42,24,9.92,605,1,1,4734.2,0,0.21547834421260922,19.84
40,32365.23,0.3,11461.96,24,8.72,725,2,0,2174.94,0,0.35414424677346645,17.44
26,37574.0,11.6,3919.21,48,9.11,604,2,1,3033.43,0,0.10430643530100601,36.44
52,15000.0,2.6,9415.31,60,8.56,659,2,0,1056.56,0,0.6276873333333333,42.800000000000004
40,18846.07,0.2,7321.32,36,9.74,653,4,1,1335.16,0,0.3884799324209238,29.22
39,39872.8,0.3,36120.07,48,7.89,707,4,0,2442.8,0,0.9058824562107501,31.56
33,26569.55,2.7,19713.43,48,9.93,599,3,0,1714.81,1,0.7419557350425582,39.72
28,99811.67,8.4,58967.91,48,7.43,757,6,0,6893.79,0,0.5907917380803267,29.72
46,73597.95,4.5,19412.02,24,7.4,693,2,0,5260.51,0,0.2637576182488779,14.8
30,62557.74,5.6,9809.65,48,7.65,689,0,0,4975.27,0,0.1568095330809585,30.6
56,64787.13,1.2,42147.34,36,7.06,739,3,1,4096.38,0,0.6505511202610765,21.18
35,28348.98,1.0,45078.9,36,8.89,652,3,0,931.23,0,1.5901418675380914,26.67
39,120404.89,5.4,7639.81,48,11.95,503,3,0,9832.74,0,0.06345099439067634,47.8
36,15000.0,0.3,14877.73,60,7.37,751,3,1,952.8,0,0.9918486666666666,36.85
30,23403.39,2.2,7201.82,36,9.04,710,4,1,1721.13,0,0.30772550472388827,27.119999999999997
35,90196.14,7.1,16745.17,48,6.9,743,2,0,7116.14,0,0.18565284501088403,27.6
51,42533.68,1.7,15468.97,48,6.7,751,3,0,3176.2,0,0.3636875530168093,26.8
35,38112.69,7.5,10889.43,12,4.47,850,3,0,2246.48,0,0.2857166471324905,4.47
30,52376.43,0.6,54770.17,24,8.42,686,6,2,1877.09,0,1.0457026185251648,16.84
31,20300.12,12.2,8635.15,48,7.11,730,1,0,1484.46,1,0.425374332762565,28.44
25,141564.24,0.3,14785.41,12,9.85,595,5,0,10498.18,0,0.10444311359987522,9.85
37,25643.96,1.5,13696.06,60,10.78,559,2,0,1840.71,1,0.5340852192875047,53.9
32,44472.03,2.9,43694.35,24,6.36,735,3,0,1762.35,0,0.9825130537103883,12.72
29,27969.19,0.9,13469.11,36,8.03,677,2,1,1908.51,1,0.48156954134174074,24.089999999999996
25,15000.0,0.9,44095.85,48,7.24,729,4,0,189.15,0,2.9397233333333332,28.96
38,94534.74,5.0,8487.7,12,9.68,637,1,0,7132.95,0,0.08978392493595476,9.68
18,39022.1,22.3,11142.33,12,7.0,711,4,0,2287.73,0,0.2855389638179391,7.0
18,62020.47,7.9,18395.06,48,6.36,793,1,0,4733.32,0,0.29659659141570516,25.44
38,29301.23,2.4,8837.05,48,9.94,573,5,0,2217.89,1,0.3015931413118152,39.76
25,142393.6,1.0,7902.12,36,6.54,772,2,0,11623.8,0,0.05549490988359027,19.62
31,25801.41,19.2,18361.63,48,6.07,791,3,1,1718.3,0,0.7116521926514869,24.28
27,52777.7,1.9,2481.56,12,8.7,665,1,0,4181.47,0,0.04701910087025392,8.7
32,53133.23,9.3,36298.62,60,9.31,632,3,0,3668.8,0,0.6831623072792676,46.550000000000004
32,56239.38,7.1,9085.83,36,10.09,586,5,1,4393.06,0,0.16155636850904118,30.27
18,35256.75,1.7,38902.58,36,12.94,481,0,2,1628.41,1,1.1034079998865467,38.82
18,23255.31,2.7,13453.82,60,8.19,690,1,0,1663.92,1,0.578526796675684,40.949999999999996
48,37621.45,2.6,80619.71,60,6.48,758,5,0,1558.46,1,2.1429187338606037,32.400000000000006
39,16388.17,17.9,19837.3,12,12.6,478,1,2,-402.41,1,1.210464621736289,12.6
18,62881.0,2.0,3687.64,24,8.48,704,5,1,5072.49,1,0.0586447416548719,16.96
28,86371.81,0.7,26590.0,48,11.67,533,5,0,6501.74,0,0.30785507447395166,46.68
44,53803.91,2.3,30167.04,48,7.17,733,1,0,3758.89,0,0.560684901896535,28.68
37,164398.91,0.8,12490.81,48,7.68,697,5,0,13396.84,0,0.07597866676853271,30.72
24,24532.47,6.1,9430.88,36,10.58,592,1,0,1737.49,1,0.3844243975433374,31.740000000000002
21,55993.42,8.5,16558.87,24,7.51,710,2,1,3920.9,1,0.2957288552833529,15.02
37,33686.66,3.0,2892.6,48,7.5,727,3,1,2737.28,0,0.08586781829958802,30.0
46,20392.12,0.7,23400.82,36,8.54,678,3,0,960.2,0,1.1475422859418247,25.619999999999997
39,15000.0,2.7,51427.7,24,10.13,636,2,1,-1126.21,1,3.428513333333333,20.26
35,25200.8,7.6,1030.01,36,11.15,544,3,1,2066.27,1,0.04087211517094695,33.45
31,51513.04,4.2,10900.07,36,6.76,765,3,0,3957.39,0,0.2115982671572091,20.28
18,56817.5,0.2,12077.01,24,6.81,766,1,0,4195.11,0,0.21255792669512036,13.62
32,22888.76,4.7,24298.09,36,5.98,808,3,1,1168.42,0,1.061573016624754,17.94
46,30711.16,1.0,10407.64,48,10.21,575,3,1,2294.25,0,0.338887883101778,40.84
26,20076.32,8.2,16644.65,24,10.76,562,4,0,899.11,1,0.8290687735600948,21.52
32,30660.41,4.3,6038.48,12,8.35,683,2,1,2028.78,0,0.1969471380193546,8.35
18,58602.51,2.5,12837.18,36,6.57,762,4,1,4489.69,0,0.21905512238298325,19.71
36,58682.15,5.7,20993.67,36,9.81,589,3,1,4214.64,0,0.357752229596223,29.43
32,15000.0,3.1,27212.68,60,7.87,699,4,0,699.92,0,1.8141786666666666,39.35
42,28256.75,2.2,33779.13,48,8.22,692,2,0,1526.59,0,1.1954357808311287,32.88
34,15000.0,4.1,13853.34,24,10.05,616,6,0,610.42,1,0.923556,20.1
21,31629.69,0.2,13211.21,36,6.39,739,4,0,2231.56,1,0.4176838280741923,19.169999999999998
42,15000.0,0.9,18251.25,24,8.61,692,4,1,419.46,0,1.21675,17.22
35,15000.0,8.8,1522.21,48,9.68,625,4,0,1211.63,0,0.10148066666666666,38.72
25,49998.06,15.3,10675.06,36,6.06,724,2,0,3841.46,1,0.2135094841679857,18.18
30,15881.39,0.0,27313.69,48,9.16,660,4,0,641.67,0,1.7198551260311596,36.64
27,20685.55,3.9,9459.39,12,9.66,636,5,0,893.66,0,0.4572945848672141,9.66
51,25482.25,2.5,13841.89,48,5.55,829,2,1,1801.29,0,0.5431973236272307,22.2
27,16957.18,2.4,7829.91,36,10.58,553,3,1,1158.31,0,0.4617459978604933,31.740000000000002
20,94499.55,3.6,17584.33,24,8.07,705,2,0,7079.11,1,0.1860784522254339,16.14
47,33117.26,28.2,24945.15,36,9.72,591,3,0,1958.14,1,0.7532371337483837,29.160000000000004
41,20275.63,0.9,4144.52,36,9.02,635,6,1,1557.8,0,0.20440893821794934,27.06
28,47766.79,7.7,17931.62,36,10.6,603,4,1,3396.9,0,0.37539930985523623,31.799999999999997
44,15000.0,13.8,11951.76,36,11.58,512,3,0,855.42,0,0.796784,34.74
38,22515.19,2.0,2726.91,24,9.72,621,5,0,1750.78,0,0.12111423443461947,19.44
51,25204.13,11.0,7762.73,48,9.02,583,3,0,1907.1,1,0.3079943644156731,36.08
37,15586.92,4.8,35666.5,48,8.67,655,4,0,416.93,0,2.2882326976721505,34.68
36,25293.52,5.4,9383.39,48,6.32,790,4,0,1886.05,0,0.37097999803902343,25.28
32,50483.41,1.3,23975.74,12,12.37,489,3,0,2072.58,0,0.47492314802031005,12.37
41,21680.51,7.1,27963.9,48,9.67,632,3,1,1101.9,1,1.2898174443313375,38.68
29,42106.88,0.7,4117.51,36,7.62,722,4,0,3380.6,0,0.09778710747507297,22.86
37,58186.01,5.2,5312.47,12,10.98,535,3,0,4379.36,0,0.0913015001372323,10.98
46,18554.2,0.1,13548.71,48,10.16,620,7,0,1201.51,1,0.7302233456575868,40.64
29,104602.84,2.5,3737.96,36,7.84,694,1,0,8600.04,0,0.035734785021133274,23.52
38,39033.76,3.1,78384.72,60,9.53,622,0,1,1605.44,1,2.00812629887564,47.65
27,30746.46,2.0,18032.32,24,8.71,685,2,0,1740.8,0,0.586484427800794,17.42
32,58594.16,8.6,37318.43,36,11.76,506,3,0,3647.61,0,0.6368967487544833,35.28
51,41508.21,5.0,20303.29,36,5.74,787,3,0,2843.74,0,0.48913913657081337,17.22
40,18145.25,0.2,10297.12,24,5.36,850,1,0,1058.69,0,0.5674829500833551,10.72
37,41468.6,3.4,12902.55,60,6.92,747,7,0,3200.72,0,0.3111402362269283,34.6
36,18787.11,0.7,11941.89,48,7.78,700,3,1,1275.29,0,0.6356427358971124,31.12
33,109365.86,8.6,4865.49,36,5.19,850,1,0,8967.58,0,0.04448819768801708,15.57
57,54895.64,3.4,11575.57,60,9.59,590,2,0,4331.02,1,0.21086501587375608,47.95
44,27670.22,11.7,7569.05,48,11.4,552,4,0,2108.75,0,0.2735449880774349,45.6
27,16039.7,10.4,39565.5,24,9.55,604,5,0,-480.9,0,2.4667231930771774,19.1
30,43994.82,1.2,25552.37,24,9.27,606,2,0,2495.71,0,0.5808040582959539,18.54
31,29166.82,0.4,9116.18,12,8.61,663,5,0,1634.99,0,0.3125530997208472,8.61
22,41224.11,1.8,18093.86,48,11.98,504,2,0,2959.04,0,0.4389145090094122,47.92
32,62146.91,6.1,10872.01,60,10.2,610,1,0,4946.84,1,0.17494047572115815,51.0
31,34036.22,1.1,20499.76,24,8.85,665,5,1,1901.24,0,0.602292498990781,17.7
30,55013.6,0.6,16991.7,24,10.46,593,4,1,3796.77,0,0.3088636264487327,20.92
28,66228.18,1.9,27137.52,24,9.92,589,1,1,4267.76,0,0.4097579006398787,19.84
33,43118.36,5.3,19202.22,36,7.23,738,3,0,2998.27,0,0.4453374386224337,21.69
39,52027.44,2.9,14372.28,48,9.93,590,1,0,3971.58,0,0.27624422804581583,39.72
44,43441.09,11.4,10410.41,60,6.17,783,4,0,3418.0,0,0.23964430910918674,30.85
34,28204.56,0.2,24601.5,12,10.29,624,1,1,184.2,0,0.8722525719245399,10.29
23,94323.17,2.5,3584.66,60,13.44,490,5,0,7777.89,1,0.03800402382574716,67.2
18,23507.34,0.4,4777.91,48,10.44,585,4,0,1836.75,1,0.20325183538418212,41.76
48,20045.64,24.4,9171.6,48,7.45,718,3,0,1448.92,0,0.4575359030691961,29.8
41,41285.61,2.2,66827.03,36,11.58,582,1,0,1234.24,1,1.6186518741033498,34.74
54,21392.96,0.3,6451.06,24,9.19,677,3,0,1487.47,0,0.3015506035630413,18.38
18,16103.21,1.2,2386.82,60,7.11,743,2,0,1294.55,1,0.14822013747569585,35.550000000000004
40,15000.0,1.9,9988.46,36,7.57,689,5,1,938.98,0,0.6658973333333332,22.71
39,42818.35,13.8,6269.23,48,10.56,562,5,0,3407.5,0,0.14641456291519875,42.24
25,126651.08,4.9,16893.56,48,8.7,653,1,2,10136.26,0,0.1333866241014289,34.8
31,15000.0,3.4,29486.38,36,6.05,828,1,0,352.3,1,1.9657586666666667,18.15
32,27377.72,5.5,40241.67,48,9.1,660,3,0,1278.15,0,1.4698692951787071,36.4
34,28061.87,0.1,28644.1,48,11.51,507,3,0,1591.05,1,1.02074808271865,46.04
40,85583.44,0.0,3925.29,48,10.55,587,0,2,7031.36,0,0.04586506454987086,42.2
28,53036.5,2.1,6716.89,48,5.25,835,2,0,4264.26,0,0.1266465547311757,21.0
47,32485.81,0.5,8228.45,12,8.88,671,0,0,1988.02,0,0.2532936688357163,8.88
32,65254.26,8.2,21452.3,36,9.59,613,0,0,4749.77,0,0.32874941804565705,28.77
31,43026.48,5.6,5223.42,24,9.56,638,3,0,3345.56,0,0.12140012383072005,19.12
33,39013.68,1.4,32662.41,36,10.39,611,2,0,2191.22,0,0.8372040268951814,31.17
38,40281.2,0.5,20793.24,48,8.72,701,1,0,2842.09,0,0.5162020992423265,34.88
22,15000.0,4.9,8786.27,48,8.45,678,3,0,1033.64,1,0.5857513333333334,33.8
47,17783.42,9.4,5526.96,48,7.48,731,2,1,1348.37,0,0.31079286211538615,29.92
30,18437.92,13.4,6253.6,36,10.05,641,2,1,1334.56,0,0.3391705788939317,30.150000000000002
28,102775.88,5.6,9302.91,48,11.97,499,3,0,8319.81,0,0.09051647137441196,47.88
34,22711.34,1.2,12794.08,36,8.86,634,4,0,1486.6,0,0.5633344399758007,26.58
38,74251.09,6.7,7939.55,12,12.62,475,7,1,5479.87,1,0.10692839660670302,12.62
18,22434.21,5.5,15655.54,48,10.77,592,3,0,1466.64,0,0.6978422685710797,43.08
32,15000.0,2.7,21414.21,24,11.32,474,3,0,248.75,0,1.427614,22.64
35,46959.46,13.0,14338.36,36,8.23,676,4,0,3462.45,0,0.30533485691700885,24.69
38,60776.51,2.7,29968.46,36,11.94,505,2,0,4070.19,0,0.4930928083892938,35.82
41,50776.72,5.6,13222.65,36,13.86,383,4,0,3780.37,1,0.26040772227902864,41.58
33,68515.1,12.0,18418.39,48,7.02,748,1,0,5268.37,0,0.26882234719061926,28.08
25,136432.91,12.3,9881.36,36,6.93,716,5,0,11064.62,1,0.07242651351495764,20.79
45,35565.71,1.6,10507.12,24,7.83,682,5,0,2489.42,0,0.2954283775018129,15.66
45,21487.64,1.9,1135.79,60,8.28,707,4,0,1767.45,0,0.0528578289658613,41.4
21,67988.62,3.3,11420.9,12,7.47,703,5,1,4675.03,0,0.167982524134186,7.47
35,51231.54,3.5,19946.67,24,7.08,760,2,0,3375.51,0,0.3893435567230655,14.16
36,47709.86,10.8,26887.02,60,8.59,653,3,0,3423.03,0,0.5635526912047112,42.95
28,53444.86,2.6,9689.76,12,13.16,467,4,0,3587.55,1,0.1813038709428746,13.16
37,15000.0,2.3,39760.62,48,6.85,749,1,0,300.65,1,2.6507080000000003,27.4
27,29642.92,8.1,13114.75,12,6.8,779,4,0,1336.68,0,0.4424243630519531,6.8
18,73470.35,6.4,14925.15,60,9.58,633,4,0,5808.49,0,0.2031452143619841,47.9
40,21974.82,4.6,18926.44,12,7.73,699,3,0,187.22,1,0.8612784996646161,7.73
31,21188.31,9.4,14065.65,48,9.24,642,2,0,1414.06,0,0.6638401080595856,36.96
35,26781.41,2.0,36873.06,12,8.77,635,6,0,-988.89,0,1.3768154850696808,8.77
35,206674.6,12.3,5046.53,36,11.44,552,3,0,17056.61,1,0.024417756221616006,34.32
21,51063.24,1.5,40468.86,48,12.4,505,6,0,3181.6,1,0.792524328655996,49.6
31,15000.0,3.1,14154.91,48,9.23,638,1,1,896.21,0,0.9436606666666667,36.92
43,28051.06,1.8,15185.52,36,6.65,746,5,0,1871.13,0,0.5413528044929496,19.950000000000003
31,67889.27,0.5,34654.63,48,5.58,829,4,2,4850.23,1,0.5104581327800402,22.32
24,58734.3,0.6,12115.48,24,7.69,691,4,0,4348.29,0,0.2062760601556501,15.38
46,40229.28,9.9,8797.64,36,12.79,442,2,1,3056.9,0,0.21868748334546378,38.37
30,16636.05,12.7,9035.04,24,12.31,446,3,0,959.72,0,0.5431000748374765,24.62
49,33203.22,5.5,4594.3,60,11.02,549,1,1,2667.0,1,0.1383691099839112,55.099999999999994
27,29845.88,10.5,47895.66,24,9.33,640,3,0,291.8,0,1.6047662189890197,18.66
44,22540.16,3.7,9302.12,36,9.78,609,5,0,1579.15,0,0.4126909480678044,29.339999999999996
31,85791.97,10.3,18624.9,36,9.91,617,3,0,6549.14,0,0.21709374432129255,29.73
18,83444.12,3.2,17718.82,36,10.17,594,3,1,6380.52,0,0.2123435420015215,30.509999999999998
32,60509.69,0.4,14075.35,36,8.6,688,2,1,4597.5,0,0.2326131566696177,25.799999999999997
35,62856.65,14.5,40168.22,24,10.14,591,2,0,3381.9,1,0.6390448743291283,20.28
29,15000.0,1.5,15046.2,24,5.78,787,1,2,584.63,0,1.00308,11.56
24,45974.05,0.4,6610.95,24,7.45,689,8,0,3533.83,0,0.14379742485162825,14.9
29,42091.9,5.7,16218.95,48,8.03,661,5,1,3111.48,0,0.38532235418215854,32.12
47,28387.05,10.6,4866.7,36,5.59,850,0,0,2218.44,0,0.17144085066958348,16.77
37,24279.06,5.0,26776.59,48,9.95,577,2,0,1344.77,0,1.1028676563260686,39.8
19,22855.76,3.1,32022.37,12,8.84,665,3,0,-893.38,1,1.4010634518388363,8.84
34,43172.54,12.6,28508.17,36,9.75,585,2,1,2681.18,1,0.6603310808212812,29.25
39,90531.95,3.1,7136.98,36,4.57,850,2,0,7331.8,0,0.07883382606913912,13.71
30,154789.27,1.7,3464.7,36,13.41,442,1,0,12781.68,0,0.022383334452058597,40.230000000000004
59,130050.09,9.9,59274.55,24,10.44,595,3,0,8090.23,0,0.4557824604350524,20.88
35,27663.3,0.8,8890.9,36,9.06,665,3,0,2022.3,1,0.3213969410735523,27.18
43,65346.4,1.5,12718.89,36,10.68,587,5,0,5031.06,0,0.19463796016306942,32.04
36,32790.98,2.6,9532.08,36,7.87,713,3,0,2434.45,0,0.29069213545920247,23.61
39,30553.17,5.9,13940.34,24,7.49,719,4,0,1918.85,0,0.4562649309384264,14.98
40,91303.2,0.1,6608.63,36,5.99,827,1,0,7407.58,0,0.07238114326770584,17.97
46,47655.36,1.9,10730.52,48,8.5,693,4,0,3706.79,0,0.22516921496343748,34.0
41,33910.34,8.4,12139.56,48,5.56,829,2,0,2543.21,0,0.35798992283769493,22.24
36,39029.6,5.6,11505.19,12,10.13,610,2,0,2240.28,0,0.29478114046774756,10.13
42,79423.83,8.1,11682.84,12,6.48,767,2,0,5610.57,0,0.14709489582660518,6.48
30,15000.0,5.5,2799.25,12,6.02,826,1,1,1009.05,0,0.18661666666666665,6.02
42,31254.78,16.7,20264.0,48,9.34,651,2,0,2097.02,0,0.648348828563183,37.36
59,41436.5,1.9,21797.68,48,7.43,726,3,0,2926.71,0,0.5260502214231414,29.72
43,77093.43,4.0,2939.85,60,9.71,600,2,0,6362.41,0,0.0381335997114151,48.550000000000004
38,137390.47,9.4,2181.05,12,9.73,623,4,0,11257.73,0,0.01587482741706903,9.73
41,161539.1,1.0,4567.11,12,12.38,433,2,0,13055.0,0,0.02827247397069811,12.38
39,22913.26,11.8,33197.77,12,7.14,736,6,0,-965.2,0,1.4488453410819762,7.14
41,29952.63,4.2,6855.0,36,7.82,724,1,1,2281.81,0,0.22886137210655624,23.46
49,194447.36,0.1,3510.59,36,11.04,546,2,0,16088.95,0,0.01805419214742746,33.12
26,42288.03,5.2,31522.72,24,6.95,695,5,2,2113.36,0,0.7454289074236847,13.9
51,60414.58,5.0,2739.4,24,5.28,804,2,0,4914.02,0,0.04534335916926013,10.56
26,26077.41,0.1,24343.04,24,9.45,630,7,0,1055.98,0,0.9334914778729944,18.9
20,27631.55,11.7,27046.99,24,9.44,602,2,0,1061.53,1,0.9788444730751623,18.88
36,41397.31,8.6,5164.61,36,9.67,634,4,0,3283.93,0,0.12475714001706874,29.009999999999998
39,33289.23,4.1,3557.53,12,7.67,716,1,0,2465.18,0,0.1068672961194957,7.67
23,101187.5,1.9,7257.9,36,11.63,531,3,0,8192.51,1,0.07172723903644225,34.89
27,49706.41,4.0,4803.21,12,6.47,736,8,1,3727.77,0,0.09663160143731965,6.47
63,21083.76,0.4,34438.66,36,8.16,689,4,0,675.25,0,1.6334211734529327,24.48
31,22189.71,8.7,13326.95,48,10.09,637,5,1,1510.56,1,0.6005914453140668,40.36
53,15000.0,11.0,20613.05,48,6.62,751,3,2,760.02,0,1.3742033333333332,26.48
38,27465.35,15.2,15239.71,48,10.65,606,1,0,1897.49,0,0.5548704094431711,42.6
45,113292.84,4.1,12215.93,36,5.23,850,3,1,9073.68,0,0.10782614329378627,15.690000000000001
32,15000.0,7.5,23174.2,48,5.41,796,8,0,712.0,0,1.5449466666666667,21.64
24,38401.5,6.2,10442.45,36,13.61,471,10,0,2845.2,1,0.27192817988880646,40.83
41,59573.99,1.7,25556.14,36,11.54,539,1,1,4121.27,0,0.42898150686230685,34.62
35,25334.14,0.9,12704.77,48,11.13,562,0,2,1782.01,1,0.5014881105101654,44.52
35,45089.14,0.1,13239.79,48,4.86,807,3,0,3453.36,0,0.29363589547283453,19.44
34,60856.24,2.8,7236.1,24,9.78,573,3,1,4738.18,1,0.11890481567707765,19.56
37,63160.37,1.1,3971.56,12,8.0,715,4,0,4917.88,0,0.06288056893903567,8.0
19,45571.69,4.3,12766.17,24,10.67,546,2,0,3204.59,1,0.28013378481245704,21.34
25,66040.41,8.7,30133.14,24,8.26,675,1,0,4136.95,0,0.4562833574170723,16.52
22,28946.76,6.2,5089.63,48,5.04,833,8,0,2294.93,0,0.17582727738786658,20.16
29,48895.65,5.4,16801.06,24,8.06,664,2,0,3314.31,0,0.3436105256807099,16.12
41,32385.19,6.0,12475.92,48,12.25,502,3,0,2368.69,1,0.385235349862082,49.0
33,23531.38,4.7,2678.96,48,9.94,603,0,0,1893.08,0,0.11384627675894911,39.76
59,41243.42,22.4,1801.59,36,5.69,850,2,1,3382.4,1,0.04368187701213915,17.07
51,28911.15,1.3,6755.83,60,8.46,671,1,0,2270.79,0,0.2336755888299151,42.300000000000004
45,183920.96,0.7,23709.9,24,9.24,614,1,0,14240.95,0,0.1289135289419977,18.48
29,122581.74,1.8,18491.65,48,11.71,534,8,0,9730.82,0,0.15085158686766886,46.84
40,40031.34,1.8,11766.58,48,11.52,539,5,0,3028.85,0,0.2939342025523003,46.08
21,32237.29,0.5,6366.5,48,12.01,538,4,0,2518.76,1,0.1974886846878258,48.04
58,36689.99,6.6,5153.45,12,7.91,654,3,0,2609.42,0,0.14045929148522526,7.91
22,99505.46,1.1,13395.19,36,8.28,710,0,0,7870.63,0,0.134617638067298,24.839999999999996
38,19187.24,5.0,23330.35,48,7.37,766,2,0,1036.25,1,1.215930482966805,29.48
42,53505.47,0.3,23465.51,60,11.73,581,3,0,3940.01,0,0.4385628235767296,58.650000000000006
33,21544.7,0.6,25070.43,36,7.54,694,5,0,1015.08,0,1.163647207897998,22.62
40,15000.0,0.4,5356.65,36,10.35,577,2,1,1076.27,0,0.35711,31.049999999999997
31,40959.73,6.7,10651.06,60,8.42,695,7,0,3195.2,1,0.26003735864469807,42.1
28,15138.28,2.7,5704.43,36,13.21,457,6,1,1068.74,0,0.37682154115262767,39.63
30,24387.35,3.9,6563.37,60,11.36,548,4,0,1888.39,1,0.2691301022866363,56.8
38,21750.72,0.7,27173.87,36,9.76,615,4,0,938.79,0,1.2493319761368817,29.28
18,15000.0,2.0,69123.76,36,12.26,546,1,0,-1054.49,1,4.608250666666667,36.78
26,15000.0,8.8,10780.36,36,6.32,850,3,0,920.48,0,0.7186906666666667,18.96
39,24443.34,9.4,30051.23,36,7.27,708,0,0,1105.34,0,1.2294240476137877,21.81
54,32902.01,0.8,12848.48,48,7.95,682,2,0,2428.47,0,0.390507449240943,31.8
27,38263.04,0.5,29426.63,36,6.14,796,0,0,2291.5,0,0.7690614755126618,18.419999999999998
30,15000.0,11.6,21503.21,24,14.39,369,4,0,213.6,1,1.4335473333333333,28.78
51,28197.12,3.0,4597.4,48,7.98,693,0,0,2237.57,0,0.1630450202006446,31.92
44,31052.4,2.9,6344.46,24,6.9,746,1,1,2303.93,0,0.20431464234648528,13.8
42,15000.0,2.8,2477.9,24,8.45,698,3,0,1137.42,0,0.16519333333333333,16.9
40,35005.56,3.7,17274.63,12,8.41,627,2,0,1411.16,0,0.4934824639285874,8.41
41,53422.05,2.2,14555.87,36,9.77,600,5,3,3983.73,0,0.27246932680419417,29.31
46,15000.0,8.7,15633.34,48,8.62,679,1,0,863.78,0,1.0422226666666667,34.48
39,21605.98,1.4,14738.77,36,10.93,540,3,0,1318.46,0,0.6821616052592847,32.79
18,57092.28,1.3,23517.05,24,11.58,606,5,1,3655.27,0,0.41191295916015264,23.16
50,32949.1,8.2,29505.42,36,13.08,478,3,1,1750.47,0,0.8954848539110325,39.24
39,25099.65,0.9,15389.95,48,8.35,704,6,1,1713.39,0,0.6131539682824262,33.4
18,39806.22,0.4,43137.51,36,11.38,574,4,1,1897.14,0,1.083687674941253,34.14
35,25315.48,7.0,9989.77,48,10.81,564,2,1,1852.35,0,0.3946111233126925,43.24
34,44196.57,0.3,87805.92,48,8.49,651,6,0,1519.2,0,1.9867134485775706,33.96
30,29572.44,5.0,41766.5,48,10.53,585,2,1,1394.4,1,1.4123454134998668,42.12
41,76557.5,3.8,11529.54,24,11.5,563,2,0,5839.74,0,0.1505997452894883,23.0
38,19840.93,6.4,13673.5,48,8.6,689,2,1,1315.74,0,0.6891562038674598,34.4
40,32737.45,4.3,10402.8,60,8.22,688,1,0,2516.09,0,0.31776451739521555,41.1
46,15000.0,9.4,13576.54,24,11.25,530,1,0,615.65,0,0.9051026666666667,22.5
24,35918.88,0.2,77709.99,36,10.07,647,1,0,483.2,0,2.1634858882014143,30.21
39,15000.0,13.5,9074.32,48,7.19,709,2,0,1031.9,1,0.6049546666666666,28.76
32,35506.46,7.8,11967.69,36,8.43,692,0,0,2581.47,0,0.33705669334537997,25.29
49,74474.34,3.1,14428.59,36,4.3,846,4,0,5778.28,0,0.19373907845306182,12.899999999999999
19,26663.1,24.2,5152.71,48,7.78,737,2,0,2096.66,0,0.19325247251819933,31.12
34,62001.31,8.0,28455.45,36,8.52,631,0,1,4268.24,0,0.4589491738158436,25.56
30,295977.53,0.1,17500.3,48,7.45,712,3,0,24242.06,0,0.05912712360293026,29.8
25,40779.33,4.4,23742.0,60,7.16,686,4,0,2926.36,0,0.582206720904929,35.8
30,50537.34,1.3,7250.98,24,7.59,719,3,0,3884.86,0,0.14347767413164206,15.18
43,67248.49,0.1,24457.36,24,10.94,513,1,0,4464.82,0,0.36368638165704537,21.88
27,25471.29,3.1,35697.05,48,8.02,674,1,0,1250.8,0,1.4014621952794697,32.08
24,55600.32,4.7,18297.31,48,6.61,750,5,0,4198.51,0,0.32908641532998373,26.44
47,15000.0,12.9,27668.83,48,11.48,527,2,0,528.42,0,1.8445886666666669,45.92
30,40049.64,7.1,36451.02,48,7.13,715,8,2,2462.4,0,0.9101460088030753,28.52
31,31223.26,0.4,9285.53,36,7.57,758,2,0,2312.8,0,0.2973914319004486,22.71
35,60836.76,6.0,20577.1,48,9.71,663,4,0,4550.7,0,0.3382346462895131,38.84
39,24929.71,1.6,9068.0,36,10.54,560,2,0,1782.57,0,0.3637426989724309,31.619999999999997
29,62176.72,0.1,16622.57,36,5.06,808,3,0,4682.75,0,0.2673439512409146,15.18
59,70392.93,0.7,83126.5,36,11.99,502,4,0,3105.49,0,1.1808927402226332,35.97
49,70074.93,7.8,42114.72,60,8.12,689,4,1,4983.22,1,0.6009955343515863,40.599999999999994
37,15000.0,11.2,14344.6,36,9.68,634,0,0,789.29,0,0.9563066666666666,29.04
25,30574.03,2.9,17472.6,36,8.17,700,3,1,1998.94,0,0.5714850152237045,24.509999999999998
27,58325.02,3.3,83902.33,36,10.63,564,4,0,2128.24,1,1.4385306683135302,31.89
26,118399.32,6.8,24492.21,36,9.76,623,3,0,9079.07,0,0.20686106981019822,29.28
33,35588.18,3.2,22124.14,12,5.26,790,3,0,1069.05,1,0.6216710154888505,5.26
35,15000.0,5.9,6362.53,36,10.25,580,2,0,1043.95,1,0.42416866666666664,30.75
41,49047.55,5.8,18916.7,48,9.34,664,7,0,3613.49,0,0.3856808342108831,37.36
31,121974.91,5.7,10516.68,12,10.46,639,2,0,9237.74,0,0.08622002672516832,10.46
31,23593.58,14.4,27630.99,36,6.68,752,4,0,1117.0,0,1.1711232462390193,20.04
30,89656.1,4.4,9814.12,48,5.56,756,1,0,7242.83,0,0.10946405208346113,22.24
36,24364.06,6.2,11596.1,24,9.44,606,6,0,1498.23,0,0.4759510524928932,18.88
50,66724.13,7.7,12081.94,48,6.44,790,2,0,5274.16,1,0.18107302410687107,25.76
56,17648.79,5.9,10439.2,24,6.61,735,6,0,1005.19,0,0.5914966408461997,13.22
34,31979.08,1.2,13614.13,36,9.37,605,2,0,2229.65,0,0.4257198768695034,28.11
49,78454.57,1.9,2626.06,36,10.15,531,4,1,6452.96,0,0.03347236496229601,30.450000000000003
43,44391.56,1.7,97059.25,48,7.18,752,1,0,1366.98,0,2.186434763725357,28.72
41,79268.11,0.1,6167.17,36,7.67,725,3,1,6413.36,0,0.07780140084076687,23.009999999999998
37,70258.36,1.7,6360.25,60,8.59,658,1,0,5724.1,0,0.09052659356125022,42.95
29,19189.22,2.6,5169.77,48,8.33,655,1,0,1472.09,0,0.26941011672178444,33.32
35,38723.55,3.4,3683.08,60,13.63,466,8,1,3141.97,0,0.09511214751746676,68.15
38,162821.76,3.6,27328.04,48,10.39,579,4,1,12870.24,0,0.16784021988215825,41.56
38,24594.69,3.8,16189.65,60,9.67,652,3,1,1708.2,1,0.6582579410433715,48.35
18,28430.3,15.3,6395.06,60,7.42,696,3,0,2241.29,0,0.22493818215073358,37.1
26,45658.85,10.0,14550.66,24,7.99,667,2,0,3146.88,0,0.31868213938809237,15.98
48,65886.44,4.2,9687.24,12,8.77,641,1,0,4644.41,0,0.14702934321538697,8.77
42,76733.49,6.6,50063.6,24,9.04,605,1,0,4106.4,1,0.6524348104067728,18.08
35,52667.8,9.2,13862.32,48,6.23,850,1,1,4061.96,0,0.2632029437341222,24.92
21,47866.28,0.9,40379.1,36,9.83,598,2,0,2689.16,1,0.8435813269800787,29.490000000000002
28,15000.0,1.0,3075.82,24,5.29,834,5,0,1114.66,0,0.2050546666666667,10.58
41,25148.88,22.7,43949.65,60,7.09,768,1,0,1223.62,0,1.747578818619358,35.45
19,20935.9,1.7,10810.63,36,9.73,624,2,0,1397.2,1,0.5163680567828466,29.19
29,24079.6,1.7,19521.79,60,5.81,850,3,0,1630.94,0,0.8107190318776061,29.049999999999997
37,42991.31,12.6,32986.49,48,9.7,644,1,0,2750.73,0,0.7672827369065981,38.8
45,24544.48,4.2,7970.37,48,7.91,706,2,2,1851.13,0,0.32473167082781956,31.64
23,89673.58,3.3,11092.78,36,11.64,533,2,0,7106.26,0,0.12370176366327741,34.92
32,68579.97,0.8,12863.16,36,4.57,840,3,2,5331.96,0,0.1875643865111052,13.71
37,15000.0,11.2,29062.06,48,8.62,643,3,0,532.02,1,1.9374706666666668,34.48
44,32320.6,3.3,99567.87,48,7.89,722,4,0,267.78,1,3.080631857081861,31.56
38,186877.79,4.9,4030.88,12,10.66,582,2,0,15217.53,0,0.021569604392260844,10.66
35,127885.48,0.5,32165.78,36,11.23,541,1,0,9600.55,0,0.25152018821839667,33.69
18,16108.93,4.8,3125.42,60,10.52,598,1,0,1275.2,0,0.19401785220992332,52.599999999999994
51,31892.18,2.6,6938.17,48,10.29,593,5,2,2480.74,0,0.21755082280358382,41.16
18,69039.75,0.0,8283.62,24,7.7,723,4,1,5379.8,0,0.11998334292925454,15.4
46,31511.13,1.3,71360.51,12,9.33,594,5,0,-3625.58,0,2.264612852665074,9.33
36,22024.91,5.0,27058.2,36,11.16,553,1,0,947.51,1,1.228527154026963,33.480000000000004
26,79011.6,0.5,11124.36,36,8.58,661,4,0,6232.72,0,0.1407940099934693,25.740000000000002
22,21869.04,6.7,4185.6,48,9.15,658,2,1,1717.96,0,0.1913938609102183,36.6
44,37223.92,0.2,17110.69,12,8.28,684,4,0,1611.34,0,0.4596692126997909,8.28
38,33423.88,0.9,2179.55,60,8.02,706,0,0,2741.11,0,0.065209365280153,40.099999999999994
22,15000.0,12.3,31498.0,36,6.66,721,3,1,282.32,0,2.0998666666666668,19.98
40,18123.99,7.6,13268.42,24,7.32,766,2,0,914.34,0,0.7320915537914112,14.64
18,32987.9,1.1,16937.48,24,8.92,642,4,0,1975.83,1,0.513445232949051,17.84
40,39671.13,1.4,31941.04,24,10.53,553,3,0,1824.19,0,0.8051457067141774,21.06
30,49495.42,12.7,11122.01,24,8.97,665,0,1,3616.66,0,0.22470786185873362,17.94
34,15000.0,1.6,6593.86,48,8.56,628,3,0,1087.29,0,0.43959066666666663,34.24
23,20190.42,0.2,10050.78,48,9.34,686,3,0,1430.8,0,0.4977994514230017,37.36
29,30626.33,2.8,5747.23,24,9.71,641,3,0,2287.76,0,0.1876565034073622,19.42
23,22811.33,0.2,6647.88,36,7.51,726,1,0,1694.12,0,0.29142886451601024,22.53
46,53416.72,0.8,12047.85,12,5.92,796,4,0,3414.92,0,0.22554454859826661,5.92
25,32918.12,0.6,23199.35,48,11.87,556,1,0,2133.73,0,0.7047592632872107,47.48
32,41817.52,4.3,95826.94,48,7.9,676,1,0,1149.87,1,2.2915500488790346,31.6
50,61704.55,3.0,21364.36,36,7.92,700,4,0,4473.35,0,0.34623637965109544,23.759999999999998
27,73072.22,2.5,13299.39,24,9.54,615,2,0,5478.47,0,0.18200336598504877,19.08
28,92959.88,9.4,9544.16,36,10.89,543,0,0,7434.69,1,0.10266966781798771,32.67
30,69659.43,4.1,9828.75,36,6.97,740,2,1,5501.6,0,0.1410971924404205,20.91
38,51842.98,6.1,8922.4,60,10.14,613,3,0,4130.06,0,0.17210430418930392,50.7
32,21807.95,3.9,3120.64,12,5.2,807,5,0,1549.89,0,0.14309643960115462,5.2
43,21898.69,9.0,15281.02,36,7.51,749,3,2,1349.49,0,0.697805211179299,22.53
35,42498.31,0.2,8931.33,48,8.96,675,2,0,3319.44,1,0.21015729801961539,35.84
35,79658.12,0.2,10432.84,12,10.1,562,2,0,5720.48,1,0.13097020115463434,10.1
35,37980.73,3.8,13427.72,36,9.62,606,3,0,2734.18,0,0.3535403347960926,28.86
41,91323.99,3.9,5019.96,48,7.23,728,2,0,7489.59,0,0.054968688950187125,28.92
38,15000.0,4.6,2346.14,36,9.32,635,1,2,1175.04,0,0.15640933333333332,27.96
45,25756.32,1.6,48615.8,48,8.65,682,2,1,944.62,0,1.8875289637650101,34.6
42,15000.0,0.8,27009.99,36,5.05,836,2,0,439.88,0,1.800666,15.149999999999999
33,16528.39,4.2,8252.38,24,8.84,676,2,1,1000.96,0,0.4992851693359123,17.68
31,44682.64,9.3,5638.76,48,6.64,756,1,0,3589.47,0,0.12619576640950492,26.56
29,15000.0,1.6,9037.84,48,7.62,743,3,0,1030.97,0,0.6025226666666667,30.48
28,20053.03,1.3,24686.48,60,6.72,733,2,1,1185.52,0,1.231059844821456,33.6
31,62875.96,0.0,8295.5,24,7.65,718,0,0,4865.8,0,0.13193436728441205,15.3
23,147570.74,6.7,8985.44,12,8.01,741,3,0,11515.89,0,0.06088903531960334,8.01
53,35003.81,5.3,14041.91,24,7.02,761,2,0,2288.16,0,0.40115376011925563,14.04
34,28480.84,1.9,3413.88,24,7.75,734,1,0,2219.39,0,0.11986584665339928,15.5
57,15000.0,4.8,48148.52,48,5.46,828,1,0,131.11,1,3.2099013333333333,21.84
22,20081.56,0.7,12505.57,48,10.32,606,3,1,1354.36,0,0.6227389704783891,41.28
22,27875.16,22.7,9993.15,60,6.06,801,2,1,2129.46,0,0.3584965969702057,30.299999999999997
34,111745.93,0.4,4683.8,60,13.38,473,0,0,9204.68,1,0.04191472566383402,66.9
33,28249.23,10.7,3590.08,36,11.49,524,3,0,2235.73,0,0.1270859418115113,34.47
34,36022.07,2.0,18781.65,48,9.93,650,4,0,2526.12,0,0.521392857212259,39.72
22,16578.48,4.3,26064.12,60,9.21,652,3,0,837.83,1,1.5721658439133142,46.050000000000004
29,49857.98,14.1,8746.23,12,9.72,639,5,0,3387.04,0,0.17542287112313815,9.72
41,67655.72,0.8,15984.13,48,7.12,711,5,0,5254.33,0,0.23625689003087985,28.48
52,19369.22,2.5,5709.18,48,12.42,431,2,0,1462.58,0,0.2947552869965853,49.68
35,66576.76,0.2,34230.19,48,7.23,732,2,0,4724.72,0,0.5141462276025449,28.92
45,52438.98,1.0,2058.77,24,5.4,782,0,1,4279.22,0,0.039260298350578135,10.8
23,31517.23,16.2,22350.96,36,10.34,596,3,0,1901.66,0,0.7091663829594161,31.02
38,28085.24,1.0,38096.54,36,11.3,553,2,0,1087.79,0,1.356461258654012,33.900000000000006
38,40536.94,21.3,26415.53,48,8.73,686,4,0,2724.11,0,0.6516409477380384,34.92
23,24056.53,5.4,12210.23,48,10.55,605,2,1,1691.79,1,0.5075640584905637,42.2
18,73592.18,11.0,11140.56,36,11.92,523,2,0,5763.08,0,0.1513823887266283,35.76
46,46244.11,8.8,6718.78,12,12.84,531,4,0,3254.08,0,0.1452894217231124,12.84
40,52161.13,4.5,4176.03,12,9.85,611,5,0,3979.91,0,0.08006019041381963,9.85
24,24520.49,4.7,11640.36,48,8.86,646,4,1,1754.48,0,0.4747197140024526,35.44
36,59161.59,1.7,12131.54,36,8.13,649,1,0,4549.25,0,0.2050577072049619,24.39
35,98280.5,1.5,29209.5,36,11.14,539,9,0,7231.82,0,0.29720544767273266,33.42
45,16762.24,2.1,22912.53,36,10.94,525,6,1,647.38,1,1.3669133719598334,32.82
22,40067.74,5.4,47323.26,12,7.87,683,4,1,-774.75,1,1.1810813387528223,7.87
44,33846.3,5.7,42224.3,24,8.51,706,6,1,901.0,0,1.247530749299037,17.02
31,45955.37,2.2,33683.36,48,9.16,655,2,0,2988.84,0,0.7329580852031002,36.64
37,72344.8,1.7,11619.18,12,8.41,686,1,1,5015.8,0,0.16060836438831816,8.41
34,69573.38,1.2,7092.76,24,7.82,702,7,1,5477.58,0,0.10194646285691453,15.64
21,88068.13,7.0,12592.72,12,10.91,551,3,0,6226.57,0,0.14298838864865188,10.91
56,16249.41,3.0,46762.72,48,11.53,526,3,0,133.44,1,2.8778103328059297,46.12
30,52538.3,8.9,15064.82,24,7.24,688,4,1,3702.06,1,0.286739768892408,14.48
28,39286.51,5.8,100000.0,48,5.59,837,5,0,944.12,1,2.545402989473995,22.36
32,42709.17,20.3,36341.48,48,8.13,676,3,0,2669.68,0,0.8509057890846393,32.52
24,40002.74,3.7,31041.69,36,8.5,667,2,0,2353.65,0,0.7759890947470098,25.5
52,67878.83,0.0,13440.46,24,9.0,691,5,0,5042.55,1,0.19800665391551384,18.0
30,16838.98,0.1,16047.32,12,9.66,605,5,1,-5.03,0,0.9529864635506426,9.66
28,63343.71,7.1,5972.2,48,11.01,543,1,0,5124.26,0,0.09428244730218675,44.04
29,40670.33,10.2,9678.36,48,11.49,501,5,1,3136.74,0,0.2379710221185813,45.96
25,17621.58,1.1,7283.67,48,10.16,557,3,1,1283.17,1,0.413338077516318,40.64
27,176613.93,7.0,13777.94,36,8.74,681,1,1,14281.36,0,0.07801162682920877,26.22
19,53543.12,20.9,15086.08,36,9.99,585,1,0,3975.21,0,0.28175571389937676,29.97
46,85520.02,4.6,75867.97,48,11.36,563,3,0,5152.53,0,0.8871369534291502,45.44
43,15000.0,1.2,10089.04,24,7.2,751,3,0,797.37,0,0.6726026666666667,14.4
30,60368.65,5.3,1975.98,48,5.09,850,2,0,4985.13,0,0.03273188981366984,20.36
33,40159.58,1.7,11598.81,36,7.61,740,2,1,2985.25,0,0.288818010546923,22.830000000000002
38,74478.16,2.7,18119.19,48,7.83,683,2,0,5765.62,0,0.24328192318392394,31.32
36,84531.47,16.0,21592.51,48,11.11,553,1,0,6485.07,1,0.25543753113485423,44.44
54,19067.66,7.9,16028.31,36,7.18,746,2,0,1092.74,0,0.8406018357784857,21.54
31,15000.0,0.8,6123.49,36,12.2,516,3,1,1046.03,0,0.40823266666666663,36.599999999999994
48,43032.68,1.5,6619.69,12,10.35,596,2,0,3003.0,0,0.1538293687495178,10.35
47,30239.46,11.6,100000.0,48,10.6,560,5,0,-45.22,1,3.306937359331152,42.4
32,19536.57,0.4,8128.48,24,12.36,485,2,0,1244.04,0,0.41606484659282567,24.72
32,27614.27,6.7,12193.75,36,7.19,728,0,1,1923.62,0,0.4415742295559506,21.57
48,15625.04,5.7,9574.92,36,8.6,673,1,1,999.39,0,0.6127933112491232,25.799999999999997
49,15000.0,2.2,7310.6,48,10.46,570,6,1,1062.97,1,0.4873733333333334,41.84
41,31966.08,4.0,20097.79,60,7.0,724,3,0,2265.88,0,0.6287223832262198,35.0
42,84795.63,5.2,34102.33,36,5.61,767,3,1,6034.86,1,0.4021708430021689,16.830000000000002
40,46312.76,4.2,8757.43,48,7.5,705,3,1,3647.65,0,0.18909324341714898,30.0
52,35281.13,3.1,4865.8,24,9.78,611,5,1,2716.06,0,0.1379150837855817,19.56
28,56651.39,2.6,5305.3,36,8.89,638,3,0,4552.51,0,0.09364818762611121,26.67
27,22764.18,5.2,2097.44,24,12.69,470,2,1,1797.6,0,0.09213773568826113,25.38
21,66636.64,11.3,3202.22,36,5.67,780,3,0,5456.11,0,0.048054943946753616,17.009999999999998
47,20555.5,0.2,41229.7,48,8.09,690,4,0,704.68,0,2.005774610201649,32.36
47,69577.46,0.5,17477.33,60,9.54,591,6,1,5430.72,1,0.25119241202538867,47.699999999999996
28,37920.68,6.7,6998.08,36,7.4,742,4,0,2942.69,1,0.18454521385165035,22.200000000000003
38,38385.77,4.1,7330.3,36,9.06,626,1,0,2965.51,0,0.19096399525136531,27.18
37,40899.73,2.4,34623.16,48,9.9,581,4,0,2531.84,0,0.8465376177299948,39.6
43,25190.83,15.8,12736.92,24,7.01,745,3,0,1528.91,0,0.5056173218587875,14.02
35,35152.55,3.0,28386.84,48,8.06,667,4,0,2235.57,0,0.8075328816828367,32.24
34,30213.02,1.7,31937.82,36,7.76,710,9,0,1520.47,0,1.057087970682838,23.28
29,28257.77,8.5,8816.43,60,7.84,683,3,0,2176.72,0,0.3120002038377409,39.2
32,56082.6,1.2,11144.02,24,9.73,624,3,0,4160.7,0,0.19870726392856253,19.46
26,19467.72,0.1,11660.16,48,8.23,657,4,1,1336.39,0,0.5989484130653204,32.92
36,96530.9,1.7,11557.55,60,6.26,790,2,0,7819.4,0,0.11972901941243684,31.299999999999997
27,37731.83,2.3,9851.46,48,8.06,687,5,1,2903.54,0,0.26109149754994654,32.24
44,84730.14,4.2,20199.18,48,8.81,623,3,0,6560.01,0,0.2383942715071638,35.24
25,15000.0,2.4,24841.52,60,6.67,766,4,0,761.97,0,1.6561013333333334,33.35
29,103063.49,5.7,14547.1,60,9.81,562,1,0,8280.9,0,0.1411469764899287,49.050000000000004
45,15000.0,0.5,36592.78,36,6.83,731,2,1,122.96,0,2.4395186666666664,20.490000000000002
26,78295.04,5.0,4390.96,24,11.16,556,2,0,6319.61,0,0.05608222436568141,22.32
45,25682.41,0.9,16070.04,24,10.78,571,1,0,1392.85,1,0.6257216515116767,21.56
50,39376.9,2.0,5395.41,48,11.81,511,2,1,3139.83,1,0.13701967397128773,47.24
42,81968.7,1.8,28841.39,24,13.67,411,3,0,5450.46,0,0.35185857528544434,27.34
23,73946.68,0.9,34893.11,12,10.89,574,2,0,3080.1,1,0.4718685139075886,10.89
34,32456.62,6.3,37044.19,24,11.87,503,2,1,963.17,0,1.1413446625064472,23.74
31,34432.83,1.4,11094.46,48,11.11,570,3,0,2582.07,0,0.32220587154758984,44.44
48,29745.5,3.8,18552.09,36,7.16,760,4,0,1904.6,0,0.6236940041350792,21.48
31,361812.98,1.7,2641.4,60,10.64,586,3,1,30094.12,0,0.007300456716616414,53.2
47,15000.0,0.4,36823.38,12,6.45,741,2,0,-1926.88,0,2.4548919999999996,6.45
36,36604.73,2.3,5932.87,36,8.67,676,4,2,2862.64,1,0.16207932690665933,26.009999999999998
29,29645.19,17.7,17880.16,24,12.39,491,4,1,1625.49,0,0.6031386541965156,24.78
20,19143.96,3.0,4813.73,48,5.19,824,8,1,1484.06,0,0.2514490209967008,20.76
45,24472.52,8.1,9583.8,48,9.03,654,2,0,1800.75,0,0.39161475810419194,36.12
51,75367.38,1.3,6185.3,36,8.18,668,3,0,6086.28,0,0.0820686615350036,24.54
18,42709.25,1.1,15473.59,48,6.99,771,5,0,3188.64,1,0.3623006725709302,27.96
18,51899.74,2.8,8854.65,36,10.58,569,1,0,4036.85,0,0.17061068128665,31.740000000000002
30,30536.32,1.2,13344.73,12,10.53,559,4,1,1368.19,1,0.4370117289837151,10.53
39,60019.04,9.9,11173.12,48,7.4,706,5,0,4731.95,0,0.1861595920227981,29.6
37,17336.76,5.9,26224.66,48,11.29,531,3,1,763.24,0,1.512662112182438,45.16
44,28383.56,4.3,7302.86,36,7.66,727,2,0,2137.59,0,0.25729189714045736,22.98
33,109426.06,7.4,14195.37,24,5.57,809,6,0,8492.44,0,0.1297256796050228,11.14
37,61183.38,3.1,6058.69,12,12.1,523,3,0,4560.02,0,0.09902509472343633,12.1
39,31811.2,4.8,10071.19,60,10.22,590,3,0,2435.86,0,0.31659258374409016,51.1
39,81866.73,0.3,8821.36,36,7.4,712,2,0,6548.23,0,0.10775268537047956,22.200000000000003
35,28837.23,8.8,37568.29,60,7.56,712,2,0,1649.24,0,1.3027704117212369,37.8
31,20516.93,0.9,17670.25,48,9.21,636,3,0,1268.26,0,0.861252146398121,36.84
18,29381.99,3.1,5128.44,48,8.9,654,2,0,2321.12,0,0.1745436575262601,35.6
26,64423.63,5.8,11612.07,36,9.64,631,2,0,4995.91,0,0.18024550929526945,28.92
25,50562.76,5.3,22194.47,60,11.0,562,4,0,3731.0,0,0.43894894186947075,55.0
55,22739.42,0.8,4966.64,24,8.35,675,2,0,1669.53,1,0.21841542132560993,16.7
44,15000.0,2.3,11308.47,36,6.95,718,3,0,901.09,0,0.753898,20.85
30,40335.88,2.1,8640.76,48,10.63,542,3,0,3139.55,0,0.2142201930390511,42.52
18,25398.77,0.6,24186.16,48,7.23,739,5,0,1534.81,1,0.9522571368613519,28.92
53,66772.2,5.2,25146.67,36,10.48,630,1,1,4747.26,0,0.3766038860483854,31.44
29,44206.35,3.6,10457.26,24,9.88,627,2,0,3201.89,0,0.23655560796129968,19.76
36,24050.6,4.1,22639.22,36,9.11,687,2,0,1283.14,1,0.9413162249590448,27.33
34,70329.77,2.3,11474.11,12,8.69,644,6,0,4859.03,0,0.16314727035222779,8.69
61,80586.73,4.2,14962.81,48,7.48,707,2,0,6353.92,0,0.18567337327125694,29.92
44,136491.63,16.3,7416.06,12,8.34,710,4,0,10728.02,0,0.05433344154509694,8.34
37,22665.74,7.7,6758.53,24,6.54,754,4,0,1587.62,0,0.2981826315840559,13.08
45,26322.54,9.1,12749.61,48,10.28,612,3,0,1868.47,0,0.48436093173379163,41.12
46,35713.72,2.6,2118.77,24,9.64,632,4,1,2878.73,0,0.05932649973175575,19.28
41,61724.01,1.6,40554.2,60,10.6,580,2,0,4269.99,0,0.6570247137216133,53.0
32,40895.9,3.6,18655.62,48,9.74,601,0,0,2937.16,1,0.45617335723140945,38.96
22,49463.67,1.7,13910.57,48,11.24,483,4,1,3760.82,0,0.2812280204845294,44.96
34,48648.32,17.2,15691.41,48,10.79,555,2,0,3650.07,0,0.3225478289897781,43.16
24,15000.0,0.9,17131.36,24,10.34,569,6,0,456.78,1,1.1420906666666668,20.68
31,33538.19,7.2,4218.91,48,7.43,701,4,0,2692.98,0,0.1257942065448374,29.72
40,119453.21,0.8,4337.53,24,8.43,686,0,0,9757.41,0,0.03631153989080745,16.86
36,117950.68,11.3,13128.56,24,5.97,819,1,2,9247.54,0,0.11130550497886066,11.94
18,26861.78,2.2,50356.03,48,11.46,539,2,1,925.73,1,1.874634890167368,45.84
29,31665.8,1.2,26192.81,48,7.98,662,5,1,1999.62,1,0.8271640065938647,31.92
55,29234.46,4.1,3891.69,12,5.44,823,4,0,2102.26,0,0.1331199550119961,5.44
42,24091.17,0.5,7402.59,24,7.92,715,1,0,1673.07,0,0.30727399291939744,15.84
28,27060.09,0.7,6381.09,36,7.62,713,3,1,2056.16,0,0.2358118542842984,22.86
20,73607.81,15.1,4800.92,60,9.63,623,2,0,6032.85,0,0.06522297022557796,48.150000000000006
46,24392.29,5.8,59105.83,48,11.34,542,3,1,495.29,1,2.423135753141669,45.36
18,117198.06,15.5,10818.41,48,10.46,617,4,0,9489.73,0,0.09230878053783484,41.84
18,16475.92,1.4,10541.59,36,8.12,655,2,0,1042.07,0,0.639817988919587,24.36
49,73032.43,5.0,19471.56,60,10.08,621,2,1,5671.56,0,0.2666152557158512,50.4
27,112265.07,2.1,27465.17,12,10.15,583,6,1,6938.88,0,0.24464572996747783,10.15
19,69172.36,2.2,13599.37,60,11.81,466,1,0,5463.16,1,0.196601214704833,59.050000000000004
34,39877.81,0.6,24783.17,24,7.72,706,3,0,2205.44,0,0.6214777090316644,15.44
40,29341.68,5.2,11591.36,36,8.79,693,5,0,2077.67,0,0.3950475910036508,26.369999999999997
32,22357.79,9.9,6497.72,48,10.23,600,3,0,1697.63,1,0.29062443112669006,40.92
46,48502.01,10.1,27825.58,24,7.3,748,4,1,2792.22,0,0.5736995229682234,14.6
25,102422.9,3.8,4113.67,24,6.99,730,3,1,8351.08,0,0.04016357670013249,13.98
35,36555.13,5.4,19012.81,12,5.25,817,2,1,1416.44,1,0.5201133192523184,5.25
36,118731.4,4.3,18644.32,48,7.38,711,0,1,9444.53,0,0.1570293957621994,29.52
26,23791.97,1.3,13329.26,36,13.7,429,4,0,1529.04,0,0.5602419639903715,41.099999999999994
42,24757.86,3.3,80710.17,36,8.2,679,2,0,-473.46,0,3.2599816785457225,24.599999999999998
32,32735.06,1.0,27826.18,36,16.28,318,1,0,1745.78,1,0.8500421260874426,48.84
18,15616.64,10.8,9780.98,24,10.54,571,6,0,847.6,1,0.6263178250891357,21.08
35,55894.32,1.9,17221.25,24,9.75,594,3,1,3865.17,0,0.30810375723329314,19.5
30,92356.14,0.4,39725.55,48,11.45,566,5,1,6660.91,0,0.43013436897644275,45.8
41,101292.29,1.6,20624.15,60,9.77,583,2,1,8005.15,1,0.20361026490762527,48.849999999999994
33,15000.0,1.0,7383.72,12,9.75,622,1,0,601.71,0,0.492248,9.75
36,22804.41,12.3,16010.24,12,8.78,685,7,0,501.88,1,0.7020677140956508,8.78
31,49211.81,5.7,27577.72,48,8.32,635,5,0,3423.58,1,0.5603882482680479,33.28
22,40762.93,6.0,5631.25,24,5.79,832,1,0,3147.86,0,0.13814635012743195,11.58
40,43645.24,4.8,3751.66,24,5.94,795,5,0,3470.93,1,0.08595805636536769,11.88
29,27134.99,1.9,6507.66,48,8.3,690,6,0,2101.46,0,0.23982540623748155,33.2
37,77899.2,0.8,5474.83,48,9.22,641,1,1,6354.79,0,0.0702809528210816,36.88
26,65291.02,4.4,7788.06,36,5.31,790,4,1,5206.42,0,0.11928225351663982,15.93
18,15000.0,29.2,5127.89,24,6.8,795,2,0,1020.88,0,0.34185933333333335,13.6
37,86349.55,9.0,14943.36,60,11.97,530,1,2,6863.62,0,0.17305660539053186,59.85
55,43591.01,3.7,19860.18,24,7.81,741,1,0,2736.08,0,0.45560265752043827,15.62
39,33285.61,0.6,6010.74,48,6.28,781,5,0,2631.87,0,0.1805807374417954,25.12
33,22688.57,6.9,3147.39,48,8.94,686,4,0,1812.48,0,0.1387213914318972,35.76
41,48662.5,2.0,12196.96,36,7.04,717,5,0,3678.38,0,0.2506439249935782,21.12
45,15000.0,3.9,28087.08,24,7.21,719,1,0,-10.21,1,1.8724720000000001,14.42
50,22346.22,6.8,33319.84,24,8.94,660,3,1,340.89,1,1.4910727630892382,17.88
42,37357.92,6.8,67983.89,48,8.09,715,1,2,1450.6,0,1.8197985862167916,32.36
44,40144.84,3.0,4866.13,12,14.18,413,2,1,2908.08,0,0.12121433290056706,14.18
18,22258.45,4.4,34420.32,36,7.68,705,4,0,781.34,1,1.546393392172411,23.04
36,35242.24,2.4,9516.98,24,8.53,651,3,0,2504.12,0,0.2700446963643628,17.06
23,28884.16,6.0,10401.68,24,12.39,462,1,0,1915.47,1,0.3601171022456599,24.78
42,83463.47,4.5,8490.85,60,6.09,805,1,1,6790.78,0,0.10173133228225474,30.45
39,30831.26,1.1,10146.43,36,12.99,478,6,0,2227.45,1,0.32909553485650606,38.97
34,44786.6,8.5,8222.62,48,9.57,658,7,0,3525.36,0,0.18359553973733217,38.28
32,17071.74,5.7,11960.7,24,11.4,507,4,0,862.96,1,0.7006139971672483,22.8
35,37442.08,8.6,14765.09,48,9.56,665,2,0,2748.81,0,0.3943448120403567,38.24
32,15152.72,5.7,7619.62,36,7.63,702,3,0,1025.25,0,0.5028549329757298,22.89
33,15000.0,5.2,5657.32,36,11.07,497,5,0,1064.6,0,0.37715466666666664,33.21
33,71090.08,10.4,18562.29,12,11.77,487,3,0,4276.93,0,0.26110942623780986,11.77
37,24181.86,1.1,56895.82,24,5.59,806,4,0,-496.0,1,2.3528305928493505,11.18
38,15000.0,0.3,12926.1,36,13.99,427,6,0,808.28,0,0.8617400000000001,41.97
49,26265.69,10.3,7666.77,12,6.06,780,3,0,1528.74,0,0.2918929599793495,6.06
39,75565.92,3.2,29804.2,48,6.0,778,3,0,5597.21,0,0.3944132487237633,24.0
49,18257.09,1.0,20484.27,24,9.19,632,4,0,583.82,0,1.1219898680457838,18.38
31,24042.41,7.0,55296.81,12,8.2,692,2,0,-2811.76,0,2.2999695122078028,8.2
35,36796.48,4.3,14182.09,48,7.32,711,5,1,2724.66,0,0.3854197466714207,29.28
26,40838.35,1.0,16865.89,24,8.24,702,4,0,2638.55,0,0.41299146513020235,16.48
41,85098.93,11.7,8712.04,36,7.2,760,5,1,6821.78,0,0.10237543527280545,21.6
24,34156.65,1.8,48551.34,36,5.45,850,2,0,1381.43,0,1.4214315513962872,16.35
42,15000.0,0.1,11599.9,36,6.17,769,2,0,896.21,1,0.7733266666666666,18.509999999999998
45,95881.84,1.0,18417.51,60,9.61,627,3,0,7602.36,1,0.19208548772113676,48.05
30,69166.87,6.0,4563.69,48,10.53,584,2,0,5646.99,1,0.06598086627311602,42.12
49,56756.69,3.6,15696.68,12,8.65,685,3,0,3359.57,0,0.27656087766922277,8.65
40,16005.33,9.6,6891.99,60,9.94,611,3,0,1187.55,0,0.4306059293997687,49.699999999999996
23,22409.52,8.3,11344.38,24,9.5,588,7,1,1346.59,1,0.5062303877994709,19.0
41,40234.9,7.0,32546.06,24,7.46,707,3,0,1888.94,0,0.8089012275412639,14.92
30,24810.14,2.1,26472.6,36,8.74,648,1,0,1228.89,0,1.0670072800878996,26.22
37,78135.62,4.5,18131.01,24,7.14,760,3,1,5698.38,0,0.23204538467858832,14.28
54,17408.8,7.5,10626.11,48,5.01,850,3,0,1205.97,0,0.6103872754009467,20.04
31,20372.66,4.0,3744.55,48,8.19,696,3,1,1605.97,0,0.18380270421241018,32.76
38,49808.62,4.8,3047.03,36,6.81,791,2,0,4056.9,0,0.06117475248260241,20.43
24,37671.57,6.3,26814.85,36,11.72,551,2,2,2252.24,0,0.7118060118014725,35.160000000000004
39,25948.95,0.8,10607.56,48,10.23,584,5,0,1892.2,0,0.40878571194595537,40.92
37,48130.62,0.9,9982.32,60,9.26,647,3,0,3802.41,0,0.20740061108707927,46.3
46,68562.2,6.6,9284.88,48,9.51,678,3,0,5480.21,0,0.13542272564182595,38.04
48,127293.1,0.5,10653.27,48,11.05,579,3,0,10332.16,1,0.08369086776895213,44.2
43,24248.18,0.3,14201.47,12,6.3,794,4,2,796.45,0,0.5856715844240681,6.3
32,39696.64,5.1,28586.47,36,7.11,743,3,0,2423.95,0,0.7201231640763551,21.330000000000002
43,22203.76,2.5,15749.3,36,8.7,694,3,0,1351.69,0,0.7093077929143533,26.099999999999998
25,37354.75,3.9,27629.07,48,10.0,610,2,0,2412.15,0,0.739640072547668,40.0
45,34076.23,0.7,6751.98,60,13.61,450,5,1,2683.94,0,0.19814339790522598,68.05
47,15000.0,7.8,28675.08,24,8.54,658,1,0,-53.97,1,1.911672,17.08
25,26000.18,0.7,9466.65,36,8.31,701,2,0,1868.68,0,0.36409940238875266,24.93
53,16492.92,11.9,2977.58,36,9.6,600,1,2,1278.89,0,0.18053686066506114,28.799999999999997
34,43490.91,0.4,18718.58,24,6.33,757,1,0,2791.84,0,0.4304021231103235,12.66
19,53423.48,5.1,20604.72,24,7.52,719,3,1,3524.57,0,0.3856865932357832,15.04
28,65429.53,8.7,9367.72,36,8.92,718,2,0,5154.92,0,0.14317266225204428,26.759999999999998
34,20483.98,6.1,4118.29,24,8.33,672,2,0,1520.12,0,0.20104930780053487,16.66
18,33293.26,2.3,7876.59,24,7.7,732,5,0,2419.28,0,0.23658211902349002,15.4
24,35078.61,5.1,10234.57,36,8.21,716,3,0,2601.51,0,0.29176099052955634,24.630000000000003
45,55345.76,0.3,14235.48,60,8.85,644,1,0,4317.68,0,0.2572099470673092,44.25
26,20284.66,4.5,6105.06,48,11.47,526,1,0,1531.2,1,0.3009693038976251,45.88
30,88632.79,1.6,19805.2,36,10.61,550,3,0,6741.32,0,0.22345229118929916,31.83
39,27106.36,5.3,10160.12,36,8.97,672,2,0,1935.92,0,0.3748242109969764,26.910000000000004
43,22947.73,0.4,3180.38,36,9.41,610,4,0,1810.57,0,0.1385923575011559,28.23
28,43347.91,1.0,16250.13,48,12.3,466,3,0,3182.0,0,0.37487689717912576,49.2
33,29053.17,15.3,8636.02,48,7.66,743,3,0,2211.64,0,0.2972488027984554,30.64
37,88350.01,7.4,6993.51,36,6.0,782,5,0,7149.74,0,0.07915686710165624,18.0
41,88870.87,8.6,8485.58,60,7.86,666,2,1,7234.42,0,0.09548213042136304,39.300000000000004
24,15000.0,2.0,70447.45,36,7.59,715,3,0,-944.27,1,4.6964966666666665,22.77
18,15000.0,1.2,16173.92,24,8.72,679,5,0,513.17,0,1.0782613333333333,17.44
23,49201.76,0.7,10027.83,24,6.21,775,3,0,3654.76,0,0.20381039214857355,12.42
21,105260.61,0.2,32775.36,48,8.06,728,3,0,7970.65,0,0.3113734567945217,32.24
43,27584.5,11.8,34635.55,24,8.38,690,4,0,726.23,0,1.255616378763436,16.76
44,28161.91,4.4,13720.26,24,10.85,582,4,0,1708.31,0,0.48719209741100655,21.7
36,29125.39,0.0,18010.53,12,12.15,544,2,1,825.64,1,0.6183790156973005,12.15
43,38105.92,0.7,12873.08,36,8.24,660,3,1,2770.67,0,0.3378236242557587,24.72
32,21168.52,1.0,18181.58,36,8.44,710,3,0,1190.6,0,0.8588970792478643,25.32
18,62477.55,1.4,4484.48,36,8.67,661,0,0,5064.55,0,0.07177746246451724,26.009999999999998
40,67261.07,1.2,26014.32,60,9.32,645,5,0,5061.03,0,0.3867663716916784,46.6
27,15000.0,11.4,73579.02,48,14.94,357,2,1,-795.52,1,4.905268,59.76
18,73495.72,3.7,23884.1,24,10.62,579,1,1,5015.67,1,0.3249726650749186,21.24
47,16089.11,3.2,24940.76,36,12.03,505,3,0,512.01,0,1.5501640550658176,36.089999999999996
32,27600.92,5.6,10074.04,48,5.78,846,2,1,2064.5,0,0.3649892829659302,23.12
24,15670.72,0.6,19850.3,12,11.37,556,5,0,-451.94,0,1.2667126973106533,11.37
33,64578.68,0.4,10935.53,48,11.15,577,7,0,5098.12,0,0.16933653645444596,44.6
39,25623.51,6.9,11804.59,36,7.92,647,3,0,1765.82,0,0.4606937144833007,23.759999999999998
20,41361.86,14.4,4916.76,60,10.4,584,3,0,3341.38,1,0.11887183023200601,52.0
37,24455.0,8.3,5980.81,48,4.61,836,3,0,1901.24,0,0.2445638928644449,18.44
25,33570.92,7.8,1655.87,48,9.54,639,1,1,2755.94,1,0.04932453444826654,38.16
25,17078.56,10.5,31453.98,60,8.5,636,1,1,777.89,0,1.8417231897771238,42.5
31,31735.0,5.3,15156.7,24,8.29,684,2,0,1957.08,0,0.47760201670080354,16.58
38,61964.91,0.8,8233.08,36,10.4,582,5,1,4896.54,0,0.13286681123235713,31.200000000000003
53,16308.31,1.6,16327.69,36,7.3,723,2,0,852.63,0,1.00118835121481,21.9
26,44424.38,3.2,16600.07,24,10.38,609,3,0,2933.11,0,0.37367026844268847,20.76
42,64382.33,13.0,17403.87,48,12.29,495,4,0,4904.4,0,0.27032059883511517,49.16
31,61533.18,3.9,5861.85,12,8.42,639,3,1,4616.71,0,0.09526323846744147,8.42
43,70140.72,14.7,9629.23,60,5.37,819,4,0,5661.71,0,0.13728444760760938,26.85
27,45349.47,0.1,4773.37,36,7.8,705,1,0,3629.98,0,0.10525745945873237,23.4
64,109512.6,5.3,15928.26,36,8.04,687,3,0,8626.62,0,0.14544682529681516,24.119999999999997
70,54899.17,0.9,7405.29,36,9.53,606,1,0,4337.61,0,0.13488892455022544,28.589999999999996
39,93203.11,0.5,4265.9,48,11.78,558,4,0,7655.05,1,0.0457699319260913,47.12
39,15993.89,24.6,2740.07,24,8.08,709,2,1,1208.8,0,0.17131979774776496,16.16
33,40473.2,9.4,15138.38,36,9.87,640,3,0,2885.22,1,0.3740346698556082,29.61
49,30883.69,2.8,4920.01,36,7.58,767,1,0,2420.42,0,0.1593077122584769,22.740000000000002
35,19425.24,12.7,6474.75,24,7.34,754,3,0,1327.88,0,0.3333163451262378,14.68
31,70307.81,8.7,10585.97,36,6.6,709,3,0,5534.05,0,0.15056606086862895,19.799999999999997
23,139719.46,10.3,28171.29,36,8.67,681,0,0,10751.77,0,0.20162753277174134,26.009999999999998
33,118441.63,4.8,1457.76,48,10.18,560,7,0,9833.04,0,0.012307834669279712,40.72
25,40818.96,0.8,8718.58,60,10.01,595,1,0,3216.29,0,0.2135914290809957,50.05
49,44085.93,1.0,9115.45,12,9.94,648,1,1,2872.69,1,0.20676551453037287,9.94
38,31383.75,8.7,9736.27,48,8.63,676,1,0,2374.73,1,0.3102328434301191,34.52
56,33221.76,5.5,8590.27,36,9.26,642,8,0,2494.27,0,0.25857359754570497,27.78
35,28591.57,2.7,9606.32,36,6.16,789,1,0,2089.69,0,0.33598434783399445,18.48
28,55796.99,7.4,3954.28,36,9.13,648,1,0,4523.77,0,0.0708690558397505,27.39
44,20689.74,0.0,7694.97,48,12.59,503,3,0,1519.27,0,0.371922025119697,50.36
24,15000.0,0.7,4546.26,24,9.5,622,0,0,1041.26,1,0.303084,19.0
37,24298.13,9.9,20874.42,36,10.38,580,4,0,1347.56,0,0.8590957411125876,31.14
34,77122.77,5.2,6273.82,60,9.57,592,4,1,6294.92,0,0.08134847853623514,47.85
29,20510.07,4.2,7259.34,48,12.21,457,7,0,1517.26,0,0.35394028396782656,48.84
34,84608.7,2.7,15086.15,24,9.92,573,3,0,6355.13,0,0.1783049497273921,19.84
36,37138.81,1.3,13888.18,24,9.83,619,5,0,2455.12,0,0.3739532849867834,19.66
27,21251.08,6.7,22760.9,48,8.28,655,2,1,1212.27,0,1.07104674209499,33.12
50,36222.3,1.7,5564.48,24,10.57,577,1,0,2760.29,1,0.15362028363742775,21.14
32,54020.23,1.8,5609.67,36,14.23,421,4,0,4309.33,1,0.1038438747854276,42.69
51,46803.61,0.5,12598.74,60,8.39,668,4,0,3642.49,0,0.2691830822451516,41.95
37,19880.28,4.6,7135.32,24,10.02,600,5,0,1327.37,0,0.3589144619693485,20.04
33,83365.44,4.9,6706.81,36,7.92,703,2,1,6737.2,1,0.08045072394507845,23.759999999999998
28,15540.96,0.9,3869.71,36,11.18,546,4,1,1168.06,1,0.24900070523313877,33.54
47,51103.56,0.1,9243.4,12,6.99,770,3,0,3458.87,0,0.18087585287600316,6.99
18,23305.67,0.8,17083.89,48,10.39,546,2,0,1505.64,1,0.7330357805632707,41.56
30,17737.53,5.7,2788.41,24,9.46,623,5,0,1350.15,0,0.15720396244572948,18.92
33,81054.25,2.7,1000.0,36,8.36,648,4,1,6723.02,0,0.012337415989907993,25.08
32,54982.2,6.9,36824.41,36,12.72,471,4,0,3346.05,1,0.6697514832072926,38.160000000000004
32,49815.59,16.8,16279.33,36,5.77,794,2,0,3657.75,0,0.3267918737889083,17.31
52,173276.22,15.2,5785.35,24,6.06,786,4,1,14183.12,0,0.03338802058355151,12.12
21,15000.0,0.9,10773.35,36,9.4,652,1,1,905.4,0,0.7182233333333333,28.200000000000003
41,18742.78,4.8,6580.84,48,14.47,383,5,0,1380.51,0,0.35111333537500844,57.88
40,23730.89,13.1,13843.87,36,7.21,762,2,2,1548.79,1,0.5833691867435229,21.63
39,32899.14,4.3,8491.07,36,10.16,591,5,0,2466.97,0,0.2580939805721365,30.48
36,15638.69,1.5,8949.47,36,5.74,806,5,1,1032.02,0,0.5722646845739636,17.22
44,49191.65,4.8,6516.28,12,8.67,678,4,0,3530.44,0,0.13246719717675662,8.67
22,26310.55,0.8,36704.76,24,10.02,610,3,1,498.47,1,1.3950586361744624,20.04
42,136126.19,1.3,7774.21,48,6.01,763,3,1,11161.24,1,0.057110318007137346,24.04
49,123369.77,2.6,9369.74,48,12.38,456,2,0,10032.32,0,0.07594842723626703,49.52
58,136284.2,5.6,22463.14,48,8.98,671,5,1,10798.23,0,0.16482570980348418,35.92
37,99985.05,9.2,12886.36,24,11.95,545,1,2,7725.78,1,0.12888286798876433,23.9
26,89271.87,1.2,3185.49,24,11.36,508,2,1,7290.32,0,0.03568302086648347,22.72
38,35191.38,1.7,6973.92,36,5.13,850,4,2,2723.19,0,0.19817125671116054,15.39
37,64819.4,3.0,17895.66,48,10.36,539,2,0,4944.64,0,0.27608493753413327,41.44
41,27276.28,3.3,13338.53,36,5.87,783,1,1,1868.02,0,0.48901573088412353,17.61
33,48510.64,19.9,12007.49,12,6.38,767,2,1,3007.01,0,0.24752281149042765,6.38
35,36345.03,0.2,9718.13,48,10.92,606,6,0,2777.96,0,0.26738538941913104,43.68
30,206619.91,9.6,19851.89,36,7.55,753,1,0,16600.35,0,0.0960792694179375,22.65
41,44682.14,7.7,12455.84,48,9.43,655,6,0,3411.0,0,0.27876552018323203,37.72
35,290296.08,2.6,14864.14,48,8.22,692,3,1,23826.93,0,0.05120337828881464,32.88
28,21104.35,1.9,7614.62,48,13.76,449,1,1,1551.53,0,0.36080807985083646,55.04
40,34769.81,10.2,40158.62,36,11.86,510,4,0,1566.33,1,1.1549853162844435,35.58
38,114030.8,1.7,24784.64,36,7.47,668,4,0,8731.95,0,0.2173504000673502,22.41
48,43046.31,4.5,20477.18,48,7.16,723,5,0,3095.32,0,0.47570116927560113,28.64
26,25715.02,2.7,5383.49,12,11.46,535,3,1,1665.96,0,0.20935196628274058,11.46
29,35043.32,0.7,29078.36,48,10.26,598,3,0,2179.14,0,0.8297832511303153,41.04
27,77496.57,8.8,8989.16,48,4.67,847,2,0,6252.37,0,0.115994294973313,18.68
26,44376.48,0.6,11499.28,24,8.48,664,6,0,3175.44,0,0.25913006169033687,16.96
34,96521.98,5.8,3657.15,24,11.88,497,1,0,7871.55,0,0.03788929733932106,23.76
24,153672.44,0.1,12547.35,48,9.6,637,3,0,12490.21,0,0.08164996924627474,38.4
38,52867.36,6.0,8252.61,48,7.46,713,4,0,4206.23,0,0.15610028569612708,29.84
18,34818.07,5.0,4568.2,24,10.22,572,1,1,2690.24,0,0.13120198793327717,20.44
30,15000.0,7.7,51685.81,24,10.79,553,4,1,-1153.93,1,3.4457206666666664,21.58
32,65930.1,1.8,6070.42,48,7.99,701,3,0,5346.01,0,0.09207357489219642,31.96
26,30690.89,4.9,4086.71,48,14.12,379,3,0,2445.65,0,0.13315710297094677,56.48
39,28426.59,0.6,3039.14,12,9.29,632,3,0,2102.7,0,0.10691187370697645,9.29
28,15000.0,0.9,19000.41,24,7.84,719,1,1,392.05,0,1.266694,15.68
31,25942.03,11.2,15864.28,24,11.67,520,3,1,1417.49,0,0.6115280878173374,23.34
40,19013.68,2.8,13938.88,36,5.04,850,5,0,1166.46,0,0.7330974330061303,15.120000000000001
30,15909.99,4.0,5242.41,48,12.84,499,2,1,1185.61,0,0.329504292585979,51.36
42,40170.23,8.4,33720.33,48,11.0,525,2,0,2476.0,0,0.839435821004759,44.0
27,80016.01,0.1,18158.21,24,10.18,577,4,0,5828.58,0,0.22693221019143545,20.36
25,15000.0,2.8,9070.83,36,9.81,601,3,0,958.12,0,0.604722,29.43
33,15000.0,0.0,10824.83,60,10.32,576,2,0,1018.3,1,0.7216553333333333,51.6
29,69835.59,0.6,12073.99,36,6.08,759,0,0,5451.88,0,0.17289164450389838,18.240000000000002
31,18709.82,2.6,24282.85,24,9.22,673,4,0,447.34,0,1.2978665748788603,18.44
19,53118.46,7.5,6525.26,60,7.78,638,4,0,4294.92,0,0.12284354629256948,38.9
31,49480.61,3.1,11272.89,12,9.0,686,5,2,3137.55,0,0.22782439424251236,9.0
39,18069.84,12.5,41399.58,60,6.52,767,2,1,695.4,0,2.2910872481438687,32.599999999999994
30,40146.91,1.6,14158.98,12,5.26,812,6,0,2131.77,0,0.3526791974774646,5.26
25,15360.9,8.6,12389.28,48,8.63,709,3,0,973.94,1,0.8065464914165186,34.52
37,19709.64,2.5,14745.64,60,10.36,600,2,1,1326.55,0,0.7481435480303039,51.8
30,17501.77,6.1,13506.61,36,7.13,732,1,0,1040.63,0,0.7717282309160731,21.39
35,17194.88,1.9,22094.07,12,4.64,846,6,1,-454.87,0,1.284921441731492,4.64
24,15000.0,7.1,4664.51,24,9.55,644,1,0,1035.72,0,0.3109673333333334,19.1
50,32438.47,1.5,12099.75,48,7.55,692,2,0,2410.36,0,0.3730061867899441,30.2
20,78155.35,5.4,5713.85,36,6.39,771,2,0,6338.11,1,0.07310887866281707,19.169999999999998
35,15000.0,12.4,96565.54,24,10.76,581,4,1,-3239.96,1,6.437702666666667,21.52
41,31782.15,0.5,12463.0,48,8.75,688,3,1,2339.85,0,0.3921383543907508,35.0
31,15000.0,2.1,35818.77,48,11.81,559,3,0,310.09,0,2.387918,47.24
19,36161.73,7.9,8736.81,48,8.35,672,2,0,2798.75,0,0.24160376176692872,33.4
29,54170.85,1.3,29478.54,48,7.33,737,3,0,3803.81,0,0.5441771727783485,29.32
33,36329.22,6.3,8069.48,48,11.63,542,3,0,2816.4,0,0.22212092635074465,46.52
50,15000.0,4.1,8165.8,36,7.46,703,0,1,996.14,0,0.5443866666666667,22.38
29,146125.23,4.0,46311.36,36,5.79,781,4,0,10772.62,0,0.31692925307970427,17.37
46,49302.86,10.2,31780.78,48,6.1,784,6,0,3360.74,0,0.6446031731222083,24.4
22,29622.37,11.3,12930.69,36,12.3,509,3,2,2037.19,0,0.43651773980272346,36.900000000000006
40,23401.88,0.7,65847.4,36,8.24,695,0,0,-120.56,0,2.813765389789196,24.72
18,15964.57,2.4,29423.01,36,9.5,611,5,0,387.87,1,1.8430192607755798,28.5
25,86882.81,5.0,14881.75,48,5.78,820,0,0,6892.24,1,0.17128532099732963,23.12
32,34306.99,17.0,7581.09,24,8.01,712,3,0,2516.01,1,0.2209779989442385,16.02
47,46141.57,2.7,6411.33,24,9.59,624,3,0,3550.49,1,0.1389491081469486,19.18
42,94074.31,1.4,6161.49,12,6.06,772,1,1,7309.06,0,0.06549598928761742,6.06
38,62867.29,2.2,9121.22,48,6.82,754,4,1,5021.28,0,0.1450868965403153,27.28
44,32727.33,1.8,3980.18,24,8.91,637,3,0,2545.61,0,0.1216163982824141,17.82
27,15000.0,6.3,3020.61,24,6.91,715,7,1,1114.88,0,0.201374,13.82
25,33746.29,0.1,8023.56,36,5.77,781,2,0,2568.93,0,0.23776124723636288,17.31
54,32758.28,0.0,15035.29,24,9.21,654,3,0,2041.52,0,0.45897678388486823,18.42
34,24036.72,8.5,29291.36,60,8.41,684,2,0,1403.37,0,1.2186088617748179,42.05
36,29059.72,8.8,14631.06,24,9.13,604,7,0,1752.35,0,0.5034824836577916,18.26
24,20269.94,7.3,4300.96,24,9.48,617,1,0,1491.72,0,0.21218415052042583,18.96
42,75911.02,4.8,17019.65,12,11.74,558,3,0,4815.81,0,0.22420526031661808,11.74
18,19898.07,10.4,6171.77,36,9.06,640,7,0,1461.74,0,0.31016927772392,27.18
18,35689.75,0.9,11957.74,48,9.82,599,5,1,2671.9,1,0.33504689721838904,39.28
53,53524.78,3.6,16137.65,60,4.52,841,1,0,4159.4,0,0.30149867033549693,22.599999999999998
36,52574.02,5.5,30846.61,36,12.1,501,2,0,3355.15,0,0.586727246651483,36.3
35,15708.91,0.5,17893.49,48,9.08,666,1,0,863.12,0,1.1390663005899202,36.32
36,19815.65,8.7,17090.06,24,9.05,603,1,0,870.16,0,0.8624526573693015,18.1
23,27587.77,6.8,60293.48,36,6.8,752,4,0,442.8,0,2.1855148132668933,20.4
36,52899.85,2.4,28777.21,24,5.91,816,2,0,3134.06,0,0.5439941701157943,11.82
25,23001.65,6.6,5813.65,48,9.33,645,5,0,1771.22,0,0.25274925929226816,37.32
30,17314.46,1.1,11334.09,36,8.49,678,1,0,1085.14,0,0.6546025691820594,25.47
46,15000.0,3.2,69582.36,12,6.63,751,3,0,-4758.87,0,4.638824,6.63
42,86355.28,1.7,23212.23,48,9.16,616,2,0,6616.87,0,0.26879919791818174,36.64
47,43956.48,3.5,11003.5,36,5.76,773,0,0,3329.49,0,0.2503271417547538,17.28
39,36471.7,2.4,37786.69,24,8.22,641,2,1,1326.52,0,1.0360550783209996,16.44
44,59232.91,0.0,9965.34,36,9.39,659,4,0,4617.37,0,0.16823991932862997,28.17
25,127115.77,0.6,8302.55,60,12.79,503,1,0,10404.96,0,0.06531487005900212,63.949999999999996
29,45740.69,5.5,25305.1,48,9.71,610,2,0,3173.44,0,0.5532295205865936,38.84
48,18546.18,1.3,13053.91,24,8.28,710,0,0,953.45,0,0.703859770583484,16.56
38,83118.82,4.2,45992.33,48,8.75,598,2,0,5787.5,0,0.553332325940142,35.0
41,44365.22,1.5,92922.4,48,8.5,645,1,0,1406.72,0,2.094487528744363,34.0
32,46892.47,5.4,15110.43,24,11.82,504,2,0,3197.68,1,0.3222357448861192,23.64
36,37509.45,1.8,5521.13,48,11.24,564,5,0,2982.45,1,0.1471930406870802,44.96
31,74033.43,1.9,42433.07,12,11.45,530,3,0,2410.23,1,0.573160935539526,11.45
22,29793.48,9.5,8552.52,60,9.25,660,4,1,2304.21,0,0.28706012187901514,46.25
22,50581.38,5.3,13382.95,48,10.26,604,0,0,3874.02,1,0.2645825400572306,41.04
28,27283.85,12.1,31985.76,24,12.38,466,2,0,762.29,0,1.172333083490783,24.76
53,15000.0,0.7,33136.41,48,10.33,599,1,0,404.31,0,2.2090940000000003,41.32
30,27285.37,0.6,22704.32,36,7.82,685,7,0,1564.19,0,0.8321059967301159,23.46
39,53584.33,9.7,7018.31,60,7.46,705,6,2,4324.86,0,0.13097691060054312,37.3
18,73451.13,6.3,26383.83,36,10.71,562,2,1,5260.77,0,0.3592025064828819,32.13
36,50226.03,17.7,8397.27,12,9.21,676,1,1,3450.33,0,0.16718960268211525,9.21
33,54825.21,7.6,14732.32,48,6.51,771,3,0,4219.32,0,0.2687143378018981,26.04
31,31950.84,7.5,7499.77,48,7.3,791,4,0,2481.93,0,0.23472841402604752,29.2
28,82649.98,0.2,27798.8,48,11.62,514,4,1,6160.62,0,0.3363436990547366,46.48
46,27760.6,7.2,26044.52,48,7.23,761,5,0,1686.93,0,0.9381828923005987,28.92
30,27035.13,5.4,76371.44,36,8.98,653,2,0,-174.95,0,2.824896347825958,26.94
27,28721.46,2.3,4849.57,48,9.83,619,3,0,2270.85,0,0.16884831063601918,39.32
45,30953.7,11.6,9460.81,48,4.85,810,1,0,2362.24,0,0.30564391332861657,19.4
50,59940.43,1.1,11294.24,24,4.09,850,2,1,4504.13,0,0.18842440736577964,8.18
45,46997.35,6.9,67934.31,60,8.09,700,4,0,2536.05,0,1.4454923522283702,40.45
62,53192.94,1.3,12341.98,24,4.7,850,4,1,3892.94,0,0.23202289627157285,9.4
27,54183.2,5.5,45324.32,60,7.08,718,2,0,3616.08,0,0.8365013509722571,35.4
24,18472.63,5.8,17542.04,24,8.91,627,3,0,738.71,1,0.9496233075636766,17.82
31,24081.76,0.7,100000.0,60,7.41,727,4,0,7.29,0,4.152520413790355,37.05
28,86845.83,1.8,47539.76,36,7.75,746,7,0,5752.91,0,0.5474040607361343,23.25
32,41218.29,1.2,38150.42,36,7.77,710,5,1,2243.41,0,0.9255701777050915,23.31
37,19009.91,2.4,11752.06,48,8.43,637,6,0,1294.88,0,0.618207029912293,33.72
21,63571.54,4.9,7297.69,36,6.31,721,1,0,5074.59,0,0.1147949223819338,18.93
41,34855.81,2.4,5053.47,36,11.99,544,1,0,2736.83,0,0.14498214214502547,35.97
34,15000.0,0.6,30020.17,36,6.66,797,4,0,327.72,1,2.0013446666666668,19.98
46,36742.71,5.1,5898.45,36,9.66,592,3,1,2872.51,1,0.1605338854972864,28.98
30,15000.0,8.1,14990.22,36,6.93,771,1,2,787.62,0,0.9993479999999999,20.79
39,39325.58,21.2,5387.44,48,8.57,641,5,2,3144.16,0,0.136995817989207,34.28
40,64409.49,1.5,21004.18,36,14.54,372,0,1,4644.06,1,0.3261038086157801,43.62
34,134949.75,3.1,6583.55,48,11.14,509,0,0,11075.21,1,0.048785195971092946,44.56
32,52029.84,4.1,10773.51,24,14.78,390,0,1,3814.57,0,0.20706406169997835,29.56
30,15000.0,6.1,3589.44,48,9.65,607,2,0,1159.56,0,0.239296,38.6
38,30468.5,3.3,18212.45,24,11.08,581,4,0,1689.52,1,0.5977468533075143,22.16
38,22934.47,2.2,23964.49,48,7.11,833,2,0,1336.12,1,1.044911436802333,28.44
46,53942.45,16.6,63288.84,36,10.56,587,7,1,2436.37,0,1.1732659528812652,31.68
47,28897.42,8.0,3890.89,36,8.44,631,2,0,2285.4,0,0.134644892173765,25.32
46,50157.91,8.3,8864.55,12,9.14,645,4,0,3404.03,1,0.17673284233733022,9.14
46,37225.9,5.5,7574.33,48,9.32,642,3,0,2912.52,0,0.20346935869918523,37.28
39,34166.34,6.5,6975.99,48,9.86,571,3,0,2670.73,0,0.2041772692070617,39.44
45,17061.62,2.3,16507.59,24,9.33,632,2,1,665.15,0,0.9675277025276615,18.66
53,17382.75,1.5,7909.99,36,12.9,443,2,0,1182.42,0,0.4550482518588831,38.7
37,56690.68,6.8,10543.46,36,10.07,576,4,0,4383.67,0,0.18598224611170652,30.21
37,60163.03,0.3,6824.61,12,12.7,475,0,1,4404.99,1,0.11343527744530153,12.7
36,15000.0,1.9,22496.01,36,6.41,757,2,1,561.44,0,1.499734,19.23
57,19535.43,3.0,3231.08,60,7.25,733,4,0,1563.59,0,0.1653958986313585,36.25
39,23303.25,5.2,14901.73,12,8.66,697,4,0,641.11,0,0.639470031004259,8.66
35,33346.5,5.4,80460.8,36,12.43,457,1,0,89.87,0,2.4128709159881847,37.29
28,38908.51,3.1,18898.83,36,9.71,610,3,0,2635.13,0,0.48572484528448917,29.130000000000003
29,134318.49,4.9,19817.87,12,10.48,616,3,1,9446.47,0,0.14754387128681987,10.48
31,25198.75,2.8,18583.17,48,5.73,828,0,0,1665.77,0,0.737463961506027,22.92
32,35937.59,5.5,9565.99,48,10.5,583,3,0,2749.88,0,0.2661834029493909,42.0
33,15000.0,13.4,12164.99,48,9.57,610,2,1,943.97,0,0.8109993333333333,38.28
29,57477.19,4.5,24891.2,12,11.76,510,4,0,2581.01,1,0.4330622286858491,11.76
32,70691.91,6.8,10408.22,36,5.33,850,4,0,5577.5,0,0.14723353775559322,15.99
36,15000.0,3.5,2755.24,12,13.91,424,0,0,1002.73,0,0.18368266666666666,13.91
50,68899.72,0.7,10346.38,36,10.35,584,4,0,5406.09,0,0.15016577716135854,31.049999999999997
21,21013.24,0.2,37626.54,60,7.78,709,4,0,992.13,1,1.7906110623587794,38.9
31,42229.82,5.7,35114.04,60,8.37,670,3,1,2800.93,0,0.8314986897884007,41.849999999999994
21,25792.53,7.6,47894.11,48,6.92,761,4,0,1004.27,0,1.8568984896014467,27.68
42,94735.76,6.2,2962.66,36,7.2,757,3,0,7802.9,0,0.031272879428000576,21.6
45,38398.97,0.4,32475.72,48,8.15,693,3,0,2404.8,1,0.8457445603358632,32.6
42,22141.36,0.5,43198.29,36,12.11,517,1,0,408.04,1,1.9510224304198116,36.33
45,21196.39,2.0,2722.73,36,6.56,760,3,0,1682.84,0,0.12845253366257178,19.68
44,20335.38,1.2,7470.18,48,11.12,554,4,0,1501.11,0,0.3673489258622165,44.48
30,48882.95,3.3,11749.13,48,7.62,705,1,0,3788.84,0,0.24035231097959514,30.48
35,60123.55,0.7,6365.36,48,10.26,575,3,0,4848.06,0,0.10587132662658807,41.04
48,89564.61,0.2,3883.37,36,10.15,649,6,1,7338.14,0,0.04335830859979181,30.450000000000003
18,37431.29,9.7,53666.53,12,6.95,753,1,1,-1523.08,1,1.4337344505091862,6.95
32,26879.44,4.1,26794.92,36,8.57,676,3,0,1393.23,0,0.9968555892533475,25.71
51,15000.0,1.7,10405.29,36,11.92,527,7,0,904.79,1,0.693686,35.76
45,51070.41,12.1,33535.14,12,7.98,692,2,0,1339.01,0,0.6566452080568768,7.98
25,61142.37,8.8,5552.27,12,9.7,576,3,0,4607.84,0,0.09080887770624528,9.7
18,15000.0,2.8,34581.51,12,10.06,566,3,0,-1791.23,1,2.305434,10.06
39,19767.96,8.5,14818.58,12,9.56,624,2,1,347.57,0,0.7496261627401108,9.56
23,86037.88,2.0,26463.6,12,10.97,598,3,0,4831.3,0,0.30758080045672903,10.97
58,48034.88,1.6,5093.46,36,8.82,666,1,0,3841.36,0,0.10603669666708859,26.46
51,16038.53,8.3,2404.39,24,6.38,782,4,0,1229.57,0,0.14991336487820267,12.76
39,29985.24,0.2,18851.62,60,6.35,787,4,0,2131.24,0,0.6286966520861597,31.75
35,53411.89,0.6,4780.73,36,6.73,748,4,0,4303.97,0,0.08950684950485743,20.19
50,17466.04,0.1,15152.24,36,8.29,687,3,1,978.66,1,0.8675257814593348,24.869999999999997
31,47120.2,4.7,17649.52,24,8.25,691,3,0,3126.43,0,0.3745637751962004,16.5
18,25748.09,2.9,21745.77,48,4.8,827,2,0,1646.85,0,0.8445585672568334,19.2
18,47926.5,4.4,32389.3,12,9.65,581,4,0,1151.61,1,0.6758119203363484,9.65
32,51772.34,11.6,6928.96,12,12.36,508,5,0,3697.57,0,0.13383517144482943,12.36
28,36892.01,3.8,24537.03,36,4.95,841,2,1,2339.49,0,0.6651041783844251,14.850000000000001
18,83633.9,0.4,9012.67,24,7.34,719,3,0,6564.58,0,0.10776335911633919,14.68
55,40066.59,0.6,5739.69,36,10.22,614,4,0,3153.09,0,0.1432537682892405,30.660000000000004
32,42432.27,1.0,21798.49,48,10.23,573,5,0,2980.75,1,0.5137243423460495,40.92
32,15294.77,2.1,26067.15,24,11.0,611,3,0,59.63,1,1.7043178812103745,22.0
45,98826.49,1.6,14365.01,24,11.84,499,3,1,7560.4,1,0.14535586561862107,23.68
35,56407.63,2.0,18398.8,48,12.61,494,5,0,4210.6,0,0.32617573190009935,50.44
39,37526.96,0.4,18809.45,24,4.92,850,4,0,2302.72,1,0.5012249859834104,9.84
26,39252.16,6.9,29989.42,36,9.52,640,4,0,2310.08,0,0.7640196106405354,28.56
23,47369.18,2.6,11749.78,24,5.36,809,4,0,3430.06,0,0.24804693684796741,10.72
27,23708.88,4.4,13810.94,36,8.88,650,1,0,1537.33,0,0.5825218230468922,26.64
58,49457.44,5.7,38882.54,48,9.69,609,5,1,3141.07,0,0.7861818161231151,38.76
31,77773.67,4.7,7007.63,36,5.49,850,3,0,6269.57,0,0.09010285871812401,16.47
34,15000.0,2.4,8093.28,24,8.72,643,4,0,881.3,0,0.539552,17.44
26,102185.87,7.0,31815.04,36,5.02,803,4,0,7561.68,0,0.3113448072615128,15.059999999999999
30,20602.86,0.4,8540.49,12,6.4,721,1,1,980.28,0,0.41452934204280373,6.4
50,53961.01,1.7,6614.06,48,9.47,656,2,0,4330.68,0,0.1225710934617421,37.88
32,38495.87,12.8,8649.74,36,7.11,788,1,2,2940.47,0,0.22469267482459804,21.330000000000002
18,77852.08,1.6,27231.13,48,9.04,658,1,0,5809.51,0,0.3497803783791005,36.16
42,17297.84,0.9,15235.98,36,12.23,502,1,1,933.76,0,0.8808024585728622,36.69
35,50098.49,0.3,5516.82,12,8.06,696,2,1,3694.82,0,0.11011948663522593,8.06
39,28019.07,7.0,13562.21,24,9.67,613,0,0,1711.16,0,0.4840349804615214,19.34
24,24804.96,0.3,14802.57,24,10.29,580,3,0,1382.03,0,0.5967584708864678,20.58
20,16386.12,2.6,37449.36,60,11.74,507,1,0,537.38,1,2.2854318166838765,58.7
37,19578.39,13.4,13160.56,36,6.18,774,4,1,1230.09,0,0.6721982757519898,18.54
30,71240.33,9.5,11486.6,24,11.6,525,2,2,5398.12,1,0.1612373216126315,23.2
49,18858.04,6.8,18229.88,24,9.98,603,3,0,730.46,0,0.9666900695936588,19.96
51,15000.0,0.3,93886.67,48,9.99,613,3,1,-1130.76,0,6.259111333333333,39.96
31,22872.41,2.0,7803.95,48,9.37,667,2,0,1710.46,0,0.34119491562104737,37.48
34,23179.16,4.1,11892.02,12,10.43,589,2,0,883.72,1,0.5130479275349064,10.43
48,15000.0,0.0,7390.58,12,14.05,431,3,0,586.25,1,0.49270533333333333,14.05
31,40508.35,2.0,10382.45,36,6.17,776,0,0,3059.04,0,0.25630394721088373,18.509999999999998
41,38889.46,5.7,4122.75,60,5.71,775,4,0,3161.64,0,0.10601201456641465,28.55
21,29849.47,8.3,4040.05,48,5.3,831,1,0,2393.87,0,0.13534746178072843,21.2
25,21220.97,1.0,16799.6,48,5.62,850,5,0,1376.8,0,0.7916509000295461,22.48
32,63128.99,5.1,5690.88,12,9.94,582,2,0,4760.59,0,0.09014685646008276,9.94
35,21733.85,4.9,19513.44,48,11.26,484,2,1,1304.35,0,0.8978363244432073,45.04
49,45309.02,4.6,37541.55,24,10.07,575,0,0,2042.19,0,0.8285668063445205,20.14
26,31228.97,0.6,21335.34,36,8.56,655,5,0,1928.32,1,0.6831906399730763,25.68
18,58088.22,6.8,26870.64,48,9.31,681,2,0,4168.05,0,0.46258329141433496,37.24
25,36683.84,2.4,16300.53,24,8.0,728,7,1,2319.76,0,0.44435179087031246,16.0
32,68240.98,4.3,64364.51,48,10.32,602,2,0,4044.39,1,0.9431943972668623,41.28
41,45706.43,3.3,7344.43,48,14.12,386,1,1,3607.73,1,0.16068701930997456,56.48
23,37773.83,3.4,8440.75,60,8.42,678,4,1,2974.97,0,0.22345496869128706,42.1
27,15000.0,4.1,6771.96,12,7.06,748,2,0,663.86,0,0.451464,7.06
64,39647.12,0.8,6251.99,36,6.57,744,2,0,3112.11,0,0.15769089911196574,19.71
41,28916.91,4.9,9186.46,48,10.08,569,4,0,2176.4,0,0.3176847042094055,40.32
35,48570.21,0.3,23675.81,48,7.92,673,2,0,3470.41,0,0.48745537645400344,31.68
18,107577.24,1.0,19138.71,36,6.32,739,4,1,8379.75,0,0.17790668360705292,18.96
45,18312.66,2.3,36639.6,48,9.87,573,1,2,599.07,1,2.0007797884086744,39.48
18,25392.94,0.1,8804.89,48,9.7,645,4,1,1894.03,0,0.34674559149117823,38.8
55,22909.81,3.9,3318.65,48,12.15,499,2,0,1821.51,0,0.1448571594439238,48.6
31,39114.59,1.2,15411.51,60,7.59,740,3,1,2950.07,0,0.3940092430982915,37.95
46,15000.0,8.4,6545.37,36,8.18,709,2,1,1044.35,0,0.43635799999999997,24.54
40,71271.98,6.6,14966.5,24,8.61,652,0,0,5258.27,0,0.20999135985839038,17.22
31,24933.94,18.3,8723.05,12,5.28,838,1,1,1329.95,0,0.34984643421777706,5.28
31,75621.38,5.2,23007.19,60,6.44,786,3,0,5852.27,0,0.304241869164514,32.2
46,16907.56,5.8,19507.5,24,4.98,823,1,0,553.32,0,1.1537738147905434,9.96
34,48959.72,1.6,30374.1,12,9.66,655,3,0,1414.41,0,0.6203895773913739,9.66
25,33614.71,9.0,13668.05,24,9.19,655,3,0,2175.61,0,0.406609189845755,18.38
43,79545.99,3.1,15048.0,24,10.72,602,3,0,5929.43,0,0.1891735837343906,21.44
23,15742.02,3.3,3642.02,36,10.49,589,2,2,1193.48,0,0.23135658574947815,31.47
38,25736.99,13.6,19367.19,48,8.63,691,3,0,1666.19,1,0.7525040807025218,34.52
27,38466.46,6.2,99526.83,36,13.36,415,4,0,-165.2,0,2.5873665005825854,40.08
31,21355.73,40.0,9709.87,48,8.14,639,4,0,1541.96,0,0.454672820830756,32.56
38,50721.6,5.6,24773.42,24,9.32,630,1,0,3091.39,0,0.48841952935238636,18.64
33,100832.88,2.2,29533.81,24,8.21,671,4,0,7064.18,0,0.29289860608960094,16.42
29,26669.7,0.6,18468.28,48,8.91,684,2,0,1763.68,0,0.6924817302031894,35.64
30,19898.92,2.1,15252.1,48,7.3,714,3,1,1290.89,0,0.7664787837731898,29.2
18,37522.8,1.7,5062.04,12,7.69,689,1,0,2687.29,0,0.1349057106612513,7.69
29,22092.26,0.1,13456.91,60,7.99,665,2,0,1568.23,1,0.6091232857118285,39.95
32,116296.03,10.3,6979.83,36,6.87,748,5,1,9476.23,0,0.06001778392607211,20.61
18,35876.67,10.0,27153.59,48,9.9,623,1,1,2302.34,0,0.756859262579275,39.6
32,45167.99,4.1,10279.68,24,7.83,722,3,0,3299.87,0,0.22758772307556746,15.66
41,29881.38,8.7,3061.29,48,6.75,730,0,0,2417.16,0,0.10244807970716212,27.0
42,50300.43,1.1,31370.56,60,8.74,638,6,0,3544.45,0,0.6236638533706372,43.7
25,21230.44,10.4,15429.17,48,5.97,785,1,0,1407.06,0,0.7267475379690671,23.88
36,88524.72,9.2,15969.88,36,10.09,564,10,1,6861.08,1,0.1804002317092898,30.27
32,21772.77,5.7,12051.26,24,11.2,513,2,1,1251.6,1,0.553501460769576,22.4
25,165284.72,4.9,19643.1,12,12.32,503,4,0,12025.52,0,0.11884401655519033,12.32
52,18001.68,0.9,29430.64,36,11.63,522,3,0,527.81,1,1.6348829664786841,34.89
37,111523.54,11.2,36512.15,36,6.91,763,1,1,8167.74,0,0.32739410890292764,20.73
39,55318.67,0.9,17367.75,36,5.47,850,4,0,4085.69,0,0.31395819892271454,16.41
19,112553.86,2.6,2485.36,48,11.13,544,3,0,9315.1,1,0.022081517239835223,44.52
22,30419.5,0.8,9822.26,36,12.88,472,3,0,2204.58,1,0.3228935386840678,38.64
31,58004.46,1.5,16142.27,48,8.35,667,2,0,4436.97,0,0.2782936001817791,33.4
41,57533.62,2.4,15853.71,36,11.24,542,4,0,4273.63,0,0.27555557950290627,33.72
27,41715.99,3.5,12433.98,48,9.59,641,4,2,3163.42,0,0.2980626853156308,38.36
29,19980.33,4.7,9215.34,36,10.73,512,4,0,1364.51,1,0.4612206104703976,32.19
24,32959.98,0.9,7208.44,60,9.64,629,5,0,2594.78,0,0.21870280261092387,48.2
39,44009.46,1.8,5340.6,24,6.58,698,3,0,3429.36,0,0.12135118222309477,13.16
26,15000.0,2.5,7624.15,48,7.48,706,3,0,1065.73,0,0.5082766666666666,29.92
27,24784.95,15.8,24195.65,48,5.93,779,2,1,1497.95,1,0.9762234743261536,23.72
29,15000.0,3.4,20467.47,24,9.07,653,1,0,314.29,1,1.364498,18.14
43,42093.49,6.4,11222.44,48,11.55,580,1,0,3214.73,0,0.26660749678869583,46.2
19,17163.36,0.9,3988.79,36,11.28,563,1,0,1299.16,1,0.2324014645151066,33.839999999999996
21,41380.06,6.1,11421.53,60,8.33,710,2,0,3214.94,0,0.27601530785600603,41.65
38,69995.37,1.6,23517.28,60,9.05,651,5,0,5344.2,0,0.3359833657569065,45.25
34,39630.13,6.0,12418.47,36,8.97,666,9,1,2907.78,0,0.3133593051549415,26.910000000000004
49,29887.12,1.4,14391.05,24,9.27,607,2,0,1831.36,0,0.4815134412415783,18.54
31,62161.47,10.1,7064.42,36,12.69,470,5,0,4943.15,0,0.11364628281795781,38.07
38,43610.93,4.6,13501.65,24,7.95,699,2,0,3023.91,0,0.30959326022169215,15.9
39,42119.02,7.0,4362.77,12,12.43,459,7,0,3121.41,1,0.10358194468912146,12.43
20,21967.15,4.4,36074.09,24,11.56,564,1,0,139.87,1,1.6421834420942176,23.12
36,42284.85,3.4,8102.35,36,6.28,763,3,0,3276.22,0,0.19161354480387185,18.84
35,52924.64,1.5,46595.26,48,8.15,714,4,0,3269.58,0,0.88040768912174,32.6
29,33156.37,2.7,3968.12,36,9.72,571,2,0,2635.51,1,0.11967896365012212,29.160000000000004
37,37056.93,5.0,7713.75,48,4.65,850,5,1,2911.66,0,0.2081594454802381,18.6
20,20639.23,3.5,13086.93,36,14.38,420,2,0,1270.24,1,0.6340803411755187,43.14
33,59170.08,3.1,8328.56,24,7.15,724,3,0,4557.38,0,0.14075627411691854,14.3
53,38036.4,2.5,4567.3,36,6.22,733,0,2,3030.3,0,0.120077084056325,18.66
18,94814.15,2.1,15766.66,48,8.69,689,4,3,7511.14,0,0.16629015816731998,34.76
48,50377.63,1.2,11334.1,24,6.64,762,1,0,3692.53,0,0.22498279494291418,13.28
36,33729.65,7.5,43803.0,36,9.14,637,2,0,1415.02,0,1.2986497043402465,27.42
35,15000.0,4.0,42388.79,48,6.8,715,4,1,238.88,1,2.8259193333333332,27.2
22,29479.06,11.9,10014.19,12,7.52,725,1,1,1587.69,0,0.33970520091210504,7.52
26,15000.0,2.2,4659.13,36,8.0,696,2,2,1104.0,0,0.3106086666666667,24.0
24,79647.45,0.8,27026.81,24,10.25,608,4,0,5387.02,0,0.3393305121507343,20.5
33,58920.8,10.9,6739.99,24,12.16,528,3,1,4592.29,0,0.11439067358216452,24.32
19,63355.37,0.0,5362.82,48,10.85,564,3,0,5141.4,0,0.08464665268311115,43.4
45,56257.95,20.3,9266.67,36,6.7,792,5,0,4403.3,1,0.16471751992385078,20.1
50,178414.63,5.7,13678.07,36,10.62,532,3,0,14422.54,0,0.0766645089587104,31.86
38,18547.77,16.5,8817.77,48,9.18,635,2,0,1325.46,0,0.4754086340298591,36.72
26,31039.98,2.4,27456.09,24,9.34,634,2,1,1328.05,0,0.8845395518940412,18.68
20,73450.61,0.9,22445.86,48,9.08,618,3,0,5561.47,0,0.30559119931066603,36.32
34,38543.09,7.2,24327.41,48,12.23,543,1,0,2568.54,0,0.6311743557664942,48.92
36,20694.74,1.3,22564.45,36,4.7,850,1,0,1051.32,0,1.0903471123580195,14.100000000000001
37,15000.0,6.2,6173.83,24,10.43,565,5,0,963.88,0,0.41158866666666666,20.86
29,58979.37,0.5,21139.85,24,6.81,730,4,0,3970.28,0,0.35842787062662756,13.62
46,29045.9,15.4,4602.11,36,10.58,550,4,0,2270.74,0,0.15844267177123103,31.740000000000002
54,49256.22,10.0,19938.02,48,12.11,528,0,0,3578.56,1,0.40478177172344937,48.44
26,25336.76,5.6,5497.81,60,6.41,817,1,1,2004.06,1,0.21698946510919315,32.05
37,37954.92,5.9,2029.74,12,9.58,623,8,1,2984.86,0,0.0534776519091596,9.58
33,46667.81,1.9,10212.5,12,10.56,601,5,0,2988.48,0,0.2188339242831408,10.56
18,39647.62,4.7,18583.01,24,11.37,534,3,0,2434.66,0,0.468704300535568,22.74
38,22778.63,4.8,16751.01,48,4.98,850,1,0,1512.61,0,0.7353826810479821,19.92
18,27925.44,0.4,9010.59,24,8.78,673,1,0,1916.38,1,0.32266599917494587,17.56
30,53551.93,4.6,5761.61,24,10.49,561,5,0,4195.49,0,0.10758921293779701,20.98
18,69934.02,4.8,6016.6,48,10.3,539,6,1,5674.37,0,0.08603252036705454,41.2
37,113814.16,2.3,23884.06,48,11.1,537,1,0,8866.06,0,0.20985139283196397,44.4
47,18476.09,2.6,7224.14,36,5.19,826,2,1,1322.54,0,0.3909993943523765,15.57
29,16579.8,1.8,4451.59,36,10.37,586,4,0,1237.24,0,0.26849479487086697,31.11
25,56640.19,0.7,11403.95,48,11.19,547,2,0,4424.22,0,0.2013402497413939,44.76
48,24617.67,0.2,11128.98,12,5.16,850,5,0,1097.93,0,0.4520728403622276,5.16
46,34006.54,3.7,23838.47,24,7.44,700,5,0,1761.81,0,0.7009966318243491,14.88
48,42598.02,21.3,11410.42,36,5.58,825,3,0,3204.88,0,0.2678626846975517,16.740000000000002
34,28853.99,15.2,6255.95,24,8.36,658,7,0,2120.53,0,0.21681403507799094,16.72
28,20202.89,12.2,16611.02,36,7.23,748,4,0,1168.93,0,0.8222100897445861,21.69
42,21420.88,1.1,2510.31,60,11.17,498,3,0,1730.28,0,0.11718986334828448,55.85
41,15000.0,7.4,19377.77,36,8.15,689,2,0,641.43,0,1.2918513333333335,24.450000000000003
58,156543.7,4.5,32183.98,36,13.11,445,2,1,11959.2,0,0.20559102665900958,39.33
35,16711.7,2.9,22728.04,12,9.01,666,6,0,-595.06,0,1.3600076593045591,9.01
25,43664.29,2.9,24363.05,24,14.56,388,3,1,2462.49,0,0.5579628112583532,29.12
18,45012.16,5.7,6370.71,24,7.48,758,2,1,3464.39,0,0.1415330879477901,14.96
44,46142.22,0.9,57694.31,36,9.66,607,2,0,1992.75,0,1.2503583486013459,28.98
38,67409.23,2.5,6786.47,36,8.49,682,3,0,5403.23,0,0.10067567898342705,25.47
30,18572.75,0.4,27234.69,48,6.51,761,2,0,901.73,0,1.4663789691887308,26.04
34,63254.28,4.2,35851.16,48,5.31,850,5,0,4440.52,0,0.5667784061410549,21.24
27,68223.38,7.5,48214.85,48,10.88,609,2,0,4441.95,1,0.7067203354627108,43.52
32,27696.54,11.9,17465.99,48,9.19,654,4,0,1871.83,0,0.6306199258102276,36.76
42,19530.28,3.6,25480.44,48,10.12,597,3,0,979.8,1,1.3046633227992634,40.48
38,16948.86,1.9,6590.56,36,6.82,769,2,0,1209.45,0,0.3888497515467117,20.46
31,42590.92,1.1,8069.38,48,11.03,571,1,0,3340.57,1,0.18946244880364171,44.12
40,33592.29,7.3,54255.38,36,8.31,676,1,1,1091.42,0,1.6151140633758518,24.93
47,32120.49,17.9,19459.58,60,7.32,742,3,1,2288.44,0,0.6058307329682704,36.6
27,29379.66,3.0,8984.86,48,9.14,642,5,1,2224.12,0,0.30581905985297314,36.56
23,204915.64,2.1,9352.19,36,9.09,672,2,0,16778.51,0,0.045639220120045496,27.27
30,94327.22,4.7,3025.07,36,10.57,591,1,0,7762.18,0,0.03206995817326112,31.71
47,40639.39,1.6,46642.09,36,7.73,695,3,0,1930.83,0,1.1477064493340081,23.19
29,17814.29,0.1,36963.75,36,12.94,446,4,1,240.14,1,2.0749493805254096,38.82
32,33976.1,1.8,9255.34,24,9.37,614,4,1,2406.94,0,0.27240736870918086,18.74
31,121949.53,4.9,6636.64,36,10.2,569,4,1,9947.69,0,0.054421201951331835,30.599999999999998
47,38987.49,1.8,7312.2,36,11.73,528,4,0,3007.03,0,0.18755246875343862,35.19
23,41034.19,1.2,13685.42,24,8.77,692,4,0,2795.74,1,0.3335126147244529,17.54
39,166725.73,13.9,24932.92,24,13.58,422,1,0,12701.65,0,0.14954452441143906,27.16
25,34482.62,0.7,6960.91,36,9.0,644,5,0,2652.2,0,0.20186720150615003,27.0
57,47870.31,0.6,23000.44,36,9.85,610,1,0,3248.65,0,0.4804740140600719,29.549999999999997
20,133407.26,0.9,7964.39,36,9.49,627,1,0,10862.19,0,0.059699824432343486,28.47
28,75898.24,0.8,7204.36,36,11.59,511,3,0,6086.97,0,0.09492130515806425,34.769999999999996
35,21936.03,1.0,6998.56,48,10.35,568,3,0,1649.32,0,0.31904405674135206,41.4
21,99220.46,5.0,9622.6,48,10.83,566,4,0,8020.46,0,0.09698201358872958,43.32
61,36766.75,9.3,14612.24,48,10.21,558,4,0,2691.82,0,0.397430830845805,40.84
32,37110.81,7.3,6191.1,24,12.87,463,2,0,2798.61,0,0.1668274015037667,25.74
18,16636.39,0.3,89849.73,36,7.14,716,1,0,-1393.69,1,5.400794883986249,21.419999999999998
23,18717.98,7.3,12132.09,12,8.86,662,1,1,499.65,1,0.6481516702122772,8.86
47,15998.84,0.4,67826.3,36,9.72,608,1,1,-846.42,0,4.23945111020549,29.160000000000004
31,37464.59,17.4,29066.45,36,9.79,575,1,0,2187.02,1,0.77583793123053,29.369999999999997
33,55836.5,1.5,30740.37,48,5.49,842,5,0,3938.27,0,0.5505425662425116,21.96
29,28447.16,12.1,9774.59,48,4.63,850,5,0,2147.13,0,0.3436051261356142,18.52
38,61992.07,3.6,7391.05,36,5.28,822,3,1,4943.56,0,0.1192257332268466,15.84
38,94796.45,2.3,15270.02,36,7.65,740,6,0,7423.66,0,0.16108219242387242,22.950000000000003
29,57933.63,0.2,8922.45,48,6.55,756,6,1,4616.0,1,0.15401158187394784,26.2
29,52792.69,16.1,11104.84,24,5.96,787,6,0,3907.42,0,0.21034806144562818,11.92
32,15000.0,6.9,12712.35,48,10.12,586,5,0,926.85,1,0.8474900000000001,40.48
32,22852.53,4.3,14502.9,24,11.5,478,2,0,1225.06,1,0.634629951257038,23.0
32,83954.06,5.9,12733.44,48,8.38,724,3,0,6683.03,0,0.15167152130581893,33.52
27,109739.52,7.0,26551.96,48,6.55,752,4,0,8514.67,1,0.24195440257074205,26.2
18,15000.0,22.7,39518.92,24,6.07,790,1,0,-502.75,1,2.6345946666666666,12.14
33,46389.27,0.8,50680.1,48,6.23,774,4,0,2670.2,0,1.0924961742230477,24.92
28,39593.5,0.1,24404.56,60,7.93,696,3,1,2805.44,0,0.6163779408236201,39.65
31,32666.02,0.6,32907.03,48,10.18,580,3,0,1884.71,0,1.0073780031972062,40.72
58,43331.32,4.4,5062.41,36,13.44,404,3,0,3439.3,0,0.11683027426812753,40.32
30,79112.71,1.2,9139.64,36,9.02,661,2,0,6302.0,0,0.11552682242840624,27.06
44,15000.0,1.6,5913.02,12,10.45,607,1,0,728.91,0,0.39420133333333335,10.45
39,74773.39,15.3,55726.32,48,9.32,609,6,0,4835.88,1,0.7452694066699397,37.28
50,15000.0,4.6,6857.01,60,12.24,461,0,0,1096.64,0,0.45713400000000004,61.2
43,16661.49,0.3,26908.42,48,7.72,679,2,0,735.07,1,1.6150068211186392,30.88
29,38782.89,3.2,17850.14,24,6.48,756,4,1,2436.91,0,0.4602581189797872,12.96
38,16477.08,4.3,14102.92,60,11.25,574,3,0,1064.7,0,0.8559113629356657,56.25
46,27707.37,5.7,5668.12,12,7.42,690,3,1,1817.41,0,0.20457084162083952,7.42
24,23065.88,6.9,11879.91,12,10.39,578,4,1,875.57,0,0.515042565035455,10.39
31,22049.73,3.5,12109.14,48,11.09,517,4,2,1523.98,1,0.549174071519243,44.36
42,121915.29,3.7,4158.29,24,5.85,781,3,0,9975.59,0,0.03410802697512347,11.7
25,19175.18,10.8,14342.22,36,9.48,642,2,0,1138.64,0,0.747957515913801,28.44
45,22572.71,4.8,17903.03,60,9.35,595,4,0,1506.37,0,0.793127187652701,46.75
51,15000.0,0.6,8013.13,36,9.62,632,2,1,992.87,0,0.5342086666666667,28.86
27,93708.83,4.0,28901.05,48,7.62,732,5,0,7108.65,0,0.3084133053416631,30.48
53,53593.94,15.1,8526.07,48,9.15,660,2,1,4253.38,0,0.1590864564165277,36.6
23,60979.61,10.6,6175.81,12,12.96,465,2,0,4530.14,0,0.10127663984731947,12.96
37,76055.7,8.3,40815.7,24,8.16,705,2,0,4489.01,1,0.5366553723126604,16.32
51,26882.39,0.4,4416.19,60,8.58,662,3,0,2149.42,0,0.16427817615918822,42.9
47,57395.71,22.1,39842.77,36,9.73,625,4,1,3502.41,0,0.6941767947465063,29.19
34,203640.12,13.5,4369.14,24,8.97,665,5,1,16770.47,0,0.021455202442426376,17.94
34,31804.09,3.2,10828.8,48,8.0,680,4,1,2385.98,0,0.3404845100111338,32.0
18,18345.27,9.1,1964.04,48,11.48,541,1,1,1477.55,0,0.10705974891620565,45.92
27,20014.65,12.2,10785.85,12,9.23,648,1,0,723.5,0,0.5388977573927098,9.23
31,15988.84,0.8,6306.85,36,9.52,630,1,0,1130.32,0,0.39445325614616195,28.56
34,31343.11,2.7,4277.85,36,6.34,817,3,0,2481.13,0,0.1364845415786755,19.02
32,49583.45,1.0,8313.16,12,13.64,422,1,0,3386.95,0,0.16765997525383974,13.64
39,48198.62,7.5,42706.78,24,8.97,669,1,0,2066.09,0,0.8860581485528009,17.94
37,114150.56,7.4,5668.59,36,10.41,583,5,0,9328.54,1,0.04965888910225233,31.23
25,49452.0,5.0,4884.44,24,11.22,514,3,0,3892.85,0,0.09877133381865243,22.44
19,115777.53,4.5,7553.49,24,9.43,605,4,2,9301.56,0,0.06524141601569838,18.86
46,54225.56,1.7,78724.26,36,8.32,670,0,0,2040.23,0,1.4517924757254697,24.96
40,109780.46,29.8,11653.12,24,8.63,634,4,1,8617.98,0,0.10614930926687682,17.26
32,105993.17,0.2,25045.24,60,6.79,740,6,0,8339.32,0,0.23629107422676388,33.95
37,38328.73,0.6,1951.56,48,9.21,640,5,0,3145.3,0,0.05091637526210756,36.84
39,33539.6,1.3,8311.81,12,7.08,767,6,0,2075.47,0,0.2478207849825281,7.08
30,28569.57,16.0,19305.41,36,11.71,515,3,1,1742.25,1,0.6757333064515847,35.13
30,79197.79,3.1,5697.55,48,11.13,581,5,0,6452.2,0,0.07194077006441721,44.52
34,28599.32,3.9,2323.84,48,6.8,754,3,0,2327.84,0,0.08125507879208317,27.2
24,68263.71,4.5,15406.82,48,13.75,430,3,0,5269.56,0,0.22569561484425618,55.0
32,39257.11,2.5,13809.72,24,13.83,424,2,0,2609.49,0,0.351776276959766,27.66
26,151485.11,2.6,14289.09,36,9.66,633,4,1,12164.97,0,0.09432669653142808,28.98
31,30545.72,0.1,13761.16,12,11.97,509,1,1,1323.01,0,0.45051025151805224,11.97
26,106675.8,6.4,10216.49,48,11.19,515,2,0,8624.66,0,0.09577139332444659,44.76
31,113609.56,9.5,25758.79,48,8.49,677,8,1,8832.67,0,0.2267308314546769,33.96
32,66832.69,2.4,32584.24,36,7.1,742,4,0,4561.79,0,0.4875494312738272,21.299999999999997
21,18755.49,13.8,62974.97,60,9.64,627,1,0,236.05,1,3.357681937395397,48.2
18,67703.95,1.8,15864.09,48,8.44,663,3,0,5251.42,1,0.234315575383711,33.76
30,15877.75,3.7,6323.87,48,7.79,717,3,0,1169.38,0,0.3982850214923399,31.16
54,46723.92,4.1,34753.65,24,11.66,560,6,0,2263.2,1,0.7438085246272146,23.32
29,88895.04,0.1,6028.26,12,8.77,622,5,0,6881.38,0,0.06781323232432317,8.77
23,88176.13,5.8,3405.84,48,8.13,683,3,0,7264.66,1,0.03862541937370125,32.52
36,63163.4,2.0,18886.85,12,13.48,464,5,1,3572.44,1,0.29901572746242283,13.48
42,15000.0,14.7,18129.34,48,8.91,698,6,0,799.63,0,1.2086226666666666,35.64
30,20224.77,2.0,5651.84,60,8.65,667,6,0,1569.03,0,0.2794513856029018,43.25
31,23031.56,5.7,5018.77,60,11.06,585,4,1,1810.03,1,0.21790838310561683,55.300000000000004
35,24622.41,0.8,18359.04,60,5.75,771,2,1,1699.07,0,0.7456231944801505,28.75
33,15000.0,2.9,3866.1,48,4.64,850,2,1,1161.6,0,0.25773999999999997,18.56
27,50186.83,2.9,14347.82,36,8.45,674,3,0,3729.64,0,0.2858881503374491,25.349999999999998
29,18321.77,8.4,6239.95,36,7.33,757,3,0,1333.2,0,0.3405757194856174,21.990000000000002
28,19182.48,5.2,17492.01,48,7.78,678,2,1,1173.31,0,0.9118742727739061,31.12
42,15885.45,10.5,28738.97,36,9.66,644,2,0,401.04,0,1.809137921808951,28.98
41,337932.83,1.9,4726.03,36,10.73,559,3,0,28006.95,0,0.013985116509692176,32.19
38,48340.62,6.2,10015.75,36,9.62,633,3,1,3706.99,0,0.20719117793689862,28.86
39,61771.26,0.1,38432.57,48,10.07,608,2,0,4171.56,0,0.6221755878057206,40.28
20,26440.3,0.5,9840.56,48,6.01,797,6,0,1972.21,0,0.372180345911355,24.04
47,95069.03,1.5,3809.83,60,10.44,594,6,0,7840.64,0,0.04007435439280279,52.199999999999996
24,30212.34,6.7,4207.26,36,7.6,728,5,0,2386.63,0,0.13925634359999922,22.799999999999997
26,31846.44,3.5,15462.49,48,8.25,694,6,0,2274.57,0,0.48553276284570585,33.0
32,15000.0,0.1,13819.57,48,11.77,488,2,1,887.64,0,0.9213046666666667,47.08
50,15000.0,0.8,11025.63,48,8.58,640,3,1,977.82,1,0.735042,34.32
44,91832.02,1.1,27742.3,24,8.76,655,3,1,6388.32,0,0.3020983312792205,17.52
38,20987.53,4.8,6917.05,48,11.08,535,2,0,1569.92,0,0.3295790405064341,44.32
33,42675.21,5.7,50442.92,60,10.33,541,2,1,2476.3,0,1.1820192566129142,51.65
37,19285.38,2.2,40329.18,36,10.68,582,2,0,292.89,0,2.0911789137678385,32.04
29,50825.86,8.6,2855.39,24,12.14,499,1,1,4100.89,1,0.05617986591864849,24.28
33,15000.0,2.1,7300.49,12,9.22,614,1,0,610.82,0,0.4866993333333333,9.22
45,69376.62,0.3,2085.71,48,6.34,754,3,0,5732.08,0,0.030063586262922583,25.36
45,23783.03,0.5,14600.35,48,9.82,617,2,0,1612.88,1,0.6138978086475946,39.28
28,59213.39,2.5,7625.0,36,8.44,694,1,0,4693.96,0,0.12877154981331082,25.32
40,15000.0,6.3,4435.63,60,5.59,825,5,2,1165.09,0,0.2957086666666667,27.95
21,26150.11,3.4,7682.67,36,13.03,465,5,0,1920.2,0,0.29379111598383334,39.089999999999996
43,66276.45,8.1,36554.02,36,8.53,696,2,1,4368.61,0,0.5515385932710638,25.589999999999996
33,59325.34,2.4,50984.18,36,9.53,618,2,0,3309.89,0,0.8593997101407258,28.589999999999996
24,41161.24,1.6,26781.1,48,7.65,692,2,0,2780.69,0,0.650638804856219,30.6
32,38269.03,0.7,17812.48,48,7.79,716,1,1,2755.98,0,0.46545418057369103,31.16
44,15000.0,0.9,45400.39,60,15.05,348,4,0,168.74,0,3.0266926666666665,75.25
26,22998.44,6.1,39710.43,36,7.25,714,1,1,685.85,0,1.7266575472075498,21.75
26,56915.06,6.7,6655.49,48,9.51,585,4,0,4575.68,0,0.11693723945823829,38.04
26,40107.34,15.1,11509.46,36,8.69,649,4,1,2977.94,1,0.2869664255969107,26.07
28,46546.78,3.3,3688.3,48,6.49,764,1,1,3791.45,0,0.07923856387058353,25.96
29,78863.7,4.2,2642.73,60,9.15,643,3,0,6516.92,0,0.03351009399761868,45.75
48,15000.0,1.4,3906.03,36,12.73,495,3,1,1118.9,0,0.260402,38.19
30,37678.14,1.8,5256.08,36,8.41,700,3,0,2974.14,0,0.1394994551217231,25.23
30,57322.94,4.8,8276.83,24,5.47,850,3,1,4412.05,0,0.14438948874569238,10.94
18,77104.46,3.4,24760.95,36,7.42,748,2,0,5656.06,0,0.32113511981018994,22.259999999999998
41,17807.48,4.3,19285.72,24,7.91,705,3,1,612.51,0,1.0830123071877662,15.82
39,52448.08,0.0,18272.41,24,12.17,554,0,0,3509.08,0,0.34839044632329724,24.34
38,15000.0,3.7,8551.26,36,8.72,664,3,0,979.19,1,0.570084,26.160000000000004
47,16459.13,2.0,7121.07,48,13.23,423,3,1,1179.74,0,0.4326516650637062,52.92
29,43078.97,0.6,2563.77,36,8.28,711,2,1,3509.24,0,0.05951326134306368,24.839999999999996
18,29619.42,3.7,42722.99,24,8.88,653,2,0,518.85,1,1.4423979267656153,17.76
28,75469.69,4.4,4032.69,36,8.77,644,2,0,6161.33,0,0.05343456426016855,26.31
53,45780.09,6.0,2369.78,48,6.67,744,3,0,3758.62,1,0.05176442422896067,26.68
35,27444.37,9.7,18860.96,60,9.22,643,1,0,1893.49,0,0.6872433216721681,46.1
35,36120.07,1.0,10357.21,36,7.18,660,4,0,2689.35,0,0.28674390719619314,21.54
26,83900.15,3.9,9550.93,60,7.73,693,2,1,6799.25,0,0.11383686441561786,38.650000000000006
40,31844.32,4.9,16085.89,48,7.22,730,4,0,2266.85,0,0.5051415762685465,28.88
49,45806.06,1.1,20137.63,24,13.09,471,3,0,2858.94,0,0.43962807541185606,26.18
44,46824.83,7.5,11664.77,48,10.26,594,1,0,3604.76,0,0.24911505284696175,41.04
46,42005.0,1.7,18045.68,36,5.37,776,5,0,2956.57,0,0.4296079038209737,16.11
37,31189.28,4.4,12373.42,60,9.08,641,2,1,2341.77,0,0.39672028337941756,45.4
30,24948.22,3.5,4346.86,60,13.87,407,4,0,1978.17,0,0.1742352761038663,69.35
41,100462.91,26.6,16801.82,36,8.14,669,2,0,7844.32,0,0.1672440107498379,24.42
23,58295.05,5.0,11480.73,12,9.73,591,5,1,3850.02,0,0.19694176435220484,9.73
51,17553.72,0.8,14261.37,36,9.26,642,3,1,1007.57,0,0.8124414653987873,27.78
38,22107.67,1.6,8145.36,60,10.69,553,2,0,1666.46,1,0.3684404552809048,53.449999999999996
38,35933.33,3.6,17472.86,60,12.97,464,4,0,2597.15,0,0.48625774455081117,64.85000000000001
25,18442.09,0.3,13572.7,36,6.9,769,0,1,1118.38,0,0.7359632232572338,20.700000000000003
28,56393.62,10.6,36706.16,36,6.23,773,2,0,3578.97,1,0.6508920689964575,18.69
26,33022.45,3.1,4888.63,36,8.74,672,0,0,2597.0,0,0.14803959124777236,26.22
39,24765.65,0.8,2731.38,48,7.79,693,4,0,1997.39,0,0.11028904955048625,31.16
39,53973.06,7.8,18239.55,48,9.51,683,2,1,4039.43,0,0.33793803797672395,38.04
34,20477.2,6.5,40846.44,48,9.63,590,5,1,677.71,1,1.9947277948156974,38.52
36,26264.11,3.7,8945.5,36,9.74,617,3,2,1901.12,0,0.3405978729147875,29.22
37,27838.86,4.6,5390.65,60,11.45,539,3,0,2201.49,1,0.1936375986660373,57.25
35,235745.88,6.2,15273.22,36,12.23,467,1,0,19136.52,0,0.06478679500146513,36.69
37,21912.5,13.4,16432.08,36,9.34,650,1,2,1300.9,0,0.7498952652595551,28.02
33,28391.02,0.5,9932.33,24,8.23,673,4,0,1915.66,0,0.3498405481733309,16.46
45,44054.82,5.7,3098.04,36,7.38,690,5,0,3575.04,0,0.07032238470160586,22.14
46,58839.45,0.7,12266.27,48,9.66,652,1,0,4594.18,1,0.20847016754915285,38.64
31,15000.0,6.2,12538.07,36,12.7,469,0,1,829.35,1,0.8358713333333333,38.099999999999994
27,25359.74,15.0,49873.3,24,11.39,545,3,0,-220.22,0,1.966632938665775,22.78
27,49072.91,0.2,15100.24,36,11.59,494,1,1,3590.82,0,0.3077103028942037,34.769999999999996
27,34429.49,3.4,59084.71,24,7.77,715,5,1,203.08,0,1.7161076158839415,15.54
40,43121.92,2.1,4685.01,36,7.05,736,1,0,3448.73,1,0.10864567254890321,21.15
43,67869.57,29.8,42552.51,48,10.91,546,1,0,4557.86,0,0.6269747988678873,43.64
37,76586.39,14.6,11129.22,24,7.79,716,1,1,5879.92,1,0.1453158975112941,15.58
47,62957.31,14.4,11283.64,12,9.59,600,3,0,4256.58,0,0.17922684434897235,9.59
23,40098.39,9.6,8974.22,24,11.59,524,3,0,2920.8,0,0.22380499566192058,23.18
35,25122.68,2.0,8631.37,36,10.29,615,2,0,1813.87,0,0.34356883899329216,30.869999999999997
42,21141.99,7.0,14562.75,60,5.61,787,5,2,1482.93,0,0.6888069666100495,28.05
38,22143.07,15.8,26706.95,12,10.21,597,6,0,-505.32,1,1.2061087283741596,10.21
36,166108.3,1.0,8195.5,36,8.29,660,1,0,13584.44,0,0.04933829314971016,24.869999999999997
42,38336.38,2.4,9384.1,36,5.98,792,5,1,2909.3,0,0.24478315375630147,17.94
26,29806.7,1.8,17197.72,36,12.9,505,1,0,1905.26,1,0.5769749754249883,38.7
19,23510.58,0.2,11228.54,24,4.87,839,2,0,1467.26,0,0.477595193312968,9.74
26,35173.56,6.5,2920.83,48,11.12,588,2,0,2855.47,0,0.08304049973900851,44.48
28,29373.12,2.6,8359.83,48,6.58,731,2,0,2249.2,0,0.2846081723698402,26.32
33,15914.71,0.5,12839.7,48,6.15,779,2,0,1023.8,1,0.8067819017751503,24.6
31,16760.2,3.5,14610.14,48,8.89,698,3,0,1033.87,0,0.8717163279674466,35.56
40,39429.22,1.8,12759.25,48,11.16,568,0,0,2955.01,1,0.3235988437001797,44.64
46,40581.94,10.8,35724.38,48,5.6,808,3,0,2549.38,0,0.8803024202391506,22.4
35,36131.99,2.4,10800.79,24,9.77,573,2,0,2513.74,1,0.2989259656055479,19.54
26,29783.06,0.9,9153.89,12,8.19,708,3,2,1684.83,1,0.30735223311506604,8.19
41,25292.49,2.8,5193.55,48,8.32,698,3,0,1980.14,0,0.20533960871389095,33.28
22,25739.02,16.2,8930.26,60,10.94,552,1,0,1951.02,1,0.3469541575397976,54.699999999999996
18,47852.49,3.3,9246.06,48,6.1,835,5,0,3770.14,0,0.1932200393333764,24.4
36,74705.36,5.3,11301.55,48,8.19,706,2,0,5948.53,0,0.15128164833152533,32.76
30,23445.29,11.1,9403.07,60,9.95,564,4,1,1754.22,1,0.4010643502383634,49.75
47,61370.74,8.7,5466.53,60,10.46,584,4,0,4996.84,1,0.08907388113618965,52.300000000000004
31,15000.0,18.0,11331.42,12,10.97,513,4,0,248.67,1,0.755428,10.97
40,23422.44,5.8,34186.21,48,9.76,615,4,0,1088.75,0,1.4595494747771796,39.04
44,79902.51,2.7,77146.89,24,6.49,732,3,1,3222.29,0,0.9655127229419952,12.98
38,62101.11,2.1,5336.24,60,8.75,632,2,0,5064.97,0,0.08592825474456092,43.75
45,51143.54,1.5,4005.18,60,7.55,705,3,0,4181.61,0,0.07831252979359661,37.75
47,30748.41,7.7,30812.74,48,10.39,548,9,0,1775.09,0,1.0020921406993077,41.56
18,15000.0,2.3,5205.26,36,7.31,707,3,0,1088.54,0,0.34701733333333334,21.93
60,141933.36,11.2,7710.54,36,7.6,722,2,0,11587.58,0,0.054325071991531804,22.799999999999997
29,61247.57,2.4,12822.28,36,9.68,630,1,1,4692.15,0,0.209351652645158,29.04
18,15718.0,5.4,11210.22,48,8.84,656,4,0,1031.72,1,0.7132090596768036,35.36
53,56143.45,10.5,18779.34,48,10.13,613,2,0,4201.16,0,0.33448852893792597,40.52
30,16419.71,1.5,5296.76,12,11.74,527,3,0,898.34,1,0.3225854780626455,11.74
39,21852.44,1.0,18511.03,24,9.69,607,1,0,969.49,1,0.8470921325032811,19.38
35,47876.21,4.2,9705.09,36,8.78,670,8,0,3682.06,0,0.20271216121743973,26.339999999999996
18,45543.2,2.8,25251.01,48,7.9,673,2,0,3180.0,0,0.5544408385884172,31.6
18,15885.57,3.3,9018.45,48,8.93,702,5,1,1099.67,0,0.5677133398423854,35.72
49,20546.27,5.2,18093.31,48,7.45,685,4,0,1275.14,0,0.880612880099405,29.8
35,20688.28,1.0,10845.51,24,7.21,758,3,0,1237.41,0,0.5242344941193758,14.42
44,52305.2,0.5,17393.1,36,7.25,739,4,0,3819.73,0,0.33253099118252105,21.75
29,59942.27,7.2,7498.38,36,8.36,666,3,0,4758.97,0,0.12509336066185014,25.08
25,35079.54,1.0,20025.91,24,10.25,581,3,2,1996.89,0,0.5708715108578961,20.5
27,43125.5,0.1,20762.7,24,9.04,661,2,1,2644.87,0,0.4814483310338431,18.08
43,16392.26,4.2,28803.66,48,10.79,563,3,0,624.51,0,1.7571500208025008,43.16
48,18941.42,0.3,11387.15,36,9.36,656,5,0,1214.43,0,0.6011772084669471,28.08
59,69434.07,3.2,18484.71,36,6.67,765,2,1,5218.2,0,0.26621959507774784,20.009999999999998
36,15000.0,0.5,24610.15,24,9.45,616,4,1,120.6,1,1.6406766666666668,18.9
44,49323.74,0.4,5641.5,36,10.23,598,2,0,3927.67,0,0.11437697141376546,30.69
24,31502.04,9.0,6947.86,48,9.14,651,3,0,2451.81,0,0.2205527007139855,36.56
43,30534.27,1.2,17103.02,48,12.16,465,4,0,2092.79,0,0.5601253935332333,48.64
46,15000.0,15.7,4472.67,48,8.9,715,3,1,1138.91,0,0.298178,35.6
55,34882.76,8.6,13214.07,36,11.72,523,4,1,2469.77,0,0.3788137750567902,35.160000000000004
27,15000.0,4.0,27060.47,36,4.51,850,2,0,444.91,0,1.8040313333333333,13.53
33,33843.86,0.8,10054.9,24,8.49,696,0,1,2363.32,0,0.2970967259644733,16.98
29,15000.0,0.5,14598.89,24,7.82,712,1,0,590.93,0,0.9732593333333333,15.64
49,171823.88,1.3,14901.85,36,10.46,567,1,0,13834.59,1,0.08672746768377015,31.380000000000003
18,25316.82,9.2,14487.32,12,7.97,683,1,0,849.71,0,0.5722409054533705,7.97
47,93981.2,12.1,13004.47,36,7.61,712,3,0,7426.59,0,0.1383731001519453,22.830000000000002
18,54265.15,0.2,15929.33,60,5.87,823,5,0,4215.1,0,0.2935462262612376,29.35
37,47068.13,0.1,45000.7,36,6.74,739,2,0,2538.2,0,0.9560757990597885,20.22
45,35184.82,2.2,32697.42,24,8.51,649,4,0,1445.64,0,0.9293047399418272,17.02
18,32258.94,1.5,27643.04,60,6.76,762,5,0,2144.0,0,0.8569109834359097,33.8
29,31176.57,0.5,10097.82,60,8.91,650,0,0,2388.87,0,0.32389130683715367,44.55
43,51579.23,1.1,13683.99,24,12.03,535,0,0,3653.92,0,0.26530039320090665,24.06
35,30547.69,0.5,20196.57,48,10.46,594,0,0,2028.93,0,0.661148846279375,41.84
21,47757.89,19.4,2695.25,60,6.42,791,3,0,3927.19,0,0.05643570099097762,32.1
27,22797.4,1.3,6526.32,48,10.02,583,4,1,1734.2,1,0.28627475062945773,40.08
37,40693.8,8.3,33127.08,48,10.25,614,1,0,2546.98,0,0.8140571782433688,41.0
28,23390.61,1.2,14622.3,48,8.18,693,5,1,1591.01,0,0.6251354710287589,32.72
30,131473.35,3.4,8481.74,24,10.78,534,3,1,10561.66,0,0.06451299826162488,21.56
42,97184.12,0.4,55863.73,24,11.02,615,2,0,5494.47,0,0.5748236440274399,22.04
33,37108.25,3.7,4468.14,12,8.4,651,2,0,2702.85,0,0.120408265008455,8.4
28,38304.96,3.5,4553.85,36,6.61,790,7,0,3052.28,0,0.11888408185258516,19.830000000000002
26,51954.5,1.2,3705.11,48,6.83,765,0,0,4241.11,0,0.07131451558575293,27.32
36,135951.29,1.9,25962.92,36,9.24,656,4,1,10500.76,0,0.19097222247762413,27.72
41,53081.38,0.2,26614.84,24,6.44,774,3,0,3238.58,0,0.5013969116854159,12.88
38,38554.73,5.6,7610.06,60,7.44,734,3,1,3060.62,0,0.19738330420158565,37.2
31,64262.2,0.1,9223.96,36,11.43,515,2,0,5051.32,1,0.14353632462007213,34.29
40,56353.05,2.9,24905.61,24,10.4,629,2,0,3542.22,0,0.4419567352610018,20.8
18,16046.15,0.9,3301.43,12,8.28,657,3,1,1049.57,0,0.20574592659298335,8.28
44,16765.83,2.5,48524.11,36,8.26,721,3,1,-129.24,1,2.8942265309859394,24.78
22,46238.14,8.9,19137.11,36,6.35,768,2,1,3267.95,0,0.4138814839870289,19.049999999999997
33,21646.62,9.4,3352.97,60,7.26,713,1,0,1737.08,1,0.1548957758763262,36.3
27,70533.11,6.3,23575.68,36,8.85,651,3,1,5129.7,0,0.3342498296190257,26.549999999999997
44,121762.85,4.4,4735.89,24,12.03,513,5,1,9923.9,0,0.03889437541910361,24.06
44,72844.86,16.1,18210.16,24,7.28,755,3,1,5252.78,0,0.24998551716620773,14.56
51,28410.91,0.9,7155.13,60,8.79,611,4,0,2219.78,0,0.25184444989618426,43.949999999999996
47,15000.0,2.8,5203.95,36,9.41,666,4,0,1083.52,0,0.34692999999999996,28.23
18,15000.0,2.3,21648.92,36,7.89,717,7,0,572.7,0,1.4432613333333333,23.669999999999998
40,49724.84,9.0,6034.91,24,6.81,741,3,0,3874.06,0,0.12136610193215303,13.62
52,28858.95,10.8,71273.9,12,12.16,480,1,1,-3933.02,0,2.469732959792369,12.16
18,66241.63,2.4,26629.58,12,10.05,574,4,0,3178.35,1,0.402006713904836,10.05
37,23981.56,2.0,5360.22,36,8.43,637,1,0,1829.43,0,0.22351423343602334,25.29
47,37967.15,7.6,13040.53,24,12.08,470,6,0,2549.58,0,0.34346876181119734,24.16
49,111880.12,13.5,59944.34,12,12.27,488,2,1,3989.79,0,0.5357908089480061,12.27
41,37374.97,15.5,5098.87,36,9.66,626,4,1,2950.87,0,0.13642472488941126,28.98
19,46682.06,4.9,6240.51,36,7.88,707,4,0,3694.96,0,0.13368111861387438,23.64
40,104954.41,0.5,12168.34,12,6.27,749,4,0,7697.4,0,0.11593929211740601,6.27
43,18364.19,1.3,9058.07,24,7.3,745,3,0,1123.56,1,0.4932463669783421,14.6
30,27683.68,9.8,5913.4,48,10.51,598,6,2,2155.54,1,0.2136059945787554,42.04
39,38463.34,0.7,9677.37,48,7.75,712,5,0,2970.16,1,0.2515998350637257,31.0
18,16445.27,0.0,14820.72,36,9.51,646,3,0,895.62,1,0.9012147565835039,28.53
21,62593.36,7.3,13545.58,12,8.83,633,4,0,4032.6,0,0.21640602134156084,8.83
38,25112.76,5.8,13732.67,36,7.43,753,5,0,1666.0,0,0.5468403313693916,22.29
41,46892.75,3.4,7792.7,12,5.34,821,0,0,3239.4,0,0.1661813393328393,5.34
28,105302.86,2.7,22679.4,24,10.68,555,4,0,7721.57,1,0.2153730677400405,21.36
25,39526.39,1.9,16895.82,48,8.49,703,1,0,2877.49,0,0.4274566941225849,33.96
42,27067.47,0.6,7984.12,60,8.56,690,3,0,2091.59,0,0.29497104827307463,42.800000000000004
36,107744.33,16.5,9239.83,36,8.24,678,4,0,8688.13,0,0.08575699528689816,24.72
44,16705.36,1.9,7539.88,24,9.62,607,3,1,1045.51,0,0.4513449575465599,19.24
51,54144.37,4.8,9370.0,48,8.49,699,3,3,4281.12,0,0.17305585049747554,33.96
46,43884.85,1.5,5164.14,24,10.34,595,2,0,3417.96,0,0.1176747784258121,20.68
41,26980.42,0.4,4612.91,24,8.59,657,3,1,2038.5,0,0.1709725052463972,17.18
40,83678.23,0.7,18344.65,36,5.01,850,3,0,6423.3,0,0.21922846599408236,15.03
27,46668.93,4.7,34769.93,48,12.4,486,1,1,2966.61,1,0.7450337944323986,49.6
50,15000.0,2.1,26774.97,48,7.65,680,1,0,600.73,0,1.784998,30.6
40,37329.87,7.2,6089.94,48,6.17,788,1,0,2967.32,1,0.1631385268686979,24.68
34,46924.85,1.7,1325.98,24,11.3,523,3,0,3848.42,0,0.028257522400178158,22.6
21,56924.18,3.5,42873.63,60,10.89,558,3,0,3813.86,1,0.7531707966632105,54.45
39,85110.56,2.1,23131.41,48,10.03,575,2,1,6505.54,0,0.27178072850184515,40.12
43,29256.78,0.3,19642.58,48,5.51,803,0,1,1981.16,1,0.6713855728484134,22.04
38,212970.15,8.3,30938.28,48,7.62,704,2,0,16997.72,0,0.14527049917558868,30.48
18,16272.83,0.6,10382.67,24,10.67,607,2,0,873.74,0,0.6380371453520992,21.34
19,28559.41,7.5,22809.31,36,6.23,755,4,0,1683.67,0,0.7986618070891521,18.69
49,78910.7,6.5,43948.63,12,11.49,508,2,1,2681.59,0,0.5569413273485091,11.49
47,201593.97,3.7,2051.98,48,10.22,556,5,0,16747.24,0,0.010178776676703177,40.88
27,54696.18,9.7,11159.06,24,10.78,535,2,1,4039.05,1,0.20401900096131026,21.56
43,15000.0,6.1,6289.59,48,12.46,506,4,0,1082.95,0,0.419306,49.84
36,15000.0,1.1,14197.54,36,6.65,708,4,0,813.89,0,0.9465026666666667,19.950000000000003
43,15000.0,1.8,11908.06,48,7.43,733,5,0,962.47,0,0.7938706666666666,29.72
38,23793.77,9.4,10770.47,48,10.77,548,2,1,1705.65,1,0.4526592465170504,43.08
20,15000.0,0.5,5401.23,48,12.22,511,2,0,1107.18,0,0.36008199999999996,48.88
22,19030.85,0.9,20503.29,36,12.79,493,2,0,897.14,1,1.0773712156840078,38.37
43,36694.1,8.0,11811.85,48,6.01,811,1,1,2780.39,0,0.3219005235174047,24.04
39,118576.89,2.8,7479.34,24,8.98,677,2,0,9539.78,0,0.06307586579475984,17.96
33,35916.63,3.5,22233.07,24,6.96,784,8,0,1998.02,0,0.6190188222001898,13.92
52,26278.83,3.8,12087.94,36,9.96,562,1,1,1800.09,1,0.45998775440154677,29.880000000000003
34,15000.0,17.4,7626.38,48,13.83,435,6,0,1042.25,0,0.5084253333333334,55.32
30,15000.0,7.4,20120.96,48,10.68,572,3,0,733.08,0,1.3413973333333333,42.72
32,145214.01,12.4,36128.84,24,8.86,659,7,0,10452.95,0,0.24879720627506943,17.72
37,17536.19,1.2,10226.33,36,6.59,770,5,1,1147.5,0,0.58315574819844,19.77
23,30985.28,3.0,2839.69,48,11.5,544,6,0,2508.02,0,0.09164642049386032,46.0
40,59942.56,1.0,5380.84,36,8.32,701,2,0,4825.8,0,0.08976660322815709,24.96
42,41972.56,0.5,16735.84,36,9.14,647,4,0,2964.43,1,0.3987328864381873,27.42
28,32141.05,21.2,48676.03,36,8.94,659,3,0,1131.89,0,1.5144505235516574,26.82
18,70746.23,1.9,28989.1,48,15.41,308,2,2,5082.69,0,0.4097617639837487,61.64
38,28071.1,1.3,15678.08,36,7.35,698,2,0,1852.65,0,0.5585132039713442,22.049999999999997
32,43001.33,8.7,2671.51,60,7.61,742,6,1,3529.77,0,0.06212621795651437,38.050000000000004
36,19650.36,12.7,7117.29,24,9.07,647,1,0,1312.15,0,0.36219641777555217,18.14
42,32268.63,5.7,21436.57,36,9.97,566,2,0,1997.66,0,0.6643160865521716,29.910000000000004
35,24882.07,4.0,5341.69,60,7.63,686,4,0,1966.14,0,0.21468028986334334,38.15
30,93657.95,6.0,13233.38,24,10.33,557,2,1,7192.16,1,0.14129478597385486,20.66
60,48648.54,5.5,27084.06,36,8.86,660,4,1,3194.54,1,0.5567291433617535,26.58
40,41520.96,13.5,14945.36,60,10.67,508,3,0,3137.59,0,0.3599473615253597,53.35
21,36779.02,5.6,1294.8,48,11.36,511,4,0,3031.23,0,0.035204853201635064,45.44
51,50118.14,12.7,3340.01,48,6.89,711,2,0,4096.7,0,0.06664273654209833,27.56
18,25180.55,3.8,2604.35,36,5.07,806,2,1,2020.24,1,0.1034270498460121,15.21
41,77519.38,1.4,4630.82,24,10.24,627,7,0,6245.75,0,0.059737577880524834,20.48
18,19257.34,1.1,6628.82,36,8.98,649,1,0,1394.05,0,0.34422303391849546,26.94
30,21467.2,19.2,16586.58,48,8.43,702,2,0,1380.65,0,0.7726475739733175,33.72
19,42259.66,3.9,9034.16,12,9.47,600,3,0,2729.62,1,0.21377739432830267,9.47
36,15000.0,0.7,7607.88,36,7.88,672,3,0,1012.02,0,0.507192,23.64
20,36849.19,1.4,4044.92,24,6.46,784,7,0,2890.65,0,0.10976957702462388,12.92
36,15000.0,0.9,15948.63,12,9.27,651,1,1,-146.73,0,1.063242,9.27
44,15000.0,2.4,17642.75,36,10.49,567,2,0,676.65,0,1.1761833333333334,31.47
55,15000.0,5.6,16958.77,48,5.97,795,3,0,851.96,0,1.1305846666666668,23.88
30,40940.33,0.7,6952.21,48,12.28,521,4,0,3227.66,0,0.16981323794898576,49.12
32,15000.0,4.2,15269.88,36,12.27,521,1,0,740.85,0,1.017992,36.81
42,20164.84,2.8,15567.84,24,6.05,829,1,0,990.08,0,0.7720289374971485,12.1
35,106188.3,1.5,23193.82,36,14.28,414,5,0,8053.16,0,0.21842161518736056,42.839999999999996
36,28397.76,1.4,24282.33,48,6.32,834,2,0,1792.64,0,0.8550790625739496,25.28
49,18244.82,11.6,39940.22,60,11.71,529,2,2,637.8,0,2.1891265575653804,58.550000000000004
41,59530.67,0.2,24949.39,36,10.67,605,2,0,4147.97,0,0.4191014480435043,32.01
41,15000.0,0.8,13687.78,60,8.26,686,3,0,970.75,0,0.9125186666666667,41.3
30,55119.4,1.4,15512.08,24,11.18,616,1,0,3869.0,0,0.2814268660399061,22.36
36,46207.32,0.2,8915.99,36,7.75,689,3,1,3572.24,0,0.19295622425191505,23.25
32,75058.27,0.1,14043.23,48,10.96,573,1,0,5892.17,0,0.18709770422366515,43.84
37,49853.14,17.8,3785.31,48,9.93,610,5,1,4058.55,0,0.07592921930293658,39.72
21,19522.73,19.8,9138.08,36,7.58,718,3,1,1342.31,1,0.4680738810606918,22.740000000000002
54,27360.06,1.3,17748.19,12,7.54,700,6,0,739.89,0,0.6486897324055575,7.54
19,159813.4,1.9,10610.09,24,8.74,676,5,0,12834.33,0,0.06639049040944,17.48
39,120507.93,4.9,3176.41,36,10.4,606,5,1,9939.24,0,0.026358514331795427,31.200000000000003
25,16623.9,2.5,5742.38,48,8.17,693,3,0,1244.68,0,0.3454291712534363,32.68
23,20797.68,9.3,49553.59,36,6.46,756,1,0,215.27,1,2.3826498917186916,19.38
34,45716.93,3.9,8418.35,48,10.69,564,2,0,3593.43,0,0.1841407548582112,42.76
31,15000.0,0.1,9031.62,36,9.73,632,5,0,959.72,0,0.6021080000000001,29.19
38,16561.69,3.7,8969.65,48,9.01,622,4,0,1156.89,0,0.5415902604142452,36.04
28,47786.08,10.5,9035.61,60,10.92,537,2,0,3786.08,0,0.18908456186404074,54.6
25,29274.52,6.1,29964.6,24,9.66,618,4,1,1061.53,1,1.0235727178447331,19.32
36,15000.0,7.8,10487.47,48,13.17,468,7,1,967.76,0,0.6991646666666667,52.68
29,41894.41,3.0,16696.17,24,9.96,610,3,0,2721.07,0,0.39852977998735384,19.92
31,15000.0,14.2,6107.7,36,7.23,706,2,0,1060.77,0,0.40718,21.69
25,26203.3,0.1,24570.52,36,10.95,564,2,0,1379.78,0,0.9376880011296288,32.849999999999994
23,37210.21,1.0,18873.79,36,11.61,530,2,1,2477.48,1,0.5072207332342387,34.83
38,69539.51,4.4,6227.64,48,8.53,684,5,0,5641.37,0,0.08955541964560867,34.12
47,31653.2,18.3,16682.17,48,10.87,593,1,0,2207.66,0,0.5270294946482503,43.48
33,45675.39,0.9,19171.96,36,13.07,438,4,0,3159.66,1,0.4197437613559512,39.21
42,37686.52,1.0,6647.39,48,5.55,850,3,0,2985.8,1,0.1763864108439835,22.2
53,147928.75,10.3,26759.46,48,10.14,593,4,0,11646.91,0,0.18089424807550933,40.56
46,51786.43,2.6,14288.51,36,9.7,591,2,0,3856.5,0,0.2759122418749468,29.099999999999998
53,34065.05,5.1,20383.47,48,8.83,652,3,1,2333.15,1,0.5983690028342832,35.32
21,39156.53,4.1,14599.3,60,8.57,683,3,2,2963.02,0,0.37284458045695057,42.85
38,26682.74,6.8,4116.67,24,7.93,716,5,0,2037.51,0,0.15428213144527136,15.86
41,20464.79,9.3,12413.62,36,10.46,587,2,1,1302.16,0,0.6065842845198998,31.380000000000003
36,71454.66,1.1,1911.32,36,12.36,473,3,0,5890.74,0,0.026748710301049642,37.08
29,109228.27,4.2,7009.2,60,8.67,677,1,0,8957.98,0,0.06417020062663265,43.35
34,15000.0,2.8,2170.49,36,10.56,594,1,0,1179.39,0,0.14469933333333332,31.68
28,23291.3,7.2,3909.39,36,10.51,589,2,1,1813.86,0,0.16784765126892875,31.53
37,32704.07,15.7,11358.17,48,7.49,745,5,0,2450.76,0,0.3473014215050298,29.96
18,15575.79,3.7,19532.15,36,9.64,629,5,1,671.03,0,1.2540070198686553,28.92
