age,annual_income,employment_years,loan_amount,loan_term_months,interest_rate,credit_score,num_credit_lines,num_delinquent_accounts,monthly_payment_capacity,last_audit_team_id,loan_defaulted
19,22908.82,2.9,14875.88,36,5.699999999999999,815,3,1,1458.5345693254076,-1,0
36,36668.93,2.3,5231.74,24,11.379999999999999,531,3,1,2810.980042357443,-1,1
37,69966.37,8.6,3982.8,36,10.04,598,0,0,5701.94227112084,-1,0
54,54911.7,6.3,11008.3,36,10.84,558,3,0,4216.410908381433,-1,1
27,102776.44,0.7,22460.92,24,9.2,640,4,0,7536.5196677529975,-1,0
29,101358.42,3.4,30475.48,48,10.58,571,3,0,7665.081760487501,-1,0
43,49243.56,0.3,37535.1,48,9.92,604,1,0,3153.0843267774103,-1,0
41,27824.49,0.4,5393.33,12,9.12,644,5,1,1846.7526483975525,-1,0
33,25368.27,0.2,18334.66,48,9.04,648,2,0,1657.415392507089,-1,0
31,21577.58,3.4,11622.12,36,7.539999999999999,723,3,0,1436.397921106198,-1,0
40,15000.0,5.6,5317.64,48,9.6,620,3,0,1116.1501200416064,-1,0
31,39255.87,2.0,13123.0,36,8.82,659,3,1,2855.113109400178,-1,0
36,23375.37,0.6,25583.69,48,11.68,516,6,0,1278.2434456356775,-1,0
28,46921.87,11.8,54557.13,36,8.54,673,2,0,2186.91021129223,-1,0
38,15000.0,2.4,5101.14,36,9.44,628,6,0,1086.738474494167,-1,0
37,28486.57,0.9,15621.86,48,7.74,713,1,1,1994.4092671801561,-1,0
18,62736.98,0.2,43973.04,24,10.64,568,2,0,3185.9351671374534,-1,1
27,50221.42,0.8,26692.27,36,9.08,646,3,0,3335.3171002157114,-1,1
38,36605.69,3.2,24882.7,48,9.28,636,1,1,2427.953592820729,-1,0
24,53993.85,1.8,17271.57,36,9.68,616,2,1,3944.7737616301697,-1,0
44,38497.24,0.9,16230.65,48,8.66,667,3,0,2806.818167435121,-1,0
31,43086.66,5.9,35126.98,60,8.379999999999999,681,0,0,2871.901093799317,-1,0
31,48636.55,11.0,12643.72,60,8.7,665,2,0,3792.420090519965,-1,0
66,47936.84,3.8,8051.3,60,10.08,596,2,0,3823.3532378346185,-1,1
19,28501.93,3.5,26735.64,24,11.32,534,2,0,1125.0946735335585,-1,1
18,24137.15,6.3,19261.8,36,6.42,779,3,0,1421.7753252517573,-1,0
26,30191.64,1.9,1483.58,24,12.22,489,3,1,2445.980219785881,-1,0
33,25858.87,23.5,8189.26,48,10.799999999999999,560,4,0,1944.0446388170808,-1,0
27,26836.42,4.6,8522.42,60,12.28,486,6,0,2045.583739361159,-1,0
29,78336.2,3.1,30324.66,36,9.86,607,1,1,5551.517190139207,-1,0
37,37150.68,6.0,2995.55,48,11.28,536,2,0,3018.0604897233675,-1,1
33,93215.67,5.8,47859.7,48,6.039999999999999,798,2,0,6643.108139869772,-1,0
50,31343.76,1.8,4845.76,48,11.799999999999999,510,4,1,2484.847880172544,-1,1
25,19130.85,7.5,23503.19,36,10.6,570,2,0,829.2176697232165,-1,1
30,15000.0,2.3,7307.27,24,7.039999999999999,748,4,1,922.7021523318608,-1,0
44,34459.63,2.3,10009.71,12,8.02,699,1,0,2000.8143191784184,-1,0
25,149144.02,1.2,1817.36,60,7.52,724,2,0,12392.23489252267,-1,0
30,101939.77,2.0,23862.83,36,10.4,580,6,1,7720.505268924955,-1,1
37,66862.63,6.5,25577.8,36,8.4,680,4,0,4765.642343663069,-1,0
27,85067.86,4.1,27654.36,12,10.04,598,3,0,4657.216236068427,-1,0
24,25561.62,2.1,22824.19,36,7.9399999999999995,703,3,1,1415.5394273362726,-1,0
18,22550.1,12.8,3718.74,36,8.219999999999999,689,3,0,1762.2654193440578,-1,0
29,50764.36,3.7,9824.02,36,14.26,387,2,0,3893.359707050672,-1,0
30,15000.0,6.0,48437.18,12,13.56,422,4,1,-3089.0132592631353,-1,0
32,30564.57,2.5,18154.73,36,5.940000000000001,803,4,0,1995.238860967484,-1,0
50,15931.89,13.6,10994.67,24,5.699999999999999,815,4,0,841.851900622259,-1,1
29,25813.49,7.0,6659.7,36,10.299999999999999,585,2,1,1935.2951518172108,-1,0
37,82646.95,6.4,32167.31,36,8.86,657,1,1,5866.428637163799,-1,0
35,46298.84,15.4,6344.64,36,10.98,551,1,0,3650.581379136299,-1,0
41,28879.06,4.9,7883.24,24,7.619999999999999,719,3,0,2051.4154359992735,-1,0
35,73710.96,1.1,7499.03,36,8.82,659,1,0,5904.740580172996,-1,0
49,15000.0,3.9,41865.45,24,10.32,584,2,1,-688.0672966868171,-1,0
22,25676.96,5.3,33380.25,24,7.32,734,1,0,640.3796470795896,-1,0
43,18454.06,5.7,16307.82,36,11.799999999999999,510,4,0,997.7418136541924,-1,1
18,50890.31,7.9,12218.66,48,8.02,699,3,0,3942.4512463334568,-1,0
34,53357.45,4.8,8046.92,12,10.62,569,5,0,3736.6795692848123,-1,1
34,20686.64,10.8,15596.31,24,12.94,453,2,2,982.8491288515205,-1,1
37,29269.36,1.4,28916.87,48,9.04,648,8,1,1718.9664438655968,-1,0
18,30387.13,20.5,42296.49,24,8.84,658,2,0,603.0601332306769,-1,1
24,24861.87,12.3,20287.54,24,9.68,616,7,2,1138.6490083188419,-1,0
38,80261.75,16.7,10465.19,48,8.14,693,0,1,6432.305004069664,-1,0
31,70460.18,7.8,17769.76,60,10.7,565,1,0,5487.977289429579,-1,1
34,15000.0,5.9,3676.84,24,9.98,601,5,0,1080.366427866946,-1,0
22,54749.15,0.8,5943.93,36,9.54,623,3,0,4371.916395507103,-1,0
41,50770.81,6.4,26148.7,48,8.14,693,4,0,3590.814860168943,-1,0
38,15000.0,20.7,7520.0,36,8.18,691,4,1,1013.7255901245514,-1,0
33,28683.62,3.7,22303.87,36,11.1,545,1,0,1659.0448932845243,-1,0
27,43683.33,3.1,27060.18,24,5.02,849,2,0,2452.8674068319824,-1,1
25,15592.69,0.0,8348.62,48,9.719999999999999,614,1,1,1088.7691197016431,-1,1
33,15000.0,1.3,28737.13,36,8.32,684,4,0,345.2345216966959,-1,0
28,38524.08,12.6,21749.72,48,10.12,594,3,1,2657.456645729527,-1,0
33,42712.84,3.8,45264.76,60,11.78,511,5,0,2557.538742022321,-1,1
32,21853.95,7.0,40905.58,48,9.36,632,1,1,796.218632573798,-1,0
31,19942.3,0.1,5668.28,48,8.58,671,3,0,1521.9306607661201,-1,0
40,28230.87,5.5,3957.81,60,5.960000000000001,802,3,0,2276.1305364010323,-1,0
41,18618.16,1.1,8058.27,48,9.66,617,0,2,1348.4480509099426,-1,0
27,15000.0,4.7,15873.95,60,11.78,511,1,0,898.6549706826803,-1,0
34,20414.34,4.4,12468.13,36,8.6,670,4,0,1307.0288516472065,-1,1
30,68752.58,3.9,18921.07,24,8.28,686,3,0,4871.21460932232,-1,0
18,28521.23,0.0,10934.46,48,7.0,750,2,0,2114.929912254972,-1,1
23,29614.39,10.4,18749.87,24,8.74,663,5,2,1613.517845986436,-1,0
35,20726.03,2.0,11058.19,12,13.02,449,3,0,739.3779962965646,-1,1
33,38645.13,1.9,15693.85,48,9.959999999999999,602,3,0,2822.692327318152,-1,0
43,28995.29,6.6,100000.0,36,9.64,618,5,0,-793.5691771805859,-1,1
38,38351.78,2.7,34575.3,48,6.84,758,3,0,2370.597248314456,-1,0
25,15000.0,0.9,6906.63,24,9.52,624,4,0,932.8220150644183,-1,0
18,15000.0,8.0,10189.39,36,5.0,850,1,0,944.6148407506919,-1,0
31,45827.63,0.5,2064.36,36,8.82,659,4,0,3753.4958741589585,-1,0
20,67606.73,0.3,15131.72,36,7.74,713,0,1,5161.533907745389,-1,0
31,40155.43,1.3,18249.49,48,9.78,611,2,0,2885.357361784684,-1,0
42,107847.55,1.7,37347.9,12,6.18,791,1,0,5769.804660042391,-1,0
18,28723.57,1.5,24701.1,24,13.4,430,6,1,1214.6492578473724,-1,1
64,45057.28,1.9,7567.53,48,13.08,446,4,0,3551.4548480240564,-1,0
39,15000.0,9.3,14550.07,24,9.84,608,4,0,579.6620745226904,-1,1
26,62392.0,10.8,30165.68,48,6.84,758,4,0,4479.2157279619,-1,0
23,56283.26,4.2,16996.41,12,5.32,834,3,0,3232.7581902035954,-1,0
23,33015.5,7.5,23960.96,12,10.14,593,2,0,643.182125422687,-1,1
40,103137.31,0.1,6864.26,36,7.48,726,2,0,8381.317709469122,-1,0
34,15882.79,0.6,27254.73,60,7.799999999999999,710,4,0,773.5432291496279,-1,0
40,44099.11,0.6,90421.34,36,12.36,482,2,0,656.0723898199876,-1,1
29,70580.38,0.4,14469.67,36,5.140000000000001,843,3,2,5447.119239008596,-1,0
23,31601.79,0.3,7347.89,36,9.959999999999999,602,3,1,2396.524725624316,-1,1
29,77199.78,9.5,12327.41,24,5.399999999999999,830,3,0,5890.283370554858,-1,0
53,17705.5,13.5,26636.91,48,10.78,561,3,0,789.8558598144438,-1,0
20,31389.98,9.7,9138.8,48,14.1,395,3,0,2365.641790876985,-1,0
50,46376.79,0.1,14810.92,48,9.5,625,4,1,3492.6357326177013,-1,0
34,49958.74,5.1,9733.77,48,9.24,638,4,0,3919.892272662388,-1,0
49,42915.58,5.6,6890.8,24,11.24,538,5,0,3254.3646892902275,-1,0
44,38144.24,6.2,21869.82,24,9.78,611,3,0,2171.724667850189,-1,0
33,36806.97,9.8,7083.46,24,9.5,625,5,1,2742.014025492663,-1,0
36,29285.29,0.5,13886.35,36,7.74,713,2,0,2006.9567428616967,-1,0
24,15000.0,2.0,15070.7,24,9.719999999999999,614,3,0,556.5096889463338,-1,0
43,37283.06,1.4,17783.87,48,11.78,511,2,1,2640.522837205664,-1,0
33,37159.88,2.8,23203.5,24,7.219999999999999,739,4,0,2055.4603833974384,-1,1
50,26033.15,8.3,3880.65,36,8.86,657,2,0,2046.2782332402999,-1,0
26,101720.1,8.2,10497.47,60,5.879999999999999,806,2,0,8274.314722425015,-1,0
40,19232.43,9.4,43099.71,24,8.799999999999999,660,4,0,-362.3440126187829,-1,0
35,42973.6,1.7,3104.7,48,12.94,453,3,0,3497.9344335548317,-1,0
36,47301.08,1.5,39777.95,60,8.04,698,4,1,3134.441569278065,-1,0
37,20770.1,1.6,17305.12,24,7.66,717,5,0,950.8586919115459,-1,1
48,46461.2,3.9,15490.24,48,9.32,634,3,0,3483.9333954443737,-1,0
52,18099.87,0.7,23198.14,48,8.32,684,3,1,938.4970849319901,-1,0
38,39143.97,0.2,24352.99,48,8.82,659,3,1,2658.0516266514405,-1,1
33,22909.89,8.0,15087.03,48,8.5,675,4,1,1537.2878077761447,-1,0
40,18570.78,1.4,2953.01,48,7.24,738,1,0,1476.522224023424,-1,0
50,15000.0,2.9,7103.72,36,7.58,721,4,0,1028.7690411502097,-1,0
36,145797.43,2.5,21024.0,12,8.48,676,1,0,10316.271823482108,-1,0
34,51728.92,0.1,17730.76,24,12.1,495,4,1,3475.266639772002,-1,0
48,15000.0,3.7,16297.43,60,7.959999999999999,702,4,0,919.8587829148223,-1,0
30,32283.2,0.1,4722.78,60,7.16,742,8,0,2596.393036809045,-1,0
38,16484.14,24.2,24155.25,60,12.12,494,2,1,834.8922178612647,-1,0
38,15000.0,8.2,13003.43,48,5.699999999999999,815,3,0,946.3993985315076,-1,0
25,25609.4,1.5,6595.72,60,7.24,738,3,0,2002.7653651299752,-1,0
52,86567.17,1.0,5204.29,48,9.28,636,2,0,7083.728821603871,-1,0
45,102227.88,0.8,10290.39,36,11.879999999999999,506,5,0,8177.791285541845,-1,0
28,47050.91,0.8,20784.22,36,5.899999999999999,805,7,0,3289.5542338127216,-1,0
18,16463.78,0.7,9697.7,60,9.56,622,1,0,1168.0274483370417,-1,0
40,21441.78,5.8,11308.42,36,10.08,596,4,0,1421.4992084508335,-1,0
26,66818.26,9.2,2152.32,60,11.14,543,3,1,5521.241267816907,-1,0
30,15000.0,5.0,15988.04,24,7.32,734,0,0,531.8525959560228,-1,0
30,15633.0,0.5,20060.18,60,7.619999999999999,719,3,1,899.640260065467,-1,0
18,27214.01,10.5,7570.91,48,11.72,514,0,0,2069.5023106520625,-1,1
29,15000.0,12.5,6595.61,36,5.640000000000001,818,4,0,1050.4228571535075,-1,0
33,30263.53,4.0,14698.46,48,6.52,774,5,0,2173.2519468154205,-1,0
18,31488.21,1.0,6591.46,60,7.66,717,2,0,2491.4364323705613,-1,1
49,75613.57,6.5,24428.86,12,11.36,532,5,0,4137.9633677483325,-1,0
40,26006.89,5.3,46729.58,48,10.08,596,4,0,980.2618262932015,-1,1
26,18768.32,2.6,50600.52,36,8.62,669,4,0,-36.12223053220646,-1,0
30,15000.0,0.9,14475.45,36,11.22,539,6,1,774.5828046640993,-1,1
23,117353.43,0.7,13008.58,48,10.04,598,5,0,9449.271356471547,-1,0
23,87977.39,4.6,29003.32,12,6.119999999999999,794,3,0,4833.636974762206,-1,0
26,19301.98,2.2,35741.16,36,8.54,673,3,0,479.5753585237967,-1,0
41,65112.41,8.1,3238.44,24,8.879999999999999,656,3,0,5278.2651088203775,-1,0
35,15000.0,13.2,2921.84,48,8.959999999999999,652,3,1,1177.345370703973,-1,0
35,40820.11,12.1,13633.35,24,8.14,693,3,0,2784.2054630889875,-1,0
41,18478.26,0.2,56102.58,48,8.28,686,2,0,162.84139625175658,-1,1
26,77911.63,0.7,8688.71,24,11.799999999999999,510,5,0,6084.439126060588,-1,1
27,91654.74,0.1,14895.87,36,9.92,604,3,0,7157.806462071715,-1,0
36,43584.61,3.7,12053.27,24,11.74,513,2,0,3066.1239426180605,-1,0
45,25192.7,2.8,24641.55,36,8.959999999999999,652,4,0,1316.2556234734989,-1,0
36,37937.76,1.6,2969.04,24,7.640000000000001,718,4,0,3027.685321315654,-1,1
33,38551.02,1.7,22484.29,36,6.699999999999999,765,6,0,2521.4152921787,-1,1
28,31114.08,1.8,6616.54,36,5.0,850,4,1,2394.5363604710965,-1,0
18,63516.42,24.0,12843.9,24,7.199999999999999,740,2,0,4716.815232209828,-1,0
23,65152.93,14.7,12313.89,36,8.78,661,3,1,5039.092034297237,-1,0
32,17657.92,5.2,3796.58,24,7.48,726,1,0,1300.6833048351245,-1,0
46,62956.23,0.8,25276.07,48,8.719999999999999,664,2,0,4620.711597696928,-1,0
20,92487.77,2.2,3934.62,60,7.5,725,3,0,7628.472453363354,-1,1
49,37919.25,3.8,24400.87,36,10.98,551,1,0,2361.315407045772,-1,0
30,30476.6,5.9,8019.69,36,13.02,449,6,0,2269.424354598319,-1,0
33,103705.29,5.2,21412.08,36,7.379999999999999,731,3,1,7977.238104117792,-1,0
28,18759.94,0.6,13246.46,12,9.26,637,2,0,403.30811333054294,-1,1
41,56249.57,0.8,5386.1,36,8.48,676,1,0,4517.488163832318,-1,0
28,116323.41,24.0,25015.61,36,9.48,626,2,0,8892.527575169657,-1,0
26,118186.71,6.5,7837.07,48,10.22,589,3,0,9649.295119352326,-1,0
39,37169.96,1.8,59917.78,36,8.24,688,3,0,1213.250242873098,-1,1
28,41696.01,24.9,13614.98,36,11.1,545,2,0,3028.285488965036,-1,0
27,35275.27,2.6,8176.93,48,14.08,396,1,0,2715.830865240343,-1,0
42,35455.02,1.6,15918.11,24,9.68,616,3,0,2222.393798421851,-1,0
42,23941.81,6.1,10361.87,36,7.0600000000000005,747,1,0,1674.9220364125258,-1,0
18,60195.02,1.4,7971.15,24,7.879999999999999,706,4,0,4656.174245384443,-1,0
45,43586.13,1.2,5785.51,36,9.18,641,0,0,3447.714768597666,-1,1
50,39233.75,10.2,11479.82,36,7.92,704,5,0,2910.166850524649,-1,0
32,29032.81,17.5,30499.13,48,8.66,667,2,1,1665.3430203806088,-1,0
39,15000.0,3.1,16852.77,48,11.16,542,2,0,813.1207187188479,-1,0
21,21794.09,1.3,4808.19,48,10.82,559,1,1,1692.3238650202702,-1,1
39,23853.52,19.9,4334.11,36,10.72,564,1,0,1846.4741349471212,-1,0
45,49003.21,4.2,7523.38,48,7.24,738,6,0,3902.605239032383,-1,0
23,89697.75,3.3,7770.66,48,7.32,734,2,1,7287.578539320066,-1,0
37,23743.07,0.5,27880.28,60,10.22,589,3,0,1383.1930881589162,-1,1
23,83119.15,3.1,5235.7,24,8.5,675,3,1,6688.60355635686,-1,1
45,15000.0,6.4,14181.03,36,5.0,850,2,0,824.9818090318246,-1,0
43,55519.93,6.2,50569.83,36,7.52,724,2,0,3053.1601243562227,-1,0
42,19283.27,1.4,10251.36,36,7.9399999999999995,703,2,0,1285.982476865976,-1,1
54,54021.17,4.1,4678.62,48,9.219999999999999,639,3,0,4384.847150933998,-1,1
38,91705.59,0.8,21212.83,48,11.26,537,2,1,7091.193557537409,-1,0
32,15000.0,5.4,15125.26,36,9.56,622,4,0,765.0689727558695,-1,0
33,24212.15,6.2,20835.03,36,9.04,648,1,2,1354.7428389918828,-1,0
42,27478.83,4.6,5030.58,24,7.68,716,6,0,2063.116481615738,-1,1
45,21593.3,0.2,11237.97,12,5.0,850,0,1,837.3873545523231,-1,0
46,25780.49,15.7,27396.19,24,7.1,745,5,1,920.5337242019255,-1,0
35,150513.96,0.9,18371.77,48,8.44,678,3,0,12090.517281972996,-1,0
26,33859.25,0.1,18920.53,60,9.68,616,4,0,2422.571430775549,-1,1
18,23032.65,3.4,15518.45,60,8.92,654,4,1,1597.8521956416012,-1,1
22,34197.07,6.4,18302.56,36,9.58,621,6,0,2262.7861597969313,-1,1
52,23286.71,5.0,7341.5,48,10.299999999999999,585,2,1,1753.300264213774,-1,1
38,79109.46,3.7,4766.03,48,12.9,455,0,0,6464.830773038086,-1,0
29,135555.29,1.3,2996.95,12,11.1,545,3,2,11031.2589417505,-1,1
21,21044.21,10.5,46892.44,36,9.2,640,2,0,258.14840989820505,-1,0
50,68140.64,12.2,9560.39,24,8.4,680,3,1,5244.249897333867,-1,0
34,22890.4,1.6,28634.17,36,9.04,648,2,0,996.4412203958686,-1,0
50,56702.83,12.3,5551.99,60,11.299999999999999,535,5,1,4603.689810471715,-1,1
35,54486.43,23.1,79745.25,36,10.2,590,1,0,1959.8864374476575,-1,1
43,15000.0,0.7,8934.23,24,11.82,509,2,1,830.1853794692547,-1,1
33,16092.4,9.1,19175.01,24,14.2,390,2,0,418.57307187057495,-1,1
22,16430.51,8.7,8937.59,24,6.32,784,3,1,971.7997502241816,-1,1
21,18969.73,0.4,12971.34,24,8.299999999999999,685,2,0,992.375860260198,-1,0
40,74622.28,10.8,5810.26,48,10.0,600,7,0,6071.160129305759,-1,0
32,65819.1,8.2,24934.43,36,10.18,591,2,0,4678.252250703021,-1,0
18,19883.26,4.0,7828.37,24,7.02,749,2,1,1306.371035476229,-1,0
44,72843.25,0.8,12765.08,48,14.7,365,3,0,5716.947295292645,-1,0
38,40156.58,17.6,13550.12,48,12.0,500,6,0,2989.555036503794,-1,0
33,18924.06,16.2,18926.07,36,12.379999999999999,481,2,1,944.9481199397397,-1,1
36,20381.52,4.5,18439.05,36,8.4,680,0,0,1117.238627630035,-1,0
39,87536.81,8.5,10283.62,36,8.04,698,7,0,6972.293096894948,-1,0
54,22639.98,0.1,12560.34,24,6.24,788,5,2,1328.6237604130486,-1,0
41,22932.32,2.6,16261.91,36,11.0,550,6,0,1378.6325953945252,-1,0
18,102114.03,4.6,17369.26,36,6.219999999999999,789,2,1,7979.36281938759,-1,0
27,56904.95,6.8,6855.53,48,8.6,670,3,0,4572.778133454633,-1,0
42,33359.04,8.6,27448.87,36,9.2,640,3,0,1904.4960176290865,-1,0
56,15000.0,5.8,6801.02,48,7.959999999999999,702,2,0,1084.0948938546908,-1,0
32,15000.0,7.1,19947.33,48,13.6,420,4,0,708.9037862772237,-1,0
32,26139.14,0.7,10292.56,24,10.92,554,3,0,1698.9298912514664,-1,0
31,52281.22,4.4,14786.94,36,9.66,617,2,0,3881.9922983756187,-1,0
33,82597.17,0.9,86986.48,60,8.12,694,2,0,5114.325454888472,-1,0
32,107115.02,9.0,52135.92,36,8.86,657,2,0,7271.738321468727,-1,0
43,37160.6,15.8,6017.94,48,9.799999999999999,610,4,1,2944.6635273932666,-1,0
38,15000.0,1.0,18742.79,24,11.64,518,5,0,370.85948744844006,-1,1
27,23096.35,5.8,30433.53,36,9.92,604,5,1,943.8340963755979,-1,0
63,77428.21,16.6,7565.53,24,6.9399999999999995,753,1,1,6113.828291677066,-1,0
41,70665.65,9.6,58690.65,36,9.34,633,1,0,4013.1560966406096,-1,0
27,24681.95,3.9,14391.3,60,5.359999999999999,832,1,0,1782.8676071192644,-1,0
28,43357.22,3.7,24274.12,12,9.219999999999999,639,7,1,1487.816767865263,-1,1
35,68105.4,1.7,90013.59,48,12.04,498,3,0,3303.278714365375,-1,1
40,15000.0,0.2,20661.01,48,9.36,632,4,0,732.3108364596852,-1,0
27,25767.42,11.0,14384.31,48,12.92,454,1,0,1761.960881302596,-1,1
29,29664.78,16.7,21713.79,24,8.78,661,1,0,1482.2664541583192,-1,0
23,93069.68,3.0,9638.15,24,9.92,604,7,1,7311.41073893845,-1,0
23,78580.94,0.1,2997.09,48,9.08,646,1,0,6473.715053356433,-1,1
22,125423.25,2.4,33081.36,60,10.14,593,4,0,9746.775364037325,-1,0
32,32822.14,2.3,3998.69,48,8.34,683,2,0,2636.919189521735,-1,0
32,26327.44,3.4,15845.59,24,9.219999999999999,639,2,0,1468.4511355998497,-1,0
29,18384.89,3.2,14755.12,48,8.58,671,3,0,1167.8279402893634,-1,0
40,51239.71,1.5,15020.04,24,10.16,592,2,0,3575.7674723381597,-1,1
35,89324.52,3.4,3018.04,36,11.94,503,3,0,7343.5543509354075,-1,1
38,28986.68,0.0,12054.41,24,12.52,474,4,0,1845.182056851042,-1,0
38,20550.65,2.1,6903.35,12,14.879999999999999,356,4,1,1089.860277434606,-1,1
48,53690.47,22.9,36267.37,36,7.9399999999999995,703,2,0,3338.7218562827884,-1,0
32,53567.93,5.5,23595.73,60,8.74,663,5,0,3977.157708137231,-1,0
37,47190.68,1.9,9273.78,24,7.699999999999999,715,2,0,3514.3964551403087,-1,0
38,66149.04,2.8,4536.55,48,8.42,679,3,1,5400.773004545916,-1,0
18,38026.91,1.4,2461.69,48,6.16,792,1,0,3110.915551778491,-1,0
37,41622.13,21.6,7768.27,24,10.379999999999999,581,0,0,3108.6805910556277,-1,0
24,73378.07,2.5,9004.21,24,10.959999999999999,552,2,1,5695.339601076744,-1,1
35,18694.13,3.9,13418.32,36,9.0,650,3,0,1131.1451779211347,-1,0
31,69442.01,2.1,14671.46,36,10.12,594,2,1,5312.600410005729,-1,0
44,68239.46,1.7,4884.57,48,8.219999999999999,689,4,0,5566.869973204905,-1,0
42,17337.22,2.5,25090.47,48,8.34,683,3,0,828.2243901843033,-1,0
37,58173.99,0.8,16954.99,48,8.66,667,3,1,4428.638815523252,-1,0
43,42916.38,0.1,10241.87,36,11.0,550,1,0,3241.0593153208933,-1,0
39,40799.99,12.3,2772.66,60,10.6,570,5,0,3340.2664443518615,-1,0
20,42708.52,0.8,7577.25,36,9.98,601,3,0,3314.617932502586,-1,0
37,15000.0,7.0,5349.32,60,8.34,683,4,0,1140.6625539302336,-1,0
32,34960.06,1.0,38449.34,48,8.78,661,3,0,1960.536386269863,-1,0
39,34309.06,0.3,14173.73,12,8.32,684,3,0,1624.0397334427155,-1,0
20,51061.67,1.6,3953.66,24,10.54,573,1,0,4071.7108493787896,-1,0
42,16546.99,2.8,24193.04,48,7.9,705,3,0,789.4279949788513,-1,0
23,37108.23,4.6,9300.95,24,11.36,532,4,1,2657.2991392846543,-1,0
24,43754.54,19.7,4340.49,24,6.52,774,3,2,3452.8198700553185,-1,0
41,87669.69,4.5,6493.77,36,6.719999999999999,764,3,1,7106.129023441854,-1,1
28,22848.61,9.5,9305.98,24,7.84,708,2,0,1483.845324412144,-1,0
24,81393.76,3.7,7273.58,48,12.36,482,5,0,6589.983900882995,-1,0
20,19898.37,1.0,26837.91,48,9.06,647,2,0,989.5700970506501,-1,0
24,42064.03,0.5,3638.96,48,9.719999999999999,614,5,0,3413.530961266192,-1,0
18,39880.09,0.8,41637.91,60,6.74,763,3,0,2503.95839574226,-1,0
27,81851.91,21.3,11722.41,48,8.68,666,1,0,6531.057759808031,-1,0
36,15000.0,2.3,8191.86,36,7.66,717,4,0,994.5798226012787,-1,1
51,16244.13,7.0,35790.58,36,8.92,654,1,0,216.87874761869648,-1,0
40,46384.97,1.7,26050.96,24,9.54,623,3,1,2668.8179597905973,-1,0
23,31297.04,0.3,9392.0,48,9.1,645,3,0,2373.9201298351086,-1,0
39,53327.9,0.4,6424.08,48,7.779999999999999,711,3,0,4287.823659284532,-1,0
50,25591.77,2.0,17569.29,36,8.58,671,1,1,1577.3767670399222,-1,1
37,17484.48,2.7,2833.58,48,12.18,491,1,1,1382.1702979253803,-1,0
31,22776.03,6.1,11281.8,48,5.859999999999999,807,1,0,1633.7726379479207,-1,0
38,34848.02,3.5,26175.64,24,9.94,603,2,1,1696.8534387410175,-1,0
41,141179.02,3.3,6509.39,48,9.02,649,7,2,11602.870062673084,-1,0
33,37521.79,15.7,1136.29,60,6.039999999999999,798,2,0,3104.8270236613316,-1,0
39,101954.9,1.2,86014.66,36,7.199999999999999,740,5,0,5832.48615930622,-1,0
27,28457.99,6.5,23965.93,24,9.02,649,2,0,1276.4018978756317,-1,0
44,48760.75,6.3,7362.72,36,7.5,725,6,0,3834.3694587575083,-1,0
42,74669.78,21.5,16215.64,48,7.619999999999999,719,1,0,5829.496561875104,-1,0
23,31824.31,1.2,8455.97,36,9.2,640,7,0,2382.340453490412,-1,0
40,36644.95,0.5,24813.65,24,11.04,548,6,0,1896.7743818313122,-1,1
33,55275.3,2.2,4895.26,24,10.12,594,3,0,4380.112363547476,-1,1
34,168423.89,1.8,10031.08,60,7.48,726,5,0,13834.417222472017,-1,0
23,50493.92,1.9,5588.63,36,9.92,604,3,1,4027.70712979355,-1,0
18,91812.46,3.5,61439.7,36,10.12,594,1,0,5665.0887591859055,-1,0
41,66289.48,1.2,12822.46,60,10.22,589,1,0,5250.2938595682745,-1,0
49,34714.21,5.1,41812.38,48,10.02,599,3,0,1831.9792088869674,-1,0
38,15000.0,2.9,10349.19,36,7.199999999999999,740,4,2,929.4998450354897,-1,0
35,15000.0,3.8,49495.34,12,10.34,583,3,0,-3109.2573703645976,-1,0
28,15000.0,0.8,13550.87,12,8.08,696,4,1,70.72981023439252,-1,0
37,34383.21,1.7,4459.66,48,8.5,675,2,0,2755.3444474427347,-1,1
23,32755.84,2.9,5997.29,36,5.0,850,3,0,2549.9091718364934,-1,0
36,50757.28,0.3,6611.19,24,6.98,751,1,0,3933.8332449904997,-1,0
23,39061.53,1.3,12240.42,48,10.4,580,4,0,2942.322187804507,-1,1
19,98419.91,0.3,6188.78,36,6.68,766,1,0,8011.471779090054,-1,0
59,64660.56,2.7,8489.91,60,9.48,626,0,0,5210.1590551308755,-1,0
37,17683.25,3.5,12788.35,48,10.54,573,3,0,1145.9320897847558,-1,0
45,30676.61,4.4,20711.05,48,5.98,801,1,1,2070.1744444922206,-1,1
42,43720.61,0.1,35464.04,48,9.459999999999999,627,0,0,2753.0935121146963,-1,0
50,15000.0,12.4,7854.79,12,9.1,645,3,1,562.7227115622444,-1,1
18,36615.08,2.2,18407.5,24,10.94,553,0,0,2193.8355621716296,-1,0
55,52177.39,1.2,13298.2,48,12.459999999999999,477,2,0,3994.9122277504503,-1,0
20,50027.43,3.3,37300.99,48,5.48,826,3,0,3301.802897365625,-1,0
30,61230.11,7.9,12624.26,24,12.2,490,2,0,4507.061639803932,-1,0
18,31446.52,3.3,9334.24,60,9.42,629,0,1,2424.8716438148144,-1,0
37,55743.73,2.5,6922.07,36,9.52,624,5,0,4423.511792141758,-1,0
40,38283.96,3.1,14091.29,48,11.18,541,2,1,2824.9002512172883,-1,0
32,30050.85,4.3,23305.83,36,8.36,682,4,1,1770.0407878469332,-1,0
32,15000.0,8.1,70908.94,24,9.98,601,1,0,-2021.433292818942,-1,0
37,70023.96,7.2,18465.67,36,7.84,708,2,0,5258.045019919562,-1,0
46,37730.66,5.8,35769.34,36,10.84,558,6,0,1975.8877509035,-1,0
47,174779.0,1.5,7529.53,48,11.62,519,5,2,14368.03718796187,-1,0
34,144070.48,4.0,6861.19,36,9.1,645,3,0,11787.369856830153,-1,0
55,15000.0,4.9,10644.52,36,11.44,528,3,0,899.2899099930318,-1,0
29,20681.86,2.8,9865.69,36,8.36,682,1,1,1412.6924011085903,-1,0
25,17985.99,1.9,16520.29,12,9.54,623,3,0,49.96855140477669,-1,1
33,25828.26,1.5,19766.72,48,6.539999999999999,773,3,0,1683.2234097311532,-1,0
35,31826.87,4.9,6448.81,48,9.34,633,1,1,2490.7171174483487,-1,0
18,59995.15,0.6,12350.27,36,11.08,546,2,1,4594.7957859968765,-1,0
41,70053.68,4.4,12021.58,48,9.18,641,5,0,5537.62059706404,-1,0
40,42214.64,4.3,16484.89,24,12.32,484,4,0,2739.419897003247,-1,0
43,31270.36,0.7,11983.75,12,11.02,549,2,0,1546.6078331119209,-1,0
36,15000.0,6.5,6996.76,60,5.620000000000001,819,0,0,1115.965869353939,-1,0
36,33684.35,0.5,14376.07,36,10.06,597,4,0,2342.748750456992,-1,0
31,19070.41,4.0,29388.11,48,7.279999999999999,736,1,0,881.6419804781943,-1,0
40,15000.0,0.9,20404.26,48,7.24,738,2,2,759.1194164097637,-1,0
26,28105.38,3.1,13122.69,36,8.7,665,3,1,1926.6467922197448,-1,0
44,106822.6,6.5,14962.18,36,8.299999999999999,685,0,0,8430.949529274858,-1,0
41,25520.79,4.2,5533.81,36,10.0,600,3,0,1948.1720168348697,-1,0
37,24721.58,2.9,14334.28,24,12.5,475,2,0,1382.0154643727146,-1,1
45,29891.1,2.2,18447.35,36,8.459999999999999,677,2,0,1908.9294443236959,-1,0
23,88396.88,7.3,2199.02,48,8.299999999999999,685,3,0,7312.411956319195,-1,0
30,36868.91,13.0,6121.38,48,10.42,579,4,0,2915.917545237839,-1,1
44,99480.66,7.7,23304.47,24,6.039999999999999,798,3,0,7256.7665811983625,-1,0
45,43037.28,1.3,5323.13,48,9.76,612,5,0,3452.044379753138,-1,0
19,23776.56,4.1,8032.16,24,8.62,669,1,0,1615.8316698413032,-1,0
24,77106.18,4.3,21394.51,12,7.42,729,1,1,4570.172682010216,-1,0
32,18366.68,3.1,10236.62,36,10.32,584,0,1,1198.7096665448416,-1,0
21,206169.85,0.7,7148.15,48,5.0,850,6,0,17016.203988496316,-1,0
36,49188.58,3.5,52353.65,36,10.28,586,4,0,2402.8526200623205,-1,1
45,15000.0,1.3,47329.46,48,11.02,549,1,0,26.285628208194794,-1,0
46,68903.95,4.3,25420.41,60,8.6,670,4,1,5219.231169408944,-1,0
32,29558.12,3.3,14783.88,24,8.12,694,3,1,1793.7324054058836,-1,0
29,17264.92,4.3,8832.79,48,10.02,599,1,0,1214.636112560595,-1,0
35,56814.91,3.4,10388.43,48,8.92,654,3,0,4476.453754925692,-1,0
35,27983.69,5.1,21854.09,24,7.26,737,4,0,1350.9322524694976,-1,1
35,75140.05,1.4,20252.57,60,9.58,621,4,0,5835.53695215784,-1,0
22,69843.91,0.1,13678.67,48,10.26,587,5,0,5471.688963281597,-1,1
52,40400.14,0.1,11347.58,12,7.640000000000001,718,3,0,2381.4579947993534,-1,1
42,39946.14,1.3,42326.1,36,12.799999999999999,460,5,0,1906.7853788146056,-1,0
22,64274.35,7.5,16301.04,24,8.08,696,5,0,4618.349033920354,-1,0
28,44988.94,1.2,46886.86,12,12.02,499,3,1,-417.20107715610857,-1,0
61,17627.7,0.6,11881.22,48,9.9,605,3,0,1168.206834250901,-1,1
56,43216.67,5.4,25584.89,48,8.32,684,5,0,2972.9370337060336,-1,0
24,100158.05,1.1,10010.84,48,7.52,724,5,0,8104.359600199702,-1,0
42,15000.0,1.3,1257.01,60,8.879999999999999,656,6,0,1223.9796869812271,-1,0
45,113175.01,8.5,21581.46,48,7.48,726,4,0,8909.636236852724,-1,0
39,80225.86,5.9,12394.71,36,9.6,620,1,0,6287.869560975673,-1,1
31,52995.68,0.5,34441.64,36,8.299999999999999,685,7,1,3332.257915534645,-1,0
31,72330.96,5.2,8236.82,36,10.18,591,3,1,5761.104358292356,-1,0
27,58294.97,3.3,12356.94,12,8.94,653,2,0,3777.6253015751236,-1,0
42,20080.84,10.0,29334.21,48,10.959999999999999,552,3,0,915.8150425106477,-1,1
35,37516.0,8.0,20188.46,48,9.44,628,2,0,2619.7141472422404,-1,0
37,58579.72,0.8,3766.16,36,8.219999999999999,689,1,1,4763.242964852831,-1,0
35,15000.0,2.2,19351.44,24,8.299999999999999,685,5,0,372.1366431435465,-1,0
26,146870.51,6.4,15147.63,48,8.44,678,1,0,11866.274729921193,-1,0
44,40790.86,9.9,16605.47,36,9.44,628,0,0,2867.781764028953,-1,0
34,42921.0,6.1,32784.78,36,8.4,680,3,0,2543.3337001121326,-1,0
35,126287.57,4.8,10431.57,36,8.34,683,4,0,10195.43802805851,-1,0
36,63810.17,2.9,53394.38,24,11.879999999999999,506,0,0,2807.046435874495,-1,1
35,15000.0,7.4,26294.91,24,8.84,658,4,2,50.65322722674273,-1,0
43,70909.28,0.7,8983.44,36,6.879999999999999,756,1,0,5632.216738175527,-1,0
39,35417.79,2.7,7063.89,60,8.219999999999999,689,1,2,2807.507378522067,-1,0
24,43754.54,19.7,4340.49,24,6.52,774,3,2,3452.8198700553185,-1,0
30,36207.57,2.1,35647.29,48,12.12,494,4,0,2076.465959001331,-1,0
24,44102.3,3.4,6471.06,36,8.86,657,6,0,3469.8350693806387,-1,1
33,70573.94,0.7,18848.86,24,7.0,750,1,0,5037.249591312556,-1,0
44,19190.7,3.0,12229.28,12,8.06,697,2,0,535.0798499714529,-1,1
20,84656.78,2.5,20766.33,36,10.1,595,1,0,6383.685218803786,-1,0
38,18540.02,3.9,25135.24,36,10.799999999999999,560,6,0,724.4847380859599,-1,0
36,28873.36,8.3,19249.41,12,6.4,780,2,0,745.8441721509307,-1,0
43,24770.69,2.1,3142.5,36,9.44,628,0,0,1963.648737664114,-1,0
36,36502.84,3.0,43832.22,36,10.42,579,2,0,1618.9019663996164,-1,0
35,15000.0,11.3,25062.9,48,8.9,655,3,0,627.4980643363122,-1,0
20,59727.14,1.0,27189.98,12,11.74,513,5,0,2564.7707583241463,-1,0
39,36445.01,2.0,64725.17,36,12.26,487,2,0,879.2358165288974,-1,0
35,64770.71,1.5,13168.58,12,11.16,542,3,0,4232.715197179609,-1,1
24,71221.31,0.0,8195.39,36,9.98,601,4,0,5670.743930503903,-1,0
37,29345.06,2.3,51258.08,48,9.08,646,2,0,1167.914157454382,-1,0
45,86173.66,0.9,26740.7,12,9.92,604,2,1,4831.200800374332,-1,0
53,249511.59,3.1,18188.57,48,8.24,688,4,0,20346.54444152986,-1,0
49,77033.16,2.5,3057.95,60,6.32,784,2,0,6359.855180310009,-1,0
58,36288.28,5.0,4759.69,24,7.459999999999999,727,1,0,2809.9257833814236,-1,0
36,83226.47,10.0,14715.99,36,9.459999999999999,627,4,0,6464.41771310113,-1,0
44,58199.86,4.5,7481.33,24,8.64,668,2,0,4509.440100695611,-1,0
30,57360.18,13.6,13068.41,60,15.46,327,4,0,4465.954042478605,-1,1
30,15396.19,5.5,65968.71,36,8.74,663,6,0,-806.7979273093911,-1,0
44,29654.28,3.5,15827.58,36,8.62,669,2,0,1970.6717309717974,-1,0
36,19910.24,1.9,21667.07,12,7.879999999999999,706,3,0,-224.3957553465077,-1,1
41,206843.91,0.1,18732.51,36,9.42,629,5,0,16637.635232454944,-1,0
18,24915.22,1.6,7664.81,48,11.08,546,5,1,1877.869400317162,-1,1
19,45429.71,0.6,3205.47,12,11.14,543,2,0,3502.295041761114,-1,1
29,39913.01,2.8,29719.87,12,7.48,726,5,0,747.9394303933736,-1,1
33,33074.97,7.1,42574.18,60,7.76,712,1,1,1897.8784201391306,-1,0
44,15000.0,5.1,27923.21,36,5.0,850,2,0,413.11634625803174,-1,0
38,23365.62,2.0,28027.37,36,7.34,733,3,0,1077.3675783006051,-1,0
46,107459.9,0.1,18266.29,36,10.72,564,5,0,8359.395924913439,-1,0
21,99383.06,6.0,9654.79,12,10.32,584,7,0,7431.6746506834415,-1,0
35,23922.45,1.8,22882.23,36,11.94,503,0,0,1234.175597011537,-1,1
29,26930.71,1.2,4581.29,36,9.6,620,3,1,2097.259352825566,-1,0
41,35914.41,0.5,8086.14,48,8.1,695,1,0,2795.081406869375,-1,0
28,19308.67,0.2,11718.98,36,6.6,770,4,1,1249.3471396582338,-1,1
34,20176.51,2.6,8096.7,36,9.32,634,3,0,1422.6953854846643,-1,0
41,56768.04,9.1,8454.93,36,7.02,749,3,1,4469.528985914951,-1,0
18,28521.23,0.0,10934.46,48,7.0,750,2,0,2114.929912254972,-1,1
42,41867.85,3.4,5162.89,24,9.52,624,4,0,3251.8885028560867,-1,0
37,22977.53,4.3,21630.49,48,5.32,834,3,0,1413.517691536997,-1,0
52,69863.77,7.3,9536.24,12,7.379999999999999,731,2,0,4995.169516824967,-1,0
51,48514.98,9.0,25575.11,60,11.44,528,4,0,3481.221705208572,-1,1
45,171929.94,16.6,18351.1,24,9.98,601,3,0,13480.854230869201,-1,0
30,88987.08,4.3,3304.78,36,7.1,745,3,1,7313.396820192631,-1,0
40,55235.38,1.1,17642.73,24,8.42,679,4,1,3801.631634782223,-1,0
26,27047.41,14.4,38919.02,36,10.66,567,1,0,986.0493172495303,-1,1
47,31252.3,0.0,28193.7,36,9.78,611,4,1,1697.5362482757214,-1,0
51,36572.32,1.9,25081.32,36,8.04,698,0,0,2261.2730210224167,-1,0
41,35510.61,7.4,13037.99,12,7.9,705,4,0,1825.6659743774535,-1,1
39,20211.87,1.5,5842.53,24,5.0,850,4,0,1428.002589337012,-1,0
34,20739.49,1.4,18057.97,36,9.02,649,2,0,1153.8841119824492,-1,0
40,41754.64,3.8,23425.01,12,7.24,738,1,0,1450.0707757291477,-1,0
52,17895.46,1.6,26003.15,24,14.58,371,6,1,235.66544314669795,-1,1
19,22246.0,4.4,28642.54,24,7.92,704,2,1,559.4536464671917,-1,0
20,66080.72,4.0,5522.97,24,12.16,492,3,0,5246.328429479026,-1,1
18,18485.46,0.4,10298.99,12,7.6,720,3,0,646.4656738220522,-1,0
41,24032.65,4.6,23001.02,60,10.5,575,2,0,1508.3392008582478,-1,0
32,132463.73,1.5,9391.61,12,9.6,620,4,0,10214.718600441875,-1,0
20,74535.91,5.8,7590.1,48,9.02,649,3,2,6022.373784195341,-1,0
31,22966.18,11.6,11170.82,24,9.76,612,4,0,1399.608200642359,-1,0
45,25559.63,2.0,8009.43,36,10.7,565,4,0,1868.8871308547498,-1,0
49,120004.46,3.5,26975.88,12,7.18,741,2,0,7663.997491425536,-1,0
44,15000.0,2.5,6248.46,24,9.4,630,2,1,963.3925861334251,-1,1
29,51538.22,14.9,14332.2,24,8.58,671,3,0,3642.847215276725,-1,0
33,34651.38,2.0,10751.22,24,9.1,645,3,0,2395.9548525134965,-1,0
35,17580.92,1.8,19887.82,48,6.459999999999999,777,2,0,993.8047679763858,-1,0
32,59138.77,1.9,14400.04,36,5.0,850,2,0,4496.648716190265,-1,0
19,23413.41,1.4,27397.24,48,5.0,850,2,0,1320.1784170145384,-1,0
36,15000.0,5.7,24266.36,36,8.44,678,4,0,484.645248570455,-1,0
27,64543.51,9.4,6995.92,48,9.66,617,1,0,5202.331359381549,-1,0
37,41125.71,1.6,6173.23,24,8.9,655,4,0,3145.403233157316,-1,0
25,33549.61,1.2,4927.62,36,12.92,454,3,0,2629.9596538433216,-1,0
35,52931.19,11.4,50934.21,36,8.86,657,1,0,2794.5549589090524,-1,0
38,35776.49,0.5,8779.29,36,6.34,783,3,0,2712.936576620127,-1,0
43,43093.1,1.5,6257.59,36,6.359999999999999,782,2,0,3399.701268923683,-1,0
28,38355.55,3.5,19965.54,12,8.219999999999999,689,3,1,1457.4933099902835,-1,0
20,23484.33,0.8,23287.61,60,14.059999999999999,397,3,0,1414.4408864845454,-1,0
38,30960.92,9.2,22063.03,12,5.0,850,4,1,691.3162277432557,-1,0
26,20695.7,5.8,17053.16,12,8.379999999999999,681,6,0,238.21616507021577,-1,1
34,21112.88,2.5,16172.37,48,10.98,551,1,0,1341.5803705964463,-1,1
24,15701.36,7.3,5094.62,24,11.14,543,4,0,1070.6661642638596,-1,0
34,34281.76,0.1,9671.44,12,8.48,676,3,1,2013.3620045930584,-1,0
40,133051.45,0.9,11552.09,48,11.34,533,2,1,10787.140028916832,-1,0
33,35852.31,13.5,1821.47,60,8.08,696,2,0,2950.6898785269545,-1,0
35,82067.52,3.4,20090.9,24,7.82,709,3,0,5931.951477898714,-1,0
53,37189.06,0.4,21601.58,12,9.02,649,1,0,1209.7979101298997,-1,0
21,62469.9,11.4,23849.89,48,7.859999999999999,707,4,0,4625.145542258248,-1,0
21,98114.57,5.0,9039.41,24,9.86,607,3,0,7759.675114552111,-1,0
35,21482.06,8.3,12137.74,48,8.18,691,3,1,1492.8273458231013,-1,0
32,34436.45,3.3,15831.16,48,5.899999999999999,805,2,1,2498.6343048859553,-1,0
35,154656.75,1.3,13407.8,12,7.92,704,3,0,11722.234926451496,-1,0
30,17085.46,2.4,20602.36,48,6.84,758,4,1,931.9670931623773,-1,0
31,15000.0,3.8,4145.62,36,8.78,661,5,1,1118.5944555570966,-1,0
36,15479.58,2.0,17136.21,36,6.859999999999999,757,5,0,761.9447859803764,-1,0
42,35489.35,2.8,12868.14,24,8.58,671,2,0,2372.0448089889223,-1,0
43,56413.67,0.6,36969.8,12,7.459999999999999,727,3,0,1494.4175087306867,-1,0
41,43026.9,1.7,5787.36,12,10.799999999999999,560,1,0,3074.618271472181,-1,1
24,229273.37,5.6,5977.05,36,10.6,570,3,2,18911.563479012955,-1,0
26,39651.77,4.7,38187.38,36,12.06,497,4,0,2034.852075345731,-1,0
33,15000.0,0.7,11686.28,48,9.42,629,1,0,956.8502432297266,-1,0
51,166756.16,0.4,14193.0,36,11.7,515,5,0,13426.967037207523,-1,0
48,34675.36,0.6,25634.93,36,8.56,672,1,0,2079.6688284865395,-1,0
18,79704.28,0.7,30557.2,36,9.84,608,0,1,5658.322275397561,-1,0
34,58622.48,4.8,14577.82,60,5.0,850,3,0,4610.10521942633,-1,0
26,136885.81,5.1,8169.51,24,7.66,717,4,0,11038.931559956916,-1,0
32,218143.51,2.6,36505.43,60,6.539999999999999,773,1,1,17463.671016939887,-1,0
53,70399.64,2.2,6491.54,48,6.48,776,0,0,5712.7499741168185,-1,1
37,28689.31,4.6,5414.89,36,7.219999999999999,739,4,0,2223.0345418991133,-1,0
38,77755.53,6.4,28830.66,60,9.0,650,4,1,5881.150418309768,-1,0
31,60403.93,4.7,13876.09,36,8.02,699,3,2,4598.706568264609,-1,1
43,118985.21,2.7,6664.98,36,7.199999999999999,740,0,0,9709.028919218765,-1,1
41,146662.11,1.9,12534.59,48,9.16,642,2,0,11908.96553072349,-1,0
41,27767.11,4.4,10721.57,48,7.92,704,1,0,2052.5834091482143,-1,0
43,54998.74,8.9,45698.02,36,6.6,770,3,0,3180.548656626098,-1,0
37,15000.0,0.6,3256.13,36,9.42,629,4,0,1145.818276377726,-1,0
44,96350.43,0.9,10361.44,36,9.1,645,3,0,7699.229031610533,-1,0
30,64013.26,1.1,10407.88,12,8.42,679,2,0,4427.050806086619,-1,0
33,88669.65,3.6,22633.53,36,12.7,465,4,0,6629.79083051778,-1,0
25,46640.71,3.7,33025.63,36,8.2,690,2,0,2848.7728404610507,-1,0
39,36761.28,3.0,35041.07,60,11.78,511,1,0,2287.8607795501275,-1,0
41,144091.13,5.3,7157.43,60,9.76,612,1,0,11856.363771299286,-1,0
34,85077.34,0.6,14170.39,24,7.640000000000001,718,4,0,6451.2140913959165,-1,0
43,92867.69,9.2,23125.71,12,8.42,679,4,0,5722.811334973312,-1,0
44,24446.81,8.0,11204.79,24,7.08,746,1,1,1535.1603540564938,-1,0
51,15000.0,2.1,12655.8,36,8.62,669,2,0,849.78347232065,-1,0
37,23666.48,6.0,2632.74,48,11.299999999999999,535,6,0,1903.7779276982033,-1,1
30,24974.28,6.8,7428.03,24,10.24,588,4,0,1737.600703613226,-1,0
31,25809.34,8.1,9200.76,36,14.3,385,4,1,1834.9758831709346,-1,0
49,15000.0,14.4,25108.15,36,9.219999999999999,639,5,0,448.99421539163495,-1,0
33,20436.94,1.5,15141.65,48,7.299999999999999,735,1,0,1338.3814677034532,-1,0
27,25357.02,4.4,5544.09,36,8.86,657,3,0,1937.145438715219,-1,0
30,86263.36,1.8,6126.48,60,8.879999999999999,656,4,2,7061.79419322844,-1,0
37,28435.75,5.4,18452.75,12,6.959999999999999,752,2,0,773.3296678093459,-1,0
45,58215.14,2.7,22058.97,60,7.140000000000001,743,6,1,4413.009108265357,-1,0
25,46302.28,0.6,14742.08,24,9.12,644,2,0,3184.2232453986917,-1,0
18,15000.0,0.2,18095.48,36,8.26,687,3,0,680.7804907990611,-1,1
53,249511.59,3.1,18188.57,48,8.24,688,4,0,20346.54444152986,-1,0
42,118056.58,3.3,13672.19,36,8.84,658,1,0,9404.293744998058,-1,0
25,15209.06,2.0,7001.39,24,6.119999999999999,794,5,0,956.7370753583045,-1,0
20,46152.92,5.3,9827.59,48,10.62,569,6,1,3593.8872302101995,-1,1
27,36755.89,1.5,21903.73,48,9.36,632,4,0,2514.1636626329223,-1,0
34,50885.39,6.3,18251.12,48,7.959999999999999,702,5,0,3795.228596682932,-1,0
31,76362.68,0.5,7902.74,48,10.86,557,1,1,6159.843098326883,-1,0
35,68925.54,2.3,5969.16,60,5.0,850,3,0,5631.149586981514,-1,0
21,22799.13,4.1,14325.76,24,9.799999999999999,610,2,0,1240.187986104062,-1,0
24,37600.14,5.4,19749.43,48,7.66,717,3,0,2654.3494291058596,-1,0
43,34652.63,7.3,1740.48,24,9.299999999999999,635,3,0,2807.9660031558283,-1,0
38,51920.82,0.2,16938.1,36,11.86,507,0,0,3765.279622514753,-1,0
54,20189.94,2.3,4814.34,36,10.22,589,4,0,1526.6520481767873,-1,0
30,33859.69,0.5,10506.27,36,8.58,671,0,0,2489.594163059436,-1,0
38,34563.59,15.9,5653.72,24,11.9,505,3,0,2614.4228833657226,-1,0
24,33222.61,1.9,18480.25,24,9.6,620,5,0,1919.1888399214772,-1,0
37,61745.19,6.6,14940.33,36,10.28,586,5,1,4661.383657161835,-1,0
35,31641.73,1.8,40739.66,36,9.66,617,1,0,1328.7501906090502,-1,0
45,42056.96,14.4,14688.74,36,9.879999999999999,606,3,0,3031.609465900165,-1,0
25,60747.15,1.3,9643.6,12,9.219999999999999,639,3,0,4217.931276042912,-1,0
37,21102.82,8.4,5080.62,48,9.58,621,3,0,1630.7330379948871,-1,0
30,57478.85,3.3,6155.0,60,6.279999999999999,786,3,0,4670.107767116845,-1,1
37,20068.59,10.5,7887.77,36,6.34,783,2,1,1431.2042304996883,-1,0
47,56725.74,0.6,6727.92,48,10.28,586,2,0,4555.601452311857,-1,0
40,362219.84,5.3,12372.26,12,9.28,636,3,0,29101.407131257285,-1,0
46,37760.46,1.1,5625.06,36,5.0,850,4,0,2978.11690553243,-1,0
44,136148.47,2.4,12688.36,36,10.16,592,2,0,10935.334346257896,-1,0
19,49070.31,2.2,9651.64,24,11.2,540,1,0,3638.4536982467457,-1,1
26,15000.0,3.1,34019.6,48,10.12,594,2,1,385.2132092302895,-1,1
39,15000.0,1.5,61013.13,36,11.58,521,6,0,-764.2915538710122,-1,1
25,24585.28,1.1,6882.22,36,10.28,586,3,0,1825.797627498343,-1,0
45,15000.0,2.3,7406.33,48,8.32,684,1,1,1068.0752824846882,-1,0
54,94157.68,2.1,28717.56,12,9.1,645,3,0,5333.748388764661,-1,0
29,15000.0,1.2,5815.17,48,11.379999999999999,531,2,0,1098.6285089821372,-1,0
31,24663.37,1.8,39679.26,24,11.72,514,5,0,192.624448241884,-1,0
34,69945.11,3.5,65852.07,12,6.039999999999999,798,3,0,159.8958308815636,-1,1
47,16992.42,6.4,19251.77,36,11.879999999999999,506,4,0,777.7035883582585,-1,0
33,30784.79,12.8,11367.79,24,12.379999999999999,481,2,0,2028.2582924507824,-1,1
45,54046.29,7.8,6099.38,12,9.94,603,3,0,3967.7952868846046,-1,0
23,46311.91,1.6,20510.02,12,9.1,645,4,0,2064.743046090882,-1,0
31,94691.55,12.9,5536.61,36,7.92,704,1,0,7717.669524790019,-1,0
31,36511.09,7.0,8032.82,48,5.079999999999998,846,5,0,2857.3094192301423,-1,0
18,39539.37,1.2,75076.89,60,9.9,605,2,0,1703.4770390590986,-1,0
30,65659.1,2.4,62749.29,48,13.54,423,1,0,3771.318929015827,-1,1
20,64868.56,3.5,27635.17,36,10.78,561,1,0,4503.849744013739,-1,0
25,55584.79,0.9,36009.71,36,6.34,783,1,0,3531.024659084075,-1,1
37,34714.81,6.6,15025.78,36,12.22,489,2,0,2392.2495951710157,-1,1
33,182660.0,0.1,16637.71,48,10.48,576,2,0,14795.845741789995,-1,0
26,64709.1,3.7,23409.66,36,10.52,574,2,0,4631.333061984882,-1,1
34,26786.24,8.7,10208.69,60,9.56,622,5,0,2017.4857180789136,-1,0
31,99847.09,3.9,11162.89,36,7.48,726,0,0,7973.458067921974,-1,1
20,31409.02,1.9,31737.29,48,9.68,616,7,0,1817.347218240445,-1,0
33,40886.87,2.9,14881.71,48,6.68,766,4,0,3053.0833318200594,-1,0
18,77077.94,0.0,8405.67,60,8.7,665,4,0,6249.89509736633,-1,0
35,25199.41,4.0,5753.33,48,9.68,616,2,0,1954.914091109994,-1,0
33,19627.53,1.6,4404.7,36,9.28,636,1,2,1494.9845109401997,-1,1
25,66227.16,1.8,39278.99,24,10.84,558,3,0,3691.1376143364223,-1,1
28,19026.72,10.5,18587.19,36,8.66,667,3,0,997.4291779411398,-1,0
43,20272.0,2.8,5958.43,48,9.02,649,3,0,1541.0009585101704,-1,0
33,19658.66,5.7,8116.42,36,8.06,697,6,0,1383.6578475566037,-1,0
37,41441.11,6.6,40844.44,24,9.4,630,6,0,1579.9531185798596,-1,0
29,63148.5,7.0,18042.2,36,8.28,686,0,1,4694.66462666853,-1,0
40,15000.0,0.8,12344.06,36,8.959999999999999,652,3,0,857.6919550377693,-1,1
33,52500.79,1.6,19350.27,24,9.959999999999999,602,4,0,3482.5062511625865,-1,0
53,31501.5,1.9,14907.87,48,11.04,548,3,0,2239.533656262186,-1,0
21,48300.28,1.1,46529.1,12,7.5,725,3,0,-11.721192669416268,-1,0
29,20294.36,0.9,38369.14,36,8.0,700,1,1,488.84727318585124,-1,0
40,123106.75,1.3,23047.86,36,6.539999999999999,773,2,0,9552.08221164064,-1,0
54,15000.0,2.6,5644.33,36,9.76,612,2,0,1068.508680006118,-1,0
34,30125.95,2.7,18938.14,12,10.14,593,3,0,844.2990854812331,-1,1
31,58219.39,3.3,13140.83,36,8.799999999999999,660,3,0,4434.963060065675,-1,0
27,33946.15,1.2,14546.93,12,11.22,539,4,0,1541.6707604350488,-1,1
40,38114.86,4.5,57845.04,36,6.459999999999999,777,5,0,1404.3984951162963,-1,0
40,19615.8,2.7,3031.13,48,5.379999999999999,831,4,0,1564.322247910249,-1,0
31,30694.96,3.4,17462.02,36,9.2,640,0,0,2000.9989288918923,-1,0
31,35002.39,0.7,43511.12,36,8.66,667,2,0,1540.0987817079006,-1,1
28,21903.24,0.8,11059.35,24,10.22,589,1,1,1313.8134042193496,-1,0
49,21976.98,2.7,10189.41,36,6.42,779,2,1,1519.4906342475006,-1,0
25,48884.2,6.2,7995.75,24,11.56,522,5,0,3698.9364574358838,-1,1
48,39951.36,11.4,12771.19,36,10.879999999999999,556,2,0,2911.893005990271,-1,1
45,40439.18,7.4,5454.47,36,9.06,647,4,1,3196.3286239274653,-1,0
23,55058.76,0.6,9672.03,24,9.299999999999999,635,2,0,4145.03330134691,-1,0
50,38239.28,5.3,16217.58,36,9.219999999999999,639,1,0,2669.229823197557,-1,0
34,23808.93,1.6,37355.23,48,5.02,849,3,0,1123.4744701033587,-1,0
18,23555.68,2.8,8383.23,60,5.259999999999998,837,1,0,1803.7709102286922,-1,0
30,21004.02,1.0,12874.49,48,9.04,648,3,0,1429.7081850306247,-1,0
38,50448.97,0.5,15932.42,12,8.06,697,7,0,2817.7026106401063,-1,0
33,22631.59,3.8,3011.78,24,9.0,650,2,0,1748.3734402317664,-1,0
34,45426.21,15.2,15678.64,36,11.36,532,1,0,3269.5418749058863,-1,1
27,27872.82,2.4,12039.56,48,8.6,670,2,0,2025.411533044378,-1,0
26,68708.96,0.1,12167.26,48,10.06,597,1,1,5416.802806260805,-1,1
31,117136.22,15.8,6186.64,48,6.859999999999999,757,3,0,9613.606381018151,-1,0
35,19944.82,0.2,12192.63,12,7.26,737,4,0,605.6177612885315,-1,1
32,45676.46,2.6,10303.39,36,11.64,518,0,0,3465.9205710529163,-1,0
27,165524.0,4.4,27799.41,36,12.06,497,2,0,12869.531594920762,-1,0
28,15365.11,0.5,68642.33,24,6.640000000000001,768,1,0,-1781.6778941004334,-1,0
35,181892.73,6.3,13297.21,24,5.0,850,2,2,14574.360417714246,-1,0
20,117385.07,3.1,14131.45,48,11.16,542,3,0,9415.755458946183,-1,0
28,30034.21,3.4,30410.08,48,10.379999999999999,581,3,1,1726.0111772721973,-1,1
31,63162.79,0.6,11171.61,60,11.62,519,5,1,5017.199454868549,-1,1
28,34298.47,0.3,12720.02,48,10.4,580,5,0,2533.144289102587,-1,1
48,47721.38,0.3,12875.36,24,13.04,448,1,0,3364.4216522346564,-1,1
43,44680.55,7.0,23258.15,12,10.56,572,4,1,1672.5557025054209,-1,0
24,20149.7,4.9,7871.26,48,9.219999999999999,639,2,0,1482.4417360768923,-1,0
33,34012.17,2.0,5050.02,12,7.24,738,2,1,2396.826768715262,-1,0
38,31972.72,14.7,23857.66,48,9.42,629,5,1,2065.925110245415,-1,0
34,61957.23,2.1,25362.05,36,12.74,463,2,1,4311.727489641905,-1,0
39,56470.63,1.3,6606.37,24,9.08,646,4,0,4403.832974811513,-1,0
35,21150.59,1.6,5045.28,36,13.9,405,3,0,1590.3583979259106,-1,0
24,60607.3,5.8,56763.04,36,9.42,629,2,0,3234.4427179432587,-1,0
28,32688.22,0.8,14513.89,48,11.36,532,1,0,2346.356791970968,-1,0
40,27182.62,2.9,2464.36,60,8.1,695,1,1,2215.131974582171,-1,0
28,100231.54,5.8,7442.93,36,8.879999999999999,656,5,0,8116.360614249998,-1,0
39,118997.89,19.1,7981.21,36,7.32,734,1,0,9668.884837245056,-1,0
41,43033.07,5.0,5864.49,60,10.02,599,4,0,3461.42836621744,-1,0
46,23241.48,0.8,23165.38,36,7.0600000000000005,747,2,0,1220.8746519389517,-1,1
38,25539.03,9.8,2118.0,24,10.42,579,2,1,2030.1064611628228,-1,0
27,28564.05,0.3,15405.27,36,9.68,616,3,0,1885.5640131486832,-1,0
39,81312.95,0.3,10176.96,24,9.04,648,4,0,6310.9605745972385,-1,0
28,27098.29,3.8,3265.21,36,13.22,439,4,0,2147.8266851911894,-1,1
44,40167.83,1.8,25941.26,36,9.28,636,1,0,2519.0093279994626,-1,0
36,15000.0,2.0,21020.86,36,9.24,638,3,0,579.1917872126636,-1,0
49,57051.4,12.8,24250.7,60,8.379999999999999,681,2,0,4258.1444599345705,-1,0
33,20541.85,9.4,19189.65,24,9.86,607,2,0,827.5553092106195,-1,0
28,26551.62,3.0,10674.16,24,9.92,604,1,1,1720.4707116335169,-1,0
18,46265.9,4.3,20857.77,36,11.52,524,1,0,3167.487295759617,-1,1
46,71547.81,0.9,18051.56,48,9.18,641,4,0,5511.559209775588,-1,0
39,76970.89,1.5,27729.79,48,7.9,705,2,0,5738.576511481936,-1,0
37,78725.29,2.1,12871.18,36,5.440000000000001,828,2,1,6172.13217598766,-1,0
25,41114.17,1.6,32504.73,48,10.84,558,6,0,2588.6025073612423,-1,0
30,36357.62,1.8,19345.53,36,10.08,596,3,1,2404.8489672720434,-1,0
36,81511.41,0.1,17430.02,24,9.32,634,6,0,5993.769981634986,-1,0
39,27779.54,2.6,21981.18,48,6.58,771,3,1,1792.8675864191173,-1,0
22,65555.54,2.1,15296.69,24,8.04,698,2,0,4770.854714140556,-1,0
28,65623.96,6.9,14804.12,24,7.24,738,2,0,4804.2328130255855,-1,0
18,68504.44,0.1,9035.67,24,10.06,597,3,0,5291.502738206573,-1,1
34,141885.46,2.5,8267.58,48,10.799999999999999,560,4,0,11610.91051597759,-1,1
44,20224.88,9.5,25145.3,60,10.32,584,1,1,1147.175542936774,-1,1
18,15000.0,1.9,18596.89,24,8.32,684,2,0,406.1962800232566,-1,1
38,18985.69,3.2,4661.55,60,12.18,491,6,0,1478.0227158087903,-1,1
46,34520.19,8.0,8260.45,36,8.98,651,0,0,2614.079281979751,-1,0
46,92453.65,11.6,14114.28,24,9.08,646,4,0,7059.145394404338,-1,0
58,15000.0,4.8,14520.97,48,8.959999999999999,652,2,0,888.9207854062065,-1,0
45,29803.51,1.8,14951.6,36,7.92,704,1,0,2015.6486328172105,-1,0
54,79886.87,0.4,10872.57,36,9.92,604,3,1,6306.820142143564,-1,0
26,70054.43,7.7,10427.32,48,6.52,774,6,2,5590.489567268773,-1,0
47,17896.9,12.4,16885.46,48,10.22,589,5,1,1061.3632288451684,-1,0
40,29211.57,5.2,33525.72,36,10.04,598,3,0,1351.887102305255,-1,1
41,28112.05,8.5,14738.32,36,6.379999999999999,781,1,0,1891.760579566538,-1,0
19,15000.0,1.4,16042.06,36,5.940000000000001,803,2,0,762.4054559953263,-1,0
34,15000.0,2.4,15244.74,48,5.379999999999999,831,4,1,896.294188836272,-1,0
18,52942.0,3.7,24062.97,60,10.66,567,0,0,3892.7169494339314,-1,0
33,15000.0,0.0,7733.93,36,8.48,676,2,0,1005.9305420247197,-1,0
22,75265.37,7.2,7112.71,48,5.52,824,2,0,6106.6327645623405,-1,0
34,37574.42,8.2,45093.09,24,5.0,850,1,1,1152.905140963235,-1,0
19,18330.57,8.1,53764.11,48,10.12,594,2,0,160.8502976375471,-1,0
34,106563.73,2.1,4783.97,60,11.98,501,3,0,8773.942406565759,-1,1
36,85226.33,1.8,13355.04,48,11.12,544,3,0,6756.24738844634,-1,0
32,86531.9,4.9,17535.16,36,8.7,665,1,0,6655.823366696155,-1,0
32,15000.0,6.5,14131.45,24,7.02,749,3,0,617.1704018457514,-1,0
33,59423.52,5.5,31783.27,48,10.82,559,3,0,4133.280293746947,-1,0
30,15000.0,19.3,6445.82,48,9.24,638,8,1,1088.8599230725615,-1,0
25,124789.4,2.9,7905.61,48,12.9,455,1,0,10187.421111894166,-1,0
36,19605.7,16.7,10399.47,48,11.78,511,3,0,1361.0723858137658,-1,0
33,38787.33,5.5,32936.9,60,10.68,566,2,1,2521.394564526053,-1,0
42,149574.34,1.8,6527.77,48,6.640000000000001,768,3,0,12309.300725075189,-1,0
38,38587.6,3.6,2090.32,48,8.299999999999999,685,6,0,3164.307641464443,-1,1
31,20564.74,0.1,20318.15,12,10.42,579,2,0,-76.53120197017529,-1,0
37,71416.75,1.6,28868.49,60,10.22,589,3,0,5334.89608015868,-1,1
53,53854.3,1.3,25793.78,60,7.84,708,4,1,3966.826364833155,-1,0
18,37654.3,1.3,18802.56,48,11.78,511,5,0,2644.7433940726287,-1,0
30,48343.13,0.5,23408.32,12,8.299999999999999,685,0,0,1989.0927840423963,-1,0
35,29865.37,0.3,5562.54,48,8.36,682,1,0,2352.041030609379,-1,0
33,25456.54,6.8,3267.35,24,7.039999999999999,748,2,1,1975.031390825599,-1,0
23,45251.32,0.7,8465.27,48,5.0,850,0,0,3575.9941453485458,-1,0
26,33374.58,2.6,36643.83,36,7.42,729,4,0,1642.7098986256656,-1,0
37,79514.63,6.6,8211.35,36,9.54,623,5,0,6363.031840527045,-1,1
34,16027.42,21.2,59805.86,24,8.26,687,1,0,-1376.3361271756394,-1,1
34,92104.03,4.7,17430.78,48,10.56,572,2,1,7228.543703183437,-1,0
29,91026.58,1.0,40221.2,24,8.06,697,1,1,5765.351548970875,-1,0
50,87886.74,4.4,4362.63,24,9.82,609,2,0,7122.944009260409,-1,0
53,15000.0,0.5,20487.9,36,8.44,678,2,0,603.8169048916535,-1,1
34,77717.9,9.4,41483.44,48,7.640000000000001,718,1,0,5470.755102435361,-1,0
32,16366.53,0.2,27209.59,24,8.5,675,5,0,127.04722330418667,-1,0
44,15000.0,1.3,8234.03,36,6.539999999999999,773,0,0,997.485251757591,-1,0
38,247750.88,1.1,5714.71,36,10.74,563,3,0,20459.51723984044,-1,0
21,137480.31,10.0,5685.61,48,12.1,495,5,0,11306.689271537382,-1,0
36,87691.59,0.3,40271.51,24,7.74,713,3,0,5491.032905139748,-1,0
25,74415.57,2.1,8812.07,60,11.42,529,2,0,6007.850828924583,-1,0
34,74013.54,2.7,16569.14,36,9.32,634,0,0,5638.429634398298,-1,0
26,131150.65,1.7,21874.94,12,11.14,543,3,1,8994.448562352336,-1,0
36,37528.48,1.6,18970.88,48,7.719999999999999,714,2,0,2666.7280571657006,-1,1
34,211884.24,21.2,17554.17,24,11.64,518,3,0,16833.632339399992,-1,0
18,15000.0,0.7,1214.81,12,10.56,572,3,0,1142.8822433212563,-1,1
41,59120.49,1.9,6927.67,12,8.74,663,0,0,4321.707475480269,-1,0
53,21337.98,3.4,57025.68,48,8.48,676,6,0,373.1171384928846,-1,0
35,42252.29,4.0,10950.33,36,6.68,766,3,0,3184.5095941981335,-1,0
32,34262.49,5.9,7219.56,24,7.52,724,5,1,2530.2645804256913,-1,0
38,38612.74,5.1,5925.29,48,10.28,586,2,1,3066.649654086096,-1,0
18,108876.96,16.6,9865.0,60,8.299999999999999,685,5,0,8871.633998639078,-1,1
32,15750.62,4.8,32073.27,36,10.36,582,4,0,272.20803454325574,-1,1
33,17013.44,7.8,5385.87,36,7.4399999999999995,728,1,0,1250.4009934725034,-1,0
41,15000.0,3.7,23494.57,48,11.78,511,4,0,633.8326558454607,-1,1
18,43681.21,2.8,6859.2,12,9.44,628,2,0,3038.85320164601,-1,0
40,35743.57,0.9,9470.77,36,10.799999999999999,560,0,2,2669.466205834479,-1,0
34,24134.45,12.1,16109.66,48,10.34,583,2,0,1599.9861134682553,-1,0
41,27585.33,6.9,11732.67,24,6.619999999999999,769,3,0,1775.4944637964295,-1,0
34,15000.0,3.8,28075.03,24,8.82,659,1,1,-30.283112393315832,-1,0
19,28427.04,2.2,6803.43,36,8.2,690,2,1,2155.096962247289,-1,1
38,45889.56,5.5,32751.9,48,12.7,465,2,1,2950.3473702744577,-1,1
31,50261.0,3.4,3019.92,12,9.82,609,1,0,3923.170470801575,-1,0
35,32728.82,2.6,5892.85,60,8.28,686,0,0,2607.1246915657407,-1,0
37,34413.16,0.5,43289.83,24,6.9399999999999995,753,3,0,930.7432858987488,-1,0
19,25723.02,10.8,28115.65,48,9.56,622,6,0,1436.4258244455796,-1,0
35,51242.0,2.0,10426.03,48,7.459999999999999,727,2,0,4018.271288377746,-1,1
37,134272.02,1.5,10231.49,60,11.799999999999999,510,2,0,10962.773866070434,-1,0
44,56948.46,0.3,11737.47,12,9.74,613,2,1,3715.213709615705,-1,0
43,55311.55,1.8,5420.58,48,8.0,700,6,0,4476.963634747431,-1,0
38,22002.73,2.0,18797.8,36,8.84,658,3,0,1237.1946329946272,-1,1
27,19553.97,4.7,10576.79,24,6.18,791,3,0,1159.8693881569297,-1,0
23,40904.98,8.1,6316.09,36,9.06,647,7,0,3207.721938062181,-1,0
36,80232.49,5.6,16000.34,36,10.379999999999999,581,2,0,6166.895575285752,-1,1
42,15000.0,0.5,4335.28,36,6.719999999999999,764,2,0,1116.6934452786286,-1,0
31,39508.11,1.8,10140.65,24,9.74,613,3,0,2825.61892307302,-1,0
46,45031.46,0.4,2681.69,36,12.5,475,3,1,3662.909413493842,-1,0
42,60767.49,5.6,36026.95,24,9.68,616,0,1,3406.8125368293795,-1,0
45,45252.02,1.5,14805.89,24,12.24,488,3,0,3072.3764370034114,-1,1
18,88702.23,8.1,8473.94,24,9.92,604,3,0,7001.135979940316,-1,0
30,25642.49,5.2,5823.55,36,7.140000000000001,743,5,0,1956.686848128889,-1,0
39,33377.49,2.0,7538.73,48,10.42,579,2,0,2588.7316634706312,-1,0
48,18062.07,1.2,24342.91,60,7.74,713,6,0,1014.6095239904264,-1,0
26,62923.74,8.3,11777.5,24,9.219999999999999,639,3,0,4704.4033476660625,-1,0
36,51724.3,5.1,6500.12,36,5.800000000000001,810,3,1,4113.200596471976,-1,0
32,34278.99,0.3,3758.74,48,8.14,693,1,0,2764.57346128022,-1,0
50,30785.96,7.7,2971.79,48,6.34,783,3,0,2495.239900648028,-1,0
22,48074.93,0.8,16096.44,48,10.459999999999999,577,3,0,3594.4317760456634,-1,0
40,15000.0,2.6,11066.5,48,7.959999999999999,702,5,1,980.0421323335229,-1,0
34,35720.05,1.3,17611.82,12,10.34,583,2,0,1425.5256923860318,-1,1
47,128004.0,2.2,51277.05,24,6.74,763,3,0,8377.23342980955,-1,0
35,54204.61,5.0,2641.71,24,8.1,695,2,0,4397.452925296211,-1,0
39,37343.16,7.3,44801.58,48,8.62,669,7,0,2005.1071016791357,-1,0
41,43026.9,1.7,5787.36,12,10.799999999999999,560,1,0,3074.618271472181,-1,1
47,21824.18,3.2,22600.04,36,11.86,507,5,0,1069.5472307274717,-1,0
25,96005.43,2.5,15600.96,12,5.780000000000001,811,4,0,6659.310611783625,-1,0
23,61817.33,6.7,60174.05,36,8.32,684,3,0,3256.912488322416,-1,0
28,84324.02,6.3,16409.89,48,5.280000000000001,836,4,0,6647.008573919424,-1,0
37,21724.51,3.4,12263.61,12,10.459999999999999,577,2,0,729.584213590776,-1,0
55,212428.63,1.2,7054.09,36,9.14,643,3,0,17477.60774572008,-1,0
34,45089.76,6.1,30383.75,36,8.64,668,1,0,2796.3675775624247,-1,1
28,17699.69,3.6,38975.75,36,5.140000000000001,843,2,0,304.38450321011373,-1,1
43,32145.03,3.2,39476.94,48,13.56,422,5,0,1608.6798498550852,-1,0
46,17736.61,7.3,55772.28,24,6.98,751,2,2,-1018.5123376360777,-1,0
47,63793.03,1.0,6010.93,48,10.0,600,1,0,5163.633119687908,-1,0
27,69774.7,0.3,9997.68,60,10.04,598,4,0,5601.940355216134,-1,0
33,28350.68,1.8,62707.52,24,9.74,613,3,1,-523.5579349239761,-1,0
38,21733.33,14.6,13484.08,36,9.58,621,4,0,1378.6715442099144,-1,0
41,25555.44,3.4,12604.81,36,8.379999999999999,681,2,0,1732.4176964683809,-1,0
25,169663.15,5.9,37905.48,60,8.94,653,1,0,13352.843758885308,-1,0
27,76687.94,5.1,9678.28,48,7.039999999999999,748,2,0,6158.723554143868,-1,0
37,31872.36,6.9,15072.68,60,11.16,542,3,0,2327.1094321609075,-1,1
46,33254.49,1.8,25705.35,48,5.280000000000001,836,3,0,2175.965518082367,-1,1
25,66345.89,12.6,19536.61,24,7.98,701,6,0,4645.414407527187,-1,0
37,48966.35,5.3,12309.79,24,11.7,515,0,0,3502.787680408059,-1,0
26,87344.41,6.8,29734.44,48,10.48,576,2,2,6517.685841396951,-1,0
24,74525.98,0.4,4825.32,24,13.32,434,3,0,5980.367881518257,-1,0
29,29567.03,0.9,29865.47,48,9.5,625,4,0,1713.6048821149288,-1,1
42,24107.94,11.1,25799.53,48,12.06,497,6,0,1328.8341340597995,-1,0
18,64607.9,6.0,25177.62,24,8.7,665,2,0,4237.221074473084,-1,0
40,15000.0,1.9,7287.33,24,7.379999999999999,731,2,0,922.4706115130614,-1,0
35,60745.92,3.3,16883.83,24,5.780000000000001,811,3,1,4315.530938928441,-1,0
43,40062.88,17.1,35252.19,60,7.799999999999999,710,2,0,2627.155485973305,-1,0
20,24453.63,3.1,9084.49,60,8.299999999999999,685,6,0,1852.294726568345,-1,0
47,22734.35,2.9,19975.05,24,6.08,796,4,0,1008.5025318033667,-1,0
39,221063.29,0.4,20110.32,24,5.640000000000001,818,0,0,17533.897779201572,-1,0
37,122926.98,3.3,7345.57,60,8.1,695,9,1,10094.621530599516,-1,0
55,40370.37,1.2,13014.79,48,10.66,567,2,1,3029.96833373465,-1,1
43,30183.58,5.3,12806.22,48,7.959999999999999,702,4,0,2202.9014739769163,-1,0
47,26628.75,5.1,5632.56,48,9.1,645,1,0,2078.62839984072,-1,0
41,28700.14,1.5,13664.42,48,13.62,419,0,1,2020.8773668937952,-1,0
44,67845.5,4.2,10198.51,48,7.5600000000000005,722,3,0,5406.917227857555,-1,1
26,33615.14,7.6,100000.0,36,12.56,472,1,0,-546.9794752598777,-1,0
34,48255.23,11.1,5619.96,48,8.84,658,3,1,3881.8428017726287,-1,0
50,36735.86,20.5,26067.87,36,9.799999999999999,610,8,2,2222.630443591803,-1,0
46,89398.85,6.6,17214.95,24,9.74,613,4,0,6657.585820148533,-1,0
37,104382.52,8.8,15300.12,36,9.2,640,1,0,8210.578182813371,-1,0
39,15000.0,6.2,5302.92,24,12.379999999999999,481,3,1,999.4310605054372,-1,0
24,89840.62,2.2,12095.11,12,10.12,594,3,1,6422.690848528314,-1,1
28,17478.62,0.0,10434.06,24,9.1,645,0,1,979.3954482576836,-1,1
26,35818.63,6.3,30079.72,60,7.779999999999999,711,4,0,2378.1396931797067,-1,0
30,38678.11,1.2,13812.94,48,8.02,699,3,0,2885.8319102609667,-1,0
27,15000.0,0.5,24549.74,60,12.74,463,4,0,694.6800177594481,-1,0
27,18275.57,6.7,17530.42,24,7.5600000000000005,722,5,0,733.6240430332136,-1,0
31,102509.51,15.3,39214.86,48,10.94,553,4,0,7530.072871711003,-1,0
47,17568.66,3.5,42896.86,36,12.1,495,1,0,37.215694907351235,-1,1
43,37772.2,9.7,2920.39,24,8.1,695,1,0,3015.468769792092,-1,0
26,22398.81,1.7,13107.02,36,9.1,645,2,0,1449.1574827002703,-1,0
31,90167.73,2.5,17707.68,24,10.84,558,5,0,6689.975592828578,-1,0
24,15000.0,1.3,11120.83,36,6.279999999999999,786,4,1,910.2701280070929,-1,0
43,15528.02,1.7,18215.45,48,9.04,648,3,0,840.363369791691,-1,0
50,37179.81,1.8,38527.94,48,11.32,534,2,0,2096.5448543715133,-1,1
38,117552.34,4.6,6842.84,36,8.6,670,6,1,9579.699510438928,-1,1
28,49820.91,5.2,21403.75,36,7.68,716,3,0,3484.1819458911577,-1,0
34,151029.43,4.6,24897.04,48,8.2,690,4,1,11975.636274477576,-1,0
42,19203.75,4.7,12028.74,36,9.24,638,1,0,1216.4567690030976,-1,1
33,30025.1,1.2,2619.5,36,11.379999999999999,531,0,0,2415.8604392849306,-1,0
37,71297.5,6.9,9767.29,36,6.699999999999999,765,5,1,5641.2106948486,-1,0
26,61673.89,8.9,12600.27,48,5.0,850,6,0,4849.315516433922,-1,0
27,31347.54,2.0,16949.29,24,9.4,630,1,0,1834.8566913968243,-1,0
37,89616.77,1.9,19644.88,12,6.9,755,2,0,5769.162117514215,-1,0
24,24828.79,5.9,81877.76,36,9.08,646,1,1,-537.6746729221727,-1,0
25,61263.6,4.7,18344.23,24,5.719999999999999,814,5,0,4294.5849867008965,-1,0
30,81467.9,9.3,6232.0,60,9.66,617,6,0,6657.620248245145,-1,0
28,36151.61,14.0,18239.98,36,13.459999999999999,427,2,1,2394.008037015941,-1,1
37,47154.55,8.9,23266.41,48,8.219999999999999,689,6,0,3359.1390220325093,-1,0
33,15000.0,2.0,10831.72,48,12.5,475,6,2,962.0928944040259,-1,1
44,27238.86,3.4,18363.42,60,10.7,565,5,0,1873.3816572512476,-1,1
39,21256.24,6.6,5303.49,36,8.08,696,0,0,1604.9654345572462,-1,0
28,152261.75,0.9,99085.12,36,14.36,382,4,1,9284.633913495214,-1,0
32,29327.58,5.9,3068.97,24,10.66,567,3,0,2301.410906322645,-1,0
20,21174.81,4.6,51246.37,24,9.64,618,2,0,-591.6865556494745,-1,0
28,77650.27,0.8,17847.95,60,8.32,684,4,0,6106.224224004927,-1,0
18,107323.8,2.9,67754.34,24,9.14,643,3,0,5843.956453474611,-1,1
33,19281.93,11.7,33907.81,36,7.92,704,1,0,545.5309163947281,-1,1
22,15000.0,3.5,4675.96,48,5.0,850,2,0,1142.3159444353994,-1,1
18,15000.0,3.3,6013.18,36,7.959999999999999,702,4,0,1061.6797341572533,-1,0
18,19741.21,1.1,12300.0,12,8.62,669,4,1,571.6139298075836,-1,0
36,40038.25,2.3,26096.21,48,10.04,598,3,0,2674.152115182801,-1,1
52,30512.56,1.8,8215.27,36,11.02,549,2,0,2273.6781170532504,-1,0
42,42005.29,0.2,4286.1,36,12.26,487,2,0,3357.5481408378873,-1,0
39,97764.88,2.2,15376.26,12,9.24,638,2,0,6800.68478401902,-1,0
44,129067.27,2.2,19918.94,24,9.379999999999999,631,4,1,9842.137376697368,-1,1
50,22415.46,7.7,16080.31,24,11.98,501,3,0,1111.149153040676,-1,1
37,15000.0,6.8,7056.69,24,10.76,562,2,3,921.8886778210117,-1,1
48,19589.07,0.6,17284.57,36,6.039999999999999,798,3,0,1106.2790690642078,-1,1
22,65110.35,0.8,23614.81,24,8.4,680,5,1,4353.515313137552,-1,0
24,45636.66,5.2,7333.88,48,7.459999999999999,727,2,0,3625.8667052295505,-1,0
34,36146.12,0.5,5572.67,48,8.0,700,5,0,2876.1315067218447,-1,0
41,23278.5,8.7,5297.33,48,10.4,580,3,0,1804.5011350139496,-1,0
38,18355.52,16.6,11067.92,48,7.5600000000000005,722,4,0,1261.7064960942844,-1,0
39,56158.78,1.9,11428.36,36,10.14,593,3,0,4310.38566857357,-1,1
46,15000.0,1.8,11502.57,60,8.44,678,2,1,1014.3396509531358,-1,0
46,187369.46,24.8,100000.0,48,12.12,494,3,0,12974.842380643327,-1,0
29,62257.55,2.7,17497.11,60,12.36,482,0,0,4795.725069850489,-1,0
37,18518.05,3.1,13662.59,12,7.5,725,5,0,357.8398169689526,-1,0
18,28869.16,0.2,2385.12,36,8.379999999999999,681,3,0,2330.603520674568,-1,0
43,21870.46,11.0,10132.58,48,7.119999999999999,744,4,0,1579.3365741431244,-1,0
43,25160.74,0.1,9973.18,36,9.9,605,2,1,1775.389899201438,-1,0
39,18913.03,4.7,18104.57,60,8.379999999999999,681,2,0,1205.6890628001506,-1,0
33,49638.04,5.7,18613.96,48,9.9,605,1,0,3665.298641683225,-1,0
48,37270.77,5.9,8536.15,48,12.32,484,1,3,2879.7644191053714,-1,1
33,63161.43,7.0,5722.37,24,11.54,523,3,0,4995.3082912329855,-1,0
47,32390.32,3.3,13371.5,24,10.4,580,2,0,2079.6948932576706,-1,0
37,49470.78,5.6,29619.95,36,10.72,564,8,0,3156.768656520097,-1,0
33,15000.0,2.0,6547.68,36,7.76,712,3,0,1045.5436712680557,-1,1
40,16557.96,2.3,19102.0,24,10.62,569,6,0,492.89337223331233,-1,1
34,89355.36,4.8,4968.6,48,10.04,598,5,0,7320.1680008628555,-1,0
30,40903.11,1.5,33420.89,60,9.2,640,2,0,2711.5812548332487,-1,0
19,104527.0,2.0,6783.11,36,9.58,621,4,0,8493.046559119153,-1,0
23,71486.66,6.6,30035.96,24,9.44,628,2,0,4578.964968804447,-1,0
46,20925.29,0.3,19980.18,24,9.02,649,6,0,830.8014362967931,-1,0
31,99516.34,5.3,9386.34,24,9.44,628,6,1,7862.318411845488,-1,0
46,42806.69,0.7,12062.54,48,12.36,482,0,0,3247.434909916965,-1,0
25,22562.02,9.2,13076.8,48,10.52,574,2,0,1545.2317366599668,-1,1
20,15000.0,5.5,16497.59,60,10.799999999999999,560,4,0,892.9457233259438,-1,1
18,25767.85,1.1,4192.0,48,11.5,525,1,0,2037.9557079999786,-1,0
45,39991.85,2.4,13812.38,36,5.879999999999999,806,3,0,2913.205405729261,-1,0
30,24718.62,0.3,29031.41,36,8.36,682,1,0,1145.317024040008,-1,1
18,28926.53,8.5,7402.6,48,11.18,541,2,0,2218.5723700221506,-1,1
23,43607.44,11.9,13142.76,12,7.6,720,3,1,2493.1145562767015,-1,1
40,15000.0,0.7,10521.01,60,7.58,721,3,1,1038.7803498101187,-1,0
32,41266.71,3.2,17349.67,36,9.799999999999999,610,0,0,2880.6951500728574,-1,0
18,41595.41,10.0,21945.86,36,5.0,850,1,0,2808.547054733271,-1,0
50,88494.87,10.0,7246.58,24,9.799999999999999,610,3,0,7040.848134478866,-1,0
18,24930.47,0.0,2156.34,36,6.66,767,0,0,2011.292345565757,-1,0
39,49689.63,2.2,4323.8,24,5.82,809,5,1,3949.5195441062533,-1,0
31,25305.02,3.8,3544.44,36,7.98,701,1,0,1997.714498966245,-1,0
31,103352.35,3.7,14428.56,48,6.9,755,4,0,8267.855024089957,-1,0
35,15000.0,0.6,32967.13,48,10.36,582,2,0,408.1572720624911,-1,0
24,33465.33,1.2,22811.97,36,6.6,770,2,0,2088.5745873868245,-1,0
22,45643.53,2.8,7182.79,48,7.879999999999999,706,4,4,3628.6789181852614,-1,1
30,30774.04,3.7,32399.04,36,9.6,620,1,0,1525.1513428174817,-1,0
47,31793.37,5.2,22033.3,24,13.22,439,2,0,1599.6659947009762,-1,0
33,15000.0,0.3,9065.75,48,6.779999999999999,761,1,1,1033.8334654206255,-1,0
35,15000.0,5.1,45899.02,36,7.859999999999999,707,5,0,-185.34593167450566,-1,0
42,28405.36,2.0,13914.08,24,5.759999999999998,812,1,1,1751.9364242909335,-1,0
50,26367.33,7.0,40564.87,48,9.5,625,1,1,1178.1607269512506,-1,0
36,35381.61,0.0,2655.64,48,7.539999999999999,723,4,1,2884.20745607092,-1,1
28,59799.53,0.5,13244.37,12,9.379999999999999,631,2,1,3822.7192629683323,-1,0
31,53360.49,6.4,41228.8,36,10.18,591,3,0,3112.883167692611,-1,0
37,41396.36,0.6,2181.82,36,8.0,700,2,0,3381.326357775607,-1,0
30,15000.0,19.6,12191.78,36,10.9,555,3,0,851.4338738969075,-1,1
22,32625.24,2.8,48065.57,24,5.620000000000001,819,1,0,596.6951544177755,-1,0
43,24837.56,13.2,23097.7,12,6.719999999999999,764,5,0,74.20805693804527,-1,0
42,37836.24,0.8,4979.46,24,9.64,618,3,1,2924.0696798125537,-1,0
25,16614.0,0.4,4184.43,48,8.76,662,1,0,1280.8464871614751,-1,0
30,20063.57,2.5,38068.2,24,10.36,582,2,1,-91.02216616466785,-1,1
47,15000.0,5.1,13924.35,24,6.84,758,5,0,627.5804466804484,-1,0
35,64049.82,2.4,12766.23,48,11.64,518,3,1,5003.553291417922,-1,1
23,15000.0,8.3,19528.77,48,7.0600000000000005,747,6,0,781.8154814988657,-1,1
49,99208.0,1.3,27266.43,24,5.559999999999999,822,5,1,7064.267157690601,-1,0
52,40039.3,3.2,9876.22,12,14.059999999999999,397,2,1,2449.572165841872,-1,0
18,56191.44,11.8,25361.61,48,9.86,607,2,1,4041.087875148383,-1,0
28,48951.12,0.6,15294.92,48,6.699999999999999,765,1,1,3715.1291653236985,-1,0
25,88833.01,1.6,49088.34,24,5.0,850,4,0,5249.177137794864,-1,1
40,16402.64,6.9,2484.53,48,7.1,745,2,0,1307.2761658495926,-1,0
27,23761.6,2.1,12726.89,48,9.76,612,4,0,1658.8114277320074,-1,1
36,28327.96,1.0,5331.09,36,8.459999999999999,677,2,0,2192.4727429823947,-1,0
31,41201.29,4.3,13162.36,24,8.02,699,3,0,2838.0228717269492,-1,0
20,16055.68,1.6,3533.83,24,7.58,721,4,0,1178.8238416868635,-1,0
31,25878.98,8.7,29846.79,36,9.04,648,2,0,1206.9059831912664,-1,0
30,48666.71,1.3,28650.3,36,9.12,644,2,0,3142.8863370150734,-1,0
34,102169.15,8.2,13677.95,24,8.2,690,3,0,7894.230798544214,-1,0
27,25465.51,0.5,53824.3,24,10.5,575,4,0,-374.0321446766893,-1,0
40,108013.62,8.8,12608.93,60,8.14,693,2,0,8744.625707133677,-1,0
45,44483.83,0.7,25132.68,36,7.359999999999999,732,4,0,2926.8181679882246,-1,1
31,16975.26,0.8,8311.11,36,9.2,640,6,0,1149.5396252096086,-1,0
35,83723.05,1.6,42973.21,48,7.98,701,1,1,5928.22258251271,-1,0
34,23008.83,5.1,28264.02,48,10.22,589,2,0,1197.5640452492507,-1,1
25,15000.0,15.7,11457.99,36,9.4,630,5,1,883.5021578555984,-1,0
30,45160.27,8.8,30298.71,36,10.48,576,3,0,2778.859433921048,-1,0
23,19985.2,2.4,7218.09,36,11.18,541,3,0,1428.5065714389502,-1,0
41,25822.02,2.1,22933.15,24,9.58,621,4,0,1098.026566718128,-1,0
30,27835.74,4.5,12627.22,36,7.859999999999999,707,3,0,1924.7688380392663,-1,0
50,84015.6,7.0,10195.01,24,9.56,622,2,1,6532.919739723306,-1,0
24,65980.24,2.9,13294.49,36,7.279999999999999,736,8,0,5086.15397090813,-1,0
18,25960.53,20.3,8063.52,48,6.9399999999999995,753,3,1,1970.5108620614506,-1,0
36,15000.0,3.9,9439.41,36,10.02,599,3,0,945.3281478575936,-1,0
47,21605.64,2.4,7074.0,12,7.32,734,6,0,1187.3357467196809,-1,0
42,18083.74,4.6,21265.78,12,8.1,695,0,1,-343.8818638713592,-1,0
29,48738.13,4.5,22545.95,24,12.12,494,2,1,2998.930784754997,-1,0
18,72875.83,6.1,28179.99,36,10.379999999999999,581,4,0,5158.661001465493,-1,1
46,28420.51,2.9,13849.21,48,9.92,604,2,0,2017.655930014812,-1,0
18,54277.06,4.6,10535.21,60,9.04,648,7,0,4304.190122260198,-1,0
25,34404.57,0.3,3660.29,60,11.74,513,2,0,2786.1064662234357,-1,0
40,38605.51,1.5,3348.07,24,11.6,520,3,0,3060.145235759697,-1,0
29,32013.99,4.8,3816.55,12,10.98,551,3,0,2330.555084807508,-1,0
23,38107.89,2.2,23010.84,36,6.58,771,3,0,2469.5600069216107,-1,0
30,15000.0,6.1,31770.75,36,12.24,488,2,0,191.11092144199165,-1,1
37,261816.77,3.6,11576.25,48,10.58,571,4,0,21521.225591395447,-1,0
25,59356.54,18.2,2569.86,24,5.0,850,4,0,4833.63500371134,-1,0
30,41794.37,8.2,9870.23,36,10.0,600,2,0,3164.3796076104354,-1,0
18,28378.49,4.1,16822.46,36,6.719999999999999,764,3,0,1847.5963473474806,-1,0
29,28779.23,2.3,39675.49,24,11.08,546,2,0,547.6063792333136,-1,0
19,54814.5,5.9,1988.16,12,8.719999999999999,664,2,1,4394.265516827017,-1,0
20,86042.68,19.4,15357.28,48,7.74,713,2,1,6797.178696302091,-1,1
30,38547.14,3.7,3507.93,36,8.18,691,2,0,3102.0443673801797,-1,0
43,37048.98,1.3,44991.02,60,9.58,621,3,0,2140.759934956687,-1,0
29,34899.03,3.3,72492.81,36,9.2,640,2,0,596.2467808772099,-1,1
35,153606.57,0.7,27007.92,36,10.379999999999999,581,2,0,11924.251521431517,-1,0
39,33039.82,2.7,1620.21,24,5.059999999999999,847,4,0,2682.1939247869936,-1,0
34,93874.11,11.3,3138.26,48,9.52,624,2,1,7743.969588695511,-1,0
26,45435.12,8.5,30629.32,36,8.34,683,1,0,2821.6370115338773,-1,0
28,39568.5,1.1,9015.42,24,7.799999999999999,710,2,0,2890.4538331832055,-1,0
21,64217.18,0.1,32287.45,12,11.06,547,1,0,2496.9095763572604,-1,1
35,15000.0,0.6,13553.59,36,7.02,749,5,0,831.3805392720002,-1,0
41,35388.46,7.5,16110.58,12,7.58,721,3,1,1550.7309190475764,-1,0
18,16967.46,3.8,18859.97,36,7.140000000000001,743,3,1,830.405889577159,-1,0
51,126426.56,0.7,19010.01,24,7.66,717,2,0,9678.720239001064,-1,0
27,34291.8,1.4,24548.19,36,5.0,850,0,0,2121.91872340422,-1,0
20,102405.4,1.3,5148.05,24,8.86,657,6,1,8298.9265406939,-1,0
38,39719.27,2.5,16255.11,12,10.32,584,2,1,1878.436381833533,-1,1
36,15000.0,2.1,17501.08,36,8.66,667,5,1,696.235575828413,-1,0
20,49026.17,0.6,12592.33,48,7.0,750,2,0,3783.975151616448,-1,0
18,20704.26,0.5,25948.44,24,7.859999999999999,707,3,0,553.4334927526409,-1,0
34,15000.0,0.7,47206.11,36,6.459999999999999,777,3,0,-195.96090356676496,-1,0
23,34991.61,3.5,42247.19,36,10.28,586,4,0,1547.2090165753298,-1,1
28,19828.96,1.8,24859.34,60,9.719999999999999,614,3,0,1127.644209235667,-1,0
22,26336.13,4.7,78189.59,24,10.32,584,5,1,-1424.9345505178035,-1,0
36,30341.94,2.2,38350.26,48,9.64,618,3,0,1562.4502033760034,-1,1
37,78047.38,0.4,4160.85,60,7.74,713,0,0,6420.098088694158,-1,0
31,32649.56,4.8,2883.4,48,11.18,541,3,0,2646.021387920713,-1,1
36,35125.47,10.5,4375.68,48,6.48,776,2,0,2823.3938126844296,-1,0
37,35243.03,0.0,5449.96,48,11.02,549,2,0,2796.0091630940406,-1,0
47,33871.0,5.6,13485.6,60,8.82,659,3,0,2543.8210853189885,-1,0
55,18831.27,0.1,21036.61,36,6.16,792,4,1,927.7718823487313,-1,0
42,45086.5,6.0,10491.24,24,5.960000000000001,802,4,0,3292.4192433675153,-1,0
28,28953.48,5.5,25850.7,48,9.56,622,2,0,1762.5983914295184,-1,0
31,25238.25,6.6,39659.65,36,8.959999999999999,652,3,0,842.7594272762499,-1,0
30,26198.17,8.5,14443.82,36,5.399999999999999,830,4,0,1747.6878402056118,-1,1
28,38878.84,5.5,14092.72,36,10.72,564,2,0,2780.392177990867,-1,1
41,18160.25,0.2,10723.45,48,5.359999999999999,832,3,0,1264.6481294566286,-1,0
31,201196.78,4.1,13865.28,36,11.1,545,5,0,16311.8099630263,-1,0
23,126396.54,1.5,5985.12,36,6.02,799,2,1,10350.91181145599,-1,0
30,70578.74,1.0,4569.52,24,8.1,695,9,0,5674.6861834630645,-1,0
19,59657.79,1.2,29659.87,24,9.04,648,4,0,3615.9345784829407,-1,1
32,60139.82,0.5,12900.25,36,11.2,540,6,0,4588.091165746639,-1,1
30,75794.82,9.4,13096.18,60,11.42,529,1,0,6028.741547859418,-1,0
26,144461.36,6.3,14627.16,36,12.76,462,2,1,11547.289023685698,-1,0
28,22191.28,1.0,12982.11,48,7.359999999999999,732,4,0,1536.2276609110352,-1,0
42,53633.05,1.2,9959.75,48,7.1,745,3,1,4230.459868678911,-1,0
33,40251.7,1.2,21433.56,48,5.0,850,5,0,2860.708587829265,-1,0
39,19545.1,10.3,24873.81,48,7.279999999999999,736,3,1,1029.8874134362495,-1,0
25,48933.5,6.1,3191.55,12,9.66,617,3,0,3797.708148722239,-1,0
18,105829.77,4.3,4948.24,48,8.64,668,1,0,8696.854452554531,-1,0
28,15000.0,8.5,10037.19,60,12.02,499,1,1,1026.6267964634806,-1,1
35,79025.61,7.0,8001.66,48,8.56,672,0,0,6388.013413649139,-1,0
48,43178.66,0.2,8002.27,36,6.9,755,2,0,3351.5005126603496,-1,0
37,19797.03,13.7,12994.15,12,10.5,575,3,0,504.3363317017386,-1,0
31,27573.91,0.6,3783.28,48,7.08,746,3,1,2207.0899985459946,-1,0
27,58612.47,2.0,35789.51,48,6.719999999999999,764,3,0,4031.9897415872147,-1,0
44,30141.28,1.7,31393.1,24,5.640000000000001,818,5,0,1125.498803506665,-1,0
35,42264.54,3.2,10338.27,24,11.56,522,2,0,3037.508291788223,-1,0
24,32549.38,11.7,9060.12,60,8.92,654,5,0,2524.7267218499946,-1,0
60,41545.09,4.1,9921.02,36,6.4399999999999995,778,2,0,3158.292328323983,-1,1
37,17038.38,0.8,4140.22,36,10.62,569,1,0,1285.0633432909306,-1,0
48,73377.69,9.1,5232.29,48,6.039999999999999,798,2,2,5991.831038742077,-1,0
35,100526.53,11.1,14785.33,48,13.2,440,4,0,7979.08821430413,-1,0
48,93613.63,6.0,28202.88,36,7.879999999999999,706,2,0,6918.920511581237,-1,0
36,23310.73,9.8,5413.8,36,9.48,626,2,1,1769.1914597683267,-1,0
32,33246.37,11.7,19949.58,48,7.16,742,7,0,2291.3310186281556,-1,0
24,66647.72,2.2,10171.49,48,9.86,607,2,1,5296.684736359128,-1,1
51,17374.44,2.0,8786.41,48,8.94,653,2,0,1229.470054385384,-1,0
34,51210.65,1.5,5528.48,24,7.92,704,3,0,4017.717657361077,-1,0
27,85302.6,0.7,5866.02,36,7.9,705,3,0,6925.000744320465,-1,0
18,22797.93,15.0,8229.34,12,9.54,623,8,0,1178.097188562815,-1,0
33,78023.69,0.2,10082.52,24,10.36,582,2,0,6035.039954896775,-1,1
46,32805.12,0.7,15139.27,24,6.48,776,2,1,2059.499113375814,-1,0
43,77162.22,7.3,10635.39,36,6.5,775,3,0,6104.220901297194,-1,0
54,106360.04,7.2,28464.07,36,5.0,850,1,0,8010.242953516668,-1,0
42,25963.64,4.4,10669.02,36,11.56,522,2,2,1811.5104697890365,-1,0
18,15000.0,2.0,71906.99,24,7.74,713,4,0,-1993.6382172314898,-1,0
28,20765.24,0.9,38698.8,24,8.18,691,1,0,-22.98392834698211,-1,0
25,19010.55,0.5,3613.25,48,8.78,661,2,0,1494.673599326358,-1,0
18,19065.92,0.5,33771.16,48,9.86,607,3,1,734.5715924224075,-1,1
41,25748.79,5.1,15873.78,24,9.44,628,3,2,1417.3341533051935,-1,1
31,39268.81,0.3,1672.46,36,5.120000000000001,844,2,1,3222.185549385974,-1,0
28,56758.03,11.5,5738.57,36,9.58,621,1,0,4545.797832121165,-1,0
33,63754.21,1.1,8352.79,24,9.959999999999999,602,2,1,4927.566144677309,-1,0
27,56959.47,1.5,27532.53,12,13.0,450,1,0,2287.491926947984,-1,1
33,22828.99,0.5,13792.03,36,8.66,667,3,1,1466.012162753732,-1,0
35,22930.32,7.1,16343.03,24,10.12,594,2,1,1155.8065906973877,-1,0
27,23122.76,10.9,12554.16,48,12.94,453,4,1,1590.4737273671299,-1,0
31,26592.96,1.7,42443.33,12,12.54,473,1,0,-1565.6887515406816,-1,1
32,37209.48,2.5,30606.0,36,10.98,551,2,0,2099.0786767169743,-1,0
39,23606.57,0.2,12652.75,36,9.459999999999999,627,2,1,1562.1458041846763,-1,0
48,20099.96,1.5,13226.31,48,10.26,587,1,0,1337.8893805976281,-1,1
50,34207.73,2.2,13522.43,48,9.36,632,1,0,2511.821646580163,-1,0
30,15000.0,0.0,26998.06,60,5.899999999999999,805,1,1,729.3063176677572,-1,0
47,74659.78,3.1,100000.0,36,11.02,549,6,1,2946.8294134428947,-1,1
38,89174.3,2.6,8425.75,36,11.9,505,4,0,7151.738455567363,-1,1
39,69429.23,7.8,11191.86,48,10.0,600,3,0,5501.9146836266555,-1,0
38,15000.0,0.2,21933.38,24,11.82,509,3,0,219.36237351661634,-1,0
42,25149.05,0.9,14824.47,48,15.66,317,1,1,1678.201452444482,-1,0
43,15000.0,0.9,14625.68,36,10.64,568,0,0,773.663575435067,-1,1
39,62654.54,2.1,6353.15,48,11.78,511,1,1,5054.594292417408,-1,1
47,38071.8,12.7,3446.79,60,8.64,668,6,2,3101.7010258475607,-1,0
34,45918.0,4.5,13328.02,24,8.94,653,6,0,3217.97968402645,-1,0
33,32530.54,0.5,14302.42,48,9.219999999999999,639,3,0,2353.4660484811243,-1,0
52,54958.76,8.7,2698.1,48,10.32,584,3,2,4511.050496037328,-1,1
19,24660.38,2.8,11082.5,36,8.0,700,3,0,1707.7463964403564,-1,0
32,18051.8,18.6,8765.41,60,9.24,638,3,0,1321.3384830588623,-1,0
51,51230.51,2.5,36355.61,24,8.34,683,3,1,2619.300050972138,-1,0
24,124084.46,2.3,27904.12,36,6.08,796,2,1,9490.462433776744,-1,0
33,15000.0,3.5,19166.87,12,8.12,694,2,0,-418.35955239100235,-1,0
46,18073.34,0.2,26354.65,36,9.56,622,3,0,661.1551173472153,-1,0
29,70507.51,1.9,6616.55,36,8.959999999999999,652,3,0,5665.344467648554,-1,0
29,22912.3,2.1,29251.28,24,7.9399999999999995,703,3,0,587.2024828296426,-1,0
45,60964.98,3.4,7200.34,60,7.4399999999999995,728,2,0,4936.340164154621,-1,0
27,114966.77,0.4,20681.33,48,11.08,546,1,0,9045.240550640263,-1,0
35,17722.2,0.5,10098.83,36,5.0,850,4,0,1174.1790051924904,-1,0
34,24976.09,8.1,19436.25,48,10.6,570,2,1,1582.7679656325245,-1,1
27,156433.28,2.2,18458.73,12,12.24,488,2,0,11393.997706291218,-1,0
18,48064.66,3.5,11482.59,12,10.62,569,3,0,2992.5721634011234,-1,1
42,279253.84,4.8,13434.9,48,7.279999999999999,736,2,0,22947.689781841815,-1,0
46,40813.62,2.4,25947.2,24,7.74,713,1,0,2230.687877263408,-1,0
42,15000.0,7.8,15551.78,48,10.64,568,1,0,850.7695689626419,-1,0
35,42002.6,9.6,5650.31,48,9.74,613,3,0,3357.6146937535154,-1,0
43,67623.45,3.2,8457.07,36,7.779999999999999,711,3,0,5371.131135640189,-1,0
21,90576.66,1.3,21887.86,24,8.74,663,1,0,6550.722797785763,-1,0
27,44402.64,3.3,9659.36,60,9.32,634,1,1,3498.204090534267,-1,0
50,53417.75,12.3,12662.63,60,10.379999999999999,581,5,0,4180.061988670424,-1,0
30,15000.0,3.1,15989.7,12,11.36,532,0,0,-165.88264145213884,-1,1
49,76347.95,0.1,8220.86,48,7.02,749,4,0,6165.3941514639455,-1,0
32,49848.69,8.8,13577.28,48,8.64,668,3,1,3818.50244462265,-1,0
27,37757.56,0.4,11393.41,48,9.08,646,5,0,2862.504846582867,-1,0
42,25672.13,9.7,25365.37,48,7.640000000000001,718,2,0,1524.3787714570162,-1,0
29,70609.67,0.3,6718.34,48,7.699999999999999,715,1,1,5721.0692891908775,-1,0
50,60951.36,16.0,8710.92,36,7.42,729,1,0,4808.636160159467,-1,0
28,89967.01,0.3,8363.87,36,8.879999999999999,656,3,0,7231.748875420317,-1,0
37,33222.71,1.1,37867.38,60,9.64,618,4,0,1970.680451172363,-1,0
34,53337.17,7.4,27289.53,24,5.0,850,4,0,3247.5345603771098,-1,0
34,36807.36,10.4,26458.11,48,7.24,738,2,1,2430.75740729168,-1,0
31,51746.14,3.8,8669.13,60,6.879999999999999,756,3,0,4141.009557815858,-1,0
21,90288.71,1.5,16881.78,24,6.84,758,3,0,6769.442256948157,-1,0
21,21380.91,2.1,30869.62,48,8.799999999999999,660,5,0,1016.4789408151511,-1,0
50,62837.86,5.3,11477.1,48,9.6,620,1,1,4947.59919129467,-1,0
42,19228.74,1.9,41882.46,36,11.22,539,7,0,226.84939230089276,-1,0
33,121284.8,1.8,6432.74,48,9.74,613,0,0,9944.717801695127,-1,0
42,29194.08,9.2,5612.03,60,9.98,601,3,0,2313.6561671135833,-1,0
35,40442.43,7.8,19973.87,36,6.32,784,1,0,2759.6584040155603,-1,0
18,43436.22,4.7,14300.31,24,10.5,575,2,1,2956.4932279840796,-1,0
42,62457.27,3.0,3966.68,60,10.28,586,2,0,5119.94473803367,-1,1
39,65824.76,6.0,6760.3,48,10.84,558,4,1,5311.197995978766,-1,0
47,18441.62,1.2,16963.01,48,8.42,679,2,0,1119.3326427701875,-1,0
33,43463.63,7.8,18309.03,36,9.54,623,4,0,3035.134523165887,-1,0
19,24501.42,8.7,22901.18,12,6.859999999999999,757,3,1,61.6981482340143,-1,1
26,35426.48,5.3,6575.38,24,7.66,717,5,0,2655.8386291988354,-1,0
44,46365.39,3.5,15673.26,36,9.9,605,2,0,3358.7860168178986,-1,0
43,57326.46,6.1,11463.17,36,5.940000000000001,803,3,0,4428.7847130170285,-1,0
30,24043.01,0.8,10219.66,48,8.68,666,4,0,1750.8175029046706,-1,0
31,19083.68,0.6,25121.21,24,9.92,604,3,0,432.0176357213768,-1,1
38,31101.81,2.2,26145.22,24,7.459999999999999,727,1,0,1415.7687352792584,-1,1
18,18019.39,2.8,8768.08,36,9.74,613,2,0,1219.7636530009368,-1,1
22,54075.62,23.3,11025.18,48,6.119999999999999,794,5,0,4246.767982278317,-1,0
47,29340.75,0.1,7837.78,48,9.98,601,4,0,2246.351423291602,-1,0
27,22746.11,1.4,17780.3,24,7.299999999999999,735,2,0,1097.0189197535944,-1,0
18,66054.74,10.2,100000.0,36,9.16,642,2,0,2317.1365647905754,-1,0
51,36588.36,0.9,13653.2,24,7.199999999999999,740,3,0,2436.502361697555,-1,0
28,18466.46,6.9,30015.66,12,8.94,653,6,0,-1085.2070515575554,-1,1
43,29671.41,0.7,32031.65,24,6.16,792,0,0,1050.644767229994,-1,1
29,81234.54,3.1,1769.17,48,9.34,633,2,0,6725.232954240305,-1,0
21,57988.14,1.8,6189.75,24,11.02,549,5,0,4543.796655365961,-1,1
37,42547.09,2.5,20347.86,48,5.0,850,0,0,3076.993991858916,-1,0
31,52395.67,20.1,27101.44,24,5.0,850,2,0,3177.327996738857,-1,1
45,40498.75,4.4,7734.29,60,5.559999999999999,822,1,0,3226.947615977266,-1,0
45,15000.0,5.4,12507.56,24,6.0,800,7,0,695.6573080270168,-1,0
22,44398.92,2.4,35950.12,24,9.74,613,4,0,2045.305157376088,-1,0
26,48323.21,8.5,41140.25,48,7.619999999999999,719,4,0,3029.902568937493,-1,1
53,51336.04,1.4,20258.64,48,9.32,634,3,0,3770.782359241596,-1,0
41,15000.0,12.0,40367.94,48,7.379999999999999,731,6,0,276.20661426945196,-1,0
26,15000.0,0.1,1688.3,36,5.0,850,4,0,1199.4001344181931,-1,0
26,72845.07,11.0,11264.66,60,9.44,628,0,1,5834.173833292752,-1,1
50,34150.56,14.2,10356.08,48,9.08,646,7,0,2587.7749370323045,-1,0
27,68332.5,0.2,5991.27,12,7.4,730,4,0,5174.864456815665,-1,0
28,34046.55,0.1,9454.49,36,9.54,623,4,1,2534.1804841787534,-1,0
32,98924.5,3.7,11482.27,24,9.799999999999999,610,4,0,7714.919129254673,-1,0
29,126217.68,9.2,10884.16,48,8.28,686,3,0,10250.992992048272,-1,0
56,31844.15,4.1,23619.99,24,9.32,634,4,0,1571.134775133756,-1,1
33,120185.98,16.8,35120.31,60,10.14,593,1,2,9266.873947417176,-1,1
46,70743.32,1.1,10335.73,36,8.6,670,5,3,5568.523987274135,-1,1
22,108099.4,10.0,6307.32,60,10.74,563,4,1,8871.963329891569,-1,1
18,74563.26,2.7,11160.23,48,9.84,608,0,2,5931.409505630999,-1,0
28,15000.0,0.1,12013.92,24,7.039999999999999,748,3,1,711.8879337896082,-1,0
39,22585.28,0.3,1490.5,48,9.879999999999999,606,0,0,1844.3895745692867,-1,0
34,85934.36,7.2,7326.07,48,6.0,800,5,0,6989.143699909454,-1,0
30,43725.2,8.7,19713.77,36,9.5,625,5,0,3012.27646305533,-1,0
32,31232.93,24.8,4665.93,36,11.84,508,2,0,2448.1248466054344,-1,1
19,27631.84,6.6,5301.62,12,9.44,628,5,0,1837.9363883388514,-1,0
19,34576.17,3.4,18090.5,36,8.66,667,4,0,2308.932808136635,-1,1
22,32332.45,13.5,9266.15,36,5.0,850,6,0,2416.6560051269366,-1,1
18,15843.8,6.7,15883.0,24,9.56,622,1,0,590.618150041892,-1,0
46,25513.02,0.1,20316.99,48,6.779999999999999,761,2,0,1641.6404343122404,-1,0
37,15000.0,11.6,3643.57,36,6.84,758,2,1,1137.763488094804,-1,0
26,42942.91,0.5,15059.06,24,13.1,445,3,0,2861.9331365039384,-1,1
58,47260.41,8.4,16774.01,12,10.68,566,3,0,2458.355270411016,-1,1
33,27311.9,7.6,33720.37,48,10.7,565,2,0,1409.3756123686721,-1,0
31,82053.38,3.9,40563.42,48,9.04,648,3,1,5827.588629205373,-1,0
45,79138.81,2.4,5988.65,60,9.54,623,7,0,6469.010940452164,-1,0
20,62336.06,8.9,29262.62,36,10.28,586,3,0,4246.597738620033,-1,0
35,45898.62,0.4,21743.9,24,8.0,700,5,1,2841.4672973058678,-1,0
35,82839.57,4.5,20127.86,24,12.22,489,3,0,5953.740012314433,-1,0
42,59082.41,12.6,75673.2,12,9.219999999999999,639,4,0,-1701.921635808496,-1,1
37,15000.0,0.9,8065.05,24,6.459999999999999,777,0,1,890.8780432786889,-1,1
46,36808.4,7.1,13619.1,36,9.26,637,6,0,2632.6330356274625,-1,0
18,20563.46,4.7,3998.34,36,9.56,622,3,1,1585.4308703781205,-1,0
50,29234.61,3.1,10841.0,36,12.98,451,0,0,2071.045791612414,-1,0
28,54501.34,1.9,50015.18,48,8.379999999999999,681,5,0,3311.8206332595933,-1,1
37,49841.49,7.4,46921.62,48,7.42,729,3,0,3020.69521738703,-1,1
30,78662.56,2.4,2816.78,60,8.1,695,3,2,6497.964289523541,-1,0
23,17707.66,4.3,3106.84,48,10.6,570,2,1,1395.9426035352715,-1,0
62,15000.0,5.6,14624.66,36,6.279999999999999,786,2,0,803.2317399205106,-1,0
33,65544.54,0.7,5085.43,36,10.459999999999999,577,6,0,5296.85199957592,-1,1
34,70295.41,5.3,6028.07,48,7.219999999999999,739,2,2,5712.985118845487,-1,1
23,81407.18,5.8,21731.32,36,9.14,643,3,1,6091.464665124071,-1,0
18,75194.52,4.7,25296.94,36,12.04,498,3,0,5425.506222886905,-1,0
30,23914.95,1.5,9482.7,48,8.379999999999999,681,2,0,1759.716900534213,-1,0
38,57143.69,1.4,25917.4,24,9.86,607,5,0,3567.6916604772355,-1,0
42,123746.0,0.3,38412.45,12,7.02,749,3,0,6988.108185218514,-1,0
18,31278.87,2.3,4381.28,60,8.58,671,3,0,2516.514808039745,-1,0
22,38659.68,11.3,100000.0,60,8.299999999999999,685,2,0,1179.6126167164573,-1,0
38,21615.94,7.2,10099.66,24,6.459999999999999,777,4,0,1351.6089067432988,-1,0
48,34011.88,5.0,65135.91,48,9.7,615,2,0,1191.6768918891185,-1,1
28,27392.28,0.2,26177.02,36,11.54,523,4,1,1418.978350586864,-1,1
29,32187.23,1.0,7646.39,60,8.219999999999999,689,4,1,2526.4216196185594,-1,0
37,26813.33,10.0,31423.64,48,10.64,568,3,0,1427.766516779466,-1,1
41,85468.08,9.7,7534.46,36,8.6,670,4,0,6884.146375284971,-1,0
24,15000.0,11.9,10808.27,24,6.539999999999999,773,2,1,768.3366631343629,-1,0
39,36828.2,0.1,27740.91,12,9.54,623,6,0,636.0809009976183,-1,1
40,15000.0,5.7,29371.4,36,12.18,491,4,0,271.92218958576336,-1,0
29,26661.26,1.2,19282.99,24,9.959999999999999,602,1,0,1332.3154731663853,-1,0
26,32772.92,1.0,5304.98,36,9.82,609,1,1,2560.3478520311105,-1,0
29,32398.17,4.8,9954.08,36,12.18,491,1,1,2368.373182429569,-1,0
38,19491.87,1.4,13395.81,36,8.2,690,4,0,1203.309454027873,-1,0
48,129588.27,2.0,8126.99,24,7.26,737,2,0,10434.197525532465,-1,0
53,51173.32,2.3,27614.24,48,8.66,667,4,0,3581.7112875093494,-1,0
37,61871.93,2.1,7322.69,60,9.06,647,4,2,5003.773841793554,-1,0
44,21223.34,1.2,31905.92,48,7.699999999999999,715,4,0,994.18011584424,-1,0
26,32274.02,0.9,2826.13,60,10.1,595,2,1,2629.315604572595,-1,0
37,15000.0,4.4,27507.38,48,8.56,672,2,0,571.2102756420617,-1,0
42,38437.96,2.3,18055.76,48,9.16,642,7,0,2752.471969133624,-1,0
29,16136.59,7.9,8706.19,36,6.48,776,5,1,1077.9590379743179,-1,0
42,43134.29,1.7,13499.22,36,7.379999999999999,731,7,0,3175.358058269864,-1,0
49,31675.34,9.2,36963.02,48,8.44,678,4,0,1729.5826361112802,-1,0
23,54363.55,5.8,8165.66,36,7.719999999999999,714,3,0,4275.467169450176,-1,0
35,46273.1,2.0,8108.74,36,7.799999999999999,710,3,0,3602.740706108097,-1,0
26,22663.76,9.8,28574.0,36,7.5,725,3,0,999.8175889440811,-1,0
38,46432.92,6.2,42673.18,48,12.44,478,2,0,2736.4204797595453,-1,0
39,83240.49,3.0,7464.41,24,7.799999999999999,710,1,0,6599.792921777472,-1,1
34,56265.3,2.1,21657.94,48,10.72,564,3,0,4131.954627696476,-1,0
35,39458.95,0.5,13506.35,24,8.74,663,4,0,2672.821676317697,-1,0
27,25059.42,1.8,13670.44,24,7.32,734,1,0,1474.2390632786164,-1,1
32,39759.15,0.2,18378.1,36,12.28,486,5,0,2700.385908378084,-1,0
39,32809.6,2.1,7627.86,48,11.76,512,3,2,2534.1601988477996,-1,0
43,133208.47,4.5,5044.88,60,9.799999999999999,610,4,0,10994.01282455972,-1,0
23,35856.61,1.4,12100.97,48,9.62,619,4,0,2683.3425923116056,-1,1
41,68281.82,7.9,28149.53,36,10.06,597,1,0,4781.052343659287,-1,0
61,61778.4,3.4,8127.53,24,6.699999999999999,765,4,0,4785.413880376425,-1,0
39,15000.0,3.7,5896.78,36,6.76,762,1,0,1068.5709188565813,-1,0
43,44582.92,0.7,18637.27,24,10.879999999999999,556,4,0,2847.638439191457,-1,0
20,34341.36,2.5,16271.42,36,11.32,534,8,2,2326.605423929585,-1,0
36,20680.51,0.1,16097.04,36,6.859999999999999,757,3,0,1227.3756964371094,-1,0
18,45645.93,0.9,7035.74,60,7.959999999999999,702,4,0,3661.302711325045,-1,1
18,46742.36,9.1,6553.58,24,8.26,687,2,1,3598.01825449598,-1,0
38,143272.33,0.9,4265.53,36,5.460000000000001,827,5,0,11810.636251347923,-1,0
40,64407.42,16.8,47415.86,48,6.4399999999999995,778,5,0,4244.131783249209,-1,0
32,32822.14,2.3,3998.69,48,8.34,683,2,0,2636.919189521735,-1,0
31,37422.79,5.0,23225.45,36,9.6,620,3,0,2373.5000015023165,-1,0
18,35252.3,3.5,48217.53,60,11.44,528,4,0,1878.7142744910504,-1,1
41,86080.92,4.1,6232.6,36,6.68,766,3,0,6981.875980078465,-1,0
24,57496.8,2.9,100000.0,12,7.219999999999999,739,2,1,-3871.4199167293054,-1,1
27,65984.63,4.4,40982.72,48,9.879999999999999,606,0,0,4461.651723096635,-1,1
31,83968.44,2.7,26518.25,36,6.18,791,5,1,6188.468905415676,-1,0
38,38679.97,10.5,36056.94,48,8.66,667,2,0,2331.862213796723,-1,0
18,93914.4,6.2,25946.47,24,13.4,430,8,0,6587.777011594657,-1,1
18,57834.12,12.5,6909.53,48,8.379999999999999,681,1,0,4649.592994255134,-1,1
32,61090.2,8.6,36912.62,48,5.719999999999999,814,3,1,4228.68673404845,-1,1
24,20087.37,11.4,4193.3,36,8.959999999999999,652,3,0,1540.6797319447473,-1,1
35,30574.65,3.7,26400.25,36,11.78,511,4,0,1673.7928710766969,-1,0
18,158713.84,7.0,30169.46,36,8.799999999999999,660,5,0,12269.578354660931,-1,1
37,20127.22,0.2,14522.03,24,12.72,464,0,1,988.7729221329505,-1,1
30,43460.34,5.4,15935.53,60,8.94,653,4,2,3291.3634554600358,-1,0
43,52329.94,21.1,28856.65,36,9.78,611,3,1,3432.6831263978224,-1,0
54,15000.0,11.0,29871.58,36,9.5,625,1,0,293.1251791822506,-1,0
18,15727.58,2.7,10766.7,24,9.86,607,4,0,814.4985105865911,-1,0
33,66319.07,12.5,26287.72,60,10.66,567,3,0,4959.477702563941,-1,0
31,37021.03,2.3,3281.44,24,11.72,514,5,0,2931.045783990314,-1,0
48,35255.18,1.4,19792.96,24,14.86,357,3,0,1979.5534077012849,-1,1
63,15000.0,7.6,9762.05,24,10.459999999999999,577,2,1,797.4555002725021,-1,1
46,107957.32,6.3,9619.5,48,6.68,766,2,0,8767.517890403258,-1,1
27,44509.88,4.3,69095.45,24,10.42,579,0,0,507.3414073785484,-1,0
37,29347.38,0.2,12997.27,48,9.12,644,4,0,2121.436292224137,-1,0
32,33268.88,1.0,15977.63,48,7.24,738,4,1,2388.0208404328864,-1,0
48,72949.58,4.7,11989.5,48,6.959999999999999,752,2,0,5792.250614935923,-1,0
39,15000.0,3.1,4712.78,48,8.86,657,3,0,1133.035310075145,-1,0
41,65708.12,9.4,15528.73,48,10.84,558,2,0,5075.534051180472,-1,0
41,15000.0,3.1,15677.14,24,7.379999999999999,731,5,0,545.3902077408153,-1,1
39,21884.77,13.9,13166.96,48,9.34,633,1,0,1493.9406299972725,-1,0
38,37332.65,0.8,21100.58,12,10.76,562,2,1,1248.5112576899328,-1,0
40,44254.61,12.3,11234.03,60,8.56,672,5,0,3457.0758389669622,-1,0
25,50268.87,20.4,6718.53,36,9.84,608,0,0,3972.7887741097607,-1,0
18,24421.95,5.9,5417.64,36,9.94,603,5,0,1860.503069284129,-1,0
29,42136.35,1.5,22681.63,36,9.28,636,1,1,2787.133326628729,-1,1
51,36565.84,1.2,9909.37,60,8.78,661,7,1,2842.507549153023,-1,0
34,31025.22,1.1,10396.19,36,5.919999999999998,804,5,1,2269.5394633600827,-1,0
36,16429.72,0.4,2781.75,48,5.359999999999999,832,2,0,1304.6269678904,-1,1
48,42209.7,4.8,6463.98,36,9.68,616,1,0,3309.870334613598,-1,0
38,31176.95,11.5,14968.35,48,6.9399999999999995,753,3,0,2240.059921971114,-1,0
21,52774.67,5.6,100000.0,36,5.640000000000001,818,5,1,1371.9803751145196,-1,0
20,15000.0,3.4,12780.82,24,9.12,644,4,0,665.4075917457495,-1,1
22,19185.01,2.1,6810.83,48,8.02,699,5,0,1432.4146216666666,-1,0
36,54300.3,3.8,17850.5,36,10.34,583,5,0,3946.185930989274,-1,0
31,71975.74,12.9,17530.17,36,6.859999999999999,757,5,0,5457.818979823988,-1,1
24,74529.42,6.7,4777.38,36,9.62,619,2,0,6057.4833009535205,-1,0
40,51684.24,5.4,1860.47,36,9.16,642,3,0,4247.718912207125,-1,0
35,69381.69,1.2,8493.72,24,12.9,455,4,1,5378.399411116924,-1,0
42,17962.0,0.4,72361.23,12,7.32,734,4,0,-4775.0282333185505,-1,0
35,15779.67,9.2,10975.86,36,7.140000000000001,743,3,0,975.3667986587125,-1,0
39,15000.0,19.8,4776.94,48,9.44,628,4,0,1130.1251083635905,-1,0
43,82917.14,6.4,8458.81,60,9.58,621,8,2,6731.780030981611,-1,0
20,100969.43,0.2,21668.0,36,5.84,808,1,0,7756.506331807198,-1,1
36,32457.44,3.0,7565.34,12,8.92,654,2,0,2043.4671400502239,-1,1
45,33916.79,1.3,23985.06,48,10.32,584,1,0,2214.3834766200007,-1,0
31,19094.94,1.0,5221.93,24,10.42,579,6,0,1349.265894907922,-1,1
18,33130.7,1.7,8372.98,36,5.66,817,2,0,2507.4572940634002,-1,0
18,15630.57,8.8,7270.86,24,8.28,686,2,0,972.7769040155912,-1,0
37,27577.6,2.5,7372.65,24,9.64,618,6,0,1959.1466604551547,-1,0
38,110285.72,6.2,48199.11,48,10.4,580,4,0,7958.7429801514245,-1,0
33,57512.87,11.8,27056.33,36,7.539999999999999,723,4,0,3950.621928846022,-1,0
25,39824.0,0.2,12220.15,36,12.36,482,8,1,2910.6784427833486,-1,0
30,16003.08,0.3,43257.14,36,7.459999999999999,727,2,0,-11.181509272909807,-1,0
40,200562.08,25.7,9698.07,36,7.539999999999999,723,1,0,16411.658192738705,-1,0
38,39143.97,0.2,24352.99,48,8.82,659,3,1,2658.0516266514405,-1,1
30,21652.64,10.0,52592.15,24,8.5,675,4,0,-586.2250050464215,-1,1
44,48690.45,2.6,53909.71,48,6.539999999999999,773,3,0,2778.076467353595,-1,0
29,40444.8,32.9,53369.88,48,5.0,850,4,0,2141.32936564982,-1,0
29,51988.64,7.6,14695.26,60,9.94,603,4,1,4020.5894834788596,-1,0
35,76322.98,4.9,19500.55,24,9.98,601,3,1,5460.576888543996,-1,0
49,25901.07,0.0,17970.93,36,7.92,704,2,1,1595.941861668905,-1,0
33,111932.8,9.7,32780.01,48,9.08,646,4,0,8510.755621194023,-1,0
28,20364.42,0.7,2034.59,48,11.959999999999999,502,4,1,1643.496391686923,-1,1
32,15000.0,2.0,5967.96,36,9.36,632,1,2,1059.2189639319804,-1,0
37,18754.9,2.9,9984.6,48,11.64,518,3,0,1301.736903905177,-1,0
40,18794.43,2.5,3660.61,36,9.86,607,5,1,1448.3253746251012,-1,1
18,23528.88,10.8,23373.27,36,7.859999999999999,707,3,0,1229.815287349713,-1,1
34,19241.67,7.5,18891.24,60,6.959999999999999,752,8,1,1229.7597200999858,-1,0
39,17692.23,2.6,6958.73,12,8.62,669,6,0,867.0268479535172,-1,0
31,29137.43,6.3,10108.12,48,12.299999999999999,485,4,0,2160.4422676789036,-1,1
35,41437.24,11.3,19476.36,36,12.22,489,3,1,2804.1610655179493,-1,0
43,33020.67,0.6,11776.41,12,11.52,524,6,0,1708.0452679640478,-1,1
51,15000.0,6.8,22572.07,24,7.1,745,4,1,238.36661535253177,-1,1
38,39779.45,4.4,37532.78,24,11.06,547,2,0,1564.5867160559148,-1,0
35,85473.83,5.9,12751.89,48,7.119999999999999,744,3,0,6816.74883897125,-1,0
42,69404.25,6.7,6279.01,12,7.959999999999999,702,5,0,5237.602404975725,-1,0
27,40332.41,0.5,37938.64,60,9.74,613,2,0,2559.795117232583,-1,0
35,68125.63,19.9,18355.09,60,7.699999999999999,715,0,0,5307.590537082946,-1,0
24,36180.25,5.5,6556.48,24,12.52,474,3,1,2704.78999484651,-1,0
22,72901.81,10.0,18260.67,36,8.34,683,2,1,5500.059317531034,-1,1
19,26623.11,1.7,3347.61,48,6.799999999999999,760,2,0,2138.740070710668,-1,0
36,53856.88,4.3,5719.78,12,7.699999999999999,715,4,0,3991.3116940565806,-1,0
49,70683.64,6.7,5314.44,36,9.719999999999999,614,3,0,5719.519081528027,-1,0
28,58332.89,3.8,22663.36,24,7.279999999999999,736,2,0,3843.497864212697,-1,0
39,44482.41,0.9,14073.18,36,8.76,662,5,0,3260.9144424479086,-1,0
40,41392.25,2.1,26407.75,12,10.4,580,7,2,1122.777716423117,-1,1
34,17963.74,2.2,8995.86,24,6.34,783,5,0,1096.8967117440213,-1,1
40,64717.71,4.9,6270.9,12,10.28,586,2,0,4841.01379697843,-1,0
45,15000.0,15.9,12082.99,48,7.459999999999999,727,3,0,958.0720718325913,-1,0
22,40729.58,5.2,19452.83,48,5.0,850,1,0,2946.1467338167854,-1,1
30,64750.84,9.0,22861.09,36,6.539999999999999,773,4,0,4694.817426930629,-1,0
50,34870.25,11.8,9912.9,48,9.84,608,6,0,2655.1984260474796,-1,0
35,64931.12,2.3,38078.4,48,5.800000000000001,810,1,0,4520.141787029489,-1,0
40,29334.31,5.1,47898.18,60,11.5,525,6,2,1391.119966622459,-1,1
29,15819.66,0.4,2753.52,24,11.379999999999999,531,1,0,1189.4830570961221,-1,1
33,16145.53,6.4,14396.16,48,9.42,629,5,1,984.333870567942,-1,0
42,31396.8,0.9,7237.12,12,10.04,598,4,0,1980.0075294977787,-1,1
48,24300.34,1.4,31795.63,12,9.82,609,0,0,-767.6515729668292,-1,1
32,25009.32,2.6,37116.97,48,5.419999999999998,829,2,0,1222.25269835113,-1,0
20,38000.48,2.7,28903.13,24,7.779999999999999,711,4,0,1862.3945526829086,-1,1
58,19939.31,2.4,5336.6,24,8.78,661,3,0,1418.3462945591853,-1,1
58,85437.12,4.3,43311.38,24,9.799999999999999,610,2,0,5125.155260889317,-1,0
52,17190.18,0.2,3222.17,24,5.0,850,3,0,1291.1539241405762,-1,0
34,15000.0,2.8,18734.64,24,10.68,566,5,1,379.5996798587755,-1,0
21,73065.28,5.6,46466.13,24,6.74,763,3,0,4013.8374483687426,-1,1
18,26405.98,3.2,17497.15,48,6.859999999999999,757,4,2,1782.6428536569747,-1,1
31,43429.39,1.4,2326.6,48,6.02,799,2,1,3564.454228282525,-1,1
44,93059.95,14.6,30322.78,12,7.4399999999999995,728,5,0,5125.109664051284,-1,0
33,27697.86,1.1,25926.69,36,10.58,571,2,0,1464.49586753301,-1,1
29,95306.19,3.3,41582.81,48,7.92,704,3,0,6928.58538970466,-1,0
26,26787.36,13.3,15768.91,48,6.640000000000001,768,2,0,1857.301993094436,-1,0
36,45107.81,7.6,14189.15,12,7.32,734,1,0,2529.1490111772064,-1,0
45,32731.7,6.3,19875.82,24,10.4,580,1,0,1806.7996156458644,-1,0
34,22500.61,0.9,4900.78,48,8.36,682,4,0,1754.5785867708817,-1,1
36,73580.38,2.8,4727.98,36,6.5600000000000005,772,2,0,5986.661306507835,-1,0
26,37957.73,2.9,6419.99,12,8.32,684,4,0,2603.728990787645,-1,0
46,48609.12,0.1,7962.85,48,9.879999999999999,606,2,0,3849.2601363249773,-1,0
41,22088.46,1.4,5230.02,60,10.959999999999999,552,4,0,1727.0959949570818,-1,0
39,64621.76,9.1,11091.47,12,8.66,667,4,0,4416.929131644854,-1,0
30,29297.55,0.5,6358.33,48,5.699999999999999,815,2,0,2293.009913848872,-1,1
53,15000.0,7.9,14971.3,36,10.48,576,3,0,763.537343849915,-1,1
27,52168.78,0.0,7671.42,24,5.620000000000001,819,4,0,4008.708343556943,-1,0
38,91241.91,15.2,2689.34,48,5.940000000000001,803,3,0,7540.407225710862,-1,0
28,27016.47,1.3,3909.77,36,6.719999999999999,764,2,0,2131.150053363802,-1,0
46,41796.88,1.5,9825.26,48,10.56,572,0,0,3231.2286743635927,-1,0
55,63468.31,7.7,8786.86,48,7.5600000000000005,722,0,0,5076.3230825006885,-1,0
24,24360.6,4.0,8272.41,36,11.94,503,3,0,1755.5246150221901,-1,0
27,53873.12,13.1,12147.11,36,8.66,667,5,0,4105.071108352613,-1,1
45,34360.21,7.3,2021.44,24,9.78,611,3,0,2770.276758517556,-1,0
39,17504.12,1.8,13138.45,36,7.039999999999999,748,6,2,1052.7591459359205,-1,1
50,29388.4,0.5,51816.32,36,11.379999999999999,531,5,0,743.2937372253721,-1,0
18,44684.25,0.7,19807.7,12,11.02,549,6,0,1972.8653306677231,-1,0
28,18401.13,10.1,32629.2,24,11.2,540,5,0,9.619472538628543,-1,0
32,157917.3,5.0,14013.32,24,8.219999999999999,689,4,0,12524.583493106598,-1,0
37,55254.5,0.6,49563.45,48,10.06,597,3,0,3346.055895997434,-1,0
50,15000.0,4.2,4937.86,48,10.94,553,2,0,1122.5222583885352,-1,0
44,28803.83,14.5,3564.14,60,10.36,582,1,1,2323.958848176974,-1,0
49,45218.74,9.9,25110.94,60,7.48,726,4,0,3265.295227301357,-1,0
20,31002.15,2.5,11132.76,48,10.82,559,3,0,2296.7526830716056,-1,0
35,19807.09,0.4,5402.84,60,8.1,695,1,0,1540.7819651017724,-1,0
38,15000.0,0.4,12503.22,48,6.879999999999999,756,2,0,951.2904469835946,-1,0
40,21182.2,1.2,24132.63,60,8.58,671,4,1,1269.134471190123,-1,0
38,19558.68,2.0,9181.55,24,8.24,688,4,0,1213.6276276024107,-1,0
38,58428.63,6.1,31085.82,36,12.22,489,4,0,3833.289014025166,-1,1
42,45955.34,0.6,4588.08,24,10.74,563,5,0,3616.324586873157,-1,0
45,26308.14,4.3,24045.32,36,7.02,749,6,0,1449.675427478462,-1,1
32,57259.15,1.7,60398.11,60,10.959999999999999,552,2,0,3459.5990945880285,-1,0
34,33253.87,5.4,14516.11,48,9.959999999999999,602,4,1,2403.2685706464404,-1,0
37,48433.75,5.4,8710.66,36,9.16,642,1,0,3758.5000699542534,-1,0
25,24759.07,0.9,9087.59,48,5.16,842,3,1,1853.3157623991146,-1,0
35,50338.18,1.6,2850.85,48,12.12,494,3,0,4119.606439807737,-1,1
28,15000.0,2.6,3824.95,24,9.24,638,0,0,1074.8366542543247,-1,0
38,33147.07,8.2,13225.8,12,9.799999999999999,610,1,1,1600.7277726531483,-1,0
49,59318.74,2.7,8752.74,48,6.6,770,3,1,4735.253586115246,-1,0
34,43180.03,0.1,6911.69,36,9.7,615,4,0,3376.287269994626,-1,0
40,70229.38,5.0,7576.95,48,9.78,611,3,1,5661.076849390465,-1,0
36,104155.18,19.7,16926.73,24,7.18,741,6,0,7920.362977405736,-1,0
39,17394.63,1.5,12526.04,36,11.92,504,3,0,1033.9871790661136,-1,1
20,33279.51,1.5,9411.83,48,9.52,624,1,0,2536.747907517884,-1,0
36,18283.98,0.0,18533.22,60,9.44,628,2,0,1134.9760813116309,-1,0
36,51220.33,2.6,41144.91,36,9.28,636,2,0,2954.595281310161,-1,1
42,16292.37,1.8,10985.72,60,11.14,543,2,1,1118.0735980778363,-1,1
36,43872.14,3.7,8586.39,12,6.6,770,2,0,2914.641670661823,-1,0
36,52104.35,3.2,27773.8,36,9.879999999999999,606,3,0,3447.410704725842,-1,0
47,49409.11,1.9,16084.5,36,10.56,572,3,2,3594.18510308673,-1,1
25,62961.86,3.2,12797.52,12,12.84,458,5,0,4104.742485796629,-1,0
51,27209.08,2.7,9722.14,36,11.34,533,2,0,1947.5652827526885,-1,0
59,68546.84,3.1,23126.17,36,8.219999999999999,689,2,0,4985.197175635288,-1,0
49,32236.14,9.7,67501.35,24,8.1,695,2,0,-369.6377724018148,-1,0
56,52555.51,7.8,3414.44,24,8.02,699,6,0,4225.168813100845,-1,0
32,22403.92,4.6,9492.07,48,8.78,661,5,0,1631.773098664474,-1,1
26,118079.39,12.0,9194.28,48,8.299999999999999,685,4,0,9614.192927317525,-1,0
38,15000.0,13.6,3428.74,36,9.1,645,3,0,1140.8073366244748,-1,0
48,15000.0,2.3,9901.0,48,10.1,595,1,1,998.4093045594266,-1,1
35,70052.47,2.2,17524.33,24,9.32,634,2,0,5034.535926958609,-1,0
34,36682.95,0.1,5939.55,36,7.140000000000001,743,6,0,2873.136008371859,-1,0
21,58811.87,8.5,4041.31,36,9.84,608,3,0,4770.890829042591,-1,0
39,150892.72,1.3,45467.48,36,8.799999999999999,660,2,0,11132.768136485662,-1,0
31,85272.03,1.3,17764.94,12,10.06,597,1,0,5543.686255760574,-1,1
32,26024.48,3.7,6931.06,36,8.24,688,5,1,1950.7442351797413,-1,0
41,149113.72,0.2,5240.99,48,6.4399999999999995,778,3,0,12301.998484384929,-1,1
23,28590.63,1.9,41197.5,48,9.62,619,0,0,1345.1796481135302,-1,0
40,169789.87,0.5,8220.31,48,6.640000000000001,768,5,0,13953.680340103561,-1,0
37,37285.25,17.9,6702.31,48,9.9,605,1,0,2937.4379636183394,-1,0
52,63535.09,3.2,7107.64,12,9.959999999999999,602,4,1,4669.848576916986,-1,0
40,23735.7,6.0,7181.59,36,13.28,436,3,0,1735.0291670871434,-1,1
18,15000.0,2.2,5861.28,48,11.44,528,3,0,1097.2566859862281,-1,1
22,30226.83,1.2,6339.75,60,12.36,482,1,0,2376.722227212645,-1,0
31,57223.7,2.3,11284.91,48,9.719999999999999,614,4,0,4483.942269355566,-1,0
38,73622.81,4.0,17757.12,36,8.56,672,1,0,5574.191801194824,-1,0
28,31970.59,1.0,18432.6,48,10.66,567,4,0,2190.853410266753,-1,0
45,30080.2,1.9,60462.02,48,6.6,770,1,0,1070.0391138323632,-1,0
41,68828.54,0.6,36714.05,24,7.84,708,3,0,4077.912481109852,-1,0
23,30585.61,1.9,3524.04,24,9.6,620,4,1,2386.834104568132,-1,0
24,100852.33,4.8,5622.09,36,9.06,647,2,0,8225.422837422891,-1,0
30,32530.76,2.0,13653.61,48,9.379999999999999,631,4,0,2368.6570453622985,-1,0
37,89207.66,1.0,18663.47,48,9.299999999999999,635,3,0,6966.867257400813,-1,1
31,25246.08,0.6,21160.3,12,11.379999999999999,531,2,0,229.9048227188414,-1,1
44,27301.24,1.4,12640.39,60,13.299999999999999,435,6,0,1985.550669830587,-1,1
47,15000.0,2.7,12398.32,36,6.58,771,1,1,869.5522340608318,-1,0
25,17402.01,3.4,16620.06,60,6.02,799,1,0,1128.7005935936954,-1,0
36,31163.7,8.1,55236.57,48,8.78,661,2,0,1228.1735733667294,-1,0
31,20638.34,27.7,21348.0,36,12.24,488,2,0,1008.3529975588752,-1,0
30,124708.12,2.2,25009.05,36,8.56,672,0,0,9602.173724173537,-1,0
55,15000.0,1.9,2312.68,12,11.62,519,2,0,1044.9320758855565,-1,0
23,44566.55,2.4,4797.65,24,9.18,641,5,0,3494.303325505466,-1,0
18,52024.24,2.9,61655.55,48,9.26,637,4,0,2793.4292624185373,-1,0
37,47241.25,0.1,4600.18,12,12.48,476,2,1,3527.01673120315,-1,0
23,60826.81,0.6,11556.01,48,13.02,449,6,1,4758.767299425856,-1,1
33,115559.94,9.4,24111.95,60,8.82,659,3,2,9131.57435976082,-1,0
35,18164.86,0.3,4619.2,36,7.9,705,1,0,1369.2023921270456,-1,0
41,20222.74,5.9,5465.38,24,5.919999999999998,804,1,0,1443.19632244005,-1,0
28,34746.42,6.9,7470.18,36,8.219999999999999,689,3,0,2660.6878175606776,-1,1
43,43509.82,5.7,24646.82,24,11.56,522,2,0,2470.6648085474453,-1,1
35,21506.96,1.5,22000.41,36,12.6,470,5,0,1055.1975095808261,-1,1
41,24085.59,17.1,19551.9,36,8.379999999999999,681,4,0,1391.0137549796575,-1,0
25,45608.05,0.9,10690.13,36,7.859999999999999,707,5,0,3466.371002866984,-1,0
32,51905.32,0.7,14369.67,48,11.1,545,3,0,3953.3534818132243,-1,1
32,30885.34,6.0,40356.8,60,11.92,504,4,0,1677.6942435773262,-1,1
43,71141.72,11.3,99057.27,12,8.78,661,1,1,-2724.125277877635,-1,1
42,36389.96,0.1,24521.59,36,7.459999999999999,727,1,0,2270.1731382486646,-1,0
29,37430.56,0.5,20914.78,36,8.78,661,6,0,2456.2683328741623,-1,0
30,19112.17,5.9,7675.02,48,8.58,671,3,1,1403.2145956903773,-1,0
42,30896.41,1.4,10505.74,12,5.800000000000001,810,5,1,1671.4747683755254,-1,0
27,25806.74,13.7,16219.66,24,7.359999999999999,732,4,1,1421.7156776308943,-1,0
37,15000.0,0.2,16775.56,48,12.44,478,1,0,804.6023596984111,-1,0
18,178967.97,5.6,17732.47,36,8.52,674,2,0,14354.06274208153,-1,1
45,50200.66,2.4,14108.05,36,10.28,586,4,0,3726.3043681730605,-1,1
42,42099.34,0.0,8253.21,60,7.24,738,4,0,3343.918737208022,-1,0
32,15000.0,6.1,9701.45,48,8.9,655,5,0,1009.0394007180141,-1,0
39,37093.17,13.3,10601.47,12,10.32,584,2,0,2157.4813123319423,-1,0
36,28593.53,7.4,13386.52,24,9.02,649,4,0,1771.1116035190412,-1,0
33,138979.49,0.6,7256.42,36,11.44,528,5,0,11342.543427344615,-1,0
25,21323.81,9.6,6748.54,60,12.94,453,6,0,1623.641342145557,-1,0
55,26034.05,2.5,8418.94,48,8.48,676,4,1,1962.0710655943653,-1,0
40,22629.33,1.0,44322.0,24,8.5,675,2,0,-128.90892209279264,-1,1
25,46785.82,4.4,13950.47,48,11.06,547,3,2,3537.854524403655,-1,0
35,28014.41,3.8,17780.72,24,7.219999999999999,739,3,0,1536.6709314715097,-1,0
26,15000.0,2.8,4723.27,48,9.1,645,3,0,1132.2368208666533,-1,0
19,15000.0,3.0,19325.25,48,9.48,626,3,0,764.6736545166276,-1,0
38,51851.25,3.6,14226.9,48,8.48,676,1,0,3970.4028738302536,-1,1
28,15503.85,4.6,8270.82,24,7.719999999999999,714,4,0,918.9760344849242,-1,1
39,64559.66,6.0,13487.82,60,6.58,771,3,0,5115.561273576976,-1,0
46,92369.03,1.3,15438.55,24,10.26,587,1,0,6983.1543231476335,-1,0
18,40887.6,16.3,10614.76,12,9.24,638,1,0,2477.8417755865466,-1,0
30,15000.0,3.4,19421.31,36,9.32,634,3,1,629.5110145358191,-1,1
18,89308.36,1.8,14978.13,24,11.5,525,1,0,6740.7830015487225,-1,1
24,23396.26,0.8,21871.47,48,9.14,643,3,1,1403.9607686726902,-1,0
43,102613.33,4.8,11950.99,12,8.64,668,4,0,7507.973182551615,-1,0
42,81709.9,3.8,48195.25,48,6.5600000000000005,772,2,0,5664.87606727397,-1,1
37,45548.94,5.4,17617.57,48,9.459999999999999,627,2,0,3353.4728300240145,-1,0
37,134055.5,1.6,18092.23,48,12.5,475,3,0,10690.400213317,-1,1
35,83241.8,4.8,17365.13,12,10.54,573,0,0,5405.781171980796,-1,0
18,18362.81,18.2,9618.52,24,6.26,787,3,0,1102.807741161015,-1,1
21,44239.1,5.2,4049.43,24,6.34,783,2,0,3506.497432106279,-1,0
42,50062.14,1.7,34980.35,24,10.58,571,3,1,2548.29910066094,-1,0
33,41082.97,15.3,5674.26,36,12.48,476,3,0,3233.810691636248,-1,1
25,15000.0,1.9,10690.25,36,8.64,668,2,0,911.8412120306648,-1,0
48,39053.21,0.5,5692.45,48,10.14,593,7,1,3109.6759003601546,-1,1
58,38039.95,4.9,12382.02,24,7.76,712,2,0,2611.344962545998,-1,0
46,103342.47,10.3,2690.08,36,6.98,751,6,0,8528.835235990298,-1,0
43,68589.17,4.9,67334.63,48,7.08,746,2,0,4100.852274566008,-1,0
24,15000.0,4.6,26361.65,48,8.92,654,3,0,594.9901584498524,-1,0
33,15000.0,1.5,26873.15,24,10.76,562,3,0,0.4928262947246367,-1,1
22,129885.19,10.4,18897.55,48,8.2,690,3,0,10360.645245666903,-1,0
40,123916.43,1.6,12643.71,60,11.34,533,1,0,10049.31554085767,-1,0
40,44980.79,4.7,5682.02,60,10.1,595,5,0,3627.3932651194073,-1,0
34,69252.98,0.1,4741.72,24,11.34,533,3,0,5549.331106917548,-1,1
51,46821.46,17.9,5055.0,48,9.52,624,5,0,3774.742592494719,-1,0
44,61457.08,8.5,6524.16,36,8.459999999999999,677,3,0,4915.59257040418,-1,0
27,30467.07,0.8,19268.79,36,7.74,713,4,0,1937.4171434708205,-1,1
32,22111.55,1.9,35627.36,48,7.76,712,4,0,976.8692630462511,-1,0
31,22943.17,2.5,42367.02,36,9.52,624,5,0,554.3940828895584,-1,0
39,18893.44,2.5,7543.0,36,7.92,704,5,0,1338.36140848963,-1,1
25,38157.89,5.6,30320.04,24,12.26,487,1,0,1748.8704171554896,-1,1
44,50081.8,0.1,35994.51,36,5.34,833,1,0,3089.192342102333,-1,0
47,59832.77,8.2,8622.51,48,12.02,499,4,0,4758.915726581038,-1,0
33,78788.32,2.5,18185.42,36,9.92,604,2,1,5979.583780859271,-1,0
25,15000.0,7.3,10345.83,24,10.18,591,3,0,771.7324604896573,-1,1
25,39922.6,7.2,7403.56,24,9.959999999999999,602,6,1,2985.3832705344134,-1,0
44,65952.25,2.3,4208.0,36,7.68,716,4,0,5364.777718846853,-1,0
23,15153.59,1.7,9339.38,24,8.719999999999999,664,2,1,837.330819529238,-1,1
43,35894.35,18.9,6974.84,24,7.9399999999999995,703,3,0,2675.933543535172,-1,0
18,79436.88,2.3,16955.93,24,5.460000000000001,827,5,1,5872.361781762829,-1,1
29,54358.71,3.6,6627.64,24,9.74,613,3,1,4224.855263986102,-1,0
36,85813.06,8.8,16344.77,48,10.959999999999999,552,1,0,6728.966641009254,-1,0
49,36277.02,0.9,37022.99,48,8.98,651,3,0,2102.1178805595728,-1,0
29,38416.93,0.2,12805.3,48,9.94,603,2,1,2877.004199400538,-1,0
26,27633.58,0.7,10502.14,24,11.74,513,1,0,1809.7003245725166,-1,1
32,43322.34,1.5,5000.2,24,8.34,683,1,1,3383.273334807316,-1,0
23,32861.52,2.5,25550.64,48,10.959999999999999,552,1,0,2078.5865727958667,-1,1
42,57814.37,0.0,24355.45,48,9.58,621,2,0,4205.047985993686,-1,0
30,16923.74,15.2,18599.14,12,10.68,566,4,0,-230.73627952137394,-1,1
32,63078.03,10.6,7830.96,48,6.82,759,4,0,5069.633693824936,-1,0
20,190581.3,2.7,1594.92,36,8.9,655,6,0,15831.131167406053,-1,0
38,40992.62,11.5,14599.35,48,7.199999999999999,740,7,0,3065.0957920402434,-1,0
39,27232.83,7.6,9265.08,12,9.74,613,2,0,1455.9747132015054,-1,0
33,51947.59,14.6,8854.57,36,9.06,647,3,0,4047.1455475590506,-1,0
34,30588.5,8.3,34624.67,36,6.199999999999999,790,4,0,1492.5515718490005,-1,0
18,74409.71,0.2,10410.78,12,8.6,670,2,0,5292.301060001446,-1,0
31,58556.21,2.9,12947.07,24,8.76,662,6,0,4289.6252758525125,-1,0
29,41889.91,3.5,26952.7,48,7.34,733,3,0,2841.1497809145385,-1,1
21,29757.69,6.9,8011.26,36,6.459999999999999,777,5,0,2234.4161989945096,-1,0
37,40636.74,1.8,2754.03,24,8.42,679,3,0,3261.309470305292,-1,0
32,39383.51,1.4,32271.91,24,9.94,603,2,0,1793.6678023188977,-1,1
46,43150.25,2.7,32276.71,48,7.0600000000000005,747,5,0,2822.0493684048843,-1,0
29,39722.35,3.6,12418.43,36,10.52,574,4,1,2906.4493903775156,-1,0
18,15000.0,3.1,4466.57,36,8.28,686,3,0,1109.4562679600524,-1,0
33,42365.53,8.2,17833.43,24,8.34,683,1,3,2721.134880032033,-1,1
29,27668.37,1.6,32201.23,48,6.799999999999999,760,2,1,1537.5834002080533,-1,0
58,29083.9,0.9,16743.25,60,8.84,658,1,0,2077.3947241396677,-1,1
40,53543.36,5.6,8741.67,48,5.0,850,3,0,4260.632181938952,-1,0
41,22147.22,13.6,5553.49,24,10.18,591,2,0,1588.874657041021,-1,1
33,55816.53,0.7,5111.88,48,11.44,528,4,0,4518.1633399461,-1,0
47,113344.21,1.2,2741.71,36,8.379999999999999,681,2,0,9358.954169867904,-1,0
26,64527.12,4.8,3152.58,48,13.52,424,2,0,5291.868260836332,-1,0
31,59602.58,4.6,21997.82,60,9.18,641,3,0,4508.318985228119,-1,0
45,35573.09,0.3,2954.33,24,8.78,661,5,0,2829.7543767342568,-1,0
42,20975.74,2.3,10711.54,48,5.879999999999999,806,0,0,1497.0064037689303,-1,0
45,34184.6,4.0,18358.15,12,6.24,788,2,1,1266.670396266307,-1,0
35,41329.76,0.9,20868.1,36,6.279999999999999,786,5,0,2806.6477622022358,-1,0
41,24831.91,3.2,19306.65,24,7.66,717,4,0,1199.1291343473713,-1,0
38,15000.0,2.5,23258.1,48,12.36,482,2,0,633.4059400084687,-1,0
40,42214.64,4.3,16484.89,24,12.32,484,4,0,2739.419897003247,-1,0
33,53755.25,5.0,49438.25,36,8.74,663,2,1,2913.4565922773063,-1,0
30,22035.31,9.1,7217.19,48,13.5,425,4,2,1640.8608660762006,-1,1
38,28254.85,12.9,6839.89,36,10.879999999999999,556,6,2,2131.0301040467743,-1,0
21,64217.94,2.1,8270.27,36,10.799999999999999,560,3,0,5081.519597380683,-1,1
34,44334.76,2.7,5368.84,48,5.059999999999999,847,5,0,3570.7767659379388,-1,0
36,285407.25,1.7,24239.02,48,10.299999999999999,585,2,1,23165.675253628862,-1,1
28,79209.99,3.8,9106.2,48,9.08,646,0,0,6373.878254339826,-1,0
45,45947.41,2.4,9516.57,60,8.24,688,4,1,3634.894179062054,-1,0
49,39451.65,4.2,13666.17,48,5.68,816,2,0,2968.6882707969535,-1,0
40,116829.73,7.7,12990.41,48,9.08,646,3,1,9412.05024138868,-1,0
38,29062.07,9.5,6960.53,24,9.719999999999999,614,3,0,2101.544813066743,-1,1
33,57939.16,8.6,15454.67,36,5.960000000000001,802,3,0,4358.382379677052,-1,0
38,98143.87,11.6,38334.21,36,12.66,467,4,0,6893.2936656605425,-1,0
22,43097.43,6.5,4840.92,48,10.44,578,2,0,3467.648812445008,-1,0
18,106390.5,7.5,6642.02,24,10.379999999999999,581,3,1,8558.213234148225,-1,0
32,38538.84,9.7,23131.21,24,10.32,584,2,1,2140.7624096410027,-1,0
26,33806.68,2.2,48366.04,48,11.2,540,5,0,1562.4749543672458,-1,1
30,69241.49,4.1,6204.05,48,12.62,469,3,0,5604.85276216137,-1,0
24,111196.4,5.9,19838.18,36,7.34,733,3,0,8650.732639292408,-1,1
24,39036.46,3.4,16551.6,36,9.28,636,1,1,2724.5422955277645,-1,0
35,38407.08,7.7,21317.26,36,10.6,570,3,0,2506.721353779378,-1,1
52,15000.0,0.8,5869.79,60,9.5,625,3,0,1126.7234845028438,-1,0
31,18278.2,4.1,13721.55,48,9.54,623,2,1,1178.1927932980543,-1,1
31,39319.07,0.2,17644.1,36,7.959999999999999,702,3,1,2724.012725822387,-1,0
44,17979.04,3.3,13075.13,48,7.68,716,3,1,1181.0115537776796,-1,0
18,56423.08,0.4,5103.85,12,8.24,688,3,1,4257.380876183152,-1,1
40,60066.31,7.0,16775.8,48,8.799999999999999,660,1,0,4589.650664925909,-1,0
48,33402.36,20.5,7831.03,48,8.98,651,5,2,2588.728846950191,-1,1
34,24515.24,5.2,18194.5,36,10.32,584,1,0,1453.114025627286,-1,0
50,168408.32,2.8,69259.98,36,8.18,691,2,0,11857.914844527655,-1,0
29,19617.9,1.0,11827.24,48,10.12,594,3,0,1334.173583661679,-1,0
34,15000.0,5.9,3676.84,24,9.98,601,5,0,1080.366427866946,-1,0
41,23565.58,3.6,49167.31,12,8.78,661,5,1,-2330.94108472263,-1,1
18,19045.44,2.3,7028.11,36,8.959999999999999,652,4,0,1363.7587968075734,-1,0
31,97583.87,6.4,30427.27,48,7.5600000000000005,722,1,0,7395.438905330125,-1,1
25,78400.92,11.7,9732.03,48,9.76,612,4,0,6287.700763496088,-1,0
18,15000.0,2.3,13317.32,24,7.959999999999999,702,5,0,647.9366096025068,-1,0
40,42976.41,7.2,34243.13,60,10.04,598,0,0,2853.128041945289,-1,1
28,22137.37,8.5,12805.73,12,8.719999999999999,664,4,0,726.5628996897779,-1,0
39,45149.18,5.4,16626.73,24,11.6,520,3,0,2982.855967504011,-1,0
35,83605.5,5.6,6392.91,24,9.6,620,3,0,6673.303499679248,-1,0
28,34582.52,9.3,100000.0,48,12.42,479,1,1,227.8243631744631,-1,1
38,35364.36,6.2,8910.73,36,9.32,634,2,0,2662.3422102759682,-1,0
33,45705.52,13.6,35124.59,12,11.52,524,2,0,695.897733774751,-1,1
47,60430.13,2.8,11887.62,36,6.459999999999999,777,5,0,4671.716858645346,-1,0
39,28095.26,3.3,5968.54,48,9.32,634,2,0,2191.8357384550245,-1,1
44,102537.41,5.9,23143.53,12,11.299999999999999,535,6,0,6496.0805890374895,-1,0
28,41963.44,2.1,10011.65,48,12.22,489,2,0,3232.2254558088766,-1,1
53,15000.0,4.0,92855.97,24,7.26,737,6,1,-2918.3546902861153,-1,1
41,23413.65,8.0,28232.88,48,11.52,524,1,2,1214.2938818148123,-1,1
50,36247.29,0.0,26223.73,12,8.52,674,0,0,733.1366101643143,-1,0
32,85059.94,0.1,3251.19,60,10.5,575,2,0,7018.447579363003,-1,0
46,32332.3,9.9,11327.68,48,6.039999999999999,798,3,0,2428.1196499533708,-1,0
24,41234.66,5.4,39058.94,48,7.52,724,5,0,2491.4547846708288,-1,1
56,126304.01,1.4,4517.12,24,6.84,758,1,0,10323.41854312296,-1,0
18,75900.99,3.7,3937.76,12,8.4,680,4,0,5981.814239664795,-1,0
30,41663.91,0.2,11718.63,24,9.02,649,1,0,2936.522367734209,-1,1
44,81026.4,0.1,11487.93,48,8.5,675,4,0,6469.04201639493,-1,0
32,52961.95,2.2,7057.45,48,14.84,358,5,1,4217.653639299581,-1,0
29,110697.61,8.6,41867.0,48,9.06,647,4,0,8181.745562662836,-1,0
18,81197.03,2.1,16480.62,48,11.0,550,3,0,6340.468929805909,-1,1
46,110057.2,1.7,23142.82,24,6.34,783,3,0,8142.180215371341,-1,1
23,22619.38,6.9,29158.47,36,8.52,674,5,0,964.2169946804036,-1,1
22,15000.0,0.0,11015.26,48,9.54,623,6,1,973.0516599051123,-1,0
30,28864.01,3.4,8862.55,60,9.58,621,3,0,2218.857446496739,-1,0
40,20382.5,3.3,14951.9,36,7.619999999999999,719,3,0,1232.620128215812,-1,0
37,60539.79,0.3,11264.43,60,10.34,583,0,0,4803.7578299701345,-1,0
38,18676.16,2.3,11059.64,48,10.42,579,1,0,1273.609604759201,-1,1
25,22482.73,3.0,9210.17,36,13.4,430,3,0,1561.4563584759887,-1,0
38,61883.04,1.7,17485.67,60,9.78,611,1,0,4787.291161716574,-1,0
30,35103.39,25.1,13120.77,48,9.16,642,1,1,2597.77384178508,-1,0
24,38589.39,4.7,26323.28,24,6.08,796,2,1,2048.1695429879073,-1,0
18,20156.18,0.4,11939.12,36,6.58,771,2,1,1313.3246496450345,-1,0
48,37974.68,3.2,3384.49,48,8.42,679,3,0,3081.2625026776464,-1,0
29,61303.78,9.8,18258.92,48,10.54,573,2,0,4640.805473384969,-1,1
34,25557.19,3.5,14077.79,48,9.62,619,1,0,1775.2803145382893,-1,0
33,20900.48,2.6,27895.12,48,10.36,582,5,0,1029.3818777953222,-1,0
47,38211.15,4.0,5960.16,48,10.08,596,4,0,3032.868355250565,-1,1
29,15000.0,1.7,12997.47,36,6.48,776,2,2,851.7588124110613,-1,0
35,22151.13,4.1,22958.83,48,8.02,699,0,0,1285.21980262699,-1,0
38,30231.46,4.3,16711.85,48,13.56,422,0,0,2066.292391441072,-1,1
44,42832.44,12.2,14811.29,12,8.56,672,3,1,2277.1209718064265,-1,0
39,23485.3,4.7,19908.69,36,8.56,672,6,1,1328.0863674376465,-1,0
30,16938.44,2.0,4836.43,48,9.98,601,3,0,1288.9187553799504,-1,0
26,79457.61,9.8,6346.75,36,6.32,784,3,0,6427.465499326658,-1,0
30,21242.17,5.2,3478.38,24,11.84,508,1,0,1606.701188826437,-1,0
24,15000.0,3.7,37052.67,60,7.0600000000000005,747,2,1,515.2633806818184,-1,1
46,22036.6,0.1,53504.42,48,6.299999999999999,785,3,0,572.4580981812767,-1,0
37,38302.55,14.7,32103.25,48,9.74,613,4,0,2381.6604730155,-1,1
24,83491.36,12.2,4178.62,36,8.66,667,3,1,6825.394573226422,-1,0
54,35149.39,3.3,20572.07,36,8.84,658,4,0,2276.4603513619386,-1,0
29,24568.95,18.9,14621.46,60,8.98,651,2,1,1744.036944838047,-1,0
51,35146.33,1.5,4133.13,24,8.66,667,2,0,2740.68396234624,-1,0
35,24463.75,5.7,39249.89,24,12.72,464,3,0,177.79241579323752,-1,1
38,40223.53,6.3,10275.14,12,7.859999999999999,707,2,0,2458.8075307274003,-1,0
32,65298.48,1.7,29256.76,48,8.799999999999999,660,3,0,4716.259536948724,-1,0
29,120278.6,11.3,41399.78,24,8.18,691,3,0,8147.416205643738,-1,0
36,18661.62,1.8,24615.03,48,8.2,690,4,1,951.896635289928,-1,0
37,29374.16,4.5,25060.89,24,8.379999999999999,681,4,1,1310.0622005168814,-1,0
24,48579.86,5.8,21645.06,36,10.28,586,3,0,3347.0475819468074,-1,0
41,18559.74,1.2,5006.53,36,6.779999999999999,761,2,0,1392.5609843903026,-1,0
42,15000.0,3.5,6218.72,48,13.48,426,2,0,1081.6819828858495,-1,1
55,56688.48,3.0,17810.7,12,10.82,559,5,0,3151.3958100175396,-1,1
36,75909.79,9.0,2900.69,48,9.06,647,3,0,6253.549370651956,-1,1
41,32638.58,4.3,8221.63,12,9.58,621,3,0,1998.6747830025047,-1,0
31,78113.39,6.2,5595.52,12,7.799999999999999,710,1,0,6023.2209544655125,-1,0
32,74535.75,4.0,100000.0,12,9.02,649,2,0,-2534.7626630363757,-1,0
39,29187.86,0.2,7851.44,24,13.42,429,2,0,2057.499116272653,-1,0
33,18243.88,1.2,11982.06,48,8.6,670,1,0,1224.419860077643,-1,0
22,40731.87,2.1,6770.65,24,8.08,696,2,0,3087.8572418050944,-1,0
27,196447.04,8.9,18276.98,12,12.94,453,1,0,14738.65105519774,-1,0
30,53103.84,3.3,26496.98,36,10.16,592,4,0,3568.345175388455,-1,0
38,30558.94,2.7,7882.32,24,10.459999999999999,577,3,1,2181.173468464576,-1,0
23,107271.44,14.5,14723.3,48,8.26,687,8,0,8578.048280466131,-1,0
41,20309.33,23.5,9976.07,48,11.459999999999999,527,1,0,1432.37320295096,-1,0
37,59213.07,8.9,5761.56,48,8.459999999999999,677,1,0,4792.518602381575,-1,0
46,23218.63,3.9,7176.82,36,10.26,587,2,3,1702.4329868526925,-1,0
30,68843.99,0.6,8585.1,36,7.52,724,2,0,5469.870308676846,-1,0
25,66312.23,3.9,14206.66,36,11.06,547,7,0,5060.507574550838,-1,1
20,38741.51,5.3,24878.29,36,9.18,641,3,0,2435.2503871434496,-1,1
26,21469.1,2.9,14624.89,36,10.74,563,4,1,1312.0902327362257,-1,0
41,15274.22,2.8,14620.67,48,5.0,850,1,0,936.1479650371213,-1,0
48,24194.62,3.0,44986.3,36,8.18,691,5,0,602.7726571391981,-1,0
42,41924.66,1.1,42092.58,24,7.82,709,1,0,1593.44199889518,-1,0
46,92962.99,7.0,20032.96,36,8.84,658,3,1,7111.363788054775,-1,0
20,15000.0,3.5,16687.87,36,7.1,745,7,0,733.9636830554543,-1,1
50,68372.36,3.3,43913.84,24,13.06,447,3,0,3608.714864903311,-1,0
18,68689.01,2.9,19847.55,36,9.04,648,1,1,5092.567825661078,-1,1
48,15833.05,13.8,1527.74,36,7.74,713,3,0,1271.7300445819956,-1,0
36,27368.59,1.9,6335.17,24,9.0,650,8,0,1991.2952245885863,-1,0
33,50576.26,0.5,60954.52,36,7.66,717,4,1,2314.1414109428256,-1,0
24,42704.65,4.9,10635.6,48,9.7,615,1,1,3290.504261359071,-1,0
47,64657.58,1.1,6977.78,12,9.76,612,2,0,4775.452546546802,-1,0
53,28240.16,12.1,1875.68,36,7.539999999999999,723,4,2,2294.9668915591255,-1,0
38,36809.22,6.5,20562.83,36,11.48,526,6,0,2389.5505598234977,-1,0
30,38488.96,0.9,52760.49,36,7.4399999999999995,728,2,0,1567.6875069201596,-1,0
55,66855.66,8.1,8731.67,48,9.379999999999999,631,5,0,5352.43808977225,-1,0
37,70304.5,0.1,4471.87,60,7.98,701,2,0,5768.077731281781,-1,0
20,111233.43,7.7,2420.58,48,8.719999999999999,664,1,0,9209.537574329324,-1,0
24,70667.41,10.4,12080.01,36,11.879999999999999,506,2,0,5488.413644495821,-1,0
45,23865.63,0.7,23308.6,24,8.32,684,3,0,931.2125810700111,-1,0
36,34592.13,1.8,4179.05,48,9.14,643,4,0,2778.4036318468734,-1,0
34,31332.64,1.7,3304.72,48,6.18,791,1,0,2533.168869094183,-1,0
26,29005.61,11.5,5796.38,48,6.9,755,1,0,2278.60139763898,-1,0
37,62933.75,1.1,22196.82,36,9.52,624,3,0,4533.242008778636,-1,0
42,15000.0,4.3,21249.18,48,10.48,576,6,0,706.1543938155644,-1,1
22,35606.49,0.3,4565.82,48,9.719999999999999,614,4,0,2852.0195009613753,-1,0
48,15000.0,15.6,4966.96,24,5.32,834,0,0,1031.3800453679942,-1,0
50,31702.28,8.7,1962.42,48,9.66,617,2,0,2592.4044428601533,-1,0
65,45651.08,14.3,41549.72,48,7.74,713,1,0,2794.9698518042887,-1,1
43,26933.17,2.4,35192.05,36,6.68,766,1,1,1162.9440050787284,-1,0
23,32482.25,3.4,27545.01,48,8.34,683,7,0,2029.9952206413645,-1,0
38,40496.09,1.6,53313.48,24,6.84,758,1,1,991.5573671384404,-1,0
34,19531.28,4.3,16340.85,60,5.739999999999998,813,4,0,1313.6640379914238,-1,0
29,51237.03,7.9,8590.69,48,7.66,717,2,1,4061.396995009497,-1,0
32,15434.28,16.3,5060.03,36,10.36,582,5,0,1122.0604931285952,-1,0
24,19749.55,1.9,11614.69,12,10.78,561,1,0,620.4617764997597,-1,0
26,28811.76,0.7,25607.23,36,8.02,699,3,1,1598.3061988718869,-1,0
38,30896.73,12.0,29094.2,36,11.959999999999999,502,2,0,1608.939471719645,-1,0
34,185929.88,1.9,39689.34,36,7.76,712,1,0,14254.826591557025,-1,0
23,54724.79,2.8,55558.35,12,9.86,607,1,1,-320.4456496364046,-1,1
44,17162.33,0.7,31942.62,60,6.379999999999999,781,5,0,806.9939858878445,-1,0
18,33161.55,0.3,44819.04,48,8.54,673,4,0,1657.9026108140176,-1,0
32,52801.39,1.1,3950.83,48,9.0,650,1,0,4301.799261371123,-1,0
18,98291.82,17.7,18643.89,24,13.06,447,3,0,7304.094968882753,-1,0
18,15000.0,10.3,4905.66,12,7.879999999999999,706,3,1,823.5364798113842,-1,0
34,43499.43,6.5,6322.03,24,10.98,551,2,0,3330.355048314671,-1,0
42,82543.23,11.1,4502.24,36,9.08,646,5,0,6735.264780735528,-1,0
37,33218.08,5.9,9707.64,36,5.68,816,3,2,2474.2536033186143,-1,0
39,139036.75,2.0,19138.98,36,8.74,663,1,0,10980.094698012272,-1,0
35,61410.06,0.9,7917.88,36,8.84,658,3,0,4866.307731684674,-1,0
38,38970.6,0.8,15693.65,60,7.52,724,2,1,2932.9322751803347,-1,0
22,15000.0,4.3,14179.89,36,8.1,695,1,0,804.9993479044718,-1,1
21,16358.45,7.1,1747.58,48,9.74,613,8,0,1319.0989130038472,-1,0
45,16730.22,8.3,2952.26,24,11.22,539,4,0,1256.2848045535445,-1,0
40,192763.33,9.0,12958.53,60,7.9399999999999995,703,4,0,15801.23051669069,-1,1
33,46217.39,2.4,20159.95,36,9.18,641,8,0,3208.67792576751,-1,0
34,61544.81,5.6,20652.98,48,8.799999999999999,660,4,0,4616.74299273665,-1,0
35,15805.78,0.3,30050.34,60,5.399999999999999,830,2,0,744.5379179017053,-1,0
20,127537.71,16.4,8766.04,24,10.04,598,6,0,10223.472372560944,-1,0
27,100587.84,1.9,13228.61,48,7.199999999999999,740,3,1,8064.315541401374,-1,0
32,43464.66,0.5,4115.44,24,6.5,775,4,0,3438.7275750004706,-1,0
24,79047.3,1.6,7648.95,36,12.08,496,2,0,6332.92804270356,-1,0
32,46165.93,1.2,9198.37,24,8.7,665,3,0,3428.2006531369652,-1,0
27,33377.98,6.0,30632.34,48,8.799999999999999,660,3,0,2022.1169890031986,-1,0
25,15000.0,4.8,14243.66,36,7.9,705,4,0,804.3122609277895,-1,0
33,138486.02,1.1,17735.82,12,8.66,667,2,0,9992.272989855517,-1,0
55,56250.9,4.0,22570.26,36,13.42,429,2,0,3922.5197904966276,-1,1
40,20683.75,6.9,12034.74,48,11.879999999999999,506,3,1,1407.4335812590589,-1,0
36,20470.36,0.7,18911.78,36,14.1,395,3,2,1058.5846106218157,-1,0
18,88596.22,6.0,7462.39,48,7.299999999999999,735,3,0,7203.281630721151,-1,0
41,31625.85,2.5,7793.13,24,7.799999999999999,710,3,0,2283.735773208018,-1,0
39,75585.8,14.6,27118.46,36,13.36,432,0,0,5380.379189542121,-1,0
36,15000.0,4.9,8297.67,24,8.4,680,1,0,873.2032744700068,-1,0
35,24304.28,15.2,23019.12,60,8.1,695,6,0,1557.50947613604,-1,0
36,66516.77,0.2,19496.62,36,6.52,774,4,0,4945.334706598616,-1,0
26,51824.0,0.3,12399.11,36,8.9,655,6,0,3924.9551004727955,-1,0
18,28331.34,23.9,7683.18,36,8.459999999999999,677,0,1,2118.548308146641,-1,1
18,36319.58,14.2,8718.89,12,8.76,662,4,0,2265.121887473637,-1,0
23,15538.59,1.2,14583.8,60,11.82,509,3,0,971.7989047208263,-1,0
34,33939.75,4.3,4758.13,36,9.24,638,1,2,2676.473199347705,-1,0
34,72931.31,11.7,14256.52,48,9.459999999999999,627,6,0,5719.712928042041,-1,0
27,27559.13,4.9,6825.99,48,8.24,688,3,0,2129.1817408279885,-1,0
25,18727.94,3.6,4009.09,48,8.48,676,1,0,1461.8822513034556,-1,0
57,22960.05,10.2,23412.94,48,10.06,597,3,0,1318.8499927838452,-1,0
43,24383.38,13.7,11707.53,48,8.04,698,1,0,1745.91344001135,-1,0
33,15000.0,5.2,14071.75,60,7.16,742,1,0,970.299008010327,-1,0
36,63307.22,5.0,5754.06,48,8.5,675,2,0,5133.773850241724,-1,0
41,15000.0,4.9,17103.34,24,5.120000000000001,844,3,2,498.7332091014914,-1,1
28,29296.34,5.2,8577.02,48,9.82,609,3,0,2224.5669623605677,-1,0
40,23664.23,3.6,17169.23,48,7.84,708,1,0,1554.1563758019165,-1,0
29,28971.82,1.0,18965.38,48,8.52,674,3,0,1946.6747941207107,-1,0
27,68931.66,4.2,18634.28,36,5.919999999999998,804,4,0,5178.089311319967,-1,0
51,27622.29,5.3,16242.18,48,5.5,825,4,0,1924.1216431935788,-1,0
49,21792.02,1.0,10833.65,36,11.1,545,2,0,1460.8086018330102,-1,0
37,34139.76,10.6,30295.09,48,9.719999999999999,614,4,0,2080.685569252609,-1,0
48,15000.0,10.3,9657.96,24,10.94,553,4,0,800.1323520103823,-1,1
18,55771.53,0.1,15496.47,36,7.5,725,6,0,4165.5909234599385,-1,0
43,45676.88,12.1,10054.08,48,5.0,850,6,0,3574.8683067639,-1,0
52,45651.73,1.8,12685.07,36,8.12,694,2,2,3406.104244858617,-1,0
45,24702.46,4.3,9010.84,36,8.959999999999999,652,1,0,1772.1637512373725,-1,0
27,15414.17,0.7,8905.39,48,9.7,615,3,0,1059.9313337382114,-1,0
53,26811.81,3.3,12542.59,24,10.24,588,5,0,1654.1502587573304,-1,0
30,78667.4,0.4,3849.79,48,7.140000000000001,743,4,1,6463.1783920833595,-1,0
24,18195.43,0.8,27763.48,24,5.0,850,4,0,298.26338187931447,-1,0
23,15000.0,2.0,8945.28,48,7.0,750,7,0,1035.7941365459435,-1,0
39,19997.58,2.1,25647.27,24,8.54,673,1,0,500.1816823372051,-1,1
27,27043.69,0.5,21885.4,24,9.92,604,2,0,1244.5485659684236,-1,1
56,16256.61,5.7,8520.76,24,9.66,617,2,0,962.8634477654348,-1,0
61,43178.72,0.9,2891.07,48,8.48,676,6,0,3526.993991826711,-1,0
20,115640.82,1.1,5481.95,60,12.44,478,6,0,9513.569658824765,-1,0
43,15000.0,2.2,5895.95,48,9.86,607,4,0,1100.8595735239642,-1,0
19,17990.05,4.8,16548.88,12,8.18,691,0,0,58.23209910503101,-1,1
18,39087.31,8.1,92288.96,36,7.459999999999999,727,1,0,388.21042520817264,-1,0
22,15000.0,1.9,7953.56,12,10.02,599,3,1,550.6817311826516,-1,0
41,100587.26,1.6,4553.58,60,8.24,688,7,0,8289.417571151514,-1,0
49,72824.04,5.0,78176.64,36,9.54,623,1,0,3562.9796021750585,-1,0
36,15000.0,3.5,14972.94,48,7.539999999999999,723,1,0,887.691184743609,-1,0
18,28645.47,24.7,13123.9,60,9.6,620,3,0,2110.8543788183124,-1,0
25,28295.73,3.1,9882.96,12,7.98,701,2,1,1498.3657230138078,-1,0
29,43552.26,0.4,33025.32,12,9.9,605,4,0,727.4404450010957,-1,1
19,54117.53,0.7,14199.93,48,12.14,493,2,0,4134.87871738753,-1,0
28,22457.43,7.1,70074.11,48,10.26,587,5,0,85.4295619467357,-1,0
35,27596.36,3.0,16168.98,36,11.02,549,4,0,1770.1918504733655,-1,0
41,15000.0,0.8,27802.34,36,9.34,633,0,0,361.4870023895081,-1,1
21,15385.17,0.6,2898.46,36,9.2,640,4,2,1189.6572138992317,-1,1
35,173650.37,1.3,4309.26,12,9.98,601,1,1,14092.05183326727,-1,0
29,29736.21,7.1,51634.01,24,8.42,679,5,0,132.847879076538,-1,1
48,32177.75,3.4,10830.81,48,9.36,632,1,0,2410.098775806584,-1,0
47,36631.84,2.7,25632.69,12,9.16,642,2,0,809.1344310665781,-1,1
50,15504.87,1.3,5962.28,60,10.26,587,4,0,1164.6275648752455,-1,0
30,57749.78,0.5,4844.28,48,10.459999999999999,577,3,0,4688.545285228441,-1,0
38,52415.68,4.3,10002.1,24,8.56,672,4,0,3913.046550084176,-1,0
21,62321.75,3.4,15652.18,48,10.959999999999999,552,3,1,4789.244374120727,-1,1
56,44000.25,2.0,12676.21,12,9.92,604,3,0,2552.718843432662,-1,0
36,21294.26,0.1,11268.04,60,8.58,671,3,0,1542.9058659609755,-1,1
21,19800.98,8.2,6179.94,24,11.0,550,3,0,1362.0480230824364,-1,1
35,132370.75,6.2,7337.38,36,8.76,662,1,0,10798.387825518357,-1,0
38,19428.44,0.5,87345.67,12,5.0,850,3,0,-5858.406187159821,-1,1
20,40292.66,14.8,6020.14,36,10.52,574,3,1,3161.995627940674,-1,1
51,15000.0,6.9,3473.51,36,9.18,641,5,0,1139.2520897633362,-1,0
33,19884.45,0.9,14943.54,36,8.58,671,3,1,1184.7525978316007,-1,0
24,94190.7,1.2,25515.52,36,10.299999999999999,585,2,0,7022.3124446339025,-1,1
33,25025.43,3.2,9720.81,24,11.16,542,2,1,1631.6641227711905,-1,0
35,143013.19,10.2,9936.1,48,9.14,643,4,0,11669.84451596305,-1,0
40,15000.0,6.0,13441.64,24,10.799999999999999,560,4,0,624.7616063891286,-1,0
43,65379.31,0.1,26017.82,36,10.5,575,2,1,4602.633108668222,-1,0
36,38125.35,5.5,9480.13,48,9.32,634,1,1,2939.7559561690073,-1,1
18,21760.61,0.2,6682.1,12,11.48,526,2,0,1221.3119416361583,-1,0
23,30847.31,0.5,5576.69,48,8.48,676,7,0,2433.2058711901705,-1,0
38,23325.27,8.1,86304.73,48,6.219999999999999,789,4,0,-91.81318271269174,-1,1
42,56177.14,14.0,3895.07,48,7.379999999999999,731,1,0,4587.467794277897,-1,0
35,90230.57,3.5,6560.37,24,6.539999999999999,773,5,0,7226.855657370247,-1,0
43,29615.93,0.6,9810.38,36,8.42,679,0,2,2158.6681654042313,-1,0
28,28093.62,11.8,66782.27,24,11.58,521,6,0,-789.4558533315544,-1,1
40,53108.36,12.2,30962.78,48,7.859999999999999,707,3,0,3671.8378312348395,-1,0
31,15000.0,2.8,29399.1,36,7.9,705,2,0,330.0946940773774,-1,0
34,18116.83,6.8,46472.61,48,6.08,796,4,0,416.6198875282612,-1,1
27,42784.7,3.5,2727.99,48,12.34,483,2,1,3493.0969818065187,-1,0
44,89962.62,10.6,97540.76,36,9.9,605,4,3,4354.096533088241,-1,0
51,38091.44,1.2,10935.65,36,9.299999999999999,635,4,0,2825.007031905893,-1,0
44,23545.92,9.0,13304.38,24,10.92,554,7,0,1342.5656438632873,-1,0
29,17926.38,8.8,20417.88,48,9.12,644,5,0,984.6009811773829,-1,0
44,53395.17,10.6,42528.35,24,10.459999999999999,577,3,1,2478.088352332662,-1,1
26,15000.0,1.5,9645.9,60,9.78,611,3,2,1046.0957280334067,-1,1
32,15000.0,6.5,14131.45,24,7.02,749,3,0,617.1704018457514,-1,0
33,42860.33,12.8,8871.34,48,5.02,849,4,0,3367.3130911588123,-1,0
43,15000.0,23.7,5179.78,36,12.28,486,4,0,1077.263650118817,-1,0
44,71867.18,3.8,18251.76,12,6.779999999999999,761,5,1,4411.5167531394945,-1,0
48,36760.9,3.6,12832.76,36,15.1,345,3,0,2617.927809641476,-1,1
28,24651.63,4.4,20020.89,12,9.24,638,3,0,301.2170915143579,-1,0
23,52761.58,18.4,2526.11,36,10.22,589,4,0,4315.0267012861295,-1,1
36,25506.77,0.1,12407.59,24,8.14,693,1,1,1563.6099007569642,-1,0
42,59299.01,5.2,5092.79,12,8.2,690,1,0,4498.099279679085,-1,0
34,66507.77,5.1,25155.16,60,6.34,783,7,0,5052.007604294088,-1,0
40,28454.84,6.0,11697.79,12,9.6,620,4,0,1344.9900221266225,-1,1
35,15000.0,0.4,6229.44,36,9.959999999999999,602,5,1,1049.1104605530484,-1,1
36,105289.07,2.6,19231.8,60,11.04,548,2,0,8355.55948962626,-1,0
26,23717.3,1.6,5723.1,12,8.16,692,3,0,1478.174701823229,-1,0
43,102708.65,19.3,54744.56,48,9.7,615,4,1,7178.464616717502,-1,0
55,44220.76,0.5,38198.3,24,13.8,410,3,1,1854.659828877684,-1,1
36,18819.76,2.8,3680.29,48,7.82,709,3,0,1478.7773313816438,-1,0
37,19797.03,13.7,12994.15,12,10.5,575,3,0,504.3363317017386,-1,0
28,15000.0,7.5,7072.42,36,6.9399999999999995,753,5,1,1031.8181675648532,-1,0
31,21730.55,31.5,4715.84,24,8.94,653,8,0,1595.5670312646557,-1,0
19,17558.66,1.0,11760.49,36,8.299999999999999,685,2,0,1093.0608817214481,-1,0
18,17165.76,3.7,16422.32,24,7.82,709,3,0,689.0904060706887,-1,0
32,15000.0,7.6,9989.39,24,8.94,653,3,0,793.9122420897461,-1,1
38,15000.0,5.2,3796.27,12,10.72,564,1,0,914.974975718305,-1,0
26,71178.94,15.3,100000.0,48,13.16,442,6,0,3240.88073213652,-1,1
22,59509.07,6.2,21645.66,60,9.4,630,3,0,4505.547095328832,-1,0
55,34831.35,6.2,4765.06,48,7.219999999999999,739,3,0,2788.0202130030907,-1,0
49,21871.3,0.5,12496.63,60,7.6,720,6,0,1571.6072437544212,-1,0
30,19639.83,4.6,8512.94,24,6.08,796,3,0,1259.0468579118362,-1,0
27,68019.5,12.1,11649.65,36,8.04,698,1,0,5303.018970041734,-1,0
20,26457.71,0.7,5065.27,48,8.719999999999999,664,3,0,2079.4320770633904,-1,0
21,15000.0,1.2,42785.93,36,8.02,699,2,0,-91.15033402290533,-1,0
29,116016.7,1.7,35285.64,60,10.379999999999999,581,3,0,8911.72818449448,-1,0
26,49036.87,0.6,4793.29,48,9.82,609,2,0,3965.249547326844,-1,0
21,20244.11,13.7,44753.1,12,12.2,490,2,0,-2293.4379522550257,-1,0
41,19715.96,11.7,30968.41,12,8.84,658,1,0,-1062.9393073670265,-1,0
45,43125.21,3.2,6704.6,60,11.08,546,5,0,3447.7256162341723,-1,1
40,33657.44,3.6,6421.22,12,11.08,546,3,0,2237.028950626969,-1,0
41,66471.19,2.9,8029.84,48,8.879999999999999,656,7,0,5339.900152353834,-1,0
26,27127.58,4.3,50248.15,60,9.1,645,2,0,1215.1223279021774,-1,1
38,48705.11,22.4,42369.65,36,9.5,625,6,2,2701.5342976821416,-1,0
32,15000.0,1.1,6083.59,36,8.92,654,0,1,1056.769895262961,-1,0
21,83574.17,1.3,11324.62,36,5.059999999999999,847,1,0,6624.79999164185,-1,0
31,32760.53,16.3,11171.58,12,7.82,709,4,0,1759.1754889424374,-1,0
25,32724.83,11.1,46164.73,24,7.1,745,3,0,658.0616692932967,-1,0
35,36208.84,11.3,24295.05,48,8.58,671,2,0,2417.6535324406327,-1,0
18,72274.38,6.4,43885.41,48,9.18,641,8,0,4927.019966252375,-1,0
22,69682.77,7.9,11787.91,48,11.32,534,3,1,5500.397703044064,-1,1
32,26164.42,5.5,8451.68,36,8.879999999999999,656,1,0,1912.078942458741,-1,1
42,26666.85,10.7,8752.2,48,6.6,770,2,0,2014.2755837769494,-1,0
25,22205.41,6.9,29879.55,60,10.6,570,3,0,1206.7415927335708,-1,1
33,24276.98,8.2,10943.65,36,7.34,733,2,0,1683.4697000611457,-1,0
22,66335.45,5.2,8183.2,36,7.74,713,1,0,5272.502805499225,-1,0
28,31467.32,11.3,5082.76,48,7.24,738,1,0,2499.9968978806824,-1,0
47,40712.03,2.5,13001.65,12,6.4,780,4,0,2271.271755551875,-1,0
31,34257.73,6.3,6365.25,48,7.5,725,0,0,2700.9060777741915,-1,0
31,114062.86,2.5,2226.39,48,9.34,633,3,0,9449.474390038496,-1,0
18,73969.01,5.4,7672.75,24,8.52,674,3,0,5815.24393487269,-1,0
28,32181.97,3.8,17673.72,48,9.36,632,5,0,2238.9922052388824,-1,0
21,18794.98,0.6,70410.25,36,10.56,572,2,1,-724.2493897445308,-1,0
40,68167.22,1.0,47276.8,36,9.12,644,5,2,4174.570287139317,-1,0
38,18031.99,1.6,8745.4,48,7.359999999999999,732,1,0,1291.7825775604301,-1,0
33,15000.0,4.3,44511.72,24,10.42,579,2,1,-812.6293672471938,-1,1
38,15833.82,1.4,21855.24,48,9.379999999999999,631,0,0,771.6643825137766,-1,0
35,50232.74,0.3,38041.0,12,7.4,730,2,0,887.4787997160379,-1,0
31,15214.28,0.3,48555.59,36,8.14,693,3,3,-256.8369480043184,-1,1
46,147464.94,0.3,3220.78,48,5.0,850,5,0,12214.572711853534,-1,1
55,129541.33,0.4,7975.01,36,9.959999999999999,602,6,0,10537.929435649941,-1,0
50,15000.0,4.0,18193.01,36,6.799999999999999,760,3,0,689.9147985198576,-1,0
41,15000.0,15.3,78819.64,48,10.86,557,3,0,-781.7801319108485,-1,0
27,18789.11,2.2,3433.58,48,5.359999999999999,832,0,0,1486.1250866603589,-1,0
38,15000.0,0.6,12384.46,36,10.2,590,2,0,849.2244150294805,-1,1
18,25568.94,10.9,3401.9,24,8.5,675,3,3,1976.1093396210126,-1,0
29,22623.9,8.0,9780.15,36,12.459999999999999,477,1,1,1558.331131313973,-1,0
30,15000.0,0.8,5686.69,24,10.6,570,4,0,986.010506535847,-1,1
20,96658.44,1.1,6323.59,48,7.879999999999999,706,2,0,7900.84863748239,-1,0
29,28351.73,6.3,22207.52,36,7.08,746,4,0,1676.1278383241613,-1,0
40,27576.92,17.0,30174.87,12,7.4,730,1,0,-318.424192786621,-1,0
32,22358.01,0.1,25821.54,36,9.5,625,0,0,1036.027406950407,-1,0
44,69965.95,0.7,37427.3,48,12.34,483,4,0,4838.631912033691,-1,0
41,44008.05,5.4,4713.5,48,6.359999999999999,782,4,1,3555.8611686610307,-1,0
33,34376.53,0.0,30992.09,48,7.640000000000001,718,1,1,2113.329604704574,-1,1
35,17414.54,2.7,16530.6,36,10.7,565,6,0,912.3664927663425,-1,0
40,36558.11,1.7,6932.66,36,12.66,467,3,0,2814.0541640635493,-1,0
34,149259.17,24.4,32198.23,36,9.36,632,2,0,11408.965766718211,-1,0
46,15574.72,3.3,38230.37,48,10.92,554,6,1,311.2940493559131,-1,0
18,25424.24,11.4,14546.28,24,5.0,850,3,1,1480.5211476057796,-1,0
31,22749.43,5.5,10090.56,36,5.0,850,7,0,1593.3626978448792,-1,0
38,205401.04,8.1,24395.85,12,10.6,570,4,1,14965.15678469359,-1,0
44,41506.94,4.4,41910.59,36,5.0,850,3,1,2202.8136861808416,-1,1
35,23717.91,1.8,20848.68,36,5.34,833,1,0,1348.4512819626402,-1,0
34,53737.6,9.1,5206.31,48,10.459999999999999,577,3,0,4344.934752317032,-1,0
18,22890.81,7.3,8186.13,48,9.82,609,1,2,1700.6530200569332,-1,0
43,79407.07,3.8,24837.32,60,8.879999999999999,656,4,0,6103.1192385986615,-1,0
34,111372.49,4.6,11108.12,48,7.879999999999999,706,3,2,9010.484428283495,-1,0
31,26810.31,2.8,24223.9,60,7.219999999999999,739,6,2,1752.01190932708,-1,0
30,17111.52,2.2,8873.47,48,7.98,701,4,0,1209.4159608716855,-1,1
18,66964.57,1.9,16853.64,24,12.08,496,1,0,4786.391689643332,-1,1
27,22231.28,3.6,2623.56,48,9.6,620,2,0,1786.5692532532646,-1,0
27,28299.21,0.3,16314.87,60,8.64,668,6,0,2022.4410382978347,-1,0
35,20759.74,3.5,7507.04,24,9.14,643,7,0,1386.5387331319598,-1,0
20,15000.0,7.2,3628.76,36,10.44,578,7,0,1132.1590707769897,-1,0
41,34427.31,3.4,5989.59,36,7.879999999999999,706,3,0,2681.581915938615,-1,0
28,15000.0,4.4,17545.09,48,7.42,729,4,1,826.4337165458059,-1,1
55,15000.0,3.5,6345.53,48,6.299999999999999,785,2,0,1100.100692664,-1,0
43,140023.34,29.9,4521.33,48,10.04,598,2,0,11553.852184104426,-1,0
33,36974.01,0.8,18782.65,24,10.14,593,3,0,2213.229321712357,-1,0
64,64320.73,2.6,21526.43,36,6.119999999999999,794,6,0,4704.014049104912,-1,1
39,41569.23,2.1,28584.85,36,10.56,572,3,0,2534.216100796443,-1,0
40,29975.09,0.9,2929.2,48,7.4,730,3,1,2427.2359467094034,-1,0
34,70444.75,7.6,20160.72,48,12.22,489,4,1,5337.306421002212,-1,0
41,16004.73,14.7,19224.07,24,9.04,648,3,1,455.1279602313341,-1,1
27,44010.14,4.1,12161.18,48,7.52,724,7,1,3373.3541675130764,-1,0
45,15000.0,0.0,56669.28,36,8.5,675,1,0,-538.9096171660535,-1,0
18,31958.41,0.1,6281.07,12,6.859999999999999,757,2,0,2120.1255803541517,-1,0
34,28362.29,0.5,26115.53,12,12.42,479,9,0,38.05666289655119,-1,1
34,45710.24,0.6,10679.35,48,12.459999999999999,477,5,1,3525.5403893297666,-1,1
26,16452.82,0.4,11573.72,36,9.1,645,4,1,1002.488239198875,-1,0
27,36808.41,6.4,9559.67,60,9.799999999999999,610,1,0,2865.1922341497057,-1,0
21,39928.43,8.8,19686.29,36,9.6,620,2,0,2695.8385812736333,-1,0
21,38451.44,5.2,6183.96,24,7.959999999999999,702,1,0,2924.715707668724,-1,0
40,71415.13,1.6,11769.31,48,6.4,780,1,2,5672.694698507498,-1,0
38,47086.31,8.7,7510.63,36,5.18,841,2,0,3698.151366549218,-1,0
42,74571.88,0.4,8770.41,36,8.379999999999999,681,4,0,5937.950499873984,-1,0
31,15000.0,5.9,12969.05,48,7.74,713,1,1,934.9680054091599,-1,1
46,37164.57,10.0,12854.56,48,6.18,791,4,1,2794.095807078962,-1,0
45,24975.72,1.0,21409.85,48,10.32,584,7,0,1535.004753252833,-1,1
34,52780.4,1.1,9866.78,48,11.02,549,2,0,4143.258738342364,-1,1
34,17252.61,5.5,6654.85,24,8.459999999999999,677,6,0,1135.3385581720986,-1,1
31,15388.99,25.4,19402.15,48,9.76,612,4,0,792.560431835971,-1,1
38,89837.11,2.2,37385.78,36,7.98,701,2,0,6315.236273495654,-1,0
21,15000.0,8.6,10225.0,48,8.54,673,5,0,997.7779562675446,-1,0
21,44027.31,1.8,19552.65,48,11.78,511,1,0,3156.155740264314,-1,0
37,48216.61,2.7,18960.38,48,15.5,325,3,0,3485.5512364367623,-1,0
25,31668.72,4.9,3845.24,24,9.92,604,2,1,2461.7636311805018,-1,0
34,159724.93,0.6,8811.63,36,10.54,573,2,0,13023.845100316174,-1,0
41,15000.0,3.6,23612.02,48,9.82,609,4,0,653.1772230950037,-1,0
31,18540.41,15.3,18500.21,48,5.079999999999998,846,3,0,1118.316641562657,-1,0
21,15000.0,1.2,37847.41,48,7.52,724,2,0,334.53789229000836,-1,0
34,46101.71,5.4,32564.89,36,11.5,525,1,1,2767.94914454242,-1,0
45,62755.42,8.9,18820.82,48,7.619999999999999,719,2,0,4773.496840751903,-1,0
21,42895.09,3.0,18782.7,36,11.2,540,7,0,2957.8888453384798,-1,1
41,36796.33,3.7,22643.56,24,9.08,646,3,0,2031.0642899804284,-1,1
22,15118.2,5.8,4334.61,48,10.7,565,5,0,1148.4501958127794,-1,0
29,15000.0,0.3,22948.29,48,8.34,683,0,0,686.0954894377245,-1,0
38,30729.18,4.5,24934.55,12,7.98,701,8,0,391.978236332935,-1,0
22,34352.73,4.3,6948.19,48,13.54,423,2,1,2674.4573533096045,-1,0
24,106731.91,7.6,11201.37,60,12.44,478,4,1,8642.6598098052,-1,0
46,41228.7,1.7,9168.54,24,11.36,532,5,0,3006.865137313599,-1,0
28,42855.08,4.6,9908.86,60,9.64,618,4,0,3362.473579777294,-1,1
34,45374.77,4.0,5509.56,60,7.32,734,5,0,3671.3012106023807,-1,0
21,40484.41,0.8,11158.94,48,9.94,603,2,1,3091.0027189855227,-1,0
24,53100.53,7.3,8775.18,36,12.24,488,2,0,4132.575708591844,-1,1
39,57394.58,2.1,29733.72,48,12.6,470,3,0,3991.0907895245405,-1,0
46,15000.0,0.6,4788.82,36,8.28,686,2,1,1099.3164475497883,-1,1
38,31625.83,1.4,12748.75,48,8.64,668,7,3,2320.4074441241555,-1,0
43,54936.81,1.5,2834.72,24,13.78,411,4,0,4442.258849381524,-1,0
52,27938.59,7.6,3509.92,12,11.54,523,3,0,2017.118496065833,-1,0
44,40110.47,11.0,32428.62,12,5.0,850,3,1,566.4066705915357,-1,0
30,39059.15,1.1,19016.41,60,8.66,667,3,0,2863.3103219057434,-1,0
45,51734.35,3.7,6434.53,48,6.379999999999999,781,1,0,4158.957129012377,-1,0
37,91678.97,2.9,10600.59,48,6.5,775,2,0,7388.521673798121,-1,0
24,65745.74,8.1,14154.09,48,9.44,628,2,0,5123.621941662379,-1,0
53,24147.82,4.6,15700.99,12,7.68,716,3,0,648.8358524394275,-1,1
51,15424.08,0.6,8080.65,48,9.52,624,5,0,1082.251539919377,-1,0
18,30396.78,5.2,21930.3,36,8.68,666,5,1,1838.9488575633034,-1,0
33,52319.09,6.7,12756.52,36,9.06,647,1,1,3953.9139242850097,-1,0
47,40966.55,8.6,5095.79,36,6.74,763,4,1,3257.1410248767875,-1,0
33,33450.19,2.6,19389.64,36,9.06,647,5,0,2170.3888711137724,-1,1
43,49113.96,3.5,5602.71,48,8.7,665,1,0,3954.2030644460256,-1,0
24,52350.23,2.5,3318.33,24,13.16,442,4,0,4204.510212800484,-1,0
44,58023.7,0.6,5017.63,24,10.16,592,1,0,4603.399450375618,-1,0
37,24104.04,4.1,18229.39,24,8.5,675,2,0,1180.04077487401,-1,0
30,22198.73,4.0,100000.0,12,11.06,547,3,0,-6991.070636405133,-1,0
45,86304.22,0.6,11995.35,48,10.22,589,3,1,6886.516348541559,-1,0
48,41968.49,1.2,7406.14,48,11.52,524,3,0,3304.082975885349,-1,0
55,29946.34,3.8,14636.9,24,11.84,508,4,0,1807.6117719792003,-1,0
44,163606.19,1.2,2738.49,48,8.2,690,2,0,13566.737234267037,-1,0
18,41367.38,5.1,5600.53,12,7.039999999999999,748,3,0,2962.58274944479,-1,0
24,66656.35,7.9,25178.68,36,10.08,596,4,0,4741.304624449762,-1,0
40,71074.04,0.2,4260.81,36,13.66,417,1,2,5777.914897537225,-1,0
44,41773.76,2.7,1796.76,48,8.6,670,1,0,3436.774703531205,-1,0
34,19109.04,0.1,24666.63,48,6.74,763,4,0,1004.717747922058,-1,1
26,16435.11,5.3,47606.89,36,7.959999999999999,702,5,1,-121.35607974422828,-1,0
37,37732.85,13.0,3167.43,24,10.799999999999999,560,1,0,2997.0710402717564,-1,0
28,16767.24,4.4,3957.8,60,10.14,593,2,1,1312.9055512072941,-1,1
28,130938.59,4.6,7414.99,48,9.04,648,4,0,10726.885958513973,-1,0
20,73663.27,2.0,29531.42,48,9.34,633,3,0,5398.938286184819,-1,0
24,15000.0,0.2,29985.84,36,7.719999999999999,714,6,0,314.2211967417031,-1,1
34,39820.25,1.1,49566.68,48,10.32,584,4,1,2053.5841029885996,-1,0
39,37132.53,3.1,14620.19,48,10.42,579,2,0,2720.6158255577116,-1,0
27,32936.61,0.2,21991.86,48,10.12,594,3,0,2185.6788860111005,-1,0
39,29178.74,8.0,8190.04,60,11.42,529,4,1,2251.7700883003445,-1,1
45,24722.15,13.8,7556.19,12,7.959999999999999,702,4,0,1403.0178093553275,-1,0
28,15000.0,2.5,2571.27,60,6.199999999999999,790,2,1,1200.0506747548532,-1,0
22,43289.28,17.1,3084.86,48,8.18,691,6,0,3531.868633205401,-1,1
31,49931.79,1.1,9533.74,24,7.219999999999999,739,1,0,3733.1808901715185,-1,0
27,44238.14,2.6,27675.62,36,10.66,567,2,0,2784.8969662821446,-1,0
25,15000.0,0.0,42594.13,24,8.08,696,5,1,-677.9716198647682,-1,0
30,42286.85,9.8,12134.67,36,10.299999999999999,585,4,1,3130.6411260457303,-1,0
21,176261.99,12.1,10663.64,60,6.4399999999999995,778,2,1,14480.152364897138,-1,0
34,15000.0,8.0,6826.51,12,9.44,628,2,0,651.6178314978669,-1,0
37,15000.0,9.5,3235.96,48,12.24,488,1,0,1164.4029450922462,-1,0
44,86069.45,0.3,15305.37,48,9.82,609,0,0,6785.592160580003,-1,1
23,42990.32,0.3,25442.72,24,6.1,795,4,0,2453.743002725803,-1,0
23,19031.47,0.0,14425.94,36,7.379999999999999,731,6,0,1138.01401671239,-1,0
42,20775.39,8.0,16649.75,36,10.9,555,3,0,1186.9791777546047,-1,0
26,60342.57,2.4,4251.9,60,8.16,692,1,1,4942.008348280698,-1,0
36,66069.42,10.1,15681.38,48,7.359999999999999,732,3,0,5127.650155463205,-1,0
36,37473.01,0.3,5629.47,36,7.84,708,1,0,2946.7589263614536,-1,0
20,105888.84,0.5,5509.09,36,7.18,741,4,0,8653.511536096692,-1,1
18,15000.0,4.6,50818.59,36,12.26,487,1,0,-444.2220559301393,-1,0
42,34687.32,2.2,22415.44,12,10.64,568,5,1,913.2583162008875,-1,1
42,32664.56,0.2,20577.5,24,10.62,569,2,1,1766.6001972985891,-1,1
26,34131.49,2.1,11951.2,24,7.719999999999999,714,1,0,2305.295349613004,-1,0
28,15000.0,5.2,8820.22,60,8.0,700,4,0,1071.1577415694464,-1,0
18,22058.63,0.3,27336.7,48,8.62,669,2,0,1162.8660758933506,-1,0
38,15000.0,0.4,22982.6,24,6.74,763,3,0,223.71652277073213,-1,1
33,50285.56,4.7,32187.52,24,7.779999999999999,711,4,0,2737.936487448666,-1,0
37,88269.19,2.0,12844.0,36,10.7,565,5,0,6937.092136457493,-1,0
30,27490.12,12.5,94537.43,48,7.68,716,3,0,-2.9176103680329106,-1,0
30,61059.37,2.1,14808.73,48,9.94,603,1,0,4713.119747523582,-1,0
27,15000.0,8.8,13463.82,36,11.06,547,0,0,808.8291488526561,-1,0
18,15000.0,24.5,8159.99,24,10.44,578,6,0,871.7985654397041,-1,1
42,30218.12,2.2,4865.59,36,9.98,601,4,0,2361.223446695295,-1,0
42,15000.0,1.5,16336.18,36,7.6,720,4,0,741.0926156501614,-1,0
32,15000.0,9.5,56550.97,24,8.02,699,2,0,-1308.1630713841437,-1,0
27,34507.14,1.7,4532.89,36,5.719999999999999,814,4,0,2738.2700524170446,-1,0
20,56930.97,4.3,16803.71,24,9.76,612,7,0,3970.7015955721563,-1,1
26,16006.2,0.3,11168.37,36,9.66,617,1,0,975.2582680026637,-1,1
18,83685.78,8.9,11499.7,12,9.5,625,4,0,5965.480919652545,-1,1
27,21328.53,3.5,20451.47,36,10.14,593,3,1,1116.1210136839954,-1,1
37,98575.23,3.5,13107.88,36,8.219999999999999,689,5,1,7802.517558840248,-1,0
48,15000.0,13.8,26017.58,24,7.459999999999999,727,1,0,79.69266198474998,-1,1
18,22641.58,5.0,6715.62,24,9.42,629,3,0,1578.701221067185,-1,0
30,88449.56,15.4,7058.23,24,10.459999999999999,577,2,0,7043.594576499989,-1,0
39,15000.0,3.1,4712.78,48,8.86,657,3,0,1133.035310075145,-1,0
27,317302.93,0.2,11672.46,48,8.9,655,3,0,26151.995103551184,-1,0
27,15000.0,16.1,2416.42,24,10.379999999999999,581,3,0,1138.070188852255,-1,0
25,28394.21,0.4,64261.38,36,9.44,628,4,0,309.50449704183256,-1,1
30,82593.76,0.6,12610.1,24,8.4,680,3,0,6310.189405338394,-1,0
40,15000.0,2.4,8928.31,36,13.32,434,1,0,947.7919694440225,-1,1
38,23217.33,1.1,21952.88,48,9.74,613,4,0,1380.7328548166984,-1,0
46,35641.91,6.8,6591.06,36,5.0,850,3,0,2772.6191855959896,-1,0
60,15000.0,2.0,19016.42,48,11.58,521,3,0,753.1372444934719,-1,0
18,28890.81,0.1,22698.6,48,7.119999999999999,744,3,0,1862.7566570404704,-1,0
28,15000.0,3.9,28132.73,24,10.56,572,2,0,-55.46617475261064,-1,1
35,15000.0,1.3,7383.5,36,12.98,451,3,1,1001.291826503114,-1,1
23,15000.0,3.0,12886.88,36,5.120000000000001,844,2,1,863.0739519058495,-1,0
31,15000.0,4.5,7097.46,48,7.799999999999999,710,2,0,1077.3958002237716,-1,0
38,15000.0,0.2,9842.78,12,10.76,562,3,0,381.1802759157323,-1,1
42,25888.79,9.7,20700.85,48,10.52,574,3,1,1627.1874751790047,-1,0
40,21224.45,3.1,11635.16,24,8.06,697,3,1,1242.158941324243,-1,0
29,36446.48,1.5,14115.38,36,5.199999999999999,840,2,1,2612.8874016555387,-1,0
46,28864.29,7.7,15104.44,48,10.879999999999999,556,3,1,2015.8549906055316,-1,0
25,24551.84,2.3,49439.43,60,12.54,473,6,0,932.6953146204442,-1,1
41,15000.0,0.3,11185.41,36,9.54,623,3,0,891.4891400713171,-1,0
34,79661.55,6.9,23428.1,36,9.799999999999999,610,2,0,5884.7015734908455,-1,0
44,65832.85,3.5,13092.03,48,9.379999999999999,631,5,1,5157.907703633173,-1,0
42,28847.46,3.8,15074.4,48,8.299999999999999,685,3,0,2033.818365652914,-1,0
42,30490.16,1.5,12451.68,12,10.62,569,6,0,1442.5523927422728,-1,1
34,36321.2,5.5,26984.5,36,6.5600000000000005,772,4,0,2198.981513097349,-1,0
43,56570.14,10.2,6519.51,48,8.9,655,2,1,4552.249442639169,-1,0
34,108015.57,8.7,5147.26,36,9.9,605,2,0,8835.45145405781,-1,0
37,49831.56,15.9,4347.77,36,8.86,657,6,0,4014.655193247741,-1,0
39,92973.47,10.3,12348.46,24,9.78,611,4,0,7179.223446239826,-1,0
52,49937.7,5.5,9548.49,24,10.22,589,6,0,3719.890441210777,-1,0
39,38850.02,0.5,11408.9,48,7.82,709,4,0,2959.940036287911,-1,0
24,202350.59,0.7,1605.14,48,9.379999999999999,631,3,1,16822.314935152768,-1,0
32,15000.0,8.9,1844.47,24,9.82,609,2,0,1165.0402225516593,-1,0
20,28314.16,11.9,45201.14,48,6.719999999999999,764,2,0,1282.9779910891257,-1,1
23,43814.36,0.4,10775.49,48,7.4399999999999995,728,3,1,3390.958766231955,-1,0
45,67060.39,12.9,7500.97,36,5.0,850,3,0,5363.55503327815,-1,0
42,75307.79,2.0,3281.08,36,9.76,612,5,1,6170.147266493302,-1,0
40,34367.72,1.5,9845.11,48,7.9399999999999995,703,0,0,2623.9059433611,-1,0
36,30102.91,2.5,20351.07,48,8.62,669,5,1,2005.8027105700112,-1,0
32,40285.31,7.4,16247.34,60,8.219999999999999,689,3,1,3025.958377201757,-1,1
47,110746.21,1.7,18784.95,60,8.02,699,5,0,8847.779951425116,-1,0
47,37318.37,1.9,7146.72,48,10.24,588,4,1,2927.780052903517,-1,0
47,156298.16,0.7,47262.26,48,10.02,599,4,0,11825.699654676282,-1,1
54,15000.0,1.4,7575.56,24,7.9399999999999995,703,3,0,907.5852073877882,-1,0
35,61767.3,0.6,31642.56,36,8.44,678,5,0,4149.276798234492,-1,1
18,57174.37,11.7,11020.77,36,11.06,547,5,0,4403.411739257572,-1,0
37,40731.09,39.1,6150.99,36,8.82,659,2,0,3199.1725499515655,-1,0
49,107086.16,2.3,23636.29,60,7.6,720,0,0,8449.09991145321,-1,0
28,29830.41,3.4,8259.1,36,11.24,538,2,0,2214.535505384807,-1,0
50,67318.31,1.6,27922.23,48,5.0,850,2,0,4966.829934849551,-1,0
36,42515.32,8.6,7819.67,24,8.42,679,2,0,3187.7810569645876,-1,0
52,49988.52,2.4,5642.76,48,7.039999999999999,748,3,0,4030.482345518093,-1,0
39,43195.53,1.6,15130.32,48,9.48,626,3,0,3219.6508936640416,-1,0
51,108964.78,10.4,11821.64,36,7.5,725,3,0,8712.671820476595,-1,1
28,126039.59,0.4,16725.97,60,14.08,396,6,0,10113.421043828897,-1,0
46,59999.08,2.4,23517.82,48,8.12,694,2,0,4424.4589804150655,-1,0
31,81811.55,6.9,37001.1,36,11.48,526,2,1,5597.83257449454,-1,0
24,142494.86,18.8,17181.57,36,8.219999999999999,689,2,0,11334.418242735248,-1,0
24,57734.74,3.1,16470.17,36,11.2,540,1,1,4270.4548246464465,-1,0
55,55721.49,3.3,7716.64,12,8.06,697,9,1,3971.9850150690563,-1,0
21,15000.0,2.4,4606.44,24,11.64,518,10,0,1033.9324869649606,-1,1
44,66967.86,7.1,22091.73,48,7.82,709,4,1,5043.195946393845,-1,0
46,44467.47,2.7,27513.1,36,9.62,619,3,0,2822.7526056152774,-1,0
36,21569.37,3.9,4556.54,36,7.26,737,3,1,1656.2124766826698,-1,0
50,47848.42,0.9,2200.66,36,12.52,474,2,0,3913.727165279206,-1,0
34,15000.0,3.8,16470.21,36,8.78,661,2,0,727.9364939046626,-1,1
29,63543.03,2.3,9275.01,60,9.24,638,1,0,5101.63640186606,-1,0
38,50747.95,3.2,6803.06,48,9.44,628,5,0,4058.2764857392685,-1,0
37,24721.58,2.9,14334.28,24,12.5,475,2,0,1382.0154643727146,-1,1
34,32305.89,8.4,5240.18,48,9.02,649,3,0,2561.705628634415,-1,0
30,305126.24,1.9,8794.49,36,7.4,730,4,1,25154.027065330185,-1,0
31,47827.92,2.9,36446.59,24,9.12,644,0,0,2318.5995280775974,-1,0
26,16781.91,7.1,7435.88,36,7.0,750,3,1,1168.894112960719,-1,1
33,145562.6,2.4,42268.13,48,10.34,583,1,0,11051.272844702866,-1,0
40,20443.35,1.6,4552.06,60,7.92,704,3,1,1611.4873215697758,-1,0
50,142666.32,10.6,20840.64,48,10.22,589,0,0,11358.08291685271,-1,0
29,29373.25,0.8,26964.1,60,8.12,694,1,0,1899.486245871101,-1,0
38,36406.69,8.6,12509.9,60,8.48,676,1,1,2777.3516472471506,-1,0
51,21592.0,4.7,3462.96,24,7.699999999999999,715,5,0,1643.1864238630508,-1,0
18,15000.0,1.3,7833.13,48,9.879999999999999,606,4,0,1051.7827000196248,-1,1
40,29879.7,3.6,19321.74,48,10.299999999999999,585,1,0,1997.1373202506086,-1,0
35,51022.55,6.2,12775.22,48,9.26,637,1,1,3932.387746523109,-1,0
42,50144.85,1.1,17675.87,48,10.74,563,3,0,3724.1240138666353,-1,0
36,67598.16,3.9,7782.13,48,12.1,495,6,1,5427.86436556222,-1,0
23,40355.34,6.9,6696.27,12,9.6,620,4,0,2775.481503182724,-1,0
36,139728.76,21.8,9966.73,24,12.22,489,2,0,11173.870123561386,-1,0
18,37590.56,0.5,10137.41,36,7.68,716,1,0,2816.3714620026,-1,0
33,123363.77,1.7,11121.47,24,7.16,742,1,0,9781.570189145936,-1,0
40,47020.38,0.6,25510.9,48,9.299999999999999,635,2,0,3279.88491701756,-1,0
50,44155.29,5.7,7643.21,60,10.72,564,4,0,3514.4908881154943,-1,0
37,89825.77,8.2,7129.37,36,5.0,850,2,0,7271.807218642244,-1,0
29,16471.06,4.2,13053.39,36,6.68,766,3,0,971.4446276080239,-1,1
18,15000.0,7.6,3639.83,36,6.5,775,1,0,1138.4428398599925,-1,0
42,15000.0,3.6,31719.81,36,9.719999999999999,614,2,1,230.65571946310638,-1,1
37,59565.24,2.0,23853.45,48,10.1,595,4,1,4357.638692641455,-1,1
27,48753.71,2.4,52769.85,24,7.039999999999999,748,2,0,1699.2098571063857,-1,0
39,24334.93,0.1,8125.09,24,11.72,514,3,0,1646.4961908238038,-1,0
47,102918.66,0.2,9191.92,36,7.16,742,2,0,8292.062281929035,-1,0
35,44614.38,11.6,29745.66,36,11.78,511,3,0,2733.006082384494,-1,1
29,52602.03,0.3,74995.2,48,6.82,759,3,0,2593.905376165866,-1,0
19,24061.95,1.5,22630.69,48,10.44,578,5,0,1426.3958866467779,-1,1
24,22007.07,15.8,15863.23,36,10.44,578,4,1,1318.7774466819699,-1,1
30,176981.09,0.2,8531.78,48,8.92,654,3,1,14536.43440631628,-1,0
37,52478.61,1.4,7320.59,48,7.799999999999999,710,3,0,4195.186968113964,-1,0
34,15000.0,2.8,6234.18,36,11.379999999999999,531,3,0,1044.7772501932918,-1,0
33,83250.89,12.1,8136.06,24,6.619999999999999,769,2,1,6574.701761703906,-1,0
29,159697.96,9.3,8827.78,24,8.06,697,2,0,12908.665139120847,-1,1
31,18283.02,11.0,3596.9,24,10.42,579,6,0,1356.908188341151,-1,0
49,70044.64,8.5,19283.19,36,12.54,473,2,0,5191.5906910798,-1,1
27,36102.25,5.8,12334.68,48,10.12,594,1,0,2694.970164531486,-1,1
43,53188.56,2.1,46572.36,36,5.52,824,2,0,3025.6654316099075,-1,0
51,132161.48,1.7,25454.33,48,6.98,751,6,1,10404.157215584459,-1,0
24,29065.3,1.7,7119.87,12,8.48,676,4,0,1801.180755645003,-1,0
39,29299.28,8.1,14705.23,12,7.719999999999999,714,2,1,1164.324796971459,-1,0
26,86235.62,8.8,39198.4,12,5.0,850,2,0,3830.6253525296033,-1,0
30,24662.68,6.9,18844.56,48,13.26,437,1,0,1547.235802165888,-1,1
35,36611.43,0.0,21767.62,36,6.699999999999999,765,6,0,2381.8133119106687,-1,0
31,15000.0,0.2,10380.5,36,9.34,633,3,0,918.2578095334525,-1,0
25,95949.37,13.0,7058.26,48,10.08,596,5,3,7816.493828266498,-1,1
48,40102.67,0.5,20802.01,60,6.959999999999999,752,7,0,2930.3769004200944,-1,0
32,79340.3,1.2,27396.15,36,8.0,700,3,0,5753.195898030481,-1,0
49,25544.81,1.0,5056.24,60,8.64,668,2,2,2024.6561575426617,-1,0
18,64226.73,0.9,2570.83,48,5.0,850,2,0,5293.023101209775,-1,0
42,26515.91,3.8,27533.63,48,5.0,850,1,0,1575.5791183311048,-1,0
46,43305.96,16.8,4986.02,36,9.719999999999999,614,3,0,3448.5998167283296,-1,0
52,63373.62,7.3,4801.67,24,10.82,559,3,0,5057.740601998214,-1,1
32,27644.07,5.2,5077.55,48,8.08,696,3,0,2179.523904661163,-1,0
21,15000.0,0.8,8775.44,36,11.08,546,5,0,962.3707799587994,-1,0
34,15353.24,0.7,5860.82,48,12.92,454,3,0,1122.4381522197368,-1,0
36,17165.28,5.4,5115.85,48,5.0,850,4,1,1312.6255884866075,-1,0
30,28010.88,13.3,8976.35,48,8.78,661,3,1,2111.7996731303274,-1,0
18,31602.82,3.0,12209.51,24,9.12,644,2,0,2075.1075417327665,-1,0
29,19396.29,6.1,20775.46,60,8.12,694,3,0,1193.9119329149457,-1,0
39,88030.72,5.9,8443.25,36,6.48,776,6,0,7077.192993412541,-1,0
24,34405.57,0.3,14045.28,48,9.799999999999999,610,1,0,2512.253763110981,-1,0
29,72868.23,9.4,29479.46,36,5.0,850,4,0,5188.8266376388965,-1,0
40,16547.15,10.5,7539.39,48,13.44,428,5,0,1175.015857246848,-1,0
24,41595.42,0.2,5493.33,24,6.9399999999999995,753,5,1,3220.48384214898,-1,0
27,59982.95,10.5,11667.91,48,9.799999999999999,610,6,0,4703.770254603818,-1,0
41,16532.11,2.0,4121.5,36,10.379999999999999,581,1,0,1243.9501011899474,-1,0
44,21824.2,3.1,8135.16,24,10.66,567,3,0,1440.8039924729565,-1,1
37,170203.13,14.4,16041.37,36,7.140000000000001,743,4,0,13687.255774110177,-1,0
30,94072.16,4.9,21020.99,24,10.02,599,2,0,6869.140575818619,-1,0
24,15000.0,1.9,12646.91,36,14.92,354,5,0,812.0860077750126,-1,0
22,44238.65,14.9,9622.54,36,8.34,683,3,0,3383.5071747179454,-1,0
32,49074.76,1.5,4638.32,36,6.4,780,3,0,3947.6144725793056,-1,0
51,45791.6,0.7,8993.57,48,10.26,587,4,0,3586.7418885711945,-1,0
54,58772.81,4.3,29991.29,12,8.74,663,2,0,2278.566223421915,-1,0
41,43785.04,11.0,4502.99,48,8.379999999999999,681,5,0,3538.017208343779,-1,0
41,51138.49,8.4,16207.76,60,11.4,530,2,0,3905.9030668126684,-1,1
38,103869.84,5.2,8708.04,24,9.48,626,2,0,8256.07489978028,-1,1
40,33495.95,1.3,2483.34,48,12.2,490,4,0,2725.6891746994543,-1,1
29,98228.56,0.1,15185.53,24,9.52,624,3,1,7488.337651477084,-1,1
36,30611.56,2.1,10470.17,12,5.32,834,2,1,1653.102321751514,-1,0
46,141382.22,33.7,21084.92,48,5.32,834,5,1,11293.218520769784,-1,0
31,35693.06,4.5,5128.16,24,6.84,758,2,0,2745.1925064867523,-1,0
33,15000.0,0.4,25593.04,60,11.24,538,2,0,690.477166191969,-1,0
43,34519.01,5.9,8513.66,36,8.219999999999999,689,2,0,2608.9321069778293,-1,0
26,33478.14,0.2,24302.27,12,11.32,534,0,0,638.3409187930611,-1,0
19,34741.41,10.6,49962.54,12,10.879999999999999,556,3,0,-1517.8585284744186,-1,0
36,24703.09,0.7,5879.26,12,9.12,644,2,0,1544.1136400534479,-1,1
34,49912.76,1.6,15206.78,36,6.719999999999999,764,6,1,3691.7997755302563,-1,1
31,63648.03,13.3,10966.53,24,6.799999999999999,760,1,0,4813.996382742619,-1,0
21,15000.0,0.7,10947.71,48,9.1,645,1,1,977.0456412972514,-1,0
47,33747.43,0.0,9606.88,36,8.9,655,3,1,2507.2365377761053,-1,0
27,76110.48,5.9,8003.55,12,7.219999999999999,739,1,0,5649.206876554612,-1,0
44,15000.0,2.9,9137.93,24,6.879999999999999,756,4,0,841.3682379817621,-1,0
55,57081.29,3.5,8169.38,24,11.42,529,3,0,4374.422076043232,-1,0
29,70429.72,12.9,3485.66,24,8.5,675,3,0,5710.700305626281,-1,0
29,21863.2,1.1,15472.15,36,5.960000000000001,802,1,0,1351.5209209613427,-1,0
27,24997.18,5.0,33022.11,36,11.1,545,2,0,1000.4323382001937,-1,1
22,20790.54,5.4,4387.4,36,11.74,513,5,0,1587.3647686954832,-1,0
59,23027.5,6.9,20668.49,36,10.2,590,2,1,1250.1018656143265,-1,1
34,93659.03,8.6,9724.97,12,7.82,709,3,0,6959.768457025972,-1,0
38,21757.17,6.8,24877.77,60,7.32,734,4,0,1316.7232213847553,-1,1
30,17215.16,11.7,6541.95,24,10.86,557,8,0,1130.1155609654336,-1,0
33,87303.06,3.5,32441.21,36,7.859999999999999,707,2,0,6260.75929198492,-1,0
29,34371.62,2.0,5999.6,24,6.34,783,4,0,2597.475627034298,-1,0
43,50732.0,5.2,2471.93,24,9.14,643,2,0,4114.578332126584,-1,0
40,31846.48,6.9,4531.48,48,11.28,536,3,0,2536.1377357875226,-1,0
59,16616.58,13.6,28851.1,48,8.379999999999999,681,5,1,675.2177513527402,-1,0
32,28169.67,0.1,3847.17,24,9.56,622,3,0,2170.725396669185,-1,1
46,19536.35,5.3,14771.26,24,10.7,565,3,0,941.6282339319717,-1,1
23,42266.66,0.5,32868.21,48,8.959999999999999,652,2,0,2704.9190035591837,-1,1
47,19279.28,0.0,15075.54,36,12.12,494,2,0,1105.018526009367,-1,0
18,37578.74,10.3,16018.42,60,9.58,621,3,0,2794.51844277463,-1,0
35,22414.64,5.0,23484.14,12,13.879999999999999,406,5,0,-239.36083515317364,-1,0
21,56089.19,2.8,98736.42,60,9.68,616,3,2,2591.75454922231,-1,0
42,93163.61,2.4,22181.46,12,9.84,608,2,0,5815.181668610593,-1,0
19,44483.24,11.8,32790.51,12,9.64,618,4,0,829.6172032336053,-1,1
49,15000.0,5.0,17556.51,12,10.54,573,1,1,-297.9089400889843,-1,1
46,48134.83,11.7,43880.94,12,10.08,596,0,0,151.77117853758955,-1,1
34,25453.67,2.9,4599.11,12,10.32,584,5,0,1716.1195283649931,-1,0
43,20002.65,4.1,12530.55,60,8.879999999999999,656,3,1,1407.5030612943528,-1,1
34,69205.27,10.1,14308.05,36,9.1,645,3,1,5311.4474611003325,-1,0
29,69119.07,7.9,13578.92,24,5.940000000000001,803,1,0,5158.463527841293,-1,0
31,51263.71,9.7,9976.99,36,10.54,573,4,0,3947.5110688510654,-1,1
39,47091.36,8.0,4663.15,60,7.119999999999999,744,2,0,3831.6798029383926,-1,0
18,15000.0,9.0,5519.38,36,10.9,555,4,0,1069.563845058647,-1,0
38,95280.65,4.9,21677.46,48,7.640000000000001,718,0,0,7414.499532295419,-1,0
32,64319.78,1.2,6175.71,12,6.879999999999999,756,2,0,4825.959155031643,-1,0
35,15000.0,15.8,10384.82,48,7.5,725,2,0,998.906455579013,-1,0
26,81416.19,8.8,23183.02,48,9.34,633,1,2,6204.022052961051,-1,0
35,32615.72,3.1,27493.19,24,13.48,426,3,1,1404.6931332219383,-1,0
45,37951.4,11.8,13267.53,36,5.440000000000001,828,5,0,2762.350586898267,-1,0
47,45118.52,1.8,17722.2,24,10.62,569,3,0,2937.0063753565005,-1,0
37,15000.0,5.3,20318.47,36,9.68,616,1,1,597.428493665877,-1,0
42,31913.11,2.3,8257.24,36,9.14,643,3,0,2396.309454585168,-1,0
41,37930.3,0.6,7802.63,36,5.0,850,2,0,2927.006512457557,-1,0
18,29995.22,12.5,14588.06,60,11.1,545,1,0,2181.6938902092347,-1,1
29,26878.18,13.2,27983.54,36,7.459999999999999,727,3,1,1369.9002202449774,-1,1
40,83323.92,7.0,5992.65,36,6.0600000000000005,797,3,0,6761.1890153896675,-1,0
51,27125.94,10.7,18160.07,12,9.74,613,4,0,666.1314814760653,-1,0
39,23466.09,0.8,18741.25,12,8.84,658,1,0,317.94772300922295,-1,1
40,15000.0,2.9,5952.27,48,10.66,567,1,0,1097.1414260632514,-1,0
35,40294.56,22.8,11754.87,24,7.640000000000001,718,6,0,2828.1670104052973,-1,0
41,25984.02,8.8,16751.18,48,8.219999999999999,689,1,0,1754.6576686314672,-1,0
18,29171.57,2.7,78927.22,60,8.48,676,4,0,812.4120776135899,-1,0
34,77073.5,7.9,37385.1,36,9.44,628,1,2,5226.284913825515,-1,0
33,262214.17,0.6,19392.26,24,8.44,678,2,0,20970.224732626622,-1,0
22,16616.33,9.4,20810.99,36,10.2,590,5,1,711.2262325730019,-1,1
20,20030.16,3.7,19304.2,48,8.299999999999999,685,4,0,1195.18490787275,-1,0
48,29267.13,15.0,34404.87,36,9.98,601,6,0,1329.102149077205,-1,0
20,55512.64,14.5,43414.69,36,5.82,809,7,1,3308.8322789892527,-1,0
45,15000.0,1.1,4507.01,60,8.08,696,3,0,1158.4414319175007,-1,0
27,37377.55,4.8,11235.83,48,11.379999999999999,531,4,0,2822.322124065465,-1,1
42,70754.62,9.2,11033.26,24,5.579999999999998,821,4,1,5409.302887444989,-1,0
24,32487.0,0.9,3303.99,36,13.0,450,3,0,2595.9255195206433,-1,0
26,68790.55,1.2,5638.77,48,11.5,525,2,0,5585.435912585252,-1,0
31,47582.35,2.8,16023.66,12,10.64,568,3,0,2551.6875068572754,-1,0
19,23581.11,2.3,5429.13,36,9.24,638,2,0,1791.8405496854025,-1,0
36,51673.58,1.3,4404.57,60,5.0,850,0,0,4223.0119970952655,-1,0
41,30044.94,0.6,53388.7,48,8.52,674,0,0,1187.2999500215162,-1,0
23,15000.0,7.0,28819.88,36,9.92,604,2,1,321.1456227485444,-1,0
18,33728.04,1.9,16016.88,12,7.58,721,2,1,1420.4952168621332,-1,0
42,25149.05,0.9,14824.47,48,15.66,317,1,1,1678.201452444482,-1,0
43,19929.96,0.5,6566.17,36,7.039999999999999,748,3,0,1457.9656250473531,-1,1
19,15000.0,1.7,14433.73,36,8.28,686,6,0,795.8326453056927,-1,1
49,43027.89,2.4,4460.63,12,7.74,713,5,0,3198.1703327372406,-1,0
41,15000.0,8.2,53909.86,60,7.359999999999999,732,4,0,173.33990595680802,-1,0
44,45688.72,2.7,17957.92,48,6.58,771,5,3,3380.8591925110904,-1,0
21,32498.57,1.3,34477.46,48,7.219999999999999,739,4,0,1879.0848395974476,-1,0
39,15000.0,1.7,15856.01,60,9.16,642,4,0,919.6226791409281,-1,1
35,117521.77,1.2,6723.0,24,7.68,716,3,1,9490.398007576185,-1,0
21,38202.35,22.2,9122.7,48,7.119999999999999,744,3,1,2964.5665047814887,-1,0
36,15000.0,0.5,7096.51,48,10.42,579,5,0,1068.5794124223798,-1,0
52,39909.15,5.5,10244.99,24,5.960000000000001,802,2,0,2871.8829224849583,-1,0
36,40987.57,2.1,14421.6,24,11.86,507,3,0,2737.6985328181627,-1,0
18,20538.51,6.5,3543.82,48,9.0,650,6,0,1623.354389134405,-1,0
48,50786.38,11.5,10989.65,36,8.02,699,2,0,3887.7212407869088,-1,0
19,15331.92,10.6,10192.79,12,10.0,600,4,0,381.5518238008274,-1,1
40,57975.38,4.1,52797.76,48,8.299999999999999,685,3,0,3534.886109466035,-1,0
38,28639.92,0.7,5811.23,24,6.5,775,4,0,2127.7914872820356,-1,0
39,32022.28,2.5,8065.14,48,8.34,683,6,0,2470.3399905083893,-1,0
43,111686.84,8.4,7226.77,48,8.98,651,3,0,9127.466811510221,-1,0
25,102567.99,4.0,33711.87,36,14.48,376,2,0,7387.265781275401,-1,0
37,16684.13,0.7,26168.07,36,6.98,751,0,0,582.589402044672,-1,1
24,32731.86,0.7,16267.98,48,8.16,692,0,0,2329.283138250711,-1,0
30,36638.62,4.4,19004.93,36,8.1,695,6,1,2456.7957769503246,-1,0
29,15768.93,6.0,4218.42,36,9.94,603,2,1,1178.0797526929725,-1,0
34,31841.0,4.4,33848.72,48,7.4399999999999995,728,4,0,1835.9392410273285,-1,0
42,60432.55,0.7,8407.09,12,9.06,647,4,1,4300.599459988404,-1,0
23,47778.0,0.7,9676.37,36,7.16,742,2,0,3682.013407170607,-1,0
22,24871.2,2.6,11253.73,48,9.5,625,1,0,1789.8710031521878,-1,0
28,15000.0,5.6,13767.26,24,8.9,655,3,0,621.677753974401,-1,1
26,23520.35,1.2,7791.21,48,8.6,670,4,0,1767.6210081476415,-1,1
34,95578.52,1.3,12622.77,48,9.24,638,2,0,7649.318036602942,-1,1
50,72377.74,0.4,15859.88,48,9.08,646,4,0,5636.201807267477,-1,0
42,37390.43,3.2,2377.39,12,10.299999999999999,585,4,1,2906.526959008813,-1,0
30,31072.43,0.9,9829.54,24,12.26,487,6,1,2125.464200876051,-1,0
21,25508.75,2.4,13195.19,12,7.619999999999999,719,2,0,980.2173977237981,-1,0
30,85944.07,6.8,27339.21,24,8.0,700,5,1,5925.5274144814975,-1,0
27,30467.52,8.6,3488.7,24,6.640000000000001,768,2,0,2383.3306489290476,-1,1
33,25840.66,1.2,17594.62,36,9.66,617,4,0,1588.463885125137,-1,0
41,22188.22,1.2,56601.14,36,10.34,583,2,0,13.610295320627529,-1,1
34,45009.72,12.5,36294.86,24,7.039999999999999,748,4,0,2125.1372714137515,-1,1
18,37955.7,1.7,91112.84,36,8.379999999999999,681,4,0,291.83057740990625,-1,0
46,41178.28,0.8,9428.4,60,9.24,638,4,0,3234.7052145770144,-1,0
20,84309.43,5.9,5784.83,48,10.74,563,0,0,6877.003242547766,-1,1
45,43981.14,2.0,2788.1,12,5.940000000000001,803,4,0,3425.210070542349,-1,0
36,18161.5,4.0,12712.69,12,7.219999999999999,739,2,0,412.1808920612784,-1,0
41,21710.12,0.3,9674.73,48,5.719999999999999,814,1,0,1583.2052559675767,-1,0
30,73796.02,0.5,7187.18,36,12.2,490,2,0,5910.263980399913,-1,0
45,24722.15,13.8,7556.19,12,7.959999999999999,702,4,0,1403.0178093553275,-1,0
32,45836.43,9.9,9548.02,60,9.18,641,4,0,3620.6661566883045,-1,0
43,23621.29,4.5,12694.91,36,14.24,388,4,0,1533.0776377986022,-1,0
21,52073.05,2.1,20853.53,48,6.58,771,0,0,3844.11054674887,-1,0
22,84704.65,9.0,8403.33,36,5.0,850,1,1,6806.865494566784,-1,0
40,126008.71,11.1,51029.64,36,7.98,701,3,0,8902.11316267954,-1,0
44,54764.42,0.2,19024.07,60,8.18,691,2,0,4176.321206526544,-1,0
38,15000.0,1.5,7625.93,48,9.879999999999999,606,3,0,1057.0258945735175,-1,0
25,15000.0,5.9,44120.14,48,10.26,587,1,1,125.48222774258056,-1,0
32,53883.07,2.8,10114.81,36,6.119999999999999,794,2,0,4181.993451991816,-1,0
38,77762.04,0.4,7701.7,24,6.6,770,4,0,6136.739936593468,-1,0
43,15000.0,2.9,7155.27,24,11.68,516,5,1,914.2448689797784,-1,0
21,15000.0,11.8,31073.24,36,8.92,654,2,1,263.03581935680234,-1,0
21,15000.0,9.6,27785.09,36,8.78,661,4,0,369.28375518135476,-1,0
21,40392.97,3.2,11194.01,24,10.78,561,7,0,2845.4948480080607,-1,1
34,128426.79,0.6,17157.29,48,10.48,576,6,0,10263.113589033452,-1,0
40,35872.92,4.6,50352.68,60,8.76,662,4,0,1950.026478632899,-1,0
22,36312.16,14.8,6687.73,12,7.68,716,2,0,2445.2472356574162,-1,0
34,44468.54,4.6,21239.28,24,8.2,690,4,2,2743.1780241181978,-1,0
64,67856.75,4.3,4626.2,48,9.04,648,2,0,5539.518096448637,-1,1
24,49969.99,2.9,38276.8,48,11.44,528,2,0,3166.683153467784,-1,1
31,56401.86,5.1,29412.5,48,9.719999999999999,614,1,0,3958.1268381969608,-1,0
31,47909.23,2.9,28014.53,36,9.0,650,4,0,3101.581268739452,-1,0
31,25948.82,5.2,56074.82,36,9.86,607,1,0,356.70846593922147,-1,0
32,15000.0,4.6,17510.21,36,11.04,548,3,0,676.4064434096392,-1,0
49,48098.24,3.1,24885.2,60,8.82,659,5,0,3493.7820948058234,-1,0
32,53847.1,2.8,22483.04,24,11.02,549,3,1,3439.1636648344593,-1,0
28,37328.65,3.5,34214.99,36,5.84,808,1,0,2072.3132014066064,-1,1
55,15000.0,7.6,25332.68,60,11.24,538,1,0,696.1692357941054,-1,1
34,21675.04,1.4,7580.84,48,9.5,625,3,0,1615.7988539328353,-1,0
55,15000.0,7.4,15307.3,24,9.299999999999999,635,5,0,548.5810811905611,-1,0
20,129835.61,1.8,10934.01,36,9.28,636,4,0,10470.508948420305,-1,0
47,60772.75,8.1,5939.13,48,7.98,701,3,0,4919.460064225177,-1,1
46,22623.64,0.5,25661.26,24,6.0,800,2,0,747.9806302786501,-1,0
43,18565.97,9.3,46609.16,36,6.539999999999999,773,4,0,117.79114966403722,-1,0
27,26804.01,0.9,14844.33,12,7.799999999999999,710,5,0,943.7548489463088,-1,0
24,20567.96,7.4,20719.07,36,9.0,650,5,0,1055.1357797040744,-1,0
36,51819.19,3.5,3523.27,48,10.76,562,3,0,4227.615174920827,-1,0
46,60134.58,8.6,18959.38,36,8.879999999999999,656,6,0,4409.370099156627,-1,0
38,15000.0,7.2,23942.08,12,10.0,600,1,0,-854.8892053318755,-1,0
28,41368.09,8.3,8151.87,24,8.84,658,3,0,3075.522904442642,-1,0
28,18062.09,1.8,24194.15,48,8.52,674,1,1,908.6009403858819,-1,1
46,18077.62,0.8,12343.94,36,11.299999999999999,535,7,0,1100.5876257680893,-1,1
49,17708.06,2.5,11446.3,36,10.64,568,2,1,1102.8828721287314,-1,0
29,46859.97,3.3,4481.44,24,9.36,632,3,0,3699.523054964145,-1,0
36,56798.76,2.5,9792.55,48,7.26,737,3,0,4497.552149041843,-1,0
42,27383.05,0.7,17559.46,24,12.32,484,1,0,1452.7095918125206,-1,0
47,52959.04,4.1,5479.83,36,6.359999999999999,782,1,0,4245.65097471541,-1,1
27,16980.58,6.5,23322.79,48,9.9,605,4,1,824.641559580181,-1,0
32,81985.48,3.4,5427.69,36,8.28,686,3,1,6661.337291928877,-1,0
33,31183.41,6.6,7810.85,48,12.58,471,2,0,2390.696509006134,-1,0
42,31139.09,1.1,67884.35,36,9.1,645,0,0,433.05917310742007,-1,0
23,77715.07,1.7,83580.66,24,8.459999999999999,677,2,0,2678.5697054600387,-1,0
29,20120.26,0.6,31000.08,36,8.26,687,1,0,701.5359570056622,-1,0
24,53235.42,6.0,66467.9,36,10.6,570,4,0,2272.7803192798847,-1,0
31,137761.05,0.8,8960.38,36,12.879999999999999,456,3,0,11178.694531275753,-1,0
27,16316.63,6.1,11869.19,48,9.56,622,3,1,1061.1876863381387,-1,0
35,19713.66,5.7,16748.15,36,5.759999999999998,812,7,0,1135.1131077880752,-1,0
40,45712.94,0.9,3501.0,48,9.98,601,5,0,3720.650884971327,-1,0
24,21524.45,4.3,4567.75,36,7.92,704,5,1,1650.7359988680687,-1,0
46,24109.35,3.5,34190.92,24,8.32,684,0,0,457.75496196932727,-1,0
33,22698.04,14.4,27980.85,36,12.32,484,6,1,957.8563674753515,-1,0
19,27471.62,0.7,27752.89,48,6.539999999999999,773,3,3,1630.6310617177237,-1,0
26,44140.02,0.2,32153.63,36,6.879999999999999,756,3,0,2687.287437882309,-1,0
39,35400.7,4.1,20468.49,36,9.18,641,3,0,2297.449734768754,-1,0
30,57181.33,2.2,24989.19,36,8.82,659,2,0,3972.5530689895727,-1,0
27,104669.65,6.3,20488.89,36,9.08,646,4,0,8070.166477532523,-1,0
39,50020.12,0.5,15392.02,60,13.64,418,3,1,3813.064186612697,-1,1
31,24684.5,9.6,17385.91,12,11.6,520,2,0,515.5760490501916,-1,0
40,26778.77,5.7,11054.03,12,7.879999999999999,706,2,0,1270.6046737400136,-1,0
23,17399.3,5.2,28432.98,60,7.16,742,8,0,884.7857542021521,-1,0
18,15000.0,4.8,4665.25,48,8.18,691,4,1,1135.7130245980352,-1,0
20,31463.94,5.7,24049.37,48,10.72,564,1,0,2003.6915437587684,-1,1
55,52450.15,0.9,14486.45,12,8.0,700,4,1,3110.692304808822,-1,1
25,15000.0,1.3,6131.05,36,13.12,444,1,0,1043.066145936106,-1,0
41,57978.83,3.1,28673.53,36,10.62,569,4,0,3897.9860846813617,-1,1
46,54724.63,5.1,25170.73,36,8.1,695,2,0,3770.464947930098,-1,0
35,55982.95,6.8,9133.61,48,11.18,541,2,0,4428.383714408858,-1,0
32,72523.59,3.3,12914.47,36,9.56,622,4,1,5629.5816206489335,-1,0
38,50052.24,2.0,10947.53,36,7.719999999999999,714,4,0,3829.3765268795432,-1,0
35,15000.0,3.9,14007.38,36,10.959999999999999,552,2,0,791.6816384379083,-1,0
30,31998.2,6.9,22971.79,24,9.219999999999999,639,3,0,1614.7360683505385,-1,0
34,104471.21,6.1,6922.56,36,12.34,483,4,0,8474.88033505073,-1,1
43,130437.96,6.4,46606.54,48,11.84,508,4,1,9646.159197876988,-1,0
24,19953.55,6.8,11363.98,36,9.799999999999999,610,1,0,1297.178301667022,-1,1
37,115398.57,0.9,5257.47,60,10.26,587,3,0,9504.16802049378,-1,0
27,57082.81,0.7,7731.56,36,5.620000000000001,819,3,1,4523.020707423361,-1,1
29,15000.0,4.9,3740.2,36,9.56,622,1,0,1130.0854313844193,-1,0
44,32860.33,6.5,56164.89,24,7.640000000000001,718,4,0,207.38671008419487,-1,0
34,55915.98,2.6,15826.29,36,7.48,726,1,0,4167.514328094952,-1,0
55,29946.34,3.8,14636.9,24,11.84,508,4,0,1807.6117719792003,-1,0
30,43422.36,0.3,35892.85,24,9.24,638,2,1,1974.819181728477,-1,0
35,18721.07,2.1,49103.99,60,5.0,850,5,1,633.4362985234876,-1,0
33,58053.31,1.3,12708.95,36,7.66,717,2,0,4441.513902153909,-1,0
27,28869.57,0.4,22083.74,36,5.34,833,8,0,1740.5515962583547,-1,0
38,43102.76,6.2,9172.72,48,6.359999999999999,782,2,1,3374.9578369224023,-1,0
32,17645.32,5.3,10084.56,36,5.699999999999999,815,3,0,1165.0204087625673,-1,0
19,26820.36,3.6,2263.23,48,8.98,651,4,0,2178.7309162757747,-1,0
41,49009.92,8.2,12361.49,36,10.0,600,2,0,3685.2894881752486,-1,0
30,25638.27,6.4,6655.81,36,7.52,724,6,0,1929.4242804921048,-1,1
45,55769.24,2.4,14467.11,24,8.24,688,5,0,3991.543758569788,-1,0
31,83021.52,12.5,7207.61,48,14.1,395,2,1,6721.139667938847,-1,1
29,130056.51,10.0,24525.6,48,10.9,555,5,0,10205.355928780236,-1,1
36,112047.61,5.3,10810.93,36,9.719999999999999,614,2,2,8989.881991203298,-1,0
34,35706.21,2.9,12397.28,60,5.879999999999999,806,2,1,2736.534485809455,-1,0
36,35027.65,4.8,4295.3,24,10.16,592,3,0,2720.4471827316993,-1,0
46,63264.09,5.7,36034.22,48,7.24,738,4,0,4405.105248077168,-1,1
41,67175.13,1.5,56842.3,48,9.0,650,4,0,4183.40445586813,-1,0
37,29425.04,15.6,7905.7,12,7.779999999999999,711,5,0,1765.186153041529,-1,0
18,41803.98,6.5,8570.26,48,8.799999999999999,660,3,1,3271.206677845742,-1,0
40,107796.2,3.0,16706.05,48,8.48,676,3,0,8571.398605703063,-1,0
36,40895.67,3.2,21972.15,48,8.24,688,3,0,2869.0893588891404,-1,0
21,23495.27,2.2,8759.96,36,9.66,617,2,1,1676.6761686976358,-1,0
40,15000.0,0.8,27766.97,24,6.16,792,5,0,17.34810065535885,-1,0
45,21150.85,2.0,13502.33,36,14.219999999999999,389,3,0,1299.6491337384196,-1,0
33,45284.35,11.3,7845.19,24,7.039999999999999,748,7,0,3422.3041642766802,-1,0
25,34314.63,8.0,12602.88,36,9.879999999999999,606,1,0,2453.602679607228,-1,0
39,26269.1,0.9,17151.48,24,9.76,612,2,0,1399.5364369658398,-1,0
22,69198.69,8.2,25286.25,60,7.4,730,5,0,5261.073660032018,-1,0
25,65692.48,4.9,3857.74,36,9.9,605,1,0,5350.075954674973,-1,0
40,33363.46,3.3,4644.94,48,8.98,651,2,1,2664.7429111031565,-1,0
48,27230.8,5.2,2274.65,36,8.9,655,2,0,2197.0058900698336,-1,0
29,45757.22,4.3,17179.24,60,7.699999999999999,715,1,0,3467.229903839216,-1,0
33,39366.4,1.0,3686.27,12,9.64,618,4,0,2957.0685132232043,-1,0
27,30278.01,15.4,19880.85,24,10.12,594,3,0,1604.665632700372,-1,0
26,64233.43,11.0,13016.27,24,11.0,550,1,0,4746.125627251056,-1,0
19,46066.81,3.9,8651.27,36,8.52,674,5,0,3565.721362388941,-1,0
23,104384.37,3.1,24615.77,24,6.719999999999999,764,1,0,7599.707960220536,-1,0
28,16888.06,2.1,13400.48,36,8.14,693,2,0,986.5499897146842,-1,0
24,31007.8,0.1,14493.35,36,12.0,500,4,0,2102.5967162072466,-1,1
19,53400.16,9.7,4638.61,24,6.9399999999999995,753,2,0,4242.456949715506,-1,0
33,21114.62,6.5,36566.75,12,10.64,568,3,1,-1466.141189844792,-1,1
35,83972.63,4.2,5129.28,48,11.34,533,2,0,6864.301734801309,-1,1
33,22043.33,6.6,8491.57,36,8.08,696,6,1,1570.5357281459835,-1,0
35,44292.69,0.6,7319.17,48,6.959999999999999,752,4,1,3515.9266615666957,-1,0
34,25326.2,7.3,11762.21,12,7.5600000000000005,722,6,0,1089.7318564993848,-1,0
25,35006.42,4.4,2155.26,24,7.76,712,2,1,2819.960838774843,-1,0
27,27202.91,9.1,13986.72,36,10.2,590,1,0,1814.2825773911663,-1,1
41,15000.0,5.8,22474.68,36,7.08,746,2,0,555.2247709661981,-1,0
25,46785.82,4.4,13950.47,48,11.06,547,3,2,3537.854524403655,-1,0
25,72443.32,1.3,7619.31,12,9.86,607,4,0,5367.5809473498375,-1,0
34,15000.0,3.0,20986.7,24,9.16,642,6,1,289.68663183056003,-1,1
39,39154.38,1.8,16982.95,12,6.959999999999999,752,3,0,1793.698744385763,-1,0
18,15000.0,8.4,9199.88,12,8.7,665,6,0,446.7362200658762,-1,1
31,58074.45,6.0,53072.95,24,11.52,524,1,0,2353.0895076189795,-1,0
41,28067.26,3.6,41938.89,24,10.06,597,3,0,402.50972682648217,-1,1
29,32024.57,0.4,23886.5,24,13.16,442,3,0,1531.310449578679,-1,0
29,56053.69,3.2,13320.7,48,9.94,603,0,0,4333.677169957342,-1,0
40,34286.41,2.8,13916.32,48,8.42,679,4,0,2514.7125292746173,-1,0
32,20636.86,12.6,25118.22,12,5.34,833,5,0,-434.484872884261,-1,1
31,15000.0,0.1,40190.04,24,6.84,758,1,0,-546.497986957733,-1,0
30,20268.17,3.7,3934.61,48,9.26,637,4,1,1590.6147546321934,-1,0
39,15335.88,5.9,36844.31,36,9.56,622,2,0,96.72441538187195,-1,0
37,59565.24,2.0,23853.45,48,10.1,595,4,1,4357.638692641455,-1,1
35,153026.57,6.5,7676.71,12,5.960000000000001,802,2,0,12091.648275271364,-1,0
32,45552.85,10.9,14682.94,24,7.08,746,2,0,3138.1451010236324,-1,0
30,49789.96,11.6,14728.76,12,9.799999999999999,610,4,1,2855.640972566961,-1,0
28,64627.56,6.1,14893.22,36,10.16,592,5,0,4903.948140505026,-1,0
20,68224.15,5.0,6729.57,36,8.24,688,4,0,5473.719698216703,-1,1
34,36869.45,0.9,11036.05,48,7.619999999999999,719,3,0,2804.996128270715,-1,1
23,30640.87,12.7,14800.78,12,10.28,586,4,0,1250.2538989845798,-1,1
34,21426.95,17.1,5440.6,36,8.78,661,6,0,1613.126070363566,-1,0
35,35447.2,6.1,23456.21,60,11.92,504,3,0,2433.110656932435,-1,0
55,48459.32,4.0,11764.38,60,10.06,597,1,0,3787.970903890427,-1,0
18,24604.5,8.6,19882.37,48,9.74,613,4,0,1548.585684336036,-1,0
49,15000.0,7.7,6941.63,48,7.5,725,3,0,1082.1590089419888,-1,0
27,103975.38,0.4,21249.54,48,6.92,754,3,0,8156.556642320036,-1,0
44,15000.0,0.9,7374.54,60,7.02,749,3,0,1103.9056728770895,-1,1
28,26694.76,5.1,3297.27,48,9.36,632,2,0,2141.9458355311167,-1,0
18,15136.26,6.0,13355.25,48,7.24,738,4,0,940.0577358995865,-1,0
33,16403.97,5.3,5147.36,12,9.18,641,0,1,916.4234961205698,-1,0
18,20792.99,15.2,8958.48,36,11.06,547,1,0,1439.2054141071067,-1,0
36,33033.12,1.1,21680.31,48,8.34,683,1,0,2220.013350929921,-1,1
31,37449.02,7.9,64942.75,24,9.76,612,3,0,131.16196982106612,-1,1
44,43453.76,2.0,69901.2,24,11.2,540,3,0,356.7083816586737,-1,1
29,15000.0,2.3,15102.31,24,10.24,588,6,1,551.4309222344363,-1,0
48,18634.87,0.1,15661.07,24,9.78,611,2,0,831.8161146797377,-1,0
23,116793.85,3.9,70190.45,36,6.74,763,1,1,7573.877724532648,-1,1
31,50324.47,3.3,12892.29,48,8.82,659,6,0,3873.9814239892285,-1,0
48,78553.62,0.2,59928.78,48,10.0,600,0,0,5026.1863171073865,-1,0
30,76404.77,9.3,7719.72,36,12.04,498,1,0,6110.511486292855,-1,0
48,51063.56,4.1,15305.33,48,7.879999999999999,706,4,0,3882.510356930954,-1,0
28,21558.27,3.3,5643.7,48,9.959999999999999,602,3,0,1653.4920776329873,-1,0
28,26118.66,0.3,29801.92,12,8.78,661,1,0,-426.6274917358787,-1,0
27,196447.04,8.9,18276.98,12,12.94,453,1,0,14738.65105519774,-1,0
58,64513.9,13.9,2796.33,48,5.100000000000001,845,2,0,5311.634081101037,-1,0
32,32741.8,0.8,11841.03,48,8.959999999999999,652,5,0,2434.0436497322,-1,0
44,139367.02,3.5,14745.65,60,10.64,568,3,1,11295.953179612969,-1,1
29,63338.51,0.2,64884.63,24,5.0,850,2,0,2431.6302761858274,-1,0
30,42549.06,1.6,3709.77,48,14.219999999999999,389,4,0,3443.970176505852,-1,0
32,52378.6,33.5,59052.41,60,8.18,691,2,0,3162.4198353445663,-1,0
31,71241.09,13.8,37109.73,24,8.1,695,2,0,4256.691907704693,-1,0
33,25241.07,1.5,12809.98,24,8.92,654,4,1,1518.6719493418282,-1,0
40,15000.0,8.6,46990.52,12,8.76,662,9,0,-2854.1624001869095,-1,0
30,35714.4,4.0,19897.44,12,10.299999999999999,585,2,0,1224.1214532156303,-1,0
34,133912.2,13.6,2700.26,48,11.42,529,1,0,11089.008332442949,-1,1
49,66034.97,4.2,23598.67,48,10.94,553,2,0,4893.6815929132135,-1,1
29,129311.17,4.6,20528.3,48,11.98,501,3,0,10235.543521731575,-1,1
37,55619.5,8.9,22969.68,48,8.42,679,2,1,4069.66185064456,-1,0
48,25689.85,5.6,6239.01,60,8.18,691,2,0,2013.7780625372404,-1,1
37,15000.0,0.7,35856.98,36,7.24,738,2,1,138.90166265341554,-1,0
18,16920.27,5.2,5045.2,48,6.74,763,0,0,1289.8165617675122,-1,1
33,153629.0,3.5,11566.49,24,8.54,673,2,1,12276.442388277053,-1,0
26,23573.79,3.5,6811.01,36,11.299999999999999,535,3,0,1740.529891834864,-1,1
40,46463.72,0.4,12224.67,48,9.719999999999999,614,2,0,3563.5686969684516,-1,0
24,39885.15,6.1,18045.58,12,8.44,678,6,0,1750.3322516641904,-1,0
39,22315.75,7.2,37852.3,36,10.56,572,3,0,628.2824031046343,-1,0
36,57252.0,3.1,7885.55,36,12.86,457,4,0,4505.836089017224,-1,0
39,20589.57,0.3,23995.26,60,9.42,629,1,0,1212.789963806787,-1,0
37,37547.84,3.3,31649.83,24,9.08,646,0,0,1681.9103413579655,-1,1
29,15000.0,6.6,1632.93,48,11.959999999999999,502,1,0,1207.0307532855895,-1,0
42,25169.0,2.0,37229.7,36,7.9399999999999995,703,2,0,931.8033944498316,-1,0
33,15917.23,6.0,1457.94,48,7.98,701,4,0,1290.8569429548527,-1,0
34,80036.22,9.6,9098.63,36,9.18,641,4,0,6379.588164661505,-1,0
31,15000.0,1.1,5110.51,12,7.459999999999999,727,3,0,806.7197252866283,-1,0
26,33632.28,1.5,13446.03,48,8.4,680,4,0,2471.9026235513356,-1,0
44,15000.0,5.2,7484.88,36,6.279999999999999,786,3,0,1021.344645653043,-1,1
38,20879.61,5.0,3422.82,48,6.779999999999999,761,3,0,1658.3527259450157,-1,0
31,32976.48,2.4,36979.98,48,7.539999999999999,723,2,1,1853.2142181558847,-1,0
36,27117.53,1.0,13734.35,36,7.48,726,3,2,1832.69662323235,-1,1
39,47619.8,2.4,21500.65,24,5.0,850,3,0,3025.053270980865,-1,0
18,48832.73,2.9,27089.9,36,10.12,594,0,0,3193.752271138264,-1,0
41,16179.16,5.9,12192.84,60,8.94,653,2,0,1095.5149359139407,-1,0
32,24143.83,1.9,7183.24,48,11.22,539,2,0,1825.5628600360774,-1,0
39,33155.05,5.2,50832.22,48,7.02,749,3,0,1545.2083289860916,-1,0
42,138982.26,11.4,8005.71,36,12.66,467,4,0,11313.420180047804,-1,1
50,21773.11,1.8,11250.53,24,11.34,533,3,0,1288.285250385744,-1,0
49,33856.26,4.2,4307.64,48,12.78,461,2,0,2706.2616086619623,-1,0
42,34778.57,0.9,28492.62,36,11.42,529,5,0,1959.7250482080906,-1,1
30,32026.83,4.1,5135.77,24,13.94,403,3,1,2422.464922009171,-1,1
49,86077.79,3.4,10437.15,24,9.58,621,8,0,6693.548383981867,-1,0
35,28645.85,8.5,10883.26,60,9.86,607,2,0,2156.6660422922578,-1,0
35,50922.03,1.1,15365.6,48,10.72,564,0,0,3848.4566594137277,-1,0
23,58562.91,11.7,7282.39,60,5.98,801,2,1,4739.521213892472,-1,0
25,39938.23,4.2,56935.27,48,9.58,621,4,0,1895.6171595053,-1,0
18,132489.28,1.1,2400.26,24,9.28,636,0,1,10930.809457385469,-1,0
28,37200.43,0.9,7741.17,48,12.92,454,1,0,2892.666866178372,-1,0
43,15000.0,23.7,5179.78,36,12.28,486,4,0,1077.263650118817,-1,0
46,17274.19,2.8,15148.16,36,8.26,687,3,0,963.0085397717754,-1,0
24,19911.78,4.8,8897.13,36,10.48,576,2,0,1370.2204329341735,-1,0
24,22345.12,0.1,5413.19,48,10.24,588,0,1,1724.176092447788,-1,1
44,15051.94,3.4,1690.36,36,8.44,678,3,0,1201.014813809744,-1,1
25,24184.84,4.8,16611.87,12,8.98,651,4,0,562.8248336439835,-1,1
44,47800.12,2.8,16530.53,48,6.52,774,3,0,3591.1700913847926,-1,0
33,36241.47,2.7,82505.15,48,8.76,662,0,0,976.3677652405634,-1,0
35,83723.05,1.6,42973.21,48,7.98,701,1,1,5928.22258251271,-1,0
32,81085.91,8.7,15880.96,36,5.300000000000001,835,3,0,6279.050539911865,-1,0
27,47327.55,6.7,38719.64,60,7.1,745,6,0,3175.4391056475065,-1,1
23,38368.85,3.8,4960.6,60,10.34,583,1,0,3091.1742821407606,-1,1
34,34987.16,0.1,22121.19,48,9.92,604,2,0,2355.3956430638304,-1,0
31,71642.49,7.0,8778.61,24,9.78,611,1,0,5566.009995291213,-1,0
33,59198.91,2.4,2683.35,48,10.799999999999999,560,8,0,4864.150251578875,-1,0
42,15000.0,2.3,13414.21,36,7.199999999999999,740,5,0,834.5803986856475,-1,0
31,15000.0,4.8,25162.92,48,9.799999999999999,610,1,1,614.217493147916,-1,0
23,40812.98,10.0,10483.63,24,9.16,642,3,0,2921.369752171192,-1,0
51,83392.55,1.3,19709.4,48,10.08,596,2,0,6448.740298494584,-1,0
18,70939.64,4.8,10722.32,36,10.62,569,2,0,5562.52804447635,-1,1
32,45004.57,8.3,78622.76,36,9.6,620,8,0,1228.1850489566946,-1,0
31,21248.52,6.6,13329.99,12,8.959999999999999,652,2,1,605.2299349664268,-1,0
39,25531.04,0.5,12761.72,24,8.719999999999999,664,4,0,1546.208896939911,-1,1
48,66552.81,10.7,4322.16,24,5.699999999999999,815,1,0,5355.0904602701585,-1,0
36,40036.46,5.7,35082.4,60,10.64,568,4,1,2579.8786867790845,-1,0
25,22798.91,31.0,20779.93,48,8.36,682,3,0,1389.0915314105466,-1,0
43,21946.64,8.9,91541.14,24,6.959999999999999,752,1,0,-2267.986490467206,-1,0
19,39772.99,4.2,10987.31,36,11.54,523,5,0,2951.8891728229523,-1,1
45,42664.67,0.2,13614.84,24,5.640000000000001,818,2,0,2954.1772468605523,-1,0
42,265618.3,0.5,13828.89,36,10.74,563,1,0,21683.819018872415,-1,1
35,15000.0,0.6,9992.78,60,7.779999999999999,711,6,0,1048.4329410511682,-1,0
36,116301.83,3.6,16330.42,36,7.52,724,2,0,9183.691544962303,-1,1
55,41598.31,0.7,33477.46,24,6.0600000000000005,797,1,1,1981.8791232987928,-1,0
33,36207.3,2.8,5698.16,60,8.44,678,2,1,2900.5332305932607,-1,0
39,20033.15,13.5,32975.36,24,6.779999999999999,761,2,0,196.32386424721494,-1,0
26,15000.0,0.1,17694.38,48,8.54,673,2,0,813.5293216451163,-1,1
25,22791.12,2.2,5187.87,48,7.26,737,4,0,1774.403241275225,-1,1
18,16798.94,4.5,4536.97,36,9.14,643,1,1,1255.3414329216062,-1,0
37,23665.24,2.1,6148.62,48,12.92,454,3,0,1807.39528806003,-1,1
41,15000.0,0.6,4161.67,24,10.379999999999999,581,5,1,1057.229315615979,-1,0
33,25858.87,23.5,8189.26,48,10.799999999999999,560,4,0,1944.0446388170808,-1,0
29,60085.83,4.7,21938.77,48,11.959999999999999,502,4,0,4429.851317009482,-1,1
36,15000.0,5.5,6435.79,48,8.24,688,5,0,1092.1575161861786,-1,0
53,37786.03,1.4,32803.11,48,9.26,637,3,0,2328.4732721386663,-1,0
49,69464.02,7.1,16421.68,60,5.960000000000001,802,2,1,5471.496598259167,-1,0
36,15000.0,7.4,5344.96,48,6.4,780,0,0,1123.4908972574692,-1,0
42,24022.52,1.9,13022.93,48,6.0,800,1,0,1696.0327773274287,-1,0
32,37908.88,8.5,61834.18,24,9.92,604,0,1,308.0222720390475,-1,0
39,89051.34,2.7,25911.61,48,10.62,569,8,1,6756.017553537566,-1,0
40,15205.75,1.9,5223.97,48,11.42,529,2,0,1131.0616188250979,-1,0
19,49867.65,2.4,3829.26,12,7.119999999999999,744,2,0,3824.0922198953617,-1,0
33,15000.0,5.3,8180.06,24,11.36,532,4,3,867.3764407019526,-1,1
24,15000.0,10.7,12324.05,24,11.94,503,3,0,670.2094292273499,-1,0
26,17523.47,6.7,7670.43,60,8.06,697,2,0,1304.540153431966,-1,0
66,37127.47,9.9,25749.17,36,11.24,538,3,1,2248.0315006838096,-1,1
49,16854.32,3.0,7170.64,36,7.48,726,4,0,1181.5410336478599,-1,0
18,112596.42,2.0,6478.72,12,14.36,382,1,0,8800.231428434086,-1,0
24,19311.06,8.0,29382.47,36,8.12,694,3,0,686.8877493927351,-1,1
18,34873.89,3.6,23648.53,36,9.92,604,3,0,2143.9738751527634,-1,0
36,72704.06,14.6,16168.14,60,7.640000000000001,718,0,0,5733.618606460318,-1,0
34,15000.0,5.3,6921.46,24,12.5,475,1,0,922.5643583403214,-1,1
30,44605.98,16.3,30031.93,36,9.6,620,2,0,2753.749225195169,-1,0
31,23749.94,4.5,8141.89,12,13.66,417,5,0,1249.4267046933332,-1,0
28,42371.29,27.3,10689.61,48,11.42,529,4,1,3252.476910253879,-1,1
39,15736.24,0.5,40878.66,36,8.86,657,6,0,14.084799397244069,-1,1
51,92388.24,2.6,14585.83,48,10.06,597,1,1,7328.665242443769,-1,0
39,21360.21,0.7,12623.47,48,7.98,701,5,0,1471.9602031798038,-1,1
46,39912.11,0.3,33517.59,24,14.42,379,2,0,1710.074687137081,-1,1
31,79945.21,4.2,33352.98,36,7.5,725,3,0,5624.615761145336,-1,1
42,27744.48,8.9,56154.18,36,9.48,626,1,0,513.7809195654415,-1,0
33,54288.65,21.5,3320.33,24,7.219999999999999,739,4,0,4375.063055186618,-1,0
28,22518.22,11.4,3749.69,36,9.92,604,3,0,1755.6671719185042,-1,1
48,40168.43,10.8,12231.03,36,9.64,618,3,0,2954.772264327706,-1,0
31,25999.06,0.9,8609.37,36,8.459999999999999,677,2,1,1894.9712676207569,-1,0
59,53809.09,0.4,22206.35,36,5.759999999999998,812,6,0,3810.9428229190316,-1,1
24,31797.89,17.6,19933.54,24,10.86,557,5,1,1722.0600749601026,-1,1
21,32278.73,7.3,8353.01,36,12.02,499,2,0,2412.3749066473724,-1,0
30,93103.94,1.1,3208.75,12,7.0,750,2,1,7481.018970124267,-1,0
24,15000.0,14.4,5874.1,48,6.9399999999999995,753,1,0,1109.5008237203065,-1,0
19,52289.77,2.0,6748.81,36,11.62,519,2,0,4134.546671668181,-1,1
48,92464.39,2.6,19597.2,48,8.08,696,2,0,7226.204652729645,-1,0
41,23198.4,2.5,13507.85,48,10.42,579,4,0,1587.87503266953,-1,1
38,17804.78,2.5,5385.42,12,5.739999999999998,813,5,1,1020.8711272716137,-1,1
46,30540.99,3.1,38723.67,36,11.72,514,2,1,1264.0750311818797,-1,1
20,68305.4,0.2,5679.63,48,11.64,518,4,1,5543.552168767597,-1,0
37,63698.05,1.6,8089.44,48,12.56,472,4,0,5092.913842677619,-1,1
45,106186.12,2.0,31234.76,48,7.879999999999999,706,5,0,8088.069739044243,-1,0
29,19975.38,5.6,4861.74,12,12.56,472,1,0,1231.3806114268434,-1,0
20,44478.84,8.2,19757.72,36,11.86,507,3,0,3051.651317216936,-1,0
34,40130.1,0.4,7083.57,12,10.08,596,2,1,2721.153067362014,-1,1
27,38993.84,16.7,14726.79,24,8.459999999999999,677,2,1,2580.339927563348,-1,0
26,25305.61,4.9,19252.97,48,5.600000000000001,820,4,1,1660.1666576983139,-1,0
19,45052.02,4.1,26072.24,48,8.16,692,2,0,3115.8754746763707,-1,0
41,25063.18,2.8,5769.57,60,5.82,809,3,0,1977.5386428937225,-1,0
53,18529.59,2.5,9901.09,48,12.04,498,5,0,1283.2043291039815,-1,0
55,148394.88,9.3,9859.89,60,8.86,657,0,1,12162.234194761968,-1,0
31,20979.7,1.9,20423.81,48,8.52,674,2,0,1244.7031963623815,-1,0
50,44862.23,8.8,10902.44,36,5.0,850,2,0,3411.763259236877,-1,0
33,18727.62,1.8,21912.65,48,9.62,619,6,0,1008.8639405209041,-1,1
51,20413.18,2.5,12025.7,12,8.08,696,3,0,654.5567075141598,-1,0
44,28391.3,1.3,51135.33,36,9.26,637,0,0,733.657030729787,-1,0
21,234504.52,7.0,27370.01,60,7.66,717,2,0,18991.521120222973,-1,0
32,16626.53,0.2,38165.93,48,7.52,724,3,0,462.3776218354087,-1,1
23,27616.68,0.1,23860.04,36,10.58,571,4,0,1524.98002838281,-1,0
26,127760.36,0.9,14300.07,48,9.24,638,2,0,10289.206947768565,-1,0
31,49142.73,2.3,29647.87,12,8.76,662,7,0,1505.7759829784932,-1,0
47,44286.43,1.7,7457.17,48,10.14,593,4,0,3500.9009659646376,-1,0
23,35752.81,0.4,16833.73,48,13.879999999999999,406,4,1,2520.4069834719485,-1,0
19,15000.0,0.7,3961.8,24,6.08,796,4,0,1074.267757927944,-1,0
28,23937.53,0.7,14739.74,24,12.56,472,1,2,1297.0824692102772,-1,0
39,44791.35,0.9,23830.46,36,11.42,529,3,0,2947.685476866909,-1,0
47,15000.0,0.9,18719.76,24,11.98,501,4,0,368.9707274502,-1,1
29,60724.23,4.6,5710.9,48,10.799999999999999,560,5,0,4913.305368053662,-1,0
27,39503.28,11.6,6952.14,60,7.5600000000000005,722,1,2,3152.4350729569223,-1,0
32,28952.8,4.2,17788.22,36,9.76,612,8,0,1840.7597725844807,-1,0
46,107296.2,1.2,26286.0,36,11.74,513,7,0,8071.539278372036,-1,0
28,15000.0,4.1,14057.53,24,7.76,712,2,1,615.7536189071668,-1,1
40,104885.39,5.0,11539.58,24,10.86,557,4,0,8203.364034905062,-1,0
32,47643.44,4.0,8179.3,48,9.32,634,4,0,3765.4993505690145,-1,0
19,42991.4,1.3,29233.4,48,8.04,698,2,0,2868.394926432914,-1,0
42,16252.33,1.0,17648.64,24,5.399999999999999,830,0,1,576.9250429531404,-1,1
25,15000.0,5.9,12729.44,36,10.7,565,3,0,835.0605960791656,-1,1
41,112089.54,0.2,18605.0,48,9.18,641,5,1,8876.216980724925,-1,0
35,15530.73,1.2,13670.34,36,11.58,521,3,0,842.9139810812843,-1,0
18,43308.97,12.6,3548.33,12,9.0,650,3,1,3298.7741347663205,-1,0
34,72599.95,21.2,3173.45,48,10.82,559,4,0,5968.253485431159,-1,0
39,31860.43,2.9,5101.88,60,10.42,579,6,1,2545.5786135904086,-1,0
50,15000.0,1.9,16388.29,24,7.779999999999999,711,3,1,510.4453159751596,-1,1
52,22779.49,0.9,10918.0,36,11.92,504,3,1,1536.074029462663,-1,1
39,49095.27,3.6,48026.76,60,8.14,693,6,1,3114.241915623637,-1,0
21,35420.75,2.1,8299.46,48,6.02,799,4,0,2756.7399959218114,-1,1
38,81997.7,4.3,38310.94,60,11.52,524,5,0,5990.199492182742,-1,0
31,15000.0,2.3,10366.3,12,9.62,619,4,0,340.46860398217655,-1,1
44,15000.0,3.1,23362.42,24,14.02,399,5,0,128.0821084547972,-1,1
50,24244.51,8.2,55905.21,24,10.64,568,2,0,-575.9110939963577,-1,0
30,46172.24,2.6,7782.45,36,10.26,587,4,2,3595.6178318493985,-1,1
44,15000.0,2.1,16823.58,36,8.78,661,6,1,716.7355692565305,-1,0
30,54673.92,5.6,8652.34,24,9.62,619,3,2,4158.414225133138,-1,0
43,40096.14,1.2,48299.29,36,8.36,682,0,0,1819.7866638528862,-1,0
39,139036.75,2.0,19138.98,36,8.74,663,1,0,10980.094698012272,-1,0
27,58357.66,2.0,48008.71,36,11.28,536,2,1,3285.0212658373775,-1,1
54,17846.42,1.9,27210.33,36,6.08,796,4,0,658.424027487159,-1,0
48,33264.4,9.0,28230.83,24,6.84,758,3,1,1510.1129852782933,-1,0
43,37543.68,35.9,24469.31,36,5.0,850,1,0,2395.272827767836,-1,0
18,19505.0,2.8,1736.4,24,8.1,695,3,1,1546.8047798525731,-1,0
32,15000.0,0.6,25359.83,48,10.74,563,1,0,597.7593621106348,-1,1
46,31033.16,8.5,10579.93,24,8.459999999999999,677,2,0,2105.3723771615287,-1,0
27,25407.41,3.7,37191.7,60,9.56,622,2,0,1335.098277038208,-1,1
46,97402.2,5.7,36947.18,60,7.08,746,1,1,7383.856210147763,-1,1
46,40639.06,0.3,20003.28,36,11.26,537,2,0,2729.2409279534704,-1,1
29,116711.29,9.2,10116.43,36,6.26,787,2,0,9416.986244431917,-1,0
57,33237.42,2.8,4462.92,36,8.959999999999999,652,3,0,2627.948406527282,-1,0
40,15648.49,6.4,9677.64,24,7.74,713,4,1,867.4940809715927,-1,1
33,55200.13,0.9,3167.75,12,10.02,599,4,0,4321.48581484524,-1,0
35,25076.41,6.6,41008.83,48,10.9,555,3,0,1031.7966009217241,-1,0
45,75570.05,5.2,18385.2,60,9.66,617,3,0,5909.941618212987,-1,0
53,128423.36,1.5,1327.96,24,11.48,526,4,0,10639.756967714095,-1,0
29,36601.54,12.6,8971.31,60,9.08,646,5,0,2863.550175565507,-1,0
32,68813.11,2.1,34546.86,36,9.92,604,2,0,4620.992948418711,-1,0
42,33383.25,5.6,3134.15,48,7.0600000000000005,747,3,1,2706.799101183263,-1,0
26,70277.81,2.6,7547.35,48,9.64,618,4,0,5666.366076312126,-1,0
29,89198.33,7.2,3404.34,36,8.0,700,1,2,7326.514524271699,-1,0
34,15000.0,8.5,7871.83,36,8.379999999999999,681,1,1,1001.9431860528398,-1,1
53,35441.24,0.6,5887.67,36,12.08,496,5,0,2757.656729542547,-1,0
31,37293.51,2.0,14829.34,48,10.24,588,4,1,2729.970613653197,-1,0
18,46540.8,3.3,7788.44,36,10.18,591,2,1,3626.430241415803,-1,0
23,41131.76,8.7,6944.83,48,8.459999999999999,677,5,1,3256.5995118514147,-1,0
23,22559.09,1.4,5173.2,24,11.2,540,0,0,1638.3318601539982,-1,0
24,32220.65,0.7,21108.74,24,6.959999999999999,752,2,1,1740.3441675677038,-1,1
50,54483.28,0.5,7645.67,48,8.1,695,4,0,4353.261087853287,-1,0
38,30089.32,10.4,33093.03,36,5.879999999999999,806,2,0,1502.4876030997034,-1,0
42,59458.69,5.7,13661.9,36,6.959999999999999,752,1,0,4533.300836167445,-1,0
26,22806.26,0.7,11315.86,48,9.4,630,2,0,1616.7718430652906,-1,1
38,24799.8,4.1,14087.17,36,8.12,694,5,0,1624.4290341745557,-1,1
39,40760.54,1.6,37499.27,12,5.259999999999998,837,0,0,182.02387852376114,-1,1
23,67205.82,0.4,5136.1,24,10.959999999999999,552,6,0,5361.197853340115,-1,1
37,25390.2,5.3,8197.4,60,8.66,667,3,0,1947.034944053941,-1,0
30,45377.82,5.4,37863.53,12,7.6,720,5,1,494.79458944338194,-1,0
39,41276.15,7.7,100000.0,36,8.56,672,5,0,280.1444815834857,-1,1
24,21961.83,9.0,27776.79,48,7.76,712,2,0,1155.1647649198676,-1,0
41,16699.14,2.2,4744.79,24,9.92,604,4,0,1172.822169744654,-1,0
36,17509.13,18.0,13243.52,60,6.9,755,5,0,1197.480979027228,-1,0
30,29691.17,1.4,70643.49,36,11.799999999999999,510,1,0,134.63182543477888,-1,1
36,146586.13,1.0,15066.95,36,7.9399999999999995,703,1,0,11743.784311448188,-1,0
28,56499.84,4.0,3668.97,24,8.78,661,7,0,4541.074154353673,-1,0
32,15000.0,10.1,20948.8,60,8.08,696,0,0,824.4313566984188,-1,0
28,15000.0,5.6,13767.26,24,8.9,655,3,0,621.677753974401,-1,1
29,18155.0,1.4,6133.62,48,7.66,717,3,0,1364.154053591367,-1,0
47,39850.06,0.0,3530.35,24,9.6,620,2,0,3158.5815936549443,-1,0
23,45021.8,2.0,19044.39,48,7.959999999999999,702,3,0,3287.244948832774,-1,0
27,27549.07,0.6,9270.23,36,11.459999999999999,527,1,0,1990.2369934884446,-1,0
20,38183.85,9.5,8272.32,60,8.76,662,3,1,3011.229695420869,-1,0
24,20199.53,1.0,28499.62,36,9.84,608,3,0,765.8309715844101,-1,1
49,30038.14,2.1,15903.87,36,8.0,700,4,0,2004.8088507622426,-1,1
27,25755.13,1.6,10028.24,48,11.78,511,4,0,1883.260744064012,-1,1
31,26397.81,15.1,9724.8,48,7.379999999999999,731,3,1,1965.2267352111,-1,0
18,15000.0,0.5,19969.33,48,13.64,418,4,0,707.907927110566,-1,0
37,46526.97,4.0,31465.9,36,8.64,668,5,0,2881.9040228723084,-1,1
32,17992.11,3.6,7337.08,24,10.28,586,2,1,1159.8245015613713,-1,1
49,80742.33,15.8,10463.12,24,8.68,666,0,1,6252.057309622627,-1,0
32,15000.0,1.7,2290.7,36,6.92,754,1,0,1179.3535916090339,-1,0
28,15904.19,8.5,10623.79,12,8.1,695,1,1,400.7110835838338,-1,0
34,209455.47,9.2,25439.69,36,9.24,638,3,0,16642.802575279326,-1,1
42,22672.52,12.2,17597.34,12,10.879999999999999,556,2,0,335.0793954527928,-1,1
21,46517.11,4.9,2534.84,48,9.16,642,2,0,3813.153476056321,-1,0
27,28936.74,13.7,6966.05,48,8.5,675,3,0,2239.6936863871824,-1,0
50,36002.51,0.1,2532.48,36,8.2,690,4,0,2920.6165837124827,-1,0
45,57711.72,5.6,6946.33,60,7.799999999999999,710,6,1,4669.127414587509,-1,0
28,63277.41,3.0,8705.19,48,9.44,628,4,2,5054.665162745533,-1,0
18,56565.05,9.0,13920.26,36,6.68,766,1,0,4285.970680456587,-1,0
38,15000.0,1.4,24863.66,12,6.879999999999999,756,3,0,-899.9963828676018,-1,1
36,161898.49,5.7,6443.66,24,7.26,737,7,1,13202.281452556748,-1,0
22,38096.42,2.4,10266.46,24,9.32,634,6,0,2704.1723102233755,-1,0
33,89734.05,4.5,23962.71,24,8.5,675,3,0,6388.596344963062,-1,0
49,64516.55,8.5,13887.76,36,7.02,749,6,0,4947.438450449053,-1,0
31,34760.62,1.7,7565.0,36,8.18,691,4,0,2659.0300473349603,-1,0
32,60139.82,0.5,12900.25,36,11.2,540,6,0,4588.091165746639,-1,1
34,19211.1,8.5,7907.24,48,10.68,566,1,1,1397.7848713942567,-1,0
31,89913.55,0.9,3920.98,48,9.52,624,4,0,7394.251064013177,-1,0
18,36722.17,9.3,32867.24,24,14.379999999999999,381,3,0,1476.2232247504053,-1,0
24,15000.0,1.5,9318.78,24,10.66,567,2,0,817.1413415319597,-1,0
37,15710.14,4.2,1622.37,36,9.06,647,5,0,1257.5420848162826,-1,0
38,31309.52,0.4,5148.2,60,10.18,591,1,0,2499.2861110271,-1,0
18,29480.17,0.5,44364.98,48,8.86,657,7,3,1355.603310253029,-1,1
31,33100.45,3.1,23700.75,24,11.94,503,2,0,1643.3582059713951,-1,1
24,48477.2,0.6,17848.49,12,6.9399999999999995,753,1,1,2495.8885495326413,-1,0
18,48993.27,4.7,28173.78,36,7.799999999999999,710,3,1,3202.5057476357833,-1,0
41,17499.9,3.6,8272.58,36,9.52,624,3,0,1193.252512697703,-1,0
35,49612.42,6.4,12038.84,48,8.28,686,3,0,3838.8802033159877,-1,1
50,15000.0,2.3,5132.94,48,11.52,524,1,0,1116.0365474040382,-1,0
43,110906.65,5.3,23279.04,48,10.34,583,5,1,8647.995908094194,-1,0
32,31025.24,7.9,23448.48,36,8.42,679,4,0,1846.0948109911278,-1,0
41,20465.86,1.5,3606.62,48,6.199999999999999,790,3,1,1620.4556511583353,-1,0
43,23139.34,1.6,2590.91,24,7.68,716,5,0,1811.4762622218575,-1,0
42,65787.54,9.1,8713.67,36,9.9,605,4,0,5201.538303204988,-1,0
34,37456.83,3.0,18148.08,12,11.68,516,1,0,1511.6830610115717,-1,1
35,64770.71,1.5,13168.58,12,11.16,542,3,0,4232.715197179609,-1,1
35,24809.9,3.0,21937.06,12,7.9,705,4,0,160.2354231296381,-1,0
20,15000.0,3.4,12780.82,24,9.12,644,4,0,665.4075917457495,-1,1
29,20207.97,0.7,5605.56,48,15.559999999999999,322,4,1,1526.3947120963692,-1,0
70,22424.6,5.5,23570.21,48,8.68,666,4,0,1285.7458686293899,-1,1
34,30709.67,1.3,5358.27,36,5.18,841,2,0,2398.1136156629127,-1,1
52,15000.0,4.6,14058.15,48,5.0,850,3,1,926.2507365898148,-1,0
21,51415.3,0.7,7001.85,48,9.299999999999999,635,1,0,4109.367876546995,-1,0
41,37723.49,4.1,9226.39,48,7.42,729,2,1,2920.8844872464447,-1,0
21,39785.19,2.1,15554.88,12,6.039999999999999,798,1,1,1976.3935157351627,-1,0
30,56829.81,1.1,3423.9,24,8.66,667,0,1,4579.931092223639,-1,0
42,87820.42,9.2,22604.73,48,7.699999999999999,715,1,0,6769.6984905636455,-1,0
51,15084.09,6.0,62321.43,48,6.699999999999999,765,1,1,-226.69782988212523,-1,1
28,36533.19,5.3,37338.88,48,7.539999999999999,723,2,0,2140.9222090484204,-1,0
38,25588.37,1.3,9877.99,60,8.98,651,3,0,1927.4092100389275,-1,0
19,15000.0,0.8,19616.98,12,11.22,539,6,1,-485.7949520307161,-1,1
31,113150.09,0.5,7473.26,12,7.9399999999999995,703,1,0,8779.294323486463,-1,0
21,28974.59,10.0,11114.25,48,10.2,590,3,2,2131.594363602787,-1,1
25,94048.85,11.7,13549.78,48,8.64,668,4,0,7502.528758760893,-1,0
18,15000.0,3.3,52360.35,24,12.459999999999999,477,2,0,-1226.0464103428153,-1,1
35,28178.61,2.0,2336.49,48,8.78,661,4,0,2290.317618720001,-1,0
44,15000.0,2.9,9137.93,24,6.879999999999999,756,4,0,841.3682379817621,-1,0
41,21669.63,0.3,7256.03,48,10.7,565,1,0,1619.3219812966797,-1,0
35,242891.92,13.8,63859.02,48,10.1,595,3,0,18618.29509558427,-1,0
37,19858.46,4.1,19115.02,36,11.4,530,4,0,1025.4433539093086,-1,1
25,51780.45,1.3,32482.74,36,8.24,688,3,0,3293.546271853424,-1,0
32,28372.76,0.5,30551.85,12,7.539999999999999,723,3,0,-286.7671646533504,-1,1
25,62884.63,5.8,18529.89,24,10.879999999999999,556,1,0,4377.779708514054,-1,0
34,90127.35,0.9,23955.11,48,9.7,615,3,0,6906.494492039342,-1,0
33,61968.11,3.9,51801.08,12,8.1,695,3,1,655.519135065847,-1,0
20,51601.01,3.6,9303.98,12,5.0,850,6,0,3503.593868256401,-1,0
22,40729.58,5.2,19452.83,48,5.0,850,1,0,2946.1467338167854,-1,1
26,103216.62,12.1,16266.86,24,10.92,554,3,0,7843.825861726285,-1,0
30,21521.32,9.2,21191.2,48,9.66,617,4,0,1259.433302285657,-1,0
31,148728.77,3.7,17556.41,36,8.44,678,4,0,11840.339511978233,-1,0
50,46058.62,5.1,25469.45,60,9.219999999999999,639,3,0,3306.7908489667852,-1,1
35,139718.76,1.7,47685.86,24,10.02,599,1,0,9442.329289837096,-1,0
46,23674.84,15.4,39137.16,36,5.02,849,3,1,799.5760714541575,-1,0
38,40085.91,4.2,10181.38,60,7.34,733,3,0,3137.2517528086332,-1,0
40,95424.09,29.8,4246.79,24,7.140000000000001,743,2,0,7761.598110203458,-1,0
33,117612.27,1.2,58142.05,60,8.9,655,6,0,8596.90903327113,-1,0
43,151972.85,2.3,15769.15,12,9.98,601,4,0,11278.192031120168,-1,0
61,27913.07,11.4,37349.02,36,5.280000000000001,836,1,0,1202.004202797433,-1,0
18,31858.13,5.1,17468.71,36,7.0,750,3,0,2115.4611158835773,-1,0
24,45142.84,1.2,2609.93,36,13.58,421,5,0,3673.2335858950673,-1,1
23,93675.96,5.0,23925.12,48,8.32,684,3,0,7218.6474774119,-1,0
35,44131.15,8.9,33904.09,36,10.98,551,5,0,2567.9405089326665,-1,0
40,15919.67,0.2,1902.68,12,12.84,458,2,0,1156.8397667940505,-1,0
47,181675.68,3.9,13239.32,12,10.86,557,2,0,13970.39133365021,-1,0
24,26766.33,3.5,3851.83,36,10.0,600,4,0,2106.239780351161,-1,0
31,30038.03,3.6,2514.5,24,7.66,717,2,2,2389.83466277292,-1,0
55,28829.12,6.2,41822.84,48,9.78,611,4,0,1346.10466988628,-1,1
50,58337.77,0.5,20793.53,48,9.24,638,1,0,4341.6600775888355,-1,1
27,19903.02,8.7,17893.9,36,7.68,716,1,0,1100.4929927971398,-1,0
35,15000.0,2.1,23060.71,48,9.48,626,1,1,670.8628551479613,-1,0
35,15000.0,5.1,18228.09,48,8.98,651,3,0,796.5662946131349,-1,0
30,15000.0,3.6,10209.35,36,5.0,850,3,1,944.0166216444827,-1,0
18,71456.36,1.4,15554.56,60,5.559999999999999,822,2,1,5657.155531829727,-1,0
38,51146.45,6.0,15467.26,12,12.36,482,3,0,2885.3506317274787,-1,1
18,15000.0,8.1,9048.41,36,10.18,591,6,0,957.2679916297952,-1,1
29,60231.08,9.7,17824.11,36,10.56,572,5,0,4439.425131188674,-1,1
31,24510.03,0.9,9164.0,24,8.9,655,5,0,1624.2678576253668,-1,0
25,59029.24,3.2,16566.91,36,9.5,625,0,0,4388.416337943274,-1,0
38,18458.6,7.6,22148.19,48,7.640000000000001,718,4,0,1001.2495174972111,-1,0
18,21042.91,6.7,13036.94,24,8.94,653,5,0,1158.3454204041648,-1,0
25,27843.77,1.3,32615.14,36,8.78,661,4,0,1286.4976980126369,-1,1
49,34719.52,9.6,11129.45,36,5.899999999999999,805,2,1,2555.2179493424333,-1,0
37,43682.65,0.9,6376.03,60,9.94,603,4,2,3504.9371980712863,-1,0
28,32447.11,2.4,9697.83,24,8.08,696,0,0,2264.9653236510567,-1,1
18,15000.0,0.6,9941.85,48,7.0,750,4,1,1011.9300275026928,-1,0
38,15000.0,0.2,7693.93,36,8.86,657,2,0,1005.8360941550703,-1,0
39,111590.51,0.1,31289.58,60,10.459999999999999,577,3,0,8627.293893801969,-1,0
47,142732.62,2.1,46957.76,48,7.0,750,2,0,10769.92299023973,-1,0
18,72914.91,4.0,24254.95,36,9.7,615,1,0,5297.015306455126,-1,0
33,28085.82,6.3,9734.35,48,8.08,696,4,2,2102.475353805161,-1,0
21,33078.1,9.2,41443.66,24,11.64,518,1,0,812.5714651076003,-1,0
25,44320.24,3.0,100000.0,60,11.7,515,1,1,1484.0388235803853,-1,0
18,80660.91,1.8,17365.78,48,8.7,665,1,0,6292.063850756242,-1,1
40,23129.05,4.8,38317.87,36,5.0,850,2,0,778.9998942933821,-1,0
45,18612.56,5.9,18575.0,36,8.16,692,3,0,967.6016616598721,-1,0
39,32505.88,0.0,9185.29,48,6.34,783,7,0,2491.6717949193344,-1,0
36,32554.28,11.2,27127.45,36,9.44,628,4,0,1844.6450766920316,-1,0
32,94901.54,0.1,6385.99,48,9.44,628,5,0,7748.208479638737,-1,0
43,15000.0,1.0,21194.21,48,11.22,539,1,1,699.9574502750237,-1,1
60,72414.65,2.0,3001.14,24,6.859999999999999,757,2,0,5900.375783671361,-1,0
38,92463.87,3.1,5950.9,48,10.68,566,5,0,7552.441521135071,-1,0
26,44128.89,5.7,21848.28,12,9.799999999999999,610,6,0,1758.6282732161633,-1,0
23,17031.92,7.2,4512.52,24,8.5,675,4,1,1214.2070246509143,-1,1
28,36699.7,3.5,6392.67,60,8.299999999999999,685,4,1,2927.768261410381,-1,0
24,86088.18,4.7,14599.5,48,6.92,754,2,0,6824.953420645876,-1,0
37,95343.16,0.6,16166.87,60,11.7,515,2,0,7588.086328650437,-1,0
30,45122.24,0.6,46538.26,36,6.619999999999999,769,1,0,2331.2921420433718,-1,0
28,41155.0,9.6,9930.13,24,9.98,601,4,1,2971.4498753515873,-1,0
41,34020.46,1.3,9464.69,48,8.2,690,3,2,2603.088012001701,-1,0
41,31886.44,2.0,9382.51,36,9.44,628,1,1,2356.9169472169488,-1,0
43,20468.92,0.6,6775.28,36,8.5,675,4,1,1491.864428378253,-1,0
20,32466.79,2.7,10171.75,48,9.24,638,6,0,2451.280641148837,-1,0
48,15000.0,6.8,4602.16,12,7.48,726,1,0,850.7709798364697,-1,0
40,18638.74,8.9,44657.55,12,8.16,692,6,1,-2334.7662667687187,-1,0
22,23378.22,1.7,8971.81,24,9.52,624,4,1,1536.16631403812,-1,1
48,15486.91,2.6,25825.44,60,8.14,693,4,1,765.1969667394451,-1,0
38,145552.32,0.3,6637.39,36,10.44,578,7,0,11913.816341776388,-1,0
23,54762.52,3.2,8966.82,36,6.68,766,2,0,4287.984003276404,-1,0
39,20518.57,23.7,31479.78,24,9.4,630,4,1,265.9509154193627,-1,1
19,30671.07,0.3,17292.28,48,7.66,717,4,0,2136.521761312285,-1,0
37,97546.33,2.7,25425.54,24,8.94,653,0,0,6968.00140825758,-1,0
54,34648.81,4.9,15717.04,24,9.74,613,1,0,2164.0238182993435,-1,0
18,58327.08,1.4,42433.94,48,6.5600000000000005,772,4,0,3853.096418764774,-1,0
21,17397.29,1.7,5550.16,48,8.219999999999999,689,8,0,1313.7046541028726,-1,0
29,60740.62,2.4,7152.87,36,7.959999999999999,702,4,0,4837.705351859536,-1,0
32,148187.94,1.3,9150.65,36,12.02,499,2,0,12044.97505788386,-1,1
51,50112.8,0.4,14636.29,48,5.899999999999999,805,0,0,3833.0036120779687,-1,0
41,35426.16,7.4,7008.68,48,10.18,591,2,0,2773.8152981147687,-1,1
35,57825.59,4.9,14469.18,24,8.42,679,2,0,4161.62221342067,-1,0
18,37255.48,0.9,22292.57,36,10.1,595,4,0,2384.2577264959855,-1,1
36,57046.87,13.9,47294.39,36,5.0,850,5,0,3336.4505370154093,-1,0
42,31951.32,5.5,12353.3,36,5.0,850,5,0,2292.370516796935,-1,0
43,183996.42,22.9,4712.34,48,11.08,546,2,1,15211.058952582072,-1,0
42,53121.54,0.5,10938.51,24,8.459999999999999,677,2,1,3929.7777751228177,-1,0
50,108103.56,2.4,9946.6,36,8.06,697,3,0,8696.664320160839,-1,0
29,47015.94,2.0,8993.99,48,6.9,755,4,0,3703.039745288038,-1,0
41,67034.28,7.0,15254.89,36,5.859999999999999,807,3,0,5123.073756553238,-1,0
28,124547.15,3.9,12521.08,36,7.4399999999999995,728,3,0,9989.790660739496,-1,0
32,88270.86,3.0,11319.92,48,9.719999999999999,614,1,0,7070.322358967872,-1,0
36,16429.72,0.4,2781.75,48,5.359999999999999,832,2,0,1304.6269678904,-1,1
37,18350.84,0.8,15805.98,60,9.28,636,1,0,1198.9784327002242,-1,0
42,72810.7,1.3,6498.04,60,10.2,590,4,0,5928.853857813178,-1,0
34,56841.31,1.5,40606.64,48,11.32,534,3,0,3680.954494770111,-1,1
33,68562.6,12.8,4184.96,24,10.86,557,3,1,5518.769965283222,-1,0
33,52279.46,0.5,12376.73,48,9.48,626,1,0,4045.7975821174673,-1,0
27,23990.88,4.9,37898.85,48,9.799999999999999,610,2,0,1041.663301436753,-1,0
35,30019.43,25.8,31193.55,36,12.58,471,2,0,1456.8844801985047,-1,0
37,16359.64,2.6,9278.04,36,8.719999999999999,664,4,1,1069.4717279549466,-1,1
23,28985.68,1.2,16045.75,36,8.56,672,1,0,1908.5022966015988,-1,0
41,62521.21,2.0,8709.09,36,5.300000000000001,835,3,0,4947.906919351812,-1,0
42,17663.25,0.2,14060.51,24,10.14,593,1,0,822.2073801715846,-1,1
40,36870.45,5.9,16207.78,24,7.68,716,2,0,2341.86670397885,-1,0
44,49179.34,12.6,3275.51,48,10.02,599,5,0,4015.171473245715,-1,0
21,21653.0,3.7,2524.72,60,6.92,754,2,0,1754.5194231281257,-1,0
46,39443.9,0.9,22413.66,36,8.12,694,5,0,2583.3875806165142,-1,0
47,108615.82,6.3,6101.64,24,9.42,629,1,0,8771.389203321865,-1,0
31,85688.42,2.3,12451.6,36,11.16,542,4,1,6732.108149527553,-1,0
18,15000.0,1.7,5327.11,48,11.26,537,3,1,1111.6444694186541,-1,0
37,54295.31,5.7,16179.57,48,7.82,709,3,0,4130.9842047485845,-1,0
35,48995.64,2.0,6596.63,24,5.0,850,4,0,3793.566674338551,-1,0
34,114892.07,1.0,35263.85,48,7.98,701,4,0,8713.776555397904,-1,0
31,44587.55,0.9,7481.55,36,8.24,688,2,0,3480.3553659361864,-1,0
32,16122.74,8.7,1254.35,60,8.02,699,2,0,1318.1159635521217,-1,0
35,27424.14,6.4,5010.77,36,11.52,524,3,0,2120.062150413974,-1,1
22,18549.3,9.8,48896.48,12,5.0,850,2,0,-2640.129521120164,-1,1
19,66684.17,15.8,7225.87,36,7.76,712,4,0,5331.380835151643,-1,0
24,91568.97,0.0,6671.33,12,13.64,418,2,0,7032.87745840968,-1,0
20,76003.77,3.8,6488.1,48,6.219999999999999,789,4,0,6180.618998920068,-1,0
45,119820.93,6.6,17771.6,24,11.18,541,4,0,9155.29569888779,-1,0
48,35005.77,4.6,2352.24,48,10.799999999999999,560,3,0,2856.5808387645634,-1,1
26,65431.37,11.3,7177.02,36,6.82,759,0,0,5231.598807412603,-1,0
31,22581.97,12.2,3450.89,36,9.54,623,4,1,1771.2241106991794,-1,0
18,71417.84,2.0,28445.89,36,10.62,569,1,1,5025.3153282923895,-1,1
21,15494.65,5.7,4209.27,24,10.18,591,7,0,1096.6344921664381,-1,0
34,59043.42,0.7,28681.59,48,8.5,675,2,0,4213.332468866251,-1,0
37,131029.78,5.8,3845.22,24,10.34,583,1,1,10741.106916178067,-1,1
47,27478.6,1.1,2628.53,36,10.28,586,3,0,2204.722101629254,-1,0
33,149764.6,3.5,17480.82,36,5.800000000000001,810,2,1,11950.165597402185,-1,0
19,76984.29,0.3,22788.16,36,13.02,449,1,0,5647.314788351115,-1,0
22,15000.0,3.8,33814.5,36,10.879999999999999,556,0,0,144.87725819269872,-1,1
63,35160.78,11.9,51967.43,24,9.48,626,2,1,544.4850631242748,-1,0
49,23070.44,9.4,19412.42,36,11.4,530,6,0,1283.3154277070844,-1,0
24,16431.94,0.3,13544.9,48,8.18,691,2,1,1037.5121063096854,-1,1
35,223732.42,10.0,2966.6,36,10.62,569,2,1,18547.778636458985,-1,0
29,77199.78,9.5,12327.41,24,5.399999999999999,830,3,0,5890.283370554858,-1,0
19,25644.35,4.6,13580.86,24,9.379999999999999,631,3,1,1514.2205621932803,-1,0
38,15000.0,1.3,17996.86,12,11.799999999999999,510,4,0,-347.3158810947557,-1,1
18,25443.47,0.4,57452.07,48,11.82,509,3,0,612.428353198156,-1,0
49,140289.13,1.2,34833.04,48,10.22,589,2,0,10803.620161628776,-1,1
53,68120.91,1.1,12073.36,48,7.66,717,2,0,5383.91956962629,-1,0
31,165929.21,16.8,27647.6,48,11.799999999999999,510,4,0,13102.07880524935,-1,0
27,53720.44,2.6,39411.66,12,7.799999999999999,710,0,0,1051.9883860755776,-1,0
41,22072.24,0.2,25143.03,36,7.379999999999999,731,3,1,1058.6337037248036,-1,0
33,15000.0,18.7,5435.5,60,8.26,687,0,0,1139.110066919163,-1,0
31,32120.0,7.9,11134.93,48,7.799999999999999,710,5,1,2405.874625258287,-1,0
41,78403.56,0.7,22295.67,36,11.98,501,1,0,5793.307668106178,-1,0
34,25420.3,11.7,28780.83,60,8.64,668,4,0,1525.9316511868296,-1,1
32,55552.21,0.2,2808.24,36,7.1,745,2,1,4542.512079993551,-1,0
33,94594.62,13.1,3645.86,48,11.76,512,4,2,7787.304581364179,-1,0
52,21753.37,3.4,9551.23,36,9.379999999999999,631,2,0,1507.3622545302715,-1,0
32,90089.43,7.7,60268.42,24,13.0,450,4,1,4642.181968673727,-1,1
40,59022.72,4.5,7211.07,36,6.58,771,1,0,4697.285224745695,-1,0
20,18168.33,4.8,11980.9,48,9.54,623,1,0,1212.8008046843343,-1,1
32,35512.72,4.3,6521.53,36,11.4,530,2,0,2744.6493453858193,-1,1
41,18923.96,0.7,18299.86,36,10.0,600,5,0,986.5116584256461,-1,0
30,41625.88,14.6,5101.99,12,14.280000000000001,386,2,0,3010.0579238092764,-1,0
46,108930.88,0.4,4471.45,36,10.08,596,4,1,8933.124215231732,-1,0
18,15000.0,3.2,3439.68,48,12.14,493,3,0,1159.183413398766,-1,0
28,22618.98,4.1,16306.13,24,6.719999999999999,764,6,0,1156.9155791293906,-1,0
40,112883.44,1.0,25668.5,24,8.219999999999999,689,1,0,8243.459372252499,-1,0
43,186838.04,0.2,28032.23,36,13.04,448,1,0,14624.779881214738,-1,0
27,41058.6,2.5,15587.54,12,6.34,783,3,0,2077.5489081231663,-1,0
18,37931.06,9.5,1000.0,36,9.719999999999999,614,2,0,3128.78577806781,-1,0
32,78456.52,0.2,21119.32,36,7.119999999999999,744,3,0,5884.780688989489,-1,0
33,15000.0,2.5,23445.63,24,6.76,762,4,2,202.82775348552673,-1,0
41,16194.69,3.8,32793.48,48,12.06,497,6,0,485.0130003911838,-1,0
50,50083.3,6.2,45034.97,48,8.18,691,4,0,3070.3640251787383,-1,1
28,119350.51,14.4,20848.07,36,8.42,679,4,1,9288.526156038535,-1,1
18,24191.38,13.2,12478.07,36,10.66,567,2,0,1609.4385118938467,-1,1
53,44795.25,0.1,2248.92,60,12.74,463,8,1,3682.0664840763925,-1,1
34,27654.73,0.5,22920.5,12,12.2,490,7,0,265.95706757756125,-1,1
21,30986.74,1.6,22898.7,36,11.379999999999999,531,1,0,1828.4268420387496,-1,0
18,18143.47,1.3,1593.41,48,5.399999999999999,830,1,0,1474.9713068641256,-1,0
38,111332.68,4.7,12046.93,36,9.1,645,1,0,8894.073254237655,-1,0
25,52151.08,3.1,17287.07,48,9.92,604,4,1,3908.1424404838126,-1,0
43,64064.11,1.6,2762.79,36,5.460000000000001,827,4,0,5255.300733905251,-1,1
48,73300.25,7.5,4459.09,24,10.44,578,1,0,5901.683051281297,-1,0
26,20868.01,10.0,7686.38,12,9.82,609,1,1,1063.889222769635,-1,0
46,21435.8,10.6,11060.6,60,7.140000000000001,743,4,0,1566.57221588526,-1,0
48,53242.53,0.1,22693.14,24,10.16,592,1,0,3388.02759512398,-1,0
31,88408.29,4.6,18037.9,24,10.24,588,4,0,6533.000426954388,-1,0
18,49343.76,1.1,12790.15,36,8.92,654,3,0,3705.7326979789177,-1,0
45,90572.68,0.2,6257.37,24,11.08,546,3,0,7255.848379647774,-1,1
33,37906.46,6.2,21702.74,60,6.08,796,1,0,2738.4891075769683,-1,0
27,60047.32,1.2,52986.15,48,9.64,618,4,0,3669.219800803474,-1,0
31,64368.55,5.8,4545.31,36,5.600000000000001,820,2,0,5226.590993196463,-1,0
37,28015.45,2.2,31546.28,48,11.1,545,0,1,1517.7579101616955,-1,0
56,27773.39,6.5,16550.14,48,7.98,701,2,1,1910.5672395582092,-1,0
51,52006.99,6.0,10948.82,48,5.780000000000001,811,4,0,4077.885380691075,-1,0
41,30374.41,9.7,24379.27,48,5.399999999999999,830,4,0,1965.3353268943351,-1,1
34,56448.03,2.9,12424.36,48,10.7,565,4,0,4384.695510178185,-1,0
24,46170.12,8.1,3672.31,12,6.68,766,2,0,3530.2984472232833,-1,0
39,21030.24,1.6,6370.22,36,10.06,597,3,0,1546.791425156723,-1,1
25,26554.19,2.7,10538.46,12,8.34,683,4,0,1294.4675636855038,-1,0
33,21609.76,1.1,14007.06,48,9.879999999999999,606,5,1,1446.3647777925578,-1,0
29,30541.89,2.5,19269.26,48,7.84,708,4,0,2076.184414922888,-1,0
38,16759.69,7.5,22850.99,48,10.52,574,1,0,811.3575208090815,-1,0
40,29535.82,4.4,20028.85,36,7.959999999999999,702,1,1,1834.0564924231167,-1,0
31,19346.5,12.4,27220.95,36,13.06,447,3,1,694.2400744254776,-1,1
42,29530.04,5.0,6215.1,60,7.74,713,4,0,2335.5887833118377,-1,1
49,53353.88,0.6,8332.89,24,10.98,551,2,0,4057.8560481668874,-1,0
39,15000.0,16.2,4349.2,36,6.799999999999999,760,6,0,1116.1066773295108,-1,0
29,15000.0,12.5,6595.61,36,5.640000000000001,818,4,0,1050.4228571535075,-1,0
36,37813.74,5.1,24285.41,48,8.2,690,1,0,2555.984603497797,-1,0
36,32531.86,3.6,19419.3,36,14.780000000000001,361,1,1,2039.9021733655104,-1,0
49,16701.83,1.7,51750.83,36,10.58,571,0,2,-292.1621029148607,-1,1
40,31268.32,0.6,11750.33,48,5.739999999999998,813,1,0,2331.13500572936,-1,0
40,31422.26,4.5,38655.76,48,9.06,647,2,0,1655.4697592031807,-1,0
40,79784.93,1.0,18717.44,24,10.32,584,2,0,5782.262178733951,-1,0
41,15000.0,8.9,23902.43,48,10.18,591,4,1,641.7043150375504,-1,0
38,15000.0,1.0,10950.48,24,8.44,678,6,0,752.5390459045618,-1,1
42,51602.53,0.7,8031.01,48,8.12,694,3,2,4103.697722299652,-1,0
44,65841.33,0.1,10991.58,36,8.64,668,4,0,5139.086906172168,-1,0
41,22021.42,5.3,9688.2,36,12.18,491,8,1,1512.497912010032,-1,0
35,36681.78,2.6,13101.81,12,7.859999999999999,707,3,0,1917.9570504620435,-1,0
24,15000.0,8.1,2634.69,12,5.34,833,2,0,1024.0401055811506,-1,1
50,73172.46,0.2,13356.91,36,9.76,612,0,1,5668.218554852485,-1,0
28,20192.9,23.0,20315.32,60,7.6,720,1,0,1274.698261753161,-1,0
29,17243.11,13.6,20521.5,48,12.0,500,4,0,896.5160295170281,-1,1
53,57652.05,3.1,16180.81,12,12.78,461,0,1,3360.781224038729,-1,1
29,66991.28,0.5,8624.09,36,8.719999999999999,664,3,0,5309.485381392224,-1,0
46,37367.58,13.6,77155.53,36,10.56,572,2,1,604.0383091010781,-1,1
30,85348.71,12.5,17436.33,48,8.76,662,3,0,6680.473013830616,-1,0
36,15000.0,2.9,3874.69,36,8.32,684,4,0,1128.0084945460096,-1,0
18,50190.28,4.0,6442.41,12,10.92,554,3,0,3613.372830156726,-1,0
45,55657.16,1.5,4915.64,36,10.0,600,2,0,4479.482790609151,-1,0
33,45093.57,3.2,4714.5,24,9.56,622,4,1,3541.203427304193,-1,0
46,102658.63,3.6,10479.15,36,13.4,430,6,0,8199.779509812559,-1,1
36,28151.36,3.2,3845.8,36,8.6,670,2,1,2224.365950606185,-1,0
33,36664.31,21.7,22862.65,24,6.92,754,2,0,2032.5683272111505,-1,0
36,48938.01,1.1,37347.57,48,6.58,771,6,0,3191.092956748411,-1,0
37,27459.54,0.0,17711.21,48,7.699999999999999,715,2,0,1858.4023710696426,-1,0
41,81802.06,2.6,7777.7,12,8.5,675,1,0,6138.469031293469,-1,0
27,58794.26,15.3,4669.27,36,10.22,589,2,0,4748.37471409174,-1,1
39,37074.83,2.9,17910.84,24,6.539999999999999,773,4,1,2291.384539481509,-1,0
29,33554.31,2.9,9381.14,48,5.140000000000001,843,0,0,2579.556029139839,-1,0
27,46614.52,6.2,20127.06,24,13.04,448,2,0,2927.288021476117,-1,1
18,23486.25,4.7,10794.0,12,11.959999999999999,502,6,0,998.3556444717249,-1,1
18,28028.42,0.9,3754.54,48,5.859999999999999,807,7,0,2247.766976611089,-1,1
30,60975.86,5.5,22488.26,48,8.9,655,2,1,4522.76757357655,-1,0
38,87303.39,0.5,5457.09,48,10.28,586,3,1,7136.141639428905,-1,0
49,28611.88,19.9,56187.88,36,10.68,566,1,0,553.3072613642637,-1,0
26,54954.5,5.2,23828.89,12,10.66,567,2,1,2477.282079537551,-1,1
36,68590.66,3.1,26012.56,48,7.0600000000000005,747,2,1,5092.260840225377,-1,1
28,44214.83,1.5,15789.66,48,12.34,483,5,0,3266.126102817869,-1,1
48,58256.74,0.9,7826.94,48,9.6,620,2,0,4657.717069042868,-1,0
35,23151.03,5.4,13021.45,36,8.959999999999999,652,5,2,1515.41624255525,-1,0
25,51272.18,9.8,2686.82,48,9.02,649,3,1,4205.794518320144,-1,0
28,35198.57,14.9,19854.14,24,9.82,609,3,1,2018.6949194963684,-1,0
44,25063.37,4.3,4006.0,48,8.26,687,4,0,1990.3263524457145,-1,0
44,35096.5,3.7,2460.97,36,5.0,850,5,0,2850.9508546856646,-1,0
41,37238.2,0.4,3342.78,48,8.86,657,2,0,3020.2201510530213,-1,0
33,38924.85,6.0,10062.9,60,8.799999999999999,660,0,0,3035.823661075508,-1,0
46,19348.81,1.3,7071.19,24,8.36,682,2,0,1291.4277913126502,-1,0
28,24027.65,10.3,21361.53,24,10.18,591,3,0,1014.8023042470861,-1,1
50,35273.06,5.0,6885.36,12,8.9,655,3,0,2337.606014038164,-1,0
31,21210.76,1.6,46327.96,36,9.32,634,3,0,287.43717814477213,-1,0
31,15000.0,0.5,54259.68,48,11.26,537,2,0,-159.23067396281272,-1,1
39,42492.97,2.6,5527.82,48,7.42,729,3,0,3407.630496344252,-1,0
27,15485.05,3.2,6767.35,60,15.84,308,2,1,1126.4267895494118,-1,0
27,65953.74,3.5,8868.08,36,6.5,775,2,0,5224.347190570879,-1,0
43,15000.0,1.4,22575.93,36,9.68,616,2,1,524.9252947198427,-1,0
20,25745.44,1.9,4047.93,48,10.28,586,4,0,2042.2421963113027,-1,0
31,15000.0,0.0,8673.13,48,5.0,850,2,1,1050.263943053618,-1,1
42,82503.21,3.9,22157.25,60,5.0,850,3,0,6457.132858341239,-1,0
41,26247.92,1.7,24442.02,60,8.719999999999999,664,5,2,1683.265578142129,-1,0
25,25088.59,1.8,13868.01,60,10.799999999999999,560,2,0,1790.5730682713709,-1,0
47,70232.12,5.6,12816.8,12,9.02,649,2,0,4731.7097051706205,-1,0
40,64390.6,5.2,4466.26,48,5.780000000000001,811,4,0,5261.4429854768505,-1,0
40,18644.77,15.3,4972.64,48,5.559999999999999,822,0,1,1437.9487325224886,-1,0
22,58747.17,1.6,9557.43,48,6.66,767,5,0,4668.2375412935935,-1,0
47,34004.0,6.2,18108.37,36,6.92,754,4,0,2275.194888470167,-1,0
46,66067.53,2.3,32950.36,36,12.18,491,2,0,4408.369079864738,-1,0
20,24848.22,4.6,21016.42,36,9.14,643,3,1,1400.998237274136,-1,0
35,65047.04,12.1,35783.83,60,5.719999999999999,814,5,0,4733.434326688913,-1,1
43,35527.46,1.3,12158.9,36,8.36,682,0,0,2577.5834138604837,-1,0
34,15000.0,0.8,28909.34,48,12.58,471,0,0,480.4475669384756,-1,0
29,82298.32,4.4,9181.3,36,11.6,520,3,0,6554.993882852963,-1,0
19,57002.22,5.2,30653.97,48,8.16,692,2,1,3999.5276289615026,-1,0
33,90947.4,9.0,1643.19,24,9.42,629,1,0,7503.564243524111,-1,0
32,32435.23,1.0,22173.89,48,9.799999999999999,610,5,1,2142.676079264157,-1,0
40,36571.14,0.6,29092.39,12,9.14,643,7,0,501.5334037283069,-1,0
47,15040.37,9.1,13602.28,12,8.92,654,3,0,64.32925607384391,-1,1
22,48042.72,0.6,28886.63,24,9.0,650,5,1,2683.88175313618,-1,0
46,47990.72,4.0,17899.42,24,9.54,623,4,0,3177.0543521998816,-1,0
37,80127.04,9.4,25248.06,12,6.26,787,7,0,4501.224529108243,-1,1
60,32833.35,0.8,47684.96,24,9.42,629,5,0,548.4368312565639,-1,0
41,38269.99,0.9,36011.14,36,10.56,572,5,0,2017.696705252717,-1,0
21,36987.29,3.6,4466.91,48,10.0,600,4,0,2968.98178909616,-1,0
29,161308.34,4.5,19136.96,36,7.5,725,1,0,12847.083213974918,-1,0
37,15000.0,1.9,7604.9,48,6.539999999999999,773,6,0,1069.5098210104888,-1,0
33,48773.98,1.9,2536.2,36,11.22,539,5,0,3981.2019183126667,-1,0
33,24349.52,1.2,20060.25,60,9.32,634,1,0,1609.5864851370452,-1,0
45,30080.2,1.9,60462.02,48,6.6,770,1,0,1070.0391138323632,-1,0
43,52178.74,1.6,5247.99,48,8.48,676,6,1,4218.923831805062,-1,0
59,50213.49,0.9,18632.69,48,7.76,712,4,0,3731.675259087704,-1,0
46,27328.74,3.8,10876.56,24,7.4,730,1,0,1788.4486523222668,-1,0
19,51765.06,1.0,11109.1,48,10.12,594,4,0,4031.3588831338466,-1,0
27,20233.18,2.6,12697.2,36,12.74,463,3,0,1259.8678519046316,-1,1
27,22695.97,6.4,9099.31,36,7.379999999999999,731,3,0,1608.7869262189884,-1,0
35,34387.7,1.5,16591.61,48,5.780000000000001,811,3,0,2477.658539867265,-1,0
54,17299.02,3.1,9648.84,48,7.9399999999999995,703,2,0,1206.3002751102133,-1,0
25,38880.27,4.8,12600.03,12,11.98,501,2,0,2120.6429819004697,-1,0
58,17454.74,5.9,13617.24,36,9.52,624,7,0,1018.2339820758461,-1,1
32,32227.81,2.4,7849.11,48,13.74,413,2,0,2472.184622021473,-1,1
54,44507.2,2.8,7151.74,48,8.7,665,2,0,3531.9790022901802,-1,0
30,45156.21,14.6,14622.47,48,9.68,616,1,0,3394.396994647706,-1,0
36,69943.02,13.2,7921.12,48,5.079999999999998,846,3,0,5645.88000787008,-1,0
21,39452.2,2.0,7380.86,36,5.98,801,5,1,3063.2101515642594,-1,0
47,84563.01,0.0,30410.09,48,8.26,687,3,0,6300.8013551266995,-1,0
24,24684.7,1.4,8122.54,36,10.299999999999999,585,0,0,1793.821279670961,-1,0
18,39929.18,3.0,21853.81,36,6.699999999999999,765,1,0,2655.6429878832946,-1,1
39,15197.63,5.6,22945.76,36,7.58,721,5,0,551.86998675288,-1,0
45,31030.44,0.5,4369.16,36,8.219999999999999,689,2,0,2448.5125446740785,-1,0
29,45215.1,3.5,7293.64,36,5.859999999999999,807,1,0,3546.5007119288935,-1,0
33,20994.03,1.3,6796.7,36,7.199999999999999,740,0,0,1539.0180656387322,-1,0
20,54475.65,5.4,37080.78,24,11.06,547,4,0,2810.34938557687,-1,0
27,30225.36,3.6,62071.94,12,5.52,824,6,0,-2809.845514617244,-1,0
31,20042.34,6.5,41790.68,36,6.619999999999999,769,3,0,387.06851799821857,-1,1
35,39817.66,0.6,13420.42,60,9.5,625,4,0,3036.2845337751987,-1,0
43,54460.94,6.0,27200.68,36,8.58,671,9,0,3678.744513320543,-1,0
28,15000.0,3.4,18032.55,36,11.58,521,7,0,654.6721884329369,-1,0
32,17057.89,21.2,15335.54,36,6.98,751,1,0,948.1140996632084,-1,1
48,55509.24,1.2,14993.77,36,6.619999999999999,769,3,0,4165.406508617618,-1,0
49,15000.0,6.3,29226.99,24,10.48,576,0,0,-105.16153061990303,-1,1
27,27037.01,6.7,8426.95,36,10.14,593,4,0,1980.6159603538367,-1,1
33,36369.39,3.6,3817.95,48,12.54,473,2,0,2929.225985926282,-1,1
40,38264.59,2.1,14833.24,36,10.74,563,2,1,2704.9189124789286,-1,0
35,59964.09,2.4,4678.19,48,6.5,775,2,0,4886.064444357559,-1,0
41,29449.27,1.5,25005.38,36,9.0,650,2,1,1658.9414342731118,-1,0
20,26378.66,5.4,27414.34,48,9.98,601,1,0,1503.1864629929087,-1,0
28,26551.62,3.0,10674.16,24,9.92,604,1,1,1720.4707116335169,-1,0
26,40244.28,2.7,12037.53,12,9.5,625,10,0,2298.197096515135,-1,0
33,49861.88,0.4,5012.23,48,8.62,669,3,1,4031.329539684744,-1,0
35,25252.54,2.5,11660.57,24,8.54,673,2,0,1574.1258633652137,-1,0
34,15000.0,3.4,39637.92,48,8.84,658,2,0,266.6173606999537,-1,0
49,45772.07,0.5,7926.43,60,7.52,724,8,2,3655.4344266895205,-1,0
45,78206.76,32.5,23591.23,48,8.78,661,1,0,5932.622569089036,-1,0
19,25771.88,9.8,60342.48,36,9.48,626,2,0,215.27313625199872,-1,0
35,55676.19,8.9,94489.04,60,8.54,673,4,0,2699.273033936111,-1,0
21,17657.81,7.4,11922.33,48,11.82,509,4,0,1158.5761337230317,-1,1
21,92163.2,2.3,35114.27,48,8.54,673,1,0,6814.096207637498,-1,0
28,15000.0,3.5,100000.0,24,11.74,513,1,0,-3445.214582559526,-1,1
34,36807.36,10.4,26458.11,48,7.24,738,2,1,2430.75740729168,-1,0
44,54085.46,3.7,37650.09,24,7.619999999999999,719,1,2,2810.8278141151613,-1,1
24,39188.92,3.7,19586.01,24,10.42,579,3,2,2358.146875294929,-1,0
26,32698.53,2.7,7228.31,36,9.7,615,2,1,2492.657037151289,-1,0
41,82907.78,2.0,14056.11,12,9.2,640,3,1,5678.450060179757,-1,0
30,21968.76,3.6,7589.46,36,8.959999999999999,652,5,0,1589.5284654223121,-1,0
25,102009.16,1.1,18159.28,36,6.139999999999999,793,2,0,7947.170200540572,-1,0
18,43626.13,7.8,17487.02,36,7.68,716,4,0,3090.108987352493,-1,0
33,15000.0,0.5,28659.13,48,10.52,574,2,0,515.9525674614905,-1,0
40,117562.57,1.2,24581.4,48,10.26,587,3,1,9170.359222863184,-1,1
22,121564.3,0.8,45331.08,60,8.84,658,2,0,9192.87586311717,-1,0
39,22445.65,0.5,11578.6,24,8.1,695,6,1,1346.2738783312238,-1,0
34,19507.2,5.0,6809.11,36,10.72,564,1,0,1403.5802619399278,-1,0
43,26281.41,0.1,7908.7,36,8.36,682,3,0,1940.9720485226246,-1,0
34,103193.4,1.3,11871.36,36,6.24,788,2,0,8237.00787720935,-1,0
28,26563.44,2.4,12590.61,48,5.300000000000001,835,3,0,1921.9530072992447,-1,0
26,78607.45,25.4,3306.07,24,6.24,788,3,0,6403.736003706012,-1,0
54,23605.27,0.7,19937.77,36,5.0,850,5,0,1369.5529801668454,-1,0
59,24718.79,2.8,7582.93,48,10.48,576,7,0,1865.8237641097612,-1,0
39,31041.6,6.3,16514.98,24,12.379999999999999,481,2,0,1806.4486040947409,-1,1
21,24059.68,1.0,5532.93,48,9.2,640,0,0,1866.7600911814347,-1,1
36,43548.7,9.6,13846.02,24,10.32,584,3,0,2988.087830179262,-1,1
45,32560.39,1.3,22986.85,12,9.68,616,3,0,695.8760332546676,-1,0
46,33786.29,9.0,17768.06,12,8.56,672,6,1,1265.304147486358,-1,0
18,53731.95,4.5,10250.91,48,8.719999999999999,664,4,1,4223.928886276522,-1,0
41,34132.33,1.3,6785.51,12,11.56,522,5,0,2242.8722995785965,-1,0
25,77781.95,1.9,10446.83,12,5.079999999999998,846,5,0,5587.119320181317,-1,1
29,42757.56,2.1,75433.32,36,11.34,533,3,0,1081.3765296708339,-1,1
25,27331.07,0.6,2758.14,60,12.14,493,2,1,2216.040558357918,-1,0
57,15000.0,25.5,2988.13,12,8.28,686,4,1,989.6802551331552,-1,0
18,17538.34,4.1,17300.25,36,12.9,455,2,1,879.4474789652505,-1,0
25,25501.38,3.2,18992.94,12,11.299999999999999,535,3,0,443.828518305276,-1,1
47,19356.59,0.1,16084.53,24,9.02,649,5,1,878.083952598718,-1,0
20,37064.77,2.4,38397.74,24,7.199999999999999,740,3,1,1366.081417932451,-1,0
18,23782.3,2.3,37748.31,48,8.26,687,1,0,1055.697853943689,-1,0
18,25834.22,12.0,4506.48,24,12.0,500,4,0,1940.7160055619693,-1,1
35,66678.53,10.1,13736.36,48,7.859999999999999,707,3,0,5222.101446966681,-1,0
42,34180.74,4.4,6345.72,48,8.9,655,4,0,2690.7826333872067,-1,1
34,67944.81,20.1,16840.77,48,11.14,543,4,0,5225.663137356651,-1,0
36,46964.73,1.5,20808.16,48,8.52,674,2,1,3400.645158022011,-1,0
34,61444.79,21.8,3479.13,48,8.4,680,3,0,5034.808677501922,-1,0
29,19541.03,7.1,73540.16,48,6.0600000000000005,797,2,0,-100.69734709713703,-1,1
41,41694.29,4.0,24932.02,48,11.44,528,2,1,2824.8027133565292,-1,1
33,25353.72,4.4,7518.06,36,10.9,555,4,0,1867.0342355086282,-1,0
39,55306.16,11.1,7070.42,24,7.42,729,4,0,4290.9377854748545,-1,0
44,15000.0,5.7,3439.9,36,9.44,628,2,0,1139.9063108270868,-1,0
47,23150.98,0.8,48703.97,24,8.9,655,0,1,-293.5460223164762,-1,0
32,41799.85,2.7,13092.16,48,10.12,594,4,0,3150.5148323620233,-1,1
28,48951.12,0.6,15294.92,48,6.699999999999999,765,1,1,3715.1291653236985,-1,0
39,56367.9,2.4,58866.69,36,5.16,842,6,0,2928.805607904819,-1,1
24,37751.4,9.0,3405.55,36,10.92,554,2,0,3034.5856371681075,-1,0
39,17157.04,3.0,9653.03,48,10.28,586,3,1,1183.6274857994647,-1,0
35,51687.96,1.7,30098.75,36,11.48,526,5,0,3315.079697207899,-1,1
42,20975.74,2.3,10711.54,48,5.879999999999999,806,0,0,1497.0064037689303,-1,0
38,42233.46,2.3,4226.33,48,8.0,700,5,0,3416.2779339204367,-1,0
40,33671.65,12.2,53937.39,36,9.9,605,8,1,1068.094203836889,-1,0
38,50025.06,11.3,5196.04,36,5.0,850,2,0,4013.0250198082736,-1,0
37,36329.74,18.2,20801.74,48,8.16,692,4,0,2518.083319851348,-1,1
26,55235.59,0.9,22357.37,60,9.14,643,3,0,4137.343027785063,-1,0
26,26358.03,1.2,11589.7,24,10.92,554,2,0,1656.7620003060902,-1,0
60,20019.3,1.3,7709.57,48,9.82,609,4,2,1473.4061587850824,-1,0
50,15000.0,8.1,6954.84,36,7.699999999999999,715,6,0,1033.0218303939075,-1,0
48,20699.61,0.1,10397.27,48,8.379999999999999,681,4,1,1469.2810804720548,-1,0
18,58167.33,8.6,10499.92,36,11.04,548,0,0,4503.324660101777,-1,0
38,23321.86,11.0,12466.41,12,5.600000000000001,820,3,0,872.8395550303592,-1,0
32,43265.18,2.5,9351.69,36,9.64,618,3,0,3305.2570676644377,-1,0
38,39313.93,1.0,2748.26,36,11.02,549,6,3,3186.1602948855525,-1,1
33,20829.83,1.7,25662.41,12,5.859999999999999,807,4,1,-471.2018451447859,-1,0
55,15000.0,7.6,25332.68,60,11.24,538,1,0,696.1692357941054,-1,1
48,23091.38,6.6,15427.81,48,8.06,697,6,0,1547.2090771625035,-1,1
39,35625.55,12.3,32516.75,36,8.299999999999999,685,4,1,1945.3328905590588,-1,0
27,70882.01,6.5,14032.62,36,9.4,630,1,1,5457.983630959062,-1,0
35,47399.37,0.9,16320.07,48,9.16,642,2,1,3542.5808418180823,-1,0
36,31203.57,1.2,8174.15,24,7.959999999999999,702,5,0,2230.751941087421,-1,0
32,92685.16,5.9,33983.29,36,7.539999999999999,723,2,0,6666.047290290617,-1,0
32,29283.44,2.5,17727.15,48,8.219999999999999,689,0,0,2005.6821400142344,-1,0
32,31055.93,6.4,4345.58,48,13.06,447,4,0,2471.2836861879227,-1,0
36,52922.46,0.8,13491.26,36,10.84,558,2,0,3969.5399884459994,-1,0
53,52702.37,10.9,23324.86,12,7.199999999999999,740,2,1,2371.488738106973,-1,0
34,109648.03,4.1,32152.15,48,10.68,566,6,0,8311.334360512077,-1,0
46,30090.5,2.1,40836.13,48,8.84,658,2,1,1494.432469761284,-1,0
45,43614.18,2.3,35888.92,48,5.0,850,2,0,2808.01852538655,-1,0
26,39145.1,5.9,22699.22,48,7.76,712,1,0,2710.4910282960827,-1,0
37,74157.76,4.4,6290.24,36,9.94,603,3,0,5977.022129512813,-1,0
37,107181.18,4.3,32691.91,60,11.2,540,0,1,8217.698569064922,-1,1
33,79370.78,4.9,16093.8,48,10.5,575,3,0,6202.175993615475,-1,0
26,40467.48,0.4,29699.43,60,12.12,494,0,0,2709.840200414626,-1,1
60,41205.53,8.6,24169.95,36,5.620000000000001,819,7,0,2702.6518164504446,-1,0
18,123270.02,11.8,9254.76,24,8.56,672,4,3,9851.566243451245,-1,1
53,54934.82,1.4,24790.73,24,7.859999999999999,707,3,0,3458.266356514599,-1,1
33,42913.82,1.6,56213.82,36,5.0,850,4,1,1891.3730515864759,-1,0
31,36511.09,7.0,8032.82,48,5.079999999999998,846,5,0,2857.3094192301423,-1,0
40,29544.86,0.8,25746.2,24,8.2,690,0,0,1295.290887479171,-1,0
18,18318.14,1.7,2674.86,60,8.04,698,5,0,1472.2239303353354,-1,0
35,84024.02,8.8,10005.91,48,9.16,642,4,0,6752.243294382171,-1,0
35,136879.35,4.7,5578.82,24,11.16,542,3,1,11146.181149664832,-1,1
29,20674.86,2.2,53707.72,36,11.66,517,2,0,-52.250792892903064,-1,1
37,16990.35,1.5,8544.08,48,8.24,688,1,0,1206.3126531118953,-1,0
48,134196.7,0.1,10275.6,24,8.54,673,4,0,10715.785954675652,-1,0
36,87691.59,0.3,40271.51,24,7.74,713,3,0,5491.032905139748,-1,0
53,15050.89,6.7,18063.7,36,8.52,674,1,0,683.8468900974594,-1,0
44,15000.0,3.5,7479.64,36,12.26,487,5,0,1000.6390661681619,-1,0
30,94070.78,12.9,16397.85,36,9.42,629,1,2,7314.573168173208,-1,0
18,38711.44,5.7,20505.82,12,8.64,668,3,0,1436.110575356564,-1,0
24,36646.56,3.0,17381.46,60,8.24,688,4,0,2699.446840368948,-1,1
30,106375.82,1.0,9810.03,36,7.459999999999999,727,3,1,8559.678918835614,-1,0
18,158053.84,4.9,7046.66,36,7.359999999999999,732,3,0,12952.411190407041,-1,0
25,48182.84,1.2,7146.7,12,7.379999999999999,731,2,1,3395.6033063810246,-1,0
30,33037.84,0.7,61441.17,48,14.280000000000001,386,6,0,1065.5400830796978,-1,1
30,27464.53,3.6,32786.88,36,5.0,850,4,0,1306.058626470316,-1,0
48,89275.81,3.5,17964.28,24,6.199999999999999,790,5,0,6641.843069006953,-1,1
28,37747.0,1.1,17174.46,36,10.74,563,0,1,2585.4258178251143,-1,1
36,15000.0,2.9,52783.59,36,7.219999999999999,739,3,0,-385.11863641448076,-1,0
26,80257.02,0.1,4222.56,60,9.26,637,1,2,6599.897810839941,-1,0
39,31781.27,7.4,54606.62,24,8.56,672,2,0,164.75934135907164,-1,0
46,26528.69,5.5,8157.57,48,9.719999999999999,614,0,1,2004.9223248688045,-1,0
37,24056.17,40.0,25731.48,24,7.039999999999999,748,3,0,852.1494472868658,-1,1
45,16521.74,0.3,33040.83,48,8.5,675,5,0,562.4112655989469,-1,0
19,38035.15,2.7,33738.13,48,10.64,568,1,0,2303.502808464513,-1,1
30,30552.43,0.8,19544.58,48,12.1,495,3,0,2030.391936030158,-1,1
42,98303.67,0.6,8553.14,36,10.7,565,1,2,7913.167241225738,-1,1
36,61344.16,7.6,16707.81,36,5.48,826,1,0,4607.656647484318,-1,0
22,37145.03,2.4,27930.12,36,14.14,393,2,0,2138.9336097180267,-1,1
54,42705.32,11.8,11435.91,36,6.82,759,3,1,3206.609366443573,-1,0
47,19279.28,0.0,15075.54,36,12.12,494,2,0,1105.018526009367,-1,0
25,22136.16,1.9,35714.23,60,11.28,536,7,1,1063.169721784614,-1,0
28,39795.96,0.5,29315.18,36,10.82,559,4,0,2359.0855526103715,-1,0
37,38382.3,0.4,28250.08,36,8.1,695,5,0,2311.9663580252854,-1,0
45,31505.65,4.8,5647.16,48,9.219999999999999,639,2,1,2484.350354524432,-1,0
20,91844.31,2.0,27784.4,36,9.98,601,3,0,6757.4289338194185,-1,0
31,43327.77,3.9,13175.19,48,9.86,607,1,0,3277.37577016803,-1,0
27,32061.45,1.5,10080.1,48,10.879999999999999,556,3,0,2411.8490815649448,-1,1
25,24905.22,0.3,3527.27,48,9.26,637,0,0,1987.2226246726266,-1,0
43,24974.22,1.7,3475.24,48,5.0,850,5,1,2001.152677811546,-1,0
28,15000.0,4.5,7354.46,48,10.82,559,5,0,1060.5623759779965,-1,0
38,61111.63,7.2,19025.29,48,5.16,842,3,1,4653.1165843196695,-1,0
40,30106.98,2.3,10917.07,36,9.76,612,3,0,2157.8806974759436,-1,1
37,26605.26,6.6,2050.45,36,10.94,553,1,0,2150.0341435841033,-1,1
35,37237.14,2.1,25923.94,48,11.08,546,2,1,2432.0696209527373,-1,0
35,41559.27,0.0,14758.09,24,8.54,673,2,0,2792.1634826439176,-1,0
44,89741.29,25.0,24184.58,12,7.4399999999999995,728,6,1,5380.919021286572,-1,0
33,20813.92,2.8,23730.73,48,9.219999999999999,639,5,1,1141.4710035100677,-1,0
25,41620.24,1.6,9683.58,60,8.62,669,3,0,3269.1193359091894,-1,0
27,32989.74,0.8,5460.26,36,10.16,592,4,0,2572.5473139303635,-1,0
35,15435.76,3.8,21787.13,36,7.359999999999999,732,0,0,609.9980996745916,-1,0
47,79097.2,0.2,14183.49,24,8.219999999999999,689,3,0,5948.528412436109,-1,0
26,43276.28,5.3,17655.4,24,8.78,661,4,1,2801.5552365039352,-1,0
37,30803.53,5.9,21713.77,12,11.64,518,0,1,641.3736040273911,-1,0
36,49397.59,3.4,2532.08,48,9.54,623,3,0,4052.8036634900914,-1,0
31,40764.61,4.3,9974.43,60,8.14,693,5,0,3194.1363920568215,-1,0
32,45291.11,26.4,8959.9,60,7.459999999999999,727,5,0,3594.8914111806885,-1,0
18,58146.27,1.5,21394.68,36,8.78,661,2,0,4167.36589771091,-1,0
34,28931.34,7.3,20891.98,48,10.56,572,2,0,1875.4341251424758,-1,0
24,65745.74,8.1,14154.09,48,9.44,628,2,0,5123.621941662379,-1,0
35,24389.45,6.5,7184.67,60,12.5,475,1,0,1870.813904836669,-1,1
23,15000.0,8.0,19844.68,36,10.06,597,1,1,609.1088322505524,-1,1
34,40186.25,11.2,6803.96,36,6.4399999999999995,778,3,1,3140.505340019465,-1,1
28,27695.94,0.8,7861.36,12,10.52,574,3,0,1614.953865084347,-1,1
38,23594.78,2.7,15445.28,48,10.98,551,3,1,1567.1903304761481,-1,1
32,90788.93,1.2,4354.06,48,11.76,512,4,0,7451.5974694359775,-1,0
30,34716.93,3.0,4860.26,48,10.28,586,2,2,2769.1541710830734,-1,0
30,85278.11,0.4,21113.36,12,8.6,670,4,0,5264.028707090994,-1,0
21,91334.02,0.2,30741.14,24,8.02,699,2,0,6220.549408136296,-1,0
53,19073.81,13.5,23763.46,12,7.299999999999999,735,3,0,-469.9786508889481,-1,1
36,59507.6,1.6,11123.52,24,8.82,659,2,0,4451.709691113326,-1,0
35,47424.22,4.2,11704.61,48,9.299999999999999,635,3,0,3659.0784384618432,-1,0
35,69676.01,5.9,22762.36,36,7.9,705,4,0,5094.094140974694,-1,0
31,15000.0,3.6,16138.46,24,9.74,613,3,0,507.2271227886779,-1,0
41,48404.82,2.1,5009.22,12,9.12,644,4,1,3595.3925136800435,-1,0
20,33912.65,0.5,14354.04,24,10.02,599,1,0,2163.5555385679654,-1,1
30,48315.87,6.6,13591.07,24,10.0,600,3,0,3399.1635760019676,-1,0
34,42504.78,1.9,10762.41,24,9.62,619,4,0,3047.3198669048065,-1,0
40,141225.0,5.5,9362.39,48,12.06,497,4,0,11521.926461366937,-1,0
42,35119.04,0.8,27320.5,36,12.68,466,6,0,2010.2563657593155,-1,0
34,20503.91,6.3,31220.44,36,6.98,751,1,0,744.9480804614132,-1,0
37,15000.0,5.0,31473.17,48,10.02,599,7,0,451.4567698758925,-1,0
43,136422.35,8.4,30287.97,36,7.539999999999999,723,0,2,10425.82845169185,-1,0
35,29664.29,8.1,22785.01,48,11.64,518,1,1,1876.0269678570157,-1,0
33,19915.4,1.9,39255.13,48,12.16,492,1,0,622.79201991836,-1,1
18,117398.88,7.9,23054.89,48,15.379999999999999,331,2,0,9137.15546628896,-1,0
36,101324.67,9.6,32791.08,48,8.74,663,2,0,7631.7573592282815,-1,1
27,50138.89,3.1,6962.17,24,10.48,576,4,1,3855.427401172308,-1,1
33,15000.0,2.5,11039.26,24,11.12,544,2,0,734.8687109296977,-1,0
33,20336.82,4.6,13857.02,24,8.4,680,3,0,1065.488505308885,-1,0
28,17305.84,1.8,34158.08,60,7.02,749,1,0,765.4600462387417,-1,0
32,51809.47,1.9,7107.42,24,8.86,657,3,0,3993.211534008082,-1,0
39,57427.69,1.0,29385.39,36,7.219999999999999,739,1,0,3875.3465765897563,-1,0
47,46794.88,2.4,12424.54,36,9.24,638,2,0,3503.0870110751207,-1,0
35,35299.86,6.9,9351.55,36,9.5,625,5,1,2642.09726885159,-1,0
22,48979.8,0.4,14989.5,60,5.0,850,1,0,3798.7796432930973,-1,1
34,27107.65,0.3,9043.65,36,11.34,533,2,1,1961.4350789486348,-1,0
31,15000.0,0.5,43627.53,60,5.52,824,6,0,416.2606722818407,-1,0
39,68631.11,6.3,22520.8,48,14.2,390,1,0,5101.583245535373,-1,0
49,67086.09,5.6,13138.08,36,9.379999999999999,631,1,0,5170.392632930425,-1,0
59,89904.66,2.5,6602.96,48,10.94,553,6,1,7321.590379951875,-1,0
29,40772.75,0.5,36553.54,48,7.119999999999999,744,2,1,2520.3726362835196,-1,0
37,15000.0,2.6,20194.29,24,10.26,587,3,0,315.71074441395274,-1,0
33,74495.47,8.2,4582.71,24,7.18,741,2,0,6002.401927885385,-1,0
40,65456.6,4.3,6847.99,36,10.06,597,2,0,5233.558335676369,-1,1
29,15000.0,2.3,12317.45,36,9.62,619,3,0,854.7444388095453,-1,0
23,24861.95,10.5,33021.66,36,7.58,721,5,0,1043.4365069599544,-1,0
26,42480.33,8.0,6185.73,48,8.82,659,3,1,3386.6234988014457,-1,1
47,57191.54,0.2,19368.65,24,8.66,667,3,0,3884.1282977079914,-1,0
40,24832.71,0.6,18192.84,12,7.84,708,4,0,488.17148907781234,-1,0
37,20860.18,8.1,16148.82,24,7.9,705,1,0,1008.7172427182445,-1,0
40,18446.69,6.1,2760.87,24,9.16,642,9,0,1410.8917576277056,-1,0
18,126371.32,2.6,7088.02,48,9.76,612,4,0,10351.988687434745,-1,1
32,32214.76,17.9,13395.08,36,9.28,636,5,0,2256.855637032757,-1,0
34,69294.68,0.7,14365.75,48,9.7,615,2,0,5412.270362288986,-1,0
23,44240.7,10.0,11063.3,48,7.84,708,2,0,3417.4676475052174,-1,0
47,15000.0,1.9,12831.43,48,5.239999999999998,838,4,2,953.1041991330185,-1,1
21,24096.8,9.7,58519.61,24,5.5,825,1,0,-572.3939344015594,-1,0
39,15000.0,2.7,19086.15,36,8.5,675,2,1,647.4972456033696,-1,0
34,35912.3,0.1,3922.86,48,8.879999999999999,656,2,0,2895.2945011830157,-1,0
38,26671.97,18.0,8388.22,36,8.34,683,5,1,1958.4901711515429,-1,0
18,30117.99,32.1,3071.95,24,5.68,816,1,0,2374.124315147746,-1,1
35,94456.27,7.2,13017.46,36,11.7,515,1,0,7440.852729599154,-1,0
41,59031.28,5.9,87474.34,48,10.18,591,2,0,2693.128813008906,-1,0
18,32752.13,6.7,21275.05,60,5.68,816,1,1,2321.1960456480174,-1,0
25,23500.2,6.3,9975.31,12,10.92,554,3,0,1077.0877540636748,-1,0
27,46391.87,5.5,42885.42,48,15.54,323,2,0,2660.683954423911,-1,0
44,66045.98,5.5,37654.85,24,7.859999999999999,707,5,1,3803.2081005804885,-1,1
50,15410.59,0.5,10549.43,24,7.84,708,0,0,807.8631437747415,-1,0
42,66380.21,9.7,19700.12,36,13.14,443,2,0,4866.580057086877,-1,1
55,95869.82,1.2,5350.78,48,7.24,738,0,0,7860.423939757534,-1,0
32,38984.87,1.0,10039.59,24,9.82,609,2,0,2786.2966590235023,-1,0
23,15153.59,1.7,9339.38,24,8.719999999999999,664,2,1,837.330819529238,-1,1
44,24910.17,5.0,21456.77,24,11.44,528,1,0,1071.4049833248514,-1,0
47,70982.38,0.6,77360.23,36,9.719999999999999,614,4,2,3429.158600071419,-1,0
37,72302.59,5.6,20147.68,12,8.84,658,2,1,4264.766003803204,-1,0
33,100446.24,15.1,5714.14,48,5.440000000000001,828,3,0,8237.785436601642,-1,1
26,43948.01,4.6,12881.55,24,7.859999999999999,707,4,0,3080.558711507042,-1,0
32,33937.48,20.5,13951.09,24,9.92,604,3,0,2184.8663199677144,-1,0
45,69554.93,3.4,8731.62,36,5.16,842,2,1,5533.921972325416,-1,0
42,29150.68,5.4,4526.99,36,8.56,672,6,0,2286.1915140930864,-1,0
34,74816.46,6.4,6589.47,36,7.52,724,4,0,6029.670976417493,-1,0
22,25105.59,1.6,16813.95,36,7.039999999999999,748,2,1,1572.6589778044045,-1,0
20,43782.76,12.0,12125.01,60,6.34,783,4,0,3412.231226050647,-1,0
31,83893.65,4.5,11993.91,12,5.0,850,4,0,5964.369068102482,-1,0
19,65564.68,4.4,12377.92,24,11.6,520,0,0,4883.361131133656,-1,1
35,18743.15,8.4,3092.46,36,8.18,691,3,0,1464.7657143311044,-1,0
22,15000.0,1.0,12685.61,12,12.5,475,3,0,119.92954596978939,-1,1
42,104559.56,1.8,12976.54,36,10.379999999999999,581,5,0,8292.261288239411,-1,1
26,100707.07,13.7,16237.86,36,10.32,584,6,0,7865.862831600519,-1,0
46,32687.77,4.8,28861.07,48,10.02,599,3,0,1991.7122991298206,-1,0
40,35872.92,4.6,50352.68,60,8.76,662,4,0,1950.026478632899,-1,0
39,15935.61,9.5,14492.44,36,9.16,642,8,0,866.0318295656684,-1,0
40,51336.93,2.3,17787.66,60,9.36,632,2,0,3905.719335822213,-1,0
29,141021.33,9.8,9473.02,36,9.98,601,5,0,11446.1987332208,-1,0
41,15000.0,6.7,5874.73,36,9.14,643,4,0,1062.8021368249913,-1,0
28,64773.79,0.6,28383.91,36,9.6,620,4,0,4487.268071513144,-1,0
35,49035.74,3.7,19255.2,36,6.359999999999999,782,2,0,3497.385197111982,-1,0
18,24378.26,2.7,15420.07,36,9.6,620,2,0,1536.850205771721,-1,0
26,42766.76,1.9,8923.38,24,6.9,755,4,1,3164.778341113807,-1,1
45,17917.94,2.7,4554.73,48,10.9,555,6,0,1375.6633585098105,-1,1
33,16813.41,2.3,31805.91,24,8.42,679,3,1,-43.47791100576433,-1,1
31,58764.05,4.6,12591.41,60,7.92,704,5,0,4642.177584209909,-1,0
41,33060.44,0.6,21495.34,60,9.84,608,1,0,2300.014628982936,-1,0
21,15000.0,13.9,6804.25,48,7.379999999999999,731,1,0,1085.861486990491,-1,0
47,102652.4,3.9,11509.37,36,5.879999999999999,806,4,0,8204.854780542035,-1,0
27,47906.1,1.4,28475.47,12,12.06,497,2,0,1461.3646491613677,-1,1
30,83382.94,6.4,26485.94,36,9.62,619,2,1,6098.669051919022,-1,0
46,15000.0,4.1,31612.06,36,12.62,469,2,0,190.64156151397287,-1,0
28,102056.35,2.3,8863.47,60,9.42,629,5,0,8318.892795282383,-1,1
48,117436.8,2.3,13467.2,48,6.68,766,4,0,9465.906759703943,-1,0
31,30134.23,5.5,12250.54,36,12.14,493,6,0,2103.4729623930716,-1,0
32,108851.49,4.1,20212.95,36,9.42,629,4,0,8424.232716133618,-1,0
28,90048.91,7.1,14870.38,36,7.140000000000001,743,1,0,7043.969214889635,-1,0
55,76069.44,2.1,6214.27,48,12.879999999999999,456,5,0,6172.776574883522,-1,0
26,70821.31,5.9,11825.73,48,6.74,763,4,0,5620.018327201945,-1,0
34,28618.57,3.4,15735.7,36,8.34,683,2,0,1889.3093364928427,-1,1
37,36004.76,0.7,5200.66,36,9.32,634,3,1,2834.24143578141,-1,1
32,30590.8,5.3,19220.17,24,8.379999999999999,681,2,0,1676.6222304252512,-1,0
28,57594.03,2.6,3959.79,24,7.9,705,4,1,4620.592468412136,-1,0
34,193902.09,5.4,7059.46,48,10.379999999999999,581,2,0,15978.170306596452,-1,1
26,32609.22,3.7,27150.95,36,5.559999999999999,822,4,1,1896.852607320133,-1,0
48,15000.0,6.9,6836.35,36,9.799999999999999,610,2,0,1030.0515829307171,-1,0
19,37585.23,7.8,2892.28,60,9.1,645,4,1,3071.9230555762406,-1,0
18,32819.87,2.9,33495.15,48,8.42,679,2,1,1910.6550670129998,-1,0
27,31689.33,1.2,13348.81,36,7.699999999999999,715,4,0,2224.319269441209,-1,0
42,52297.44,4.7,21913.08,36,6.82,759,1,0,3683.3096680567905,-1,0
32,27366.97,2.8,2486.54,12,7.68,716,2,0,2064.6483521304326,-1,0
31,67730.08,17.8,5286.82,12,12.5,475,0,2,5173.208273097681,-1,0
28,37405.56,13.1,14544.58,60,7.48,726,4,0,2825.824664742516,-1,0
42,19296.81,1.3,23599.37,36,8.32,684,3,0,865.0602725661316,-1,0
37,32452.82,2.4,13437.81,60,9.299999999999999,635,6,0,2423.4942285894317,-1,0
60,20022.35,2.3,100000.0,12,7.879999999999999,706,4,0,-7024.766336662463,-1,1
30,15000.0,1.0,10215.76,24,8.32,684,1,0,786.4764597526996,-1,1
25,55422.56,4.1,27554.91,24,11.52,524,5,0,3327.6093690463213,-1,1
19,62103.19,11.7,63858.24,24,9.78,611,3,1,2235.0120502065242,-1,0
26,15913.39,2.0,11803.83,60,6.219999999999999,789,0,0,1096.7052817378838,-1,0
50,15000.0,0.3,11462.54,36,7.0600000000000005,747,2,0,895.7555061145689,-1,0
40,18316.76,9.1,31343.81,48,6.879999999999999,756,5,0,777.5739254103232,-1,0
34,29045.46,0.1,42082.92,24,9.52,624,2,2,487.85172375597267,-1,0
31,25400.43,9.7,8192.87,36,12.28,486,3,0,1843.4850160815615,-1,1
18,15000.0,9.3,5736.8,48,9.18,641,8,0,1106.748659985098,-1,0
42,15000.0,1.7,12265.87,48,9.5,625,2,0,941.8428716020668,-1,0
18,70083.45,1.5,7410.59,12,8.68,666,3,0,5193.31962630962,-1,0
37,36880.84,7.1,30810.13,24,8.98,651,0,1,1666.1331929006883,-1,0
41,52120.53,8.1,9847.76,48,6.16,792,3,0,4111.3794819915665,-1,0
20,31465.6,3.9,21008.44,48,7.92,704,7,0,2110.044465942865,-1,0
30,60286.65,9.6,24236.38,60,11.84,508,3,0,4486.720154515238,-1,0
24,26116.1,3.3,10213.43,36,11.02,549,1,2,1841.8703286569007,-1,1
18,82054.02,5.8,13862.53,36,5.780000000000001,811,3,0,6417.490446526822,-1,0
33,42338.11,7.4,3367.09,48,9.18,641,4,0,3444.0975746436843,-1,0
43,28743.38,1.3,8137.44,24,11.0,550,3,0,2016.0131798127395,-1,0
23,19906.65,1.5,9357.27,12,7.68,716,2,0,846.2971019426725,-1,0
25,86279.17,0.2,9050.22,24,10.84,558,4,1,6768.791613496463,-1,1
42,37188.56,2.0,10843.91,48,7.719999999999999,714,2,0,2835.7380633395173,-1,0
41,21960.93,5.7,10291.6,24,8.14,693,7,1,1363.958896545478,-1,0
40,31485.47,0.5,24313.64,48,10.1,595,5,0,2005.964139266228,-1,1
23,63261.6,4.7,5141.38,36,10.7,565,4,1,5104.207305228628,-1,0
33,28693.29,0.9,25807.21,36,10.98,551,3,0,1546.4569582976235,-1,0
40,30406.24,1.8,12585.81,24,10.66,567,2,0,1949.240665974125,-1,0
35,45815.36,1.8,7522.59,24,6.82,759,2,1,3481.7544307522294,-1,0
32,46203.0,3.1,12098.09,36,8.66,667,2,0,3467.4455192236114,-1,0
36,74992.35,2.3,31394.7,60,8.84,658,0,0,5600.095354639788,-1,0
40,94020.2,0.6,20588.02,36,9.32,634,1,0,7177.252610456439,-1,0
18,54927.17,8.4,9911.25,36,8.959999999999999,652,3,0,4262.273546835598,-1,0
41,27614.95,8.6,78664.66,36,8.64,668,5,0,-187.11001256548525,-1,0
30,28597.85,10.6,49852.06,24,9.42,629,2,0,96.05696245934678,-1,0
23,65020.92,4.7,9807.69,12,8.1,695,3,1,4564.800913123219,-1,0
23,15000.0,0.1,5745.27,48,7.48,726,7,1,1111.139297678556,-1,0
23,39685.43,3.1,63928.68,24,9.54,623,4,0,370.68933841488524,-1,0
46,96910.85,4.3,17688.28,48,11.72,514,3,0,7612.531942970176,-1,1
31,74428.5,1.9,6638.73,36,12.74,463,4,1,5979.520427025237,-1,1
25,28763.78,4.7,5369.2,36,8.299999999999999,685,4,0,2227.9863878536353,-1,0
58,28370.62,14.7,22376.73,12,7.279999999999999,736,4,1,425.14311120344973,-1,0
42,29267.96,6.1,6984.23,48,9.219999999999999,639,0,1,2264.46329383652,-1,0
34,19104.3,15.7,7170.69,60,5.82,809,2,0,1453.9948501554857,-1,1
36,19870.46,17.8,28608.46,36,11.1,545,4,0,717.912014326867,-1,0
31,36220.34,11.5,12439.54,60,7.140000000000001,743,1,0,2771.221377236315,-1,0
25,15000.0,15.7,11457.99,36,9.4,630,5,1,883.5021578555984,-1,0
51,88732.79,1.1,8454.69,48,6.799999999999999,760,5,0,7192.724677885648,-1,1
18,23450.15,6.2,52136.3,24,5.419999999999998,829,1,1,-342.9319939634347,-1,0
47,15000.0,1.7,11156.56,48,7.699999999999999,715,4,0,979.2041081202657,-1,0
32,39223.23,7.1,12918.3,12,11.44,528,2,0,2124.2086897870367,-1,1
26,31076.2,2.6,55008.87,36,8.42,679,2,0,855.2271969690792,-1,0
45,101832.9,3.2,21077.31,24,9.4,630,7,0,7519.290654679056,-1,0
38,31977.44,3.0,25192.93,12,10.18,591,1,0,447.8182566343835,-1,1
30,55651.75,6.7,33013.29,36,8.24,688,3,0,3599.470293115388,-1,0
36,38177.23,3.6,30047.57,36,12.52,474,2,0,2175.947410774579,-1,0
43,27560.44,0.4,6041.77,24,9.66,617,3,0,2018.853463466182,-1,0
18,24264.81,0.1,17037.29,36,6.26,787,4,0,1501.7506562177382,-1,0
24,20496.99,1.6,16632.96,24,6.799999999999999,760,1,0,964.8891518673346,-1,1
18,45015.09,1.2,8804.22,24,6.879999999999999,756,3,1,3357.548647798658,-1,1
46,33481.57,12.0,9887.15,48,8.14,693,3,0,2548.106333852583,-1,0
46,85671.3,5.0,14618.66,48,9.379999999999999,631,1,1,6772.845560285719,-1,0
38,143272.33,0.9,4265.53,36,5.460000000000001,827,5,0,11810.636251347923,-1,0
33,21895.05,5.7,17696.58,48,12.64,468,3,0,1352.9884412442225,-1,0
28,55127.82,5.8,8525.76,48,12.24,488,4,0,4368.463069305451,-1,0
33,127084.45,1.9,27315.83,24,8.26,687,3,0,9351.708150261727,-1,1
38,15000.0,8.3,8118.56,48,9.12,644,5,0,1047.506377123749,-1,0
18,71707.54,0.4,1865.91,24,7.219999999999999,739,4,0,5891.90050964661,-1,0
32,42213.24,0.2,22328.82,12,8.52,674,3,0,1570.048384715643,-1,0
23,19487.4,6.9,16748.62,12,10.06,597,0,0,151.01279364898846,-1,0
30,112032.06,11.0,9633.31,48,9.98,601,4,2,9091.771887771054,-1,0
53,166728.87,1.5,13074.71,36,10.16,592,3,0,13471.205542743104,-1,1
27,42613.97,0.2,54780.86,48,6.879999999999999,756,3,0,2242.4160038370696,-1,0
45,24285.74,6.5,18313.97,48,9.82,609,3,0,1560.9036040970605,-1,0
47,78833.32,0.3,16694.67,24,10.78,561,2,1,5793.044953161235,-1,0
36,66516.77,0.2,19496.62,36,6.52,774,4,0,4945.334706598616,-1,0
41,15726.42,6.2,29310.18,24,11.4,530,1,0,-60.998688778724045,-1,0
27,47323.32,2.8,19066.37,48,5.0,850,5,1,3504.524967943431,-1,0
32,30624.73,0.5,8564.91,60,7.619999999999999,719,3,0,2379.9487863495733,-1,0
25,42432.57,0.7,9298.42,48,7.52,724,4,1,3311.1351170503417,-1,0
23,91611.92,2.2,7383.61,48,7.879999999999999,706,4,0,7454.486785760623,-1,1
35,41175.14,10.9,68612.08,36,12.18,491,1,0,1146.4555976891434,-1,0
32,44507.96,7.8,14459.88,24,9.66,617,3,0,3044.013428924312,-1,0
57,72364.06,0.7,30461.44,36,5.98,801,3,0,5103.918328338289,-1,0
40,32588.57,0.9,23921.84,36,8.92,654,2,0,1955.8964194643256,-1,0
32,36210.35,9.8,11327.19,36,9.18,641,1,0,2656.3778755076846,-1,0
39,33794.82,3.2,14173.32,48,9.18,641,6,0,2462.318690827637,-1,0
34,116312.94,2.7,8846.49,24,7.92,704,3,0,9292.964919180895,-1,0
23,36497.8,0.7,15518.19,48,8.26,687,2,1,2660.7422010903383,-1,0
29,34371.68,0.2,11957.98,12,12.32,484,2,1,1800.0637020718234,-1,1
20,24140.83,3.0,14072.23,36,8.48,676,4,0,1567.6405869833563,-1,0
37,18126.65,5.5,5264.85,36,10.959999999999999,552,1,0,1338.2894443652672,-1,1
29,21803.96,2.2,8738.61,48,11.34,533,1,1,1589.6971423137497,-1,0
50,43291.11,4.5,24195.49,24,14.18,391,2,1,2443.8387523082806,-1,0
47,47303.18,22.3,27916.93,24,7.299999999999999,735,2,0,2688.218493730611,-1,0
25,76730.12,1.2,17033.09,48,7.82,709,3,2,5979.78682796284,-1,0
28,15000.0,6.2,9662.83,24,6.0,800,6,1,821.7374776313445,-1,0
44,65690.24,24.7,8703.63,36,7.039999999999999,748,2,1,5205.284634010019,-1,0
37,163703.94,2.8,38018.58,36,8.4,680,2,1,12443.602932992357,-1,0
39,16814.36,6.2,4268.61,36,6.84,758,2,0,1269.7064257535956,-1,1
37,69369.63,8.1,44337.15,48,8.0,700,2,0,4698.403100206444,-1,0
19,22465.97,15.2,18231.55,36,8.76,662,2,2,1294.4400512631946,-1,0
37,24084.26,8.4,51571.57,60,9.58,621,7,1,921.9053934028957,-1,0
19,25792.94,0.1,2635.03,36,8.04,698,4,0,2066.790771293192,-1,0
20,37441.99,0.5,31566.77,24,11.32,534,2,1,1644.2127253777076,-1,0
49,35200.06,1.7,19178.86,36,10.52,574,1,0,2309.7976357614493,-1,0
34,15000.0,19.1,16230.17,60,8.48,676,5,0,917.1696335030351,-1,0
40,18110.65,1.4,20801.03,48,11.7,515,6,0,964.5088604331146,-1,1
25,31301.96,4.0,20858.94,48,9.6,620,3,0,2083.45800006657,-1,0
30,68107.48,2.3,3948.63,48,10.5,575,3,0,5574.525059943572,-1,0
37,15704.89,7.4,6939.65,24,10.48,576,5,0,986.9715811466931,-1,0
18,17512.66,0.8,46636.93,48,8.98,651,5,0,299.269199745127,-1,1
42,124177.17,7.6,10092.47,12,9.76,612,0,1,9461.93519057836,-1,0
44,18030.33,13.1,11435.18,36,12.0,500,3,0,1122.7158887142807,-1,0
42,193747.56,2.4,21834.73,48,7.359999999999999,732,7,0,15619.115609426408,-1,0
23,20322.33,2.2,1000.0,24,7.0600000000000005,747,6,0,1648.7277154732813,-1,0
25,65786.1,0.3,6465.82,48,5.34,833,7,0,5332.273836293963,-1,0
29,26271.78,0.2,60447.31,24,9.84,608,4,0,-595.5598759341933,-1,0
39,24105.34,25.3,11447.04,12,7.34,733,4,0,1016.50809656101,-1,0
29,29130.11,3.5,36351.23,48,7.24,738,2,0,1552.980367454007,-1,0
37,38864.19,0.5,7445.56,60,8.5,675,2,1,3085.9254350125607,-1,0
47,66414.68,9.2,15492.34,24,9.74,613,2,0,4821.521472693013,-1,0
29,79855.65,1.3,15329.5,36,8.42,679,8,1,6171.290989839078,-1,0
28,30684.36,2.0,5542.76,24,8.84,658,2,0,2304.2171431293473,-1,0
62,51507.41,24.6,10069.44,36,11.54,523,0,0,3960.042657470181,-1,0
40,58893.77,0.5,10082.14,24,10.7,565,2,0,4439.310443899497,-1,0
32,39071.94,7.8,17551.69,12,8.82,659,4,2,1722.5384643941288,-1,0
45,15885.54,6.5,22594.21,60,7.6,720,3,1,869.9789449375752,-1,0
35,25570.02,8.8,100000.0,48,12.74,463,2,0,-539.0281239034757,-1,1
39,110491.55,6.9,11150.32,36,10.879999999999999,556,3,0,8843.215314312536,-1,0
36,16535.57,5.1,28784.95,36,8.7,665,3,0,466.6242213091017,-1,0
26,27947.37,1.1,5023.11,48,7.84,708,3,0,2206.6956131407383,-1,0
30,16430.1,0.6,3128.13,60,5.079999999999998,846,6,0,1310.0286085556813,-1,0
20,52520.03,5.7,9848.74,48,15.16,342,1,0,4101.771916211786,-1,1
44,24404.79,2.6,66752.88,48,9.74,613,1,0,349.02982251242133,-1,0
26,17567.24,7.3,1657.17,48,6.5600000000000005,772,7,0,1424.5910829660822,-1,0
46,30645.42,5.0,6715.86,48,7.82,709,4,0,2390.3980782989183,-1,0
27,54164.0,2.7,8619.88,36,9.379999999999999,631,2,0,4238.029759268045,-1,0
27,32844.27,25.4,14592.92,36,9.42,629,1,0,2270.113759169027,-1,0
28,28373.69,2.3,14789.69,24,10.66,567,0,0,1677.4909593629002,-1,0
33,71389.17,1.8,45602.81,24,5.919999999999998,804,1,0,3929.5966040541844,-1,1
41,30081.67,29.1,6027.39,24,11.74,513,1,1,2223.8069391055988,-1,0
45,94042.68,3.2,88749.95,36,7.779999999999999,711,2,0,5064.78758993186,-1,0
30,18744.02,0.0,4055.46,36,6.82,759,4,1,1437.1143250066898,-1,0
36,23761.15,17.6,9207.91,24,11.36,532,6,1,1549.3944328673122,-1,1
34,15000.0,1.1,5050.29,12,6.539999999999999,773,2,0,814.0850735981267,-1,0
35,17562.89,3.1,22074.55,48,5.0,850,5,0,955.21287427675,-1,0
28,15000.0,1.4,12161.56,12,8.76,662,3,0,187.80666228811447,-1,1
44,22954.53,0.6,2670.07,48,6.279999999999999,786,7,1,1849.8274876038065,-1,1
43,39089.61,0.1,35559.63,48,7.6,720,2,0,2396.014232471572,-1,0
53,41868.68,0.2,23678.41,60,7.959999999999999,702,3,1,3009.397045730001,-1,0
19,15000.0,3.4,6758.78,48,9.44,628,1,1,1080.3918365953243,-1,0
39,39573.31,0.2,13870.95,36,9.299999999999999,635,2,2,2854.7440656940107,-1,0
29,23640.63,5.6,7945.35,48,9.32,634,6,1,1771.1226524633548,-1,0
23,88280.59,18.8,4917.95,36,7.5600000000000005,722,1,0,7203.601451672197,-1,0
23,28486.77,2.5,6209.0,36,7.18,741,1,1,2181.670198871204,-1,0
35,96699.96,2.7,14011.84,24,7.84,708,2,0,7425.634425958118,-1,0
26,21948.96,1.2,12163.11,48,6.98,751,7,1,1537.9320402441344,-1,0
35,30120.64,5.5,8173.88,36,7.4,730,1,0,2256.170072089962,-1,1
18,15664.48,8.4,12093.64,48,11.84,508,5,0,987.8506388920179,-1,0
39,118886.32,2.6,4507.22,36,6.68,766,2,1,9768.681963235664,-1,0
40,41587.85,14.8,5738.36,48,10.1,595,2,0,3319.8387961901117,-1,0
37,41695.89,7.6,6408.88,36,7.859999999999999,707,2,0,3274.2401526450867,-1,0
39,159917.13,14.6,12754.8,24,10.82,559,5,0,12733.019192550051,-1,0
19,33651.14,2.2,16208.19,36,9.34,633,4,0,2286.2769401026294,-1,0
36,41974.51,4.1,12349.01,48,8.48,676,4,0,3193.6102797751823,-1,0
32,53621.35,7.7,16746.36,48,12.16,492,2,0,4026.1332288069952,-1,1
42,40435.76,1.2,25424.07,12,8.379999999999999,681,2,0,1153.5772694186921,-1,0
45,64235.51,0.8,23122.13,36,7.5,725,4,0,4633.717146547617,-1,0
38,81392.57,3.3,4417.95,36,8.879999999999999,656,2,0,6642.471148188163,-1,0
40,26347.3,1.3,21276.14,48,12.44,478,2,0,1630.7185442159357,-1,1
25,62221.18,1.1,10200.35,24,10.959999999999999,552,1,0,4709.871479021274,-1,0
29,51237.03,7.9,8590.69,48,7.66,717,2,1,4061.396995009497,-1,0
41,22093.9,9.9,19449.24,36,7.879999999999999,706,5,0,1232.7659448810284,-1,0
34,34578.22,0.4,11232.53,12,5.579999999999998,821,6,0,1916.9416145301493,-1,0
38,23546.01,0.5,48012.44,60,9.52,624,0,0,953.347564476175,-1,1
21,78410.19,0.4,9952.93,48,12.459999999999999,477,4,0,6269.83012433156,-1,0
29,38896.37,0.5,5087.31,24,12.2,490,2,1,3001.411396533284,-1,0
22,33579.07,7.4,15402.7,36,9.32,634,3,0,2306.156912281708,-1,0
31,22718.54,0.1,31260.91,12,6.98,751,2,0,-811.4049386518557,-1,0
37,32003.96,1.2,25312.66,36,9.58,621,1,0,1855.2105680805707,-1,0
25,24896.46,11.1,22103.55,48,5.0,850,5,0,1565.6758580965345,-1,0
42,36170.31,6.1,1877.58,48,7.219999999999999,739,5,0,2969.0396191926948,-1,0
18,54257.21,10.9,14391.39,60,12.799999999999999,460,5,0,4195.457350688968,-1,0
36,104472.88,3.9,4733.66,36,11.52,524,1,1,8549.931100947615,-1,1
18,61746.81,0.3,1000.0,12,7.0,750,2,0,5059.040753901862,-1,0
29,85532.83,14.4,17483.04,60,7.799999999999999,710,1,1,6774.913875829154,-1,0
39,89983.33,7.1,3384.0,36,8.719999999999999,664,3,0,7391.4409836020905,-1,1
29,63150.36,1.9,8773.02,36,10.94,553,2,0,4975.561790702631,-1,0
33,48392.79,1.5,1148.9,48,6.66,767,4,0,4005.401527494024,-1,0
42,15000.0,8.7,5748.41,36,10.42,579,2,0,1063.3793979019213,-1,0
32,15000.0,0.9,3940.71,48,10.98,551,5,0,1148.1885609105605,-1,0
23,122199.34,4.7,26617.92,36,11.32,534,5,0,9307.802557286976,-1,1
39,111154.64,3.9,9982.68,48,11.56,522,6,0,9002.15586203496,-1,1
23,69842.07,8.0,8426.94,24,8.52,674,5,0,5437.043152254547,-1,0
36,31113.65,0.1,3871.57,36,9.66,617,1,0,2468.4965916267165,-1,0
26,15000.0,7.7,8948.38,36,7.1,745,3,0,973.2906861199042,-1,0
35,49712.25,12.0,5599.34,48,9.879999999999999,606,1,0,4000.996240379374,-1,1
47,238761.52,5.1,13988.24,24,9.02,649,3,2,19257.615825129247,-1,1
30,47783.28,2.8,13233.14,48,5.0,850,3,1,3677.190134078534,-1,0
47,69358.93,0.1,74699.81,12,7.84,708,1,0,-712.5834162668034,-1,1
30,53048.7,13.6,11223.59,12,10.959999999999999,552,2,0,3428.974899247481,-1,0
32,24242.45,0.9,4730.22,36,7.619999999999999,719,1,0,1872.8040784095888,-1,0
44,93347.58,0.5,3838.06,12,11.36,532,4,0,7439.10605762761,-1,0
33,23917.45,6.0,6710.34,36,8.4,680,7,0,1781.6027223748474,-1,0
24,24922.35,5.8,34100.73,36,7.0600000000000005,747,6,0,1022.9952210222395,-1,0
33,29569.63,2.7,8952.76,24,10.54,573,4,0,2048.776469634326,-1,1
42,18614.63,11.3,11861.26,24,7.359999999999999,732,2,0,1018.2220646367568,-1,1
51,23852.52,1.3,14210.74,48,12.16,492,1,0,1612.3693634887459,-1,0
45,22346.2,3.2,11809.73,36,8.06,697,2,0,1491.7823472509615,-1,0
55,141935.77,0.1,1341.88,48,7.619999999999999,719,3,1,11795.460448543236,-1,0
35,18545.69,2.7,9511.74,24,12.18,491,7,0,1096.9235742787805,-1,1
37,16775.84,13.9,8131.48,36,5.960000000000001,802,3,0,1150.7586393430825,-1,0
38,16183.61,14.9,8207.89,36,12.5,475,1,1,1074.0504878317925,-1,1
29,51654.37,7.7,51996.78,48,7.379999999999999,731,0,0,3050.215640551972,-1,0
28,31730.57,0.5,16215.48,48,9.66,617,4,0,2235.59035214682,-1,0
30,28197.71,8.5,7417.1,48,9.68,616,3,0,2162.83014395378,-1,0
31,101742.08,9.5,22417.63,24,11.28,536,1,1,7430.752785440934,-1,0
40,41313.81,0.8,14992.03,48,9.18,641,2,0,3068.457510625503,-1,0
48,31127.7,7.3,14411.77,48,9.14,643,4,0,2234.3786791057337,-1,0
30,15000.0,0.9,11734.09,12,10.2,590,3,1,217.295263077164,-1,1
31,15000.0,5.4,6352.83,24,9.459999999999999,627,4,0,958.4299565285696,-1,1
24,110198.9,19.4,18545.21,48,7.32,734,0,1,8736.39505132883,-1,0
34,67426.15,0.0,6864.7,12,11.66,517,4,0,5010.016880324576,-1,1
46,40426.27,13.0,9824.55,24,11.26,537,2,0,2909.767959437171,-1,0
36,21511.36,9.5,6128.62,36,9.92,604,3,1,1595.0901127817276,-1,0
39,18152.11,6.9,25148.28,24,10.56,572,2,0,345.6995429694912,-1,0
50,85446.15,5.6,7420.77,36,9.12,644,4,0,6884.119332944379,-1,0
30,15000.0,5.4,3463.78,36,8.0,700,5,0,1141.457724042004,-1,0
32,26084.99,2.5,54374.91,36,12.62,469,1,1,351.58004037694513,-1,1
25,50232.2,1.1,10271.49,36,9.9,605,4,0,3855.0666073273765,-1,0
33,15000.0,0.8,34392.62,24,8.48,676,2,0,-313.0251130616816,-1,0
34,15000.0,5.2,9189.77,48,10.08,596,4,1,1016.5704662972106,-1,0
26,22398.6,6.3,65800.7,48,9.76,612,4,0,205.24811761544584,-1,0
39,15218.23,0.8,3694.87,48,6.779999999999999,761,3,0,1180.0842153071032,-1,0
36,45427.65,5.3,12777.75,48,8.52,674,3,0,3470.566975013204,-1,0
18,183217.79,3.6,24404.07,36,8.52,674,6,0,14497.546592537099,-1,0
52,50875.14,9.6,8946.38,36,6.039999999999999,798,4,1,3967.2666130250655,-1,0
33,31183.41,6.6,7810.85,48,12.58,471,2,0,2390.696509006134,-1,0
22,39072.71,0.5,9444.03,48,6.74,763,3,0,3031.0475740943675,-1,0
45,60678.43,7.2,1438.11,24,8.42,679,3,1,4991.218189331904,-1,0
44,28391.3,1.3,51135.33,36,9.26,637,0,0,733.657030729787,-1,0
40,46537.63,2.7,7178.08,60,11.12,544,5,0,3721.63706508178,-1,0
48,28226.5,3.9,23990.26,36,8.94,653,5,0,1589.9942248232483,-1,0
18,38751.32,7.3,6615.13,48,8.2,690,3,0,3067.1602604081922,-1,0
49,35524.22,2.4,7878.87,36,9.36,632,0,0,2708.4835271943452,-1,0
31,42199.9,5.0,25605.45,48,8.36,682,3,0,2887.2185123777854,-1,0
40,21024.35,6.5,22038.65,48,6.699999999999999,765,1,0,1227.3482909485274,-1,0
39,63992.27,5.2,34096.01,48,9.02,649,4,0,4483.884677011789,-1,1
36,15834.23,13.1,4058.65,60,7.08,746,3,0,1238.9997536780766,-1,0
39,60032.62,7.4,2920.12,60,8.299999999999999,685,4,0,4943.088683308594,-1,0
39,51372.67,0.9,7036.36,12,10.48,576,3,0,3660.8760746599064,-1,1
30,19799.28,0.1,8141.6,24,7.539999999999999,723,1,1,1283.423215102856,-1,0
49,108166.57,2.1,42329.71,48,7.459999999999999,727,4,0,7991.184916161571,-1,1
39,120404.63,0.9,16362.1,48,8.14,693,0,0,9633.19636050372,-1,0
36,19625.89,1.8,11336.41,24,6.459999999999999,777,2,0,1130.7011864749707,-1,1
50,44862.23,8.8,10902.44,36,5.0,850,2,0,3411.763259236877,-1,0
37,15000.0,0.5,12363.34,36,9.58,621,1,0,853.5032452498702,-1,0
19,16334.08,4.5,12522.63,24,8.86,657,5,0,789.8842593712801,-1,0
44,100057.51,4.3,55894.33,48,13.9,405,0,0,6813.533092961122,-1,0
21,20969.06,5.2,8616.53,36,6.459999999999999,777,1,0,1483.4904614813606,-1,0
37,15000.0,11.3,18065.64,36,10.5,575,4,0,662.8225565239896,-1,0
30,42354.53,5.3,1981.4,48,11.34,533,4,0,3478.0060756484304,-1,0
36,63199.28,4.1,13693.12,60,6.0,800,3,0,5001.880295388021,-1,0
48,23167.62,4.1,26311.57,24,8.32,684,3,0,736.7901880756147,-1,0
31,28212.12,4.9,36357.29,48,9.2,640,2,0,1442.8006196614087,-1,0
22,15000.0,4.1,7602.15,24,8.18,691,3,1,905.5509117496406,-1,0
32,145751.53,15.1,25021.82,36,7.24,738,1,0,11370.611024191974,-1,0
48,45265.34,2.6,5112.42,48,8.76,662,2,1,3645.4706923628946,-1,0
31,36708.78,0.9,11135.78,36,10.4,580,2,0,2697.6497990105313,-1,0
32,54644.87,0.8,11286.55,24,10.24,588,3,0,4031.67103108642,-1,0
20,28642.25,3.3,9261.65,24,11.799999999999999,510,4,0,1951.740664902581,-1,1
51,15000.0,4.3,25933.56,48,12.36,482,3,0,562.4769843437781,-1,0
46,38097.26,8.1,22512.66,48,11.68,516,4,1,2585.4579407527935,-1,0
32,52903.43,0.6,7363.77,24,11.04,548,3,0,4065.2729977061535,-1,0
40,42047.2,6.2,7349.24,36,12.78,461,4,0,3257.086443069151,-1,0
35,45218.84,2.5,8293.91,36,7.619999999999999,719,1,0,3509.7871514229228,-1,0
27,21328.53,3.5,20451.47,36,10.14,593,3,1,1116.1210136839954,-1,1
18,26477.15,11.4,17699.56,48,12.56,472,2,0,1735.4504559610718,-1,1
41,68823.22,5.2,100000.0,60,5.0,850,3,0,3848.1449689322344,-1,1
39,106594.37,1.2,3088.32,12,8.62,669,2,0,8613.329933016532,-1,0
31,110225.1,12.1,16022.01,24,10.92,554,2,2,8439.268698844595,-1,0
39,19042.84,1.3,45908.28,36,8.76,662,7,0,132.1548093353788,-1,1
48,20099.96,1.5,13226.31,48,10.26,587,1,0,1337.8893805976281,-1,1
51,39237.35,1.1,14633.86,24,11.299999999999999,535,4,0,2585.6865595836953,-1,0
36,32294.68,0.7,28997.42,36,7.98,701,1,0,1782.8171006366151,-1,0
49,59245.71,5.2,5073.17,12,9.06,647,3,1,4493.3451244678845,-1,0
62,79446.31,11.2,14883.07,48,9.12,644,2,0,6249.311385965716,-1,0
24,24787.94,0.3,6631.57,36,11.82,509,2,0,1845.9683373429189,-1,0
26,99165.53,2.2,100000.0,36,7.92,704,2,0,5133.846866604315,-1,0
35,64471.69,1.2,8321.2,24,7.459999999999999,727,3,3,4998.341554880361,-1,0
41,29816.53,5.0,5980.75,36,7.5,725,2,0,2298.6723190689895,-1,0
43,19598.36,1.5,17294.8,48,7.4,730,3,0,1215.834033006664,-1,0
33,24011.02,2.1,19973.7,36,7.859999999999999,707,4,0,1376.3043647674015,-1,0
57,32256.34,3.2,6206.71,48,9.799999999999999,610,3,0,2531.2056099330325,-1,0
36,31907.18,1.9,4108.29,24,10.959999999999999,552,4,0,2467.5294370077154,-1,0
38,23361.33,2.1,2801.83,48,5.0,850,2,0,1882.2533343949553,-1,0
31,15881.79,5.9,15147.62,36,7.199999999999999,740,3,1,854.3815793150463,-1,0
49,16664.99,6.0,8167.79,48,8.959999999999999,652,3,0,1185.6484648425433,-1,0
28,21534.37,2.3,19249.23,48,12.44,478,2,0,1283.4562927741772,-1,1
44,88463.28,1.4,9240.5,36,9.92,604,3,0,7074.122005164765,-1,0
31,37268.74,5.4,27469.3,24,11.56,522,2,0,1818.290087003746,-1,1
41,38133.43,1.6,19256.28,60,7.92,704,4,0,2788.0747506801267,-1,1
19,96429.87,10.8,5082.59,24,11.36,532,2,0,7798.083574337759,-1,0
34,17797.45,2.0,7521.78,36,6.859999999999999,757,6,0,1251.351271370185,-1,0
29,40004.01,6.2,10042.64,36,9.54,623,3,1,3011.784305521283,-1,0
27,49763.56,6.7,2716.24,48,10.959999999999999,552,5,0,4076.8134428449166,-1,1
47,22608.75,2.1,10660.92,36,8.34,683,4,0,1548.313338405872,-1,0
33,46893.14,15.2,38900.74,24,6.52,774,3,0,2174.527861702033,-1,0
42,28243.2,2.9,47553.35,60,9.5,625,1,2,1354.8911384876305,-1,0
21,21407.06,8.6,23725.29,48,11.98,501,4,1,1159.3767369807174,-1,1
34,41174.67,3.7,15549.02,24,7.24,738,2,0,2733.359780103405,-1,0
36,19729.82,1.3,18827.1,36,5.66,817,1,0,1074.2907239152269,-1,0
18,81274.23,4.3,10420.1,60,8.0,700,4,1,6561.570443875299,-1,0
41,28824.91,0.4,4649.33,36,10.14,593,6,0,2251.749249497375,-1,0
39,104817.22,8.8,9308.49,48,8.58,671,2,1,8504.978107583162,-1,0
31,27725.52,1.5,25100.02,36,9.76,612,5,0,1503.3782450932467,-1,0
42,17663.25,0.2,14060.51,24,10.14,593,1,0,822.2073801715846,-1,1
45,44348.77,1.1,16079.79,48,5.0,850,3,0,3325.4246288689856,-1,0
37,16119.16,5.8,6938.84,36,8.24,688,1,1,1125.0562426287752,-1,1
31,27775.25,3.9,10789.68,12,5.239999999999998,838,4,0,1389.7397239570591,-1,0
42,36701.99,1.2,4621.79,48,7.219999999999999,739,3,0,2947.3523004951085,-1,0
25,28579.03,15.5,24496.8,60,9.94,603,5,0,1861.8241389424165,-1,0
35,15000.0,1.7,7421.57,36,10.26,587,4,0,1009.6198494799464,-1,1
32,27366.97,2.8,2486.54,12,7.68,716,2,0,2064.6483521304326,-1,0
31,15000.0,0.1,9816.26,24,7.799999999999999,710,5,0,806.9320150390081,-1,1
39,26172.21,7.5,91477.09,36,13.459999999999999,427,5,0,-921.5143086100475,-1,0
34,45710.24,0.6,10679.35,48,12.459999999999999,477,5,1,3525.5403893297666,-1,1
24,76020.31,5.4,25657.96,24,12.68,466,1,0,5119.0526373867415,-1,1
24,112718.4,2.5,20902.78,48,10.4,580,2,0,8859.027102039496,-1,1
52,39629.72,8.5,13046.68,36,10.74,563,1,1,2876.949700786472,-1,0
24,31285.65,7.1,17009.32,60,9.14,643,2,1,2252.895149541592,-1,1
45,30833.16,1.2,49978.36,24,9.54,623,0,0,273.77886077569974,-1,1
27,54486.3,4.7,27179.15,48,11.58,521,1,0,3830.3856908490006,-1,1
18,42233.29,4.0,6289.2,48,7.48,726,0,0,3367.4335770964594,-1,0
25,27402.32,3.5,12799.01,36,6.84,758,3,0,1889.2660271730592,-1,0
30,15000.0,23.9,12249.15,36,10.6,570,5,1,851.2948602281281,-1,0
40,72635.55,12.5,5298.78,36,10.62,569,1,0,5880.439222846399,-1,0
18,189421.5,13.4,24392.24,48,11.799999999999999,510,2,1,15145.176430830237,-1,0
39,53571.86,3.0,23024.24,48,9.879999999999999,606,4,1,3881.693434159335,-1,0
56,15000.0,5.8,6801.02,48,7.959999999999999,702,2,0,1084.0948938546908,-1,0
60,26133.37,0.6,30799.91,36,9.56,622,5,0,1190.3047836438227,-1,0
48,103671.49,11.4,4117.81,24,12.299999999999999,485,1,1,8444.87381868267,-1,0
36,56255.55,1.6,6425.28,48,8.44,678,5,0,4529.772197112225,-1,0
42,74090.1,1.5,4197.02,12,8.6,670,3,0,5807.917457929563,-1,0
58,31291.98,7.1,55594.31,60,12.959999999999999,452,2,0,1343.8616832853509,-1,0
35,32990.82,5.0,17886.73,36,7.0600000000000005,747,6,1,2196.4538872522708,-1,0
41,27799.13,5.0,17435.59,36,9.62,619,1,0,1757.1022336661933,-1,0
36,23503.02,1.3,31722.23,36,5.0,850,4,0,1007.8413087394653,-1,0
35,24024.99,4.5,1745.29,36,6.84,758,3,0,1948.320595641632,-1,1
44,49819.6,21.1,39792.79,60,9.26,637,3,0,3320.5701160110198,-1,0
26,138032.37,7.8,7913.3,12,11.299999999999999,535,1,0,10802.199087663897,-1,1
21,18537.87,0.7,21453.91,60,9.36,632,3,0,1095.7168536116908,-1,0
42,27203.38,3.7,30828.85,60,7.799999999999999,710,3,0,1644.7970824866425,-1,0
32,107048.09,6.7,4756.16,36,11.76,512,4,1,8763.246232645106,-1,0
23,20880.34,0.8,8525.39,48,7.82,709,2,1,1532.6182282386494,-1,0
47,28976.33,2.3,5540.54,36,10.66,567,4,0,2234.194784464264,-1,0
23,15000.0,1.2,40306.0,36,9.66,617,1,0,-44.13677643959136,-1,1
29,123603.8,1.6,5442.15,48,7.539999999999999,723,4,0,10168.62984237247,-1,0
46,36583.1,3.1,15957.5,36,7.34,733,4,0,2553.385957684051,-1,0
35,42675.45,2.1,10280.87,60,6.98,751,5,0,3352.8109486229287,-1,0
37,15000.0,5.4,63266.47,48,10.14,593,4,0,-358.85813885637003,-1,1
34,33533.04,1.4,23434.16,24,10.4,580,3,0,1708.720896347942,-1,0
36,44559.73,8.3,17531.95,24,9.94,603,1,1,2904.785717058007,-1,0
40,33526.14,2.7,14998.69,24,5.100000000000001,845,4,0,2135.159710541987,-1,0
19,43600.73,8.6,12981.89,48,9.42,629,1,0,3307.744097019316,-1,0
28,15000.0,2.3,14923.98,48,7.359999999999999,732,4,1,890.1288115478202,-1,0
44,61558.21,4.7,37591.5,24,11.14,543,5,0,3375.347895709895,-1,1
28,30648.44,3.0,36738.52,36,5.919999999999998,804,0,0,1437.7109270681856,-1,0
45,37982.16,5.6,2239.31,48,12.16,492,3,0,3106.0343087308606,-1,0
26,21261.69,1.1,10729.67,48,6.9399999999999995,753,0,0,1515.1707732243342,-1,1
18,46540.8,3.3,7788.44,36,10.18,591,2,1,3626.430241415803,-1,0
32,45916.89,6.0,18324.19,24,8.32,684,0,0,2994.9771002094626,-1,0
28,54751.53,2.1,8271.23,48,9.5,625,3,0,4354.828258273254,-1,0
24,15000.0,1.4,13633.92,24,9.78,611,2,0,622.2472642708557,-1,0
33,23857.57,1.2,16062.04,24,10.44,578,4,0,1243.6830374457336,-1,0
21,26379.96,1.2,14644.03,48,9.94,603,4,0,1827.3413875105718,-1,1
34,159877.15,0.8,8275.17,60,5.0,850,5,0,13166.933166819423,-1,0
28,15419.35,12.1,7518.8,48,11.48,526,2,1,1088.8612158017545,-1,1
39,38048.32,1.6,4709.19,36,6.66,767,2,1,3026.018158054762,-1,0
38,51851.25,3.6,14226.9,48,8.48,676,1,0,3970.4028738302536,-1,1
27,58270.05,5.9,12336.65,36,6.24,788,3,2,4479.189701085194,-1,0
33,21482.29,1.5,13663.5,48,7.859999999999999,707,4,0,1457.5220549509409,-1,0
19,33927.03,1.0,44286.48,24,7.92,704,3,0,825.9104362443538,-1,0
29,91732.53,17.1,92496.14,36,9.719999999999999,614,0,0,4671.931849135768,-1,1
28,29591.39,5.6,15263.56,36,5.440000000000001,828,2,0,2005.4651636525596,-1,0
36,19944.91,0.9,3614.97,36,8.86,657,3,0,1547.35615240145,-1,0
18,28073.61,2.0,16996.11,36,8.82,659,1,0,1800.4184574283668,-1,0
32,68813.11,2.1,34546.86,36,9.92,604,2,0,4620.992948418711,-1,0
45,58097.72,9.2,13725.3,36,8.94,653,2,0,4405.3989708212075,-1,0
41,27956.23,7.9,31274.58,60,9.44,628,3,0,1673.778080517962,-1,0
37,104941.84,0.9,84222.23,36,8.5,675,4,0,6086.464935912873,-1,0
49,52449.25,8.2,8644.45,12,11.58,521,5,0,3604.4193466645174,-1,1
36,36120.94,2.5,16227.5,48,10.18,591,2,1,2597.1028229886465,-1,1
40,117994.16,3.4,10880.99,48,9.58,621,0,0,9559.066189042935,-1,0
39,82093.16,6.9,17703.67,12,7.379999999999999,731,2,0,5306.152632148904,-1,0
46,63264.09,5.7,36034.22,48,7.24,738,4,0,4405.105248077168,-1,1
32,76764.58,3.6,19303.12,48,7.699999999999999,715,5,0,5928.516313027653,-1,0
24,42557.39,7.4,21123.87,24,8.719999999999999,664,2,0,2584.122111332596,-1,0
48,15000.0,5.4,10423.23,12,9.06,647,1,0,338.1831047318319,-1,0
35,34387.7,1.5,16591.61,48,5.780000000000001,811,3,0,2477.658539867265,-1,0
44,35755.52,0.7,100000.0,24,12.54,473,4,0,-1752.9777764109126,-1,1
42,74669.78,21.5,16215.64,48,7.619999999999999,719,1,0,5829.496561875104,-1,0
36,33350.16,2.4,6649.82,48,8.26,687,1,1,2616.0256633143354,-1,0
43,76130.11,3.9,10221.84,24,9.379999999999999,631,1,0,5875.409502957331,-1,0
44,15000.0,2.4,11702.41,60,10.16,592,1,1,1000.4360797829465,-1,0
38,33160.5,1.3,17464.25,48,10.299999999999999,585,4,0,2317.9161309455926,-1,0
31,15000.0,10.7,8720.81,48,9.2,640,4,0,1032.153140507706,-1,1
37,23681.9,1.6,12052.56,48,9.36,632,5,0,1671.4986999666141,-1,0
29,27586.14,9.5,38573.85,36,11.34,533,1,1,1029.7667451723364,-1,1
41,44552.56,0.7,10843.78,36,10.42,579,5,0,3360.6728990881934,-1,0
50,18431.62,2.4,37413.88,48,6.799999999999999,760,3,0,643.5139533011447,-1,0
18,21196.65,6.5,13892.79,12,10.58,571,3,0,541.2397416338656,-1,0
44,16361.02,9.1,7086.05,48,10.2,590,3,0,1183.0164274691674,-1,0
37,54016.92,2.2,10261.63,36,8.98,651,3,0,4175.188418835157,-1,0
33,43902.39,2.6,13105.39,24,6.84,758,8,0,3072.7205238662114,-1,0
62,15000.0,1.7,69914.16,36,7.299999999999999,735,2,0,-918.3489712811488,-1,1
29,51990.68,0.7,12198.69,36,8.1,695,5,1,3949.7310590835896,-1,0
28,37872.25,1.2,12293.29,48,9.16,642,0,0,2849.1669739221184,-1,0
18,15000.0,6.4,9864.06,60,9.6,620,6,0,1042.354001217364,-1,0
42,15000.0,5.2,13805.57,48,5.0,850,3,0,932.0674755598886,-1,0
41,106780.08,5.1,41834.43,48,6.02,799,6,0,7915.473546726693,-1,0
25,17089.65,5.1,13028.41,36,6.52,774,4,0,1024.711113536849,-1,0
52,45600.6,0.4,8840.37,36,8.299999999999999,685,3,0,3521.7998336883784,-1,0
39,66042.82,8.3,38086.5,48,9.68,616,3,2,4543.438828735263,-1,0
42,20616.44,0.1,5336.88,48,9.74,613,2,0,1583.345009536219,-1,0
41,27339.53,2.3,20497.48,60,9.18,641,2,0,1851.007308626506,-1,0
38,44032.1,0.2,61857.94,48,10.16,592,4,0,2095.707123683308,-1,0
34,98935.62,20.0,9375.73,48,10.64,568,3,0,8003.950221203625,-1,0
37,20191.03,6.1,7312.99,48,8.92,654,4,1,1500.8794370661112,-1,0
43,18735.44,2.5,16495.66,12,6.5600000000000005,772,2,0,137.314679229401,-1,0
22,59287.09,2.8,3240.38,24,9.24,638,1,1,4792.19783413403,-1,0
33,115420.82,2.0,28261.07,36,12.18,491,5,1,8677.298230481689,-1,1
29,15000.0,3.7,16380.04,36,8.28,686,3,1,734.5906472833466,-1,0
34,44145.5,3.9,19032.58,48,10.82,559,1,0,3188.546735807201,-1,0
23,24024.87,8.9,17765.68,12,9.94,603,5,0,440.68269672492625,-1,0
33,19399.8,4.4,11184.57,36,9.06,647,4,0,1260.67125527694,-1,1
41,28836.33,9.8,31600.53,60,5.34,833,5,0,1801.75161520764,-1,0
24,24889.25,6.6,31732.5,48,10.4,580,3,0,1263.1765539504788,-1,1
41,62841.4,1.2,23368.77,48,6.359999999999999,782,3,0,4684.101727837594,-1,0
53,16848.2,1.2,5215.01,12,7.4,730,1,0,951.8166026048334,-1,1
33,98958.42,9.3,1870.72,24,11.44,528,3,0,8158.962140487849,-1,1
38,27027.11,2.0,15440.85,48,7.279999999999999,736,6,0,1880.49963149723,-1,1
43,32682.38,1.6,4572.9,24,11.82,509,3,0,2508.6535766437946,-1,0
46,30858.9,6.3,32385.71,60,11.36,532,3,1,1861.602880276345,-1,0
34,45878.94,1.7,8473.65,12,6.02,799,2,0,3093.870300300575,-1,1
29,15000.0,2.6,35840.77,48,5.0,850,2,1,424.6123858719769,-1,0
38,78934.18,1.3,36021.36,48,8.94,653,3,0,5682.48116233124,-1,0
31,49978.21,5.5,15507.14,24,10.84,558,2,0,3443.247950585607,-1,0
40,30259.76,15.6,8726.73,48,10.4,580,1,0,2298.6340982992597,-1,0
18,18878.4,9.1,4421.1,12,12.2,490,1,1,1179.9768543974676,-1,0
42,64624.56,0.7,18543.9,48,6.74,763,1,0,4943.556703006931,-1,0
35,57825.59,4.9,14469.18,24,8.42,679,2,0,4161.62221342067,-1,0
32,246513.52,0.6,24476.5,48,10.94,553,4,0,19910.89835401982,-1,0
38,19816.9,0.1,5414.75,24,7.6,720,1,0,1407.5004993326622,-1,0
38,19965.53,0.3,5632.87,60,8.719999999999999,664,5,0,1547.6290304088118,-1,0
26,32123.07,6.9,3050.99,36,6.879999999999999,756,2,1,2582.884091224834,-1,0
40,58647.51,4.8,69219.7,48,10.62,569,5,0,3111.0200736283577,-1,0
29,54371.36,6.5,4873.4,36,8.48,676,2,0,4377.150589317023,-1,0
24,21478.74,10.3,8545.64,36,9.84,608,7,0,1514.7927292180484,-1,1
43,198030.09,8.9,7423.05,24,9.719999999999999,614,1,0,16160.92991876841,-1,0
44,15400.04,26.8,24840.2,60,7.92,704,2,0,780.6174895814675,-1,0
26,52533.54,1.8,76022.62,48,9.0,650,3,0,2485.968879922515,-1,1
53,39405.6,5.9,6804.5,24,13.2,440,6,0,2959.6620757697383,-1,0
23,44685.61,1.0,6046.71,36,9.799999999999999,610,2,1,3529.2577960434046,-1,1
36,30294.72,0.1,6119.56,36,7.279999999999999,736,3,1,2334.8213390718424,-1,1
31,44531.95,2.3,15043.48,36,9.379999999999999,631,3,0,3229.952210485565,-1,0
31,105992.16,6.8,6569.21,48,10.32,584,4,0,8665.05650474039,-1,0
40,25202.39,0.7,64497.1,36,8.6,670,1,0,61.19464177600935,-1,0
40,21435.89,3.0,6959.53,36,5.0,850,2,0,1577.7408091398336,-1,0
39,40916.59,2.0,1766.98,24,7.619999999999999,719,3,2,3330.1060020797704,-1,0
44,84673.54,0.9,3242.93,24,9.78,611,3,1,6906.812642814531,-1,0
28,24323.29,1.9,12913.92,36,10.64,568,1,0,1606.3538602888266,-1,0
46,32410.26,0.0,9358.78,48,9.66,617,3,0,2465.017369362359,-1,0
31,27169.18,0.5,12690.4,24,10.58,571,0,0,1675.0977406871075,-1,0
39,27835.42,4.8,8958.77,24,9.0,650,2,1,1910.339234744949,-1,0
36,38461.81,10.7,21842.05,36,9.48,626,7,1,2505.689729141167,-1,1
34,34286.26,6.3,8049.15,48,8.2,690,3,0,2659.92852567492,-1,1
21,20738.07,1.4,8429.23,60,9.48,626,3,0,1551.225355081011,-1,0
41,31229.0,3.6,1000.0,60,11.86,507,2,0,2580.2429008635327,-1,0
36,27728.59,2.2,12726.46,48,8.86,657,5,1,1994.8626749552482,-1,0
34,15177.5,3.3,11097.22,48,8.02,699,2,0,993.7719033145398,-1,0
18,80358.07,1.1,4139.56,24,5.359999999999999,832,7,0,6514.229447981927,-1,0
31,23992.19,5.4,28170.15,36,11.66,517,4,0,1068.2650514005184,-1,0
45,15000.0,2.0,36059.85,36,11.42,529,1,1,62.261672031266926,-1,0
54,43726.16,20.9,38498.88,60,7.459999999999999,727,5,1,2873.1396616416096,-1,0
19,72205.78,7.6,3702.28,60,6.26,787,3,0,5945.12444121551,-1,0
45,78788.57,3.7,25026.8,24,9.1,645,3,0,5421.222641136056,-1,0
39,40535.26,2.7,11053.08,36,10.28,586,3,0,3019.831746410711,-1,0
31,52065.0,7.0,18553.54,48,9.98,601,2,0,3868.362478258852,-1,0
33,63680.45,0.2,38149.09,12,9.459999999999999,627,3,0,1962.3666165033046,-1,0
25,35307.71,8.2,8338.78,24,10.58,571,3,0,2555.2806756855707,-1,0
33,49620.7,9.2,21869.42,60,9.379999999999999,631,3,1,3677.0412378795027,-1,0
20,97144.35,2.8,14861.79,36,9.02,649,3,0,7622.623201656645,-1,0
37,63012.7,7.7,5590.74,36,8.1,695,4,0,5075.606835070896,-1,0
42,77534.94,1.1,2281.84,36,7.84,708,4,0,6389.908733352391,-1,0
43,24083.41,4.8,42642.56,12,9.219999999999999,639,1,0,-1726.5558319642264,-1,0
29,27178.9,8.6,7355.65,48,9.58,621,4,0,2079.8301952013253,-1,0
26,23747.26,10.3,11233.78,60,9.879999999999999,606,2,0,1740.9164635758568,-1,0
27,20686.9,1.7,7078.71,36,9.4,630,2,1,1497.4871250615515,-1,0
25,25608.87,0.1,17652.27,48,11.32,534,5,1,1675.0923100586647,-1,0
30,24121.4,3.9,33577.71,36,5.02,849,3,1,1003.4610346669762,-1,0
34,45918.0,4.5,13328.02,24,8.94,653,6,0,3217.97968402645,-1,0
31,83200.58,10.7,4189.7,36,12.26,487,6,0,6793.702817888484,-1,0
44,21511.65,0.4,45712.03,48,6.6,770,3,0,706.4692962060326,-1,0
33,41234.12,0.0,10658.99,24,12.22,489,2,0,2933.325207760177,-1,0
31,24699.13,3.0,21969.45,36,12.68,466,3,0,1321.4048925830175,-1,0
33,35474.44,5.6,4466.14,48,11.72,514,4,0,2839.2057946727145,-1,0
36,20308.94,1.9,7125.11,48,6.859999999999999,757,5,0,1522.254454960942,-1,0
37,27067.99,4.9,2085.74,48,11.54,523,3,0,2201.210195119668,-1,0
40,25618.63,0.3,5428.94,36,7.039999999999999,748,4,0,1967.156621364191,-1,0
23,28345.8,0.4,56777.05,60,6.779999999999999,761,3,1,1243.7802673865424,-1,0
40,32898.92,7.6,44098.37,60,11.36,532,3,1,1774.8350628772778,-1,0
19,135763.23,2.5,14004.31,36,7.4399999999999995,728,5,0,10878.367179249639,-1,0
22,32547.22,1.6,25658.23,48,9.76,612,5,0,2064.4626747665425,-1,0
30,40241.05,2.1,9781.54,60,10.14,593,3,0,3144.9175662547023,-1,1
25,20747.48,5.6,13587.02,60,8.48,676,6,0,1450.3290955320704,-1,0
25,66912.85,11.7,4117.78,60,5.0,850,2,0,5498.363244858699,-1,0
41,43317.35,2.0,12952.81,36,8.62,669,2,0,3200.1702409653785,-1,0
27,80374.08,9.9,24532.42,60,7.4399999999999995,728,2,1,6206.959793733364,-1,0
32,48458.28,11.7,11714.04,48,8.719999999999999,664,3,0,3748.240551560655,-1,0
25,63977.84,4.6,32645.02,60,8.78,661,3,0,4657.31003207921,-1,0
48,24050.61,5.7,24982.56,60,8.62,669,1,1,1490.2159329464407,-1,0
29,43310.82,2.7,13575.99,12,11.6,520,8,0,2405.5636471570897,-1,0
36,43898.92,2.5,24389.66,24,10.04,598,6,1,2532.333935201992,-1,1
39,68972.64,0.4,30383.89,48,8.799999999999999,660,2,1,4994.497776879633,-1,0
26,25040.72,11.6,4457.47,36,10.66,567,3,0,1941.5114744316602,-1,1
43,29417.51,0.1,9434.61,36,8.04,698,0,0,2155.638653921257,-1,0
28,43016.56,0.3,81318.23,60,8.299999999999999,685,4,1,1924.1728091318405,-1,0
45,201625.77,5.4,8245.49,48,12.02,499,6,0,16584.931145221442,-1,1
27,16652.39,4.4,26452.54,36,7.219999999999999,739,6,0,568.2581029857098,-1,0
44,18522.96,3.4,16249.67,48,7.34,733,2,0,1151.8930276852363,-1,0
42,34352.24,8.6,28808.49,48,11.66,517,2,0,2108.848924363293,-1,0
27,26134.97,0.3,7506.49,36,9.14,643,2,0,1938.720384493772,-1,0
34,24464.73,1.9,7971.42,12,7.699999999999999,715,2,1,1346.4114202620576,-1,0
53,19073.81,13.5,23763.46,12,7.299999999999999,735,3,0,-469.9786508889481,-1,1
41,61231.78,4.0,24455.48,24,11.22,539,0,0,3960.33177864747,-1,0
41,35426.16,7.4,7008.68,48,10.18,591,2,0,2773.8152981147687,-1,1
38,42624.92,3.3,27531.17,24,7.0,750,5,0,2319.435180039526,-1,0
25,36430.82,1.9,31203.51,48,9.32,634,4,0,2254.6510626142103,-1,0
37,16045.08,1.3,24656.89,60,11.24,538,0,0,798.0335625586916,-1,0
39,28095.88,3.6,11346.93,12,11.36,532,2,0,1336.5564383464032,-1,0
47,49214.57,1.5,45774.99,36,6.359999999999999,782,4,0,2701.1714117432707,-1,0
24,33511.63,4.4,56857.42,36,12.04,498,1,0,903.0694371247139,-1,0
57,65347.44,4.6,6349.55,60,9.86,607,3,0,5311.147804157805,-1,0
34,52860.05,8.7,10178.24,48,12.459999999999999,477,3,0,4134.6674995622525,-1,0
26,36317.33,21.7,7106.96,48,8.06,697,7,0,2852.7422730924973,-1,0
40,33364.48,2.0,47818.22,24,8.32,684,4,1,610.6991610031041,-1,1
28,48640.55,8.5,8630.46,24,7.640000000000001,718,4,0,3664.462337456519,-1,0
36,41803.42,0.0,78392.47,60,5.52,824,5,0,1985.5072728179666,-1,0
33,141607.21,4.3,7263.14,24,8.5,675,5,1,11470.449902875342,-1,0
36,47172.08,9.3,8715.17,36,7.16,742,4,0,3661.269506013556,-1,0
18,200368.23,0.6,3227.27,24,8.56,672,4,1,16550.56616915183,-1,0
38,236982.15,4.2,31966.84,48,9.14,643,4,0,18950.889581051415,-1,0
32,31548.23,1.7,17835.49,36,12.62,469,7,2,2031.3302834988772,-1,1
41,21976.06,1.5,21827.91,48,10.16,592,2,1,1276.047400962616,-1,0
20,33403.09,6.7,21516.33,60,12.52,474,0,0,2299.298865965966,-1,1
38,17634.31,2.6,9576.24,60,9.219999999999999,639,2,0,1269.7147996089964,-1,0
25,27116.95,12.1,21026.63,24,8.02,699,5,0,1308.5765009300526,-1,0
37,140152.86,2.1,18634.53,36,8.42,679,3,1,11091.84930385929,-1,0
54,45555.54,0.4,4737.01,36,5.0,850,1,0,3654.322560706228,-1,0
27,37598.31,2.4,12737.13,36,7.98,701,2,0,2734.1746467334556,-1,0
30,28014.03,26.1,32538.88,60,5.399999999999999,830,8,0,1714.4728565923083,-1,0
43,41899.28,0.8,9998.09,12,8.58,671,6,0,2619.2050207625407,-1,0
34,17990.45,0.7,16358.11,12,7.42,729,2,0,80.6209074411986,-1,1
29,38214.15,4.4,13373.41,36,13.04,448,5,0,2733.6517634431625,-1,0
37,26855.61,10.4,7749.55,36,13.06,447,4,1,1976.6305179762512,-1,1
49,33349.03,6.8,18908.91,12,9.28,636,2,0,1123.0175068596072,-1,0
23,33026.95,17.9,23144.18,48,7.459999999999999,727,3,2,2193.076909372163,-1,0
37,56338.29,1.0,2641.08,36,10.1,595,3,0,4609.513226239461,-1,0
38,89096.55,9.0,6397.1,12,7.799999999999999,710,2,0,6868.8302055444365,-1,0
35,19840.51,5.7,10114.92,24,9.6,620,1,1,1188.4887990994105,-1,0
31,32372.04,5.7,25217.02,60,9.18,641,4,1,2172.0004423306723,-1,0
31,22866.11,6.8,5212.6,48,10.26,587,0,1,1772.652350263341,-1,0
32,141873.19,3.0,23601.01,12,10.02,599,3,1,9747.642560793625,-1,0
41,15000.0,10.0,8139.54,12,10.1,595,5,0,534.026501031716,-1,1
44,27102.83,1.2,12310.3,36,8.34,683,4,0,1870.8753368684697,-1,0
31,18274.08,6.1,27280.97,36,9.5,625,1,0,648.950059110218,-1,0
49,81968.2,4.9,14068.23,48,8.04,698,4,0,6486.972519243673,-1,0
32,68354.62,12.0,5243.69,48,10.299999999999999,585,0,0,5562.468059655855,-1,1
23,43124.61,3.6,78026.98,12,10.08,596,3,1,-3268.9971872982755,-1,1
22,46593.8,2.9,6238.9,36,9.299999999999999,635,1,0,3683.5490681874735,-1,0
44,62470.85,8.4,3792.47,36,9.0,650,4,1,5085.3046345458215,-1,0
30,34275.52,8.7,13680.05,48,9.62,619,3,0,2511.8230989149943,-1,0
47,22755.28,6.0,14534.9,48,8.2,690,2,0,1540.067823641717,-1,0
38,30072.14,1.2,11922.29,24,10.54,573,1,1,1952.8822643108529,-1,1
22,34929.49,4.7,18282.99,36,5.559999999999999,822,1,0,2358.224544509477,-1,0
45,29102.88,9.5,1300.2,48,6.76,762,2,0,2394.2496627033183,-1,0
21,28439.0,10.6,8966.66,48,8.219999999999999,689,3,0,2150.0871382341043,-1,0
41,95644.82,0.5,14028.03,24,13.8,410,1,0,7298.200147944395,-1,0
33,15000.0,0.1,5805.24,24,10.02,599,3,0,982.0640366207908,-1,0
43,17841.73,2.5,9216.69,24,5.940000000000001,803,2,0,1078.5706423530905,-1,1
48,25167.53,3.5,21202.93,24,7.74,713,1,0,1140.8553828254285,-1,0
33,102204.27,0.5,11988.61,12,10.74,563,2,1,7458.902660068134,-1,0
38,33588.42,7.8,14954.98,36,8.76,662,7,0,2325.1393306040013,-1,1
52,33059.41,11.0,14110.24,48,11.379999999999999,531,0,0,2387.6549387300997,-1,1
43,19477.71,0.2,9141.55,36,8.78,661,5,0,1333.378760245265,-1,0
37,35453.62,4.0,18186.8,48,11.379999999999999,531,4,1,2481.057748115074,-1,1
36,23503.02,1.3,31722.23,36,5.0,850,4,0,1007.8413087394653,-1,0
46,40016.39,6.5,17172.67,48,7.6,720,2,0,2918.6809830216903,-1,0
38,16148.8,23.1,6481.42,36,5.640000000000001,818,3,0,1149.6114757359142,-1,0
41,77585.38,19.4,16846.06,36,7.32,734,4,0,5942.822632911606,-1,1
39,22800.17,3.2,9937.84,48,8.92,654,3,1,1653.087930875253,-1,0
43,29047.69,23.9,10406.03,48,8.16,692,1,0,2165.8169680151464,-1,0
20,139176.32,3.4,17239.02,60,5.0,850,0,0,11272.705092452888,-1,0
38,79710.47,3.5,12702.5,36,9.56,622,2,0,6235.284258415928,-1,0
28,15000.0,3.5,21193.16,24,10.4,580,3,0,268.1258975975819,-1,1
18,500000.0,1.9,6379.74,24,9.44,628,5,0,41373.92025917313,-1,0
27,22761.62,6.1,56568.26,48,10.52,574,4,0,447.9165813144293,-1,1
37,15000.0,6.8,20589.9,24,7.34,733,3,2,324.9601625829538,-1,0
51,32241.66,4.2,12338.92,12,7.299999999999999,735,4,0,1617.4511706841793,-1,0
23,47744.01,3.5,21000.12,36,7.68,716,8,0,3323.6957430157245,-1,0
28,21130.06,14.0,22775.96,48,7.92,704,3,0,1205.665480892571,-1,0
33,15000.0,11.5,10641.57,12,10.78,561,4,2,310.5720738841544,-1,1
49,38541.12,0.8,18127.95,48,9.84,608,2,0,2753.380037208326,-1,0
33,62969.69,32.3,7231.02,36,10.379999999999999,581,3,0,5012.857293284775,-1,1
41,15000.0,0.1,61690.14,36,8.219999999999999,689,1,0,-689.4118432604494,-1,1
38,37382.95,4.8,21895.42,48,11.12,544,2,2,2548.0704443580157,-1,0
40,20984.9,3.5,9355.01,48,12.02,499,6,0,1502.2964983241022,-1,1
24,64545.85,2.5,66255.24,24,8.64,668,4,1,2362.899214451644,-1,1
23,158593.47,4.0,12521.63,36,10.74,563,2,0,12807.720422094017,-1,0
27,62424.56,4.0,13769.68,36,11.62,519,3,0,4747.191356293814,-1,1
48,200515.49,0.2,7229.83,48,10.6,570,5,0,16524.16673140578,-1,1
43,28380.22,2.9,5363.57,48,12.459999999999999,477,3,1,2222.5605373311537,-1,1
54,28348.45,13.6,16120.35,60,8.28,686,3,1,2033.343803022327,-1,0
25,32703.04,4.9,9051.63,12,6.039999999999999,798,0,0,1946.0454293738603,-1,0
36,78272.59,2.3,12856.41,24,11.52,524,2,0,5920.397800630661,-1,0
39,81949.1,1.2,19286.32,36,10.06,597,1,0,6206.232938463969,-1,0
38,68550.66,2.9,22180.25,48,9.78,611,3,1,5152.347085638178,-1,1
32,67637.16,0.3,2599.27,36,6.98,751,2,0,5556.1958548361035,-1,1
31,48247.3,0.2,11832.69,36,8.86,657,3,1,3645.1024726025703,-1,0
25,25879.62,3.8,5109.73,36,9.82,609,2,0,1992.189866180883,-1,0
33,51017.08,9.1,5701.42,12,5.0,850,5,0,3763.339124514929,-1,1
28,33615.57,9.6,10230.72,12,6.6,770,4,0,1917.9520142339593,-1,0
28,57948.47,12.2,12552.82,36,7.58,721,2,0,4438.107034647271,-1,0
44,36227.22,2.4,41081.04,60,8.12,694,2,0,2183.598346118748,-1,0
41,33320.29,8.8,13746.2,12,12.06,497,4,1,1554.971745125202,-1,0
57,24730.74,5.2,5528.41,48,6.699999999999999,765,1,1,1929.278453608596,-1,0
43,33997.06,2.3,8664.52,36,5.359999999999999,832,3,0,2572.002115232831,-1,0
36,24835.78,4.1,10318.05,36,8.68,666,2,0,1743.0716306220634,-1,1
43,18601.02,8.7,7980.1,12,7.039999999999999,748,5,2,859.4457516927334,-1,0
27,63384.9,11.8,3581.79,48,8.9,655,1,0,5193.111982626079,-1,0
36,15000.0,4.7,29608.19,12,8.06,697,2,0,-1326.391397500403,-1,0
19,103487.1,8.3,13941.3,12,9.24,638,1,1,7403.1855820559995,-1,0
41,19032.74,9.1,22783.91,48,8.459999999999999,677,5,0,1024.9071126938875,-1,0
36,103701.4,0.5,16634.53,48,7.58,721,5,0,8238.957335267974,-1,0
34,65629.76,0.4,15467.89,24,7.42,729,2,1,4773.660457318702,-1,0
35,62127.49,3.5,18997.78,24,8.76,662,7,0,4311.472621588798,-1,0
50,105287.3,3.7,3483.66,36,8.9,655,5,0,8663.324272782193,-1,0
33,82687.01,2.3,10316.35,48,10.379999999999999,581,3,0,6627.048201427302,-1,0
33,18084.35,0.9,10311.92,36,7.799999999999999,710,3,1,1184.8416458924003,-1,0
29,62126.95,1.4,32961.58,48,6.459999999999999,777,1,0,4396.171467694889,-1,1
52,16327.56,1.2,12201.97,36,9.36,632,3,0,970.5629622398787,-1,0
45,187212.55,4.3,10405.25,36,11.6,520,2,0,15257.427164723125,-1,0
41,37186.81,2.3,36511.41,24,8.34,683,1,0,1441.9211213752508,-1,0
39,15000.0,2.1,11293.98,48,8.94,653,3,0,969.2704850134971,-1,0
46,15000.0,11.5,16354.96,12,7.02,749,3,0,-165.29226856774994,-1,0
35,160991.72,8.1,6968.49,60,7.48,726,1,1,13276.40864093554,-1,0
27,26804.01,0.9,14844.33,12,7.799999999999999,710,5,0,943.7548489463088,-1,0
64,25149.63,0.6,15200.51,24,5.0,850,1,0,1428.9350016333933,-1,0
48,34815.0,0.9,9924.55,36,7.26,737,2,1,2593.6275385129925,-1,0
33,24777.31,4.3,100000.0,60,7.199999999999999,740,5,1,75.20635139316505,-1,0
42,54007.93,3.8,34581.61,60,10.44,578,5,0,3758.3946005160346,-1,0
31,56715.86,0.7,15481.34,60,7.640000000000001,718,2,0,4415.0764063525585,-1,0
36,24159.02,1.4,6877.01,36,12.72,464,5,0,1782.4644046258275,-1,1
42,43433.65,9.7,18985.06,48,5.0,850,5,0,3182.258313136994,-1,1
28,51433.89,6.0,4469.04,36,5.919999999999998,804,2,2,4150.362580027851,-1,0
28,44318.54,14.3,14100.68,36,8.5,675,3,1,3248.087923069059,-1,0
50,75957.42,1.5,9913.8,48,14.0,400,4,0,6058.875777323405,-1,0
37,27599.88,0.1,10238.23,12,9.42,629,3,0,1402.646373987106,-1,1
43,37064.18,1.3,21338.88,36,10.44,578,2,0,2395.71948460494,-1,0
30,40070.25,1.9,15793.88,36,8.879999999999999,656,5,1,2837.8279543538792,-1,0
28,48640.55,8.5,8630.46,24,7.640000000000001,718,4,0,3664.462337456519,-1,0
32,52903.43,0.6,7363.77,24,11.04,548,3,0,4065.2729977061535,-1,0
39,49095.27,3.6,48026.76,60,8.14,693,6,1,3114.241915623637,-1,0
31,40025.94,12.5,23073.38,60,9.48,626,5,0,2851.1365574576926,-1,0
48,51784.23,8.2,7572.51,60,10.08,596,4,1,4154.160800688713,-1,0
48,38927.68,9.1,33570.68,36,5.039999999999999,848,4,0,2237.2269269913113,-1,0
44,78499.98,11.7,4958.52,48,7.4,730,4,0,6422.004699432442,-1,0
27,25009.59,4.7,16831.14,48,8.52,674,5,1,1669.1145104536195,-1,0
37,37117.74,3.1,4988.31,36,8.58,671,3,0,2935.491358337071,-1,0
39,104083.53,2.5,3869.26,48,9.28,636,3,0,8576.825547014227,-1,0
25,94048.85,11.7,13549.78,48,8.64,668,4,0,7502.528758760893,-1,0
52,15000.0,2.6,4320.58,36,10.9,555,2,0,1108.7542727051753,-1,0
42,48226.7,1.4,6079.4,24,6.799999999999999,760,3,0,3747.2521244181594,-1,0
36,56244.17,4.3,12168.57,48,9.879999999999999,606,4,0,4379.088587744551,-1,0
26,30899.72,5.8,30413.02,60,11.28,536,2,0,1909.4691722710131,-1,0
26,68914.4,2.2,10965.54,36,9.219999999999999,639,2,0,5393.041571175584,-1,0
34,22228.38,2.6,19267.74,48,9.74,613,3,2,1366.0876563537854,-1,0
38,49138.47,4.3,11396.43,48,8.02,699,7,0,3816.545336831289,-1,0
30,15568.8,4.5,35433.54,24,10.34,583,3,0,-343.24414426944804,-1,1
31,90114.3,1.1,35478.66,48,9.58,621,4,1,6616.833757727931,-1,0
34,26691.56,10.0,10414.32,60,9.62,619,3,0,2004.9653331168604,-1,0
37,15000.0,1.2,4956.07,60,10.98,551,3,0,1142.2924554117537,-1,0
29,31248.1,4.3,4853.86,24,6.119999999999999,794,0,2,2388.6197447290697,-1,0
31,90634.29,0.4,10022.23,36,10.12,594,2,1,7228.903388887679,-1,0
18,24786.17,0.7,14089.41,24,9.459999999999999,627,5,1,1418.8653682277336,-1,0
49,172768.55,0.7,15232.14,48,8.78,661,7,2,14019.91592152531,-1,0
36,31991.43,2.6,11628.22,36,7.66,717,2,0,2303.3874640702647,-1,0
42,53555.67,5.2,34826.83,36,8.76,662,1,0,3359.37464057186,-1,0
46,20105.04,9.9,5526.31,24,10.959999999999999,552,2,1,1417.9532545203574,-1,0
28,198456.38,11.6,11134.65,36,10.76,562,2,1,16174.761718161222,-1,0
32,18886.38,3.4,100000.0,60,9.24,638,2,1,-513.6378504976303,-1,0
41,21057.02,6.3,5779.51,48,10.98,551,7,0,1605.4333381594165,-1,1
45,157627.36,1.2,23118.55,36,7.5600000000000005,722,1,0,12415.845444649625,-1,0
54,51262.06,0.4,11426.02,36,7.379999999999999,731,3,0,3917.0474389065416,-1,0
37,30055.33,2.1,8492.6,24,12.44,478,1,0,2103.0873967988964,-1,1
51,28461.99,0.3,10506.48,48,6.58,771,4,0,2122.283976570445,-1,0
18,35032.22,1.8,12684.79,36,6.74,763,3,0,2529.1883330923156,-1,0
27,40916.17,4.1,5345.35,36,10.32,584,4,0,3236.3972336587144,-1,0
32,106248.5,33.1,8988.83,24,9.12,644,4,0,8442.894199048153,-1,0
19,26124.34,4.7,15649.47,36,10.6,570,1,0,1667.6440802459176,-1,0
48,15000.0,6.7,11122.11,36,8.379999999999999,681,3,2,899.5204836778933,-1,0
39,37132.53,3.1,14620.19,48,10.42,579,2,0,2720.6158255577116,-1,0
18,83056.78,2.4,10356.86,36,9.84,608,0,0,6587.9890504509785,-1,0
25,23766.71,0.3,23342.66,36,10.44,578,2,0,1222.5259142783038,-1,1
38,28294.43,1.8,19078.19,24,9.64,618,3,1,1480.674107544406,-1,0
42,24418.99,5.9,5740.16,48,9.459999999999999,627,3,0,1890.814630998996,-1,0
34,60282.77,9.0,8430.45,60,8.94,653,3,0,4848.807282542514,-1,0
19,51826.73,19.5,3023.26,60,10.08,596,2,0,4254.539756192486,-1,1
56,120275.84,2.8,5599.91,36,7.34,733,7,1,9849.205848757292,-1,0
37,15000.0,20.8,5682.22,12,7.799999999999999,710,1,0,756.2379060509766,-1,0
33,51690.19,0.3,28297.42,36,11.879999999999999,506,1,0,3369.2575820442707,-1,0
34,34754.91,1.3,11750.35,24,10.02,599,5,0,2353.9149911816066,-1,0
31,41436.11,3.7,33403.84,24,13.98,401,2,0,1849.5100866521268,-1,0
18,158713.84,7.0,30169.46,36,8.799999999999999,660,5,0,12269.578354660931,-1,1
24,45097.1,12.4,19539.31,48,11.26,537,1,2,3250.6173321319197,-1,1
18,20515.76,3.3,13499.24,36,9.58,621,1,0,1276.7211908977285,-1,1
39,39147.82,3.0,16742.92,36,9.9,605,4,1,2722.857128823278,-1,0
33,15000.0,2.0,10831.72,48,12.5,475,6,2,962.0928944040259,-1,1
42,42468.57,1.8,10091.19,48,8.82,659,5,1,3288.7894184389165,-1,0
52,40917.38,7.6,38482.81,48,10.24,588,4,0,2429.316732547844,-1,0
28,23099.12,5.8,8500.49,36,11.36,532,1,0,1645.1801043783391,-1,0
44,16262.81,5.6,39248.67,36,6.92,754,1,1,144.78427378577248,-1,0
33,52206.33,0.8,16852.87,48,10.24,588,3,0,3921.150121522101,-1,0
55,81721.05,2.6,9441.65,36,6.84,758,4,0,6519.246961014968,-1,0
46,36275.57,0.9,6688.18,48,6.9399999999999995,753,2,0,2862.993485062622,-1,0
29,60114.69,0.1,9952.71,36,8.28,686,2,0,4696.388556647202,-1,0
31,26397.81,15.1,9724.8,48,7.379999999999999,731,3,1,1965.2267352111,-1,0
33,15000.0,0.8,14088.38,48,5.0,850,3,0,925.5545610451741,-1,0
18,127807.61,2.0,14111.91,24,11.42,529,4,0,9990.15340910737,-1,0
52,39618.97,5.1,8268.27,24,7.039999999999999,748,3,0,2931.239108593582,-1,0
44,73920.09,6.5,25659.55,48,12.16,492,2,0,5482.2755993676365,-1,0
25,15000.0,0.9,6906.63,24,9.52,624,4,0,932.8220150644183,-1,0
47,15000.0,1.7,11156.56,48,7.699999999999999,715,4,0,979.2041081202657,-1,0
38,32118.23,4.2,13712.55,48,6.640000000000001,768,4,0,2350.4405303758326,-1,0
49,15000.0,0.7,10913.79,36,8.959999999999999,652,4,0,903.1475367076679,-1,0
46,27718.26,1.2,33591.98,36,9.34,633,7,0,1236.3154761515866,-1,0
38,108124.61,4.0,10217.22,24,11.58,521,3,0,8531.425672466392,-1,1
18,16683.65,6.4,9283.46,48,10.86,557,6,0,1150.9989683253766,-1,1
38,50122.71,1.5,7572.04,12,9.58,621,5,0,3512.6680856952476,-1,0
43,63227.6,0.6,9681.92,24,8.28,686,4,0,4829.842198766945,-1,0
29,21133.39,2.7,5744.0,12,8.48,676,1,0,1260.178596243082,-1,0
28,88243.12,2.7,26466.75,36,10.299999999999999,585,0,0,6495.853107982815,-1,0
34,56989.01,12.4,37510.28,60,8.94,653,1,0,3971.524290808975,-1,0
31,91659.19,2.4,91207.11,36,6.66,767,3,0,4836.21184402691,-1,0
36,34377.87,1.2,8983.47,24,10.4,580,1,1,2448.620454495269,-1,1
29,70681.05,2.7,7883.9,24,8.14,693,1,0,5533.016446152678,-1,0
31,15984.94,2.4,30334.37,24,9.36,632,1,0,-58.75538111164019,-1,0
21,50912.59,2.2,3586.24,36,11.22,539,2,0,4124.932955246543,-1,0
33,18900.36,0.1,37232.34,24,7.6,720,2,0,-102.10364498389663,-1,0
36,37620.29,23.6,14713.85,36,11.06,547,5,0,2652.893409708066,-1,0
39,38717.08,0.5,12186.04,36,10.06,597,6,0,2832.8707335513527,-1,1
35,50262.99,6.0,13377.82,36,7.879999999999999,706,1,0,3770.1104228347726,-1,0
39,48124.11,1.9,29774.36,48,10.28,586,2,1,3251.1778035494017,-1,1
48,27896.52,13.7,15379.5,36,8.58,671,2,0,1838.6467477251776,-1,0
51,145082.22,6.7,4001.08,48,10.68,566,0,0,11987.395669492533,-1,0
43,64296.26,0.8,24425.63,60,9.94,603,1,1,4839.7700241923185,-1,0
18,62585.25,7.3,100000.0,48,9.78,611,3,0,2689.731458085135,-1,0
43,15000.0,8.5,8189.75,48,9.5,625,3,0,1044.2477914492024,-1,0
35,22007.55,8.3,11180.51,36,7.719999999999999,714,4,1,1485.0483369277824,-1,1
25,28982.03,0.1,16163.49,48,9.799999999999999,610,1,1,2006.772041385555,-1,0
53,24005.91,0.7,15466.88,36,7.199999999999999,740,2,0,1521.5045369983077,-1,0
40,53090.48,4.0,70258.6,36,6.74,763,3,0,2263.1673756522364,-1,0
18,66307.58,12.0,29802.91,24,10.14,593,2,0,4148.452013472332,-1,1
32,32393.24,2.5,11234.44,60,8.94,653,3,0,2466.5551799987275,-1,0
37,20090.8,3.0,93120.9,12,9.4,630,1,0,-6486.610199560523,-1,0
40,23871.75,13.7,12695.61,12,11.22,539,4,0,865.9502010655726,-1,0
40,60630.46,0.9,7222.47,12,8.2,690,3,0,4423.5989323917665,-1,0
22,15000.0,1.3,5403.26,24,9.12,644,2,0,1002.8558593404914,-1,0
43,125809.72,5.7,100000.0,48,7.459999999999999,727,1,1,8068.119417337302,-1,0
56,32200.35,13.7,6742.81,48,10.2,590,2,0,2511.6990521157827,-1,0
22,15000.0,0.3,64825.94,48,5.600000000000001,820,3,1,-260.5789990669093,-1,1
31,18359.15,5.5,30101.68,24,5.579999999999998,821,3,0,201.4937868072018,-1,0
23,27445.56,6.0,22929.32,36,8.68,666,1,2,1561.393865651788,-1,0
41,33539.95,0.3,9441.8,60,12.1,495,5,0,2584.4907705018745,-1,0
41,51877.81,3.5,35342.37,36,12.2,490,7,0,3145.899502354625,-1,0
41,50697.38,9.4,14823.1,12,12.18,491,3,1,2906.518673270051,-1,0
41,21098.34,7.0,13280.07,48,10.34,583,1,1,1419.2055656023388,-1,0
33,36991.33,10.1,8954.18,12,9.08,646,2,1,2299.2223447054166,-1,0
36,15125.55,3.9,22093.69,24,11.78,511,2,0,222.70421747718433,-1,1
34,27688.1,1.9,2211.65,48,7.140000000000001,743,2,0,2254.2371830501133,-1,0
42,26966.89,1.4,6250.88,60,11.36,532,0,0,2110.2066128781325,-1,0
42,60285.84,0.6,5920.43,48,11.02,549,3,0,4870.745883409881,-1,0
25,15000.0,10.3,31414.86,48,9.5,625,2,1,460.760178721681,-1,0
34,85222.92,4.0,13830.0,36,7.92,704,3,1,6669.038288401377,-1,0
18,40004.92,1.6,12385.14,48,8.54,673,2,1,3028.2367003052077,-1,1
18,20038.44,0.5,6387.46,36,9.52,624,4,0,1465.2010926284265,-1,0
29,23127.2,4.8,9892.03,12,9.52,624,4,1,1059.8068557386482,-1,0
30,75406.13,1.5,9959.58,24,8.78,661,2,0,5829.847982619852,-1,0
31,29808.42,9.8,4352.09,48,10.22,589,5,0,2373.1943715070893,-1,0
66,19126.36,3.3,35565.7,12,5.559999999999999,822,1,0,-1459.9614518001215,-1,0
37,77696.96,5.3,14419.74,12,9.66,617,3,0,5209.301504584299,-1,0
18,55090.15,0.2,6475.44,24,6.699999999999999,765,5,0,4301.803559671436,-1,0
41,18469.76,8.4,10243.19,48,11.6,520,4,0,1271.4115278002864,-1,0
32,23805.98,3.9,6632.02,36,8.84,658,8,1,1773.4287169613658,-1,0
44,25086.48,0.8,7091.6,36,8.44,678,2,0,1866.8727604454166,-1,0
20,21508.59,2.1,29568.97,60,10.44,578,2,0,1157.7085224093753,-1,1
18,32401.55,3.7,9551.97,24,10.44,578,3,0,2257.4118646997636,-1,0
43,15000.0,0.2,24339.94,48,10.68,566,0,1,624.6972974317116,-1,1
26,64359.48,2.4,5702.3,48,8.64,668,3,0,5222.360771739386,-1,0
48,86232.49,5.4,10904.25,60,8.52,674,0,0,6962.218323111381,-1,0
18,30177.86,5.4,13162.27,36,6.1,795,6,1,2113.8032565540425,-1,0
28,110589.98,0.9,17528.58,24,9.14,643,3,1,8413.91659663936,-1,0
44,15000.0,4.9,45059.2,48,6.92,754,1,0,172.67300137447523,-1,0
18,22303.02,1.2,4367.77,24,10.24,588,3,1,1656.550406564155,-1,0
38,47353.05,13.7,4193.4,48,6.24,788,0,0,3847.1432974877002,-1,0
39,20504.01,2.7,5281.52,24,8.58,671,2,0,1468.3991148180316,-1,0
41,30279.29,1.6,9701.49,24,9.299999999999999,635,1,0,2078.727536846869,-1,0
33,106203.12,1.5,27681.89,36,10.78,561,2,0,7946.871720696845,-1,0
37,55129.13,3.7,6490.43,48,13.36,432,2,0,4418.810255211467,-1,1
31,72974.86,1.0,8593.65,12,9.959999999999999,602,2,1,5325.879832923585,-1,0
32,15731.98,12.1,32722.22,24,5.68,816,2,0,-134.55679631920748,-1,0
44,25621.16,6.7,4748.28,48,11.74,513,2,0,2010.661538356498,-1,0
24,24684.7,1.4,8122.54,36,10.299999999999999,585,0,0,1793.821279670961,-1,0
48,25231.63,0.5,7318.25,12,12.66,467,2,1,1450.1564853665043,-1,0
29,35831.86,1.9,14308.61,24,9.28,636,3,0,2330.4634256040163,-1,0
39,121221.53,0.5,8676.26,12,9.799999999999999,610,7,0,9339.819885204897,-1,0
46,52428.69,3.9,11085.04,48,14.26,387,2,0,4064.6946771383514,-1,0
29,20544.13,8.1,16179.29,60,8.7,665,4,0,1378.5061784973432,-1,0
28,50411.36,0.2,40351.17,48,8.24,688,5,0,3211.304540743702,-1,1
24,41257.83,4.6,8929.84,60,7.6,720,5,0,3258.792178876197,-1,0
47,79092.03,0.6,11330.11,48,6.9,755,3,1,6320.21426463788,-1,0
44,36090.69,0.1,23515.01,60,8.08,696,4,2,2529.8570635586234,-1,0
29,57604.02,0.4,11063.61,36,12.56,472,2,0,4429.898658197701,-1,0
32,46339.72,5.6,15606.77,48,9.64,618,5,0,3468.5080859945283,-1,0
23,79869.65,0.4,6832.51,24,8.5,675,3,1,6345.227813482847,-1,1
44,52254.45,1.5,20938.63,48,9.1,645,2,0,3832.4839998831594,-1,0
31,20459.44,2.2,15404.4,48,11.459999999999999,527,5,0,1303.368625781939,-1,0
38,71919.09,3.5,8655.41,36,7.16,742,2,0,5725.369929512156,-1,0
27,15000.0,16.1,5676.6,48,8.6,670,2,1,1109.8132828342327,-1,0
35,20283.25,6.6,8605.16,48,9.06,647,6,1,1475.8858166623768,-1,0
33,33266.27,4.7,10332.69,24,7.98,701,3,1,2304.963830021112,-1,0
21,28728.89,9.3,9117.61,24,6.1,795,1,0,1989.5651667569143,-1,0
26,36943.16,0.3,9869.12,12,8.52,674,3,1,2217.722767023284,-1,0
31,15000.0,17.1,11375.96,36,6.98,751,6,0,898.8473971466285,-1,0
35,37443.83,1.1,3684.78,36,12.56,472,4,0,2996.943846717186,-1,0
45,18231.59,4.6,12908.77,48,11.32,534,2,1,1183.655665490387,-1,0
37,46954.43,6.1,18681.05,24,10.04,598,4,0,3050.488561034547,-1,0
51,108400.24,0.2,9201.87,36,5.559999999999999,822,3,1,8755.245477006794,-1,0
32,104426.97,11.5,17716.41,48,11.459999999999999,527,2,0,8240.389892517034,-1,0
23,65673.19,3.3,5983.88,36,6.959999999999999,752,3,0,5288.1104082284055,-1,0
22,34934.3,2.5,7603.06,36,8.04,698,3,1,2672.7990772926373,-1,1
27,57688.15,8.9,14160.97,36,8.7,665,2,1,4359.005376740214,-1,0
31,45751.1,12.6,21238.76,24,8.84,658,4,0,2843.862803791466,-1,0
37,23583.18,4.7,9425.45,24,7.699999999999999,715,5,0,1540.265898691676,-1,0
24,18425.75,16.0,16640.25,48,9.299999999999999,635,3,0,1119.011374434776,-1,0
35,22730.22,8.4,12768.26,48,9.299999999999999,635,1,1,1574.6243532042631,-1,0
57,54059.82,5.2,5392.97,36,12.36,482,2,0,4324.932525050345,-1,1
27,19027.1,1.0,5771.43,36,9.32,634,3,1,1401.200976987261,-1,0
39,100959.65,8.1,3847.63,24,7.379999999999999,731,3,1,8240.372255936125,-1,0
35,89682.26,1.2,20204.97,60,11.22,539,5,0,7031.996605128465,-1,0
26,22727.1,1.1,28139.16,60,10.52,574,0,0,1288.8258690911712,-1,1
35,15000.0,0.6,7314.86,12,5.98,801,4,1,620.5033569335574,-1,0
38,27688.05,1.3,3557.98,48,9.64,618,5,0,2217.711821699716,-1,0
50,44280.03,0.7,5592.45,36,8.959999999999999,652,3,1,3512.268178711135,-1,0
43,41592.13,7.8,13558.52,24,8.4,680,2,1,2850.3192067643176,-1,0
45,48567.9,21.6,9908.54,36,10.42,579,5,0,3725.646883666458,-1,0
40,43873.21,0.6,9338.12,48,5.32,834,4,1,3439.6942758333475,-1,0
41,27690.17,1.4,12114.22,48,11.72,514,2,1,1990.1631828656123,-1,0
38,33588.42,7.8,14954.98,36,8.76,662,7,0,2325.1393306040013,-1,1
41,20086.95,3.1,4216.67,60,6.66,767,0,1,1591.0921291173765,-1,0
34,29928.46,3.2,13564.84,60,8.42,679,0,0,2216.2575950901846,-1,0
32,55761.47,0.7,5680.42,48,9.84,608,6,0,4503.155125959302,-1,0
32,45396.31,6.6,15348.49,60,9.719999999999999,614,5,0,3459.0263364230454,-1,1
34,245229.51,7.6,9425.35,12,7.619999999999999,719,2,0,19617.551205148946,-1,0
35,22931.36,5.3,5975.03,24,5.0,850,4,0,1648.8137968639148,-1,0
53,50013.96,15.2,14872.53,48,11.82,509,4,1,3777.4923640517245,-1,0
34,29711.66,0.3,3780.8,48,8.1,695,3,0,2383.4937153934675,-1,0
39,34318.13,2.2,9317.3,12,11.92,504,4,0,2032.3620047467693,-1,1
50,51133.35,1.0,4516.5,24,6.6,770,5,0,4059.7151615713938,-1,0
18,30279.48,16.8,5965.24,48,6.84,758,6,0,2380.8872978475574,-1,0
49,20879.07,10.0,48747.46,36,8.34,683,2,0,204.69675730206245,-1,0
26,26891.68,12.5,9300.67,36,6.24,788,3,0,1957.0164338563304,-1,0
34,44694.63,0.8,15761.81,24,9.84,608,1,0,2998.3883635272878,-1,0
24,15000.0,0.8,16229.18,36,7.9,705,3,0,742.1848358360185,-1,0
40,77939.28,1.6,28348.24,24,11.459999999999999,527,6,0,5167.6274350469575,-1,0
38,33742.01,4.6,5620.68,48,11.56,522,2,0,2665.031462485291,-1,0
60,34959.8,1.6,28891.02,12,11.92,504,4,0,347.46564870320344,-1,1
65,137372.89,3.9,14868.26,48,12.34,483,5,0,11053.715865822918,-1,1
46,41029.94,1.1,3346.77,36,7.76,712,1,0,3314.6562071282947,-1,0
20,26382.42,11.5,11451.87,36,8.58,671,3,0,1836.6030011165203,-1,0
40,60777.6,9.5,61439.66,24,6.859999999999999,757,4,1,2317.8857505543488,-1,0
34,40186.25,11.2,6803.96,36,6.4399999999999995,778,3,1,3140.505340019465,-1,1
41,72649.14,6.4,11906.02,60,9.24,638,1,0,5805.556493119182,-1,0
45,50269.38,7.2,37386.14,12,11.02,549,4,0,884.5171548306866,-1,0
47,62853.53,7.0,40258.91,24,11.04,548,5,0,3360.6656693037544,-1,1
44,26024.34,0.4,62535.06,24,8.54,673,0,0,-675.0227620480441,-1,0
30,19639.63,10.0,6650.77,12,9.879999999999999,606,2,1,1052.2986086060087,-1,0
20,74623.76,14.0,26200.28,24,7.140000000000001,743,1,0,5043.928979354947,-1,0
30,55949.24,1.9,17097.39,48,7.5,725,3,0,4249.040550465525,-1,0
19,63429.16,7.7,6213.32,24,7.640000000000001,718,2,0,5005.770758978317,-1,1
32,31704.17,4.6,37389.47,24,9.04,648,5,0,933.1995850409055,-1,0
31,39319.07,0.2,17644.1,36,7.959999999999999,702,3,1,2724.012725822387,-1,0
40,39231.48,1.7,7631.3,48,10.2,590,0,0,3075.006716051791,-1,0
32,25888.68,11.1,17988.53,60,8.12,694,1,0,1791.6135138535315,-1,0
31,39519.1,11.0,9985.44,60,7.58,721,7,0,3092.7907790023282,-1,0
58,91246.8,10.7,57111.81,48,7.48,726,2,0,6223.532141318186,-1,0
39,47503.14,14.2,15362.28,60,9.78,611,2,0,3633.852413082557,-1,0
32,48952.1,5.8,27863.8,48,5.699999999999999,815,8,0,3428.7851258772153,-1,0
33,32378.56,8.0,31338.45,36,11.64,518,3,0,1662.7085492441424,-1,1
30,69297.29,1.4,28380.55,48,5.579999999999998,821,2,1,5113.707386792577,-1,0
32,25888.68,11.1,17988.53,60,8.12,694,1,0,1791.6135138535315,-1,0
39,51078.51,0.4,24176.4,24,8.76,662,3,0,3154.710211468362,-1,0
23,17178.58,7.3,14169.42,36,11.74,513,4,0,962.6784620996077,-1,1
39,31278.69,0.5,22105.87,36,9.66,617,4,0,1896.7867625863973,-1,0
28,45497.58,3.4,19493.15,36,11.06,547,3,0,3152.730259262019,-1,1
41,38356.57,1.5,16190.29,24,7.76,712,0,0,2465.90877733605,-1,0
30,28326.56,13.9,9095.89,48,6.459999999999999,777,5,1,2145.0058305882058,-1,0
43,32001.65,2.0,14332.52,36,10.7,565,7,0,2199.6094349672803,-1,1
41,55116.59,8.1,4284.22,36,7.959999999999999,702,3,0,4458.876324787859,-1,0
32,23647.19,3.4,3374.3,36,10.36,582,3,1,1861.1487888949575,-1,0
23,29095.52,11.1,18327.12,12,8.04,698,6,1,830.0403149650197,-1,1
18,15000.0,1.6,14532.31,12,9.7,615,2,0,-25.59416234514515,-1,0
50,28124.8,0.3,12380.6,48,9.64,618,6,2,2031.865455277668,-1,0
35,68726.05,0.8,23880.72,48,9.2,640,2,1,5130.627639018263,-1,0
31,24997.21,2.6,14178.05,36,11.379999999999999,531,1,0,1616.3741093861586,-1,1
18,15000.0,0.8,30794.78,48,8.719999999999999,664,5,1,487.7583245566028,-1,1
39,28531.26,5.7,22926.88,24,8.62,669,4,1,1334.1891940712308,-1,0
52,25553.37,8.2,7273.04,48,9.68,616,3,1,1946.1001120246817,-1,0
32,35531.96,5.7,6569.71,48,10.52,574,5,2,2792.7264240590725,-1,0
43,15000.0,3.8,14409.47,36,9.74,613,4,0,786.8038912813,-1,0
20,21848.31,2.5,6071.9,24,10.12,594,1,0,1540.1687050889873,-1,0
27,25760.12,4.0,100000.0,12,5.919999999999998,804,3,0,-6456.289682244225,-1,1
30,51898.58,0.2,11422.4,60,8.719999999999999,664,1,1,4089.3206378497903,-1,1
38,30374.81,5.2,5752.91,12,10.64,568,2,0,2023.74797521806,-1,1
40,29458.68,7.5,12590.11,48,7.98,701,4,0,2147.646805120231,-1,0
32,15000.0,3.6,14849.4,36,9.66,617,1,0,773.2185121802693,-1,0
37,26814.58,1.2,2970.52,36,10.64,568,3,0,2137.8029597234486,-1,1
45,198350.08,11.6,11376.04,48,11.799999999999999,510,2,1,16230.714457854165,-1,0
37,89825.77,8.2,7129.37,36,5.0,850,2,0,7271.807218642244,-1,0
34,149259.17,24.4,32198.23,36,9.36,632,2,0,11408.965766718211,-1,0
35,15000.0,6.5,5072.34,36,7.26,737,4,1,1092.7771822098728,-1,0
38,46335.64,7.5,14558.31,48,8.219999999999999,689,2,0,3504.3871101158747,-1,1
44,26021.04,4.1,6578.93,36,8.14,693,2,1,1961.8350823341375,-1,0
48,25387.03,1.9,17250.04,36,10.1,595,7,1,1558.1653325759721,-1,1
33,21260.49,3.5,4851.37,48,7.58,721,2,1,1654.2254934609311,-1,0
18,158053.84,4.9,7046.66,36,7.359999999999999,732,3,0,12952.411190407041,-1,0
26,28105.38,3.1,13122.69,36,8.7,665,3,1,1926.6467922197448,-1,0
40,49174.6,1.3,15977.61,12,12.1,495,4,0,2677.544483604189,-1,0
41,28623.58,7.8,3912.34,48,10.34,583,1,0,2285.4312449993604,-1,0
23,38822.11,1.2,15160.33,24,8.98,651,4,0,2542.7191728744115,-1,0
38,81354.83,7.1,2862.6,48,9.32,634,7,0,6707.897486808838,-1,1
35,15000.0,5.1,8252.35,48,10.879999999999999,556,1,2,1037.1942929760096,-1,1
22,28794.81,1.0,5483.66,12,10.78,561,1,0,1915.475083061107,-1,0
34,100839.55,1.4,17187.32,36,6.48,776,1,1,7876.678058622477,-1,1
38,72345.97,0.1,7651.86,36,7.42,729,2,0,5791.091447330227,-1,0
51,53999.62,0.4,54007.83,24,7.0600000000000005,747,0,1,2080.4291865776727,-1,0
55,49403.12,6.3,41495.48,36,6.4,780,3,0,2847.019434642671,-1,0
18,47262.48,4.2,4932.11,60,7.959999999999999,702,3,0,3838.628983465616,-1,0
18,57778.28,1.7,20247.83,24,9.6,620,6,0,3884.2557683528244,-1,0
48,26509.14,2.3,3937.38,48,5.120000000000001,844,3,0,2118.2057331152964,-1,1
32,15000.0,0.5,5016.42,48,8.06,697,4,0,1127.3931958300968,-1,0
40,29720.4,4.1,15494.67,12,10.72,564,4,0,1109.2782431210503,-1,0
33,47852.97,4.8,8361.52,48,7.459999999999999,727,2,0,3785.7311770592087,-1,0
25,90211.29,0.3,61964.01,48,7.98,701,3,0,6005.46658939938,-1,1
35,26388.46,4.3,17247.35,48,11.18,541,2,0,1751.7624077319515,-1,0
32,15000.0,7.0,11172.31,12,10.9,555,3,0,263.09377034762406,-1,1
23,39124.53,3.0,79091.77,48,9.14,643,2,1,1286.9134837816248,-1,0
48,61089.59,5.9,13712.51,60,11.44,528,4,0,4789.638197202199,-1,0
33,35225.24,0.8,14510.31,24,6.92,754,6,0,2286.298786951945,-1,0
37,41539.32,3.0,5048.96,48,7.4399999999999995,728,4,0,3339.673016180346,-1,0
35,19320.16,1.1,49926.77,12,8.66,667,5,0,-2748.2885131307467,-1,0
26,104628.51,6.7,5536.66,36,5.0,850,5,0,8553.103832836481,-1,0
32,24242.45,0.9,4730.22,36,7.619999999999999,719,1,0,1872.8040784095888,-1,0
48,36612.91,0.4,7747.29,48,10.7,565,2,0,2851.9698955484782,-1,0
41,55257.01,3.1,21183.69,24,8.0,700,3,0,3646.6699115858705,-1,1
22,15000.0,19.3,43428.99,60,7.9,705,4,0,371.49364869516046,-1,1
29,89699.77,9.9,4334.77,36,10.459999999999999,577,6,0,7334.171961232393,-1,0
48,35666.3,6.2,15847.92,36,7.039999999999999,748,4,0,2482.5640168952555,-1,0
34,26442.25,5.4,16702.18,24,6.779999999999999,761,3,2,1457.3858428445528,-1,0
34,15000.0,0.3,7819.12,24,7.98,701,7,0,896.4336998136993,-1,0
40,21435.89,3.0,6959.53,36,5.0,850,2,0,1577.7408091398336,-1,0
38,28254.85,12.9,6839.89,36,10.879999999999999,556,6,2,2131.0301040467743,-1,0
36,15249.09,4.4,21456.78,36,7.84,708,2,0,599.9626241633599,-1,1
25,18293.56,1.3,13889.91,24,9.62,619,3,1,885.9478547713517,-1,0
28,22385.11,1.9,48050.42,48,8.42,679,1,0,682.8785180151292,-1,1
45,42571.66,12.4,12655.89,48,10.34,583,3,0,3224.5818288948017,-1,0
18,15000.0,4.4,13402.6,36,14.219999999999999,389,2,0,790.4975014689471,-1,0
38,43156.42,40.0,4981.74,60,6.959999999999999,752,7,0,3497.8178991564823,-1,0
39,20144.39,1.0,19120.62,36,11.12,544,1,0,1051.62745887972,-1,0
29,47924.88,4.0,3424.07,36,8.4,680,1,0,3885.8091323853,-1,0
39,173838.11,6.6,66225.32,24,10.02,599,6,1,11429.935293011758,-1,1
36,26168.53,0.4,26676.14,48,7.76,712,5,1,1532.4693583723842,-1,0
38,31340.25,5.9,4083.35,36,5.0,850,3,0,2489.3058373076638,-1,0
27,36123.71,1.6,14914.86,24,11.84,508,1,1,2309.328822175804,-1,1
31,53927.99,1.2,11370.83,36,8.4,680,2,0,4135.576719871112,-1,0
43,59144.0,4.2,63620.16,36,10.42,579,2,0,2863.2550894172878,-1,1
18,153216.94,0.3,13756.96,24,9.36,632,5,0,12137.320424852922,-1,0
22,75140.09,3.4,14322.47,36,7.52,724,4,1,5816.024721151359,-1,0
21,47580.09,6.0,5268.74,12,10.7,565,5,1,3500.0844810532485,-1,1
38,32034.16,1.6,16554.72,36,12.82,459,3,1,2113.1535910539737,-1,1
35,80106.74,0.8,7270.99,12,7.68,716,3,1,6044.144954487704,-1,0
32,59017.46,3.3,14784.05,12,12.66,467,1,0,3600.007731735639,-1,0
18,19625.65,8.6,7301.91,36,9.28,636,4,0,1402.3193251158282,-1,1
40,33657.44,3.6,6421.22,12,11.08,546,3,0,2237.028950626969,-1,0
35,16391.81,17.9,5699.1,60,10.58,571,0,0,1243.2622997587896,-1,1
23,29729.33,4.1,77217.02,12,6.459999999999999,777,3,0,-4184.686301522695,-1,0
50,22158.38,4.3,6576.79,24,9.64,618,3,0,1544.137797390562,-1,0
19,40396.31,8.0,8156.65,48,5.879999999999999,806,0,0,3175.2484403582657,-1,0
31,24273.9,1.3,3862.34,36,6.98,751,1,1,1903.6024689692395,-1,0
29,114458.74,7.7,9708.64,36,10.44,578,2,0,9222.948414272363,-1,0
43,170746.13,3.2,6681.95,48,5.800000000000001,810,3,0,14072.530350264413,-1,0
42,24079.82,4.2,15015.6,48,7.640000000000001,718,2,0,1642.6091004312825,-1,0
43,26858.55,3.9,17293.27,36,7.32,734,2,0,1701.712728164209,-1,0
52,31878.79,1.4,5275.85,24,14.36,382,3,0,2402.358880602968,-1,1
37,17837.1,0.6,25068.66,36,9.459999999999999,627,3,1,683.8705311439986,-1,0
29,23351.01,6.4,7786.13,24,9.48,626,1,0,1588.4929455452925,-1,0
41,51833.25,12.8,7376.6,60,11.26,537,2,1,4158.094204104313,-1,0
31,24738.65,2.6,12419.96,36,8.36,682,2,0,1670.2918174144584,-1,0
48,83484.89,9.5,6629.93,48,11.12,544,5,0,6785.333541155526,-1,0
24,40934.46,0.4,100000.0,12,9.1,645,8,0,-5338.5806522931325,-1,0
45,47452.38,2.0,22773.2,48,5.940000000000001,803,2,0,3420.1619730709385,-1,0
35,52922.75,5.9,7098.31,24,10.84,558,4,0,4079.919324965553,-1,0
52,79021.43,7.7,28111.03,12,9.34,633,4,0,4122.333656022174,-1,0
35,170353.72,0.8,16523.94,12,9.6,620,2,0,12746.49874409203,-1,0
32,24987.1,0.8,14025.1,48,9.24,638,4,0,1731.6426330942609,-1,0
26,75049.54,5.9,11147.08,36,8.14,693,3,3,5904.098981445597,-1,0
25,15964.14,12.5,10613.78,24,9.14,643,1,0,844.7751402649596,-1,0
36,42211.51,1.4,4852.42,60,13.32,434,1,1,3406.421859455075,-1,0
55,61477.86,0.8,8450.25,12,10.08,596,5,0,4379.929326183811,-1,0
37,20155.15,9.2,22253.8,48,8.959999999999999,652,3,0,1126.2316554769395,-1,1
37,60539.79,0.3,11264.43,60,10.34,583,0,0,4803.7578299701345,-1,0
43,108407.02,0.6,9835.91,24,9.48,626,2,1,8582.398033851228,-1,0
49,15000.0,1.3,14098.79,12,8.48,676,3,0,20.437167667885433,-1,1
31,53256.65,3.1,13892.67,48,10.9,555,6,0,4079.6651467288193,-1,0
36,40920.9,1.7,7901.32,48,9.86,607,3,0,3210.2079328566847,-1,0
45,70069.03,22.5,2573.9,48,10.5,575,4,0,5773.185294189908,-1,0
44,37532.9,3.6,29024.77,24,8.06,697,2,0,1814.2355300804902,-1,0
26,48945.24,4.8,19589.85,48,9.68,616,2,0,3584.9259089007783,-1,0
45,177778.58,1.3,7991.57,36,7.9,705,2,1,14564.823411629877,-1,0
35,34268.41,9.1,24280.09,12,9.82,609,2,0,723.1272857684789,-1,0
45,20043.97,8.6,11523.68,48,7.619999999999999,719,2,3,1391.0551098722528,-1,0
38,24170.63,8.3,6271.6,36,7.279999999999999,736,4,0,1819.7664632244205,-1,0
35,55753.09,0.4,2943.85,24,10.379999999999999,581,5,0,4509.730194641677,-1,0
34,19945.14,3.6,7845.48,36,9.26,637,8,0,1411.6603892220883,-1,0
43,23368.0,1.5,14130.83,48,9.4,630,4,0,1592.9969841878833,-1,0
39,274704.18,1.8,16383.21,48,8.219999999999999,689,0,0,22490.35893982691,-1,0
36,46028.5,6.1,18605.05,24,8.48,676,4,0,2990.1734371908406,-1,0
22,60873.57,5.6,7002.7,12,6.9399999999999995,753,3,0,4467.070332555894,-1,0
18,50870.92,1.9,3671.6,36,8.52,674,3,1,4123.305933908806,-1,0
45,46554.21,0.8,9225.21,48,12.36,482,3,1,3634.9485245387855,-1,0
34,91645.49,13.1,28404.86,48,7.879999999999999,706,6,0,6945.277408840502,-1,0
25,71424.42,1.8,8001.59,24,9.2,640,3,0,5585.749730444213,-1,0
49,104252.39,0.8,15544.17,60,6.74,763,4,0,8381.809175912327,-1,0
25,151086.48,2.9,31867.31,24,7.34,733,6,0,11158.84138750948,-1,0
33,15341.47,2.0,7153.71,36,9.94,603,2,0,1047.82719870526,-1,0
30,30144.43,2.2,7913.75,36,13.14,443,0,0,2244.856361980516,-1,1
21,24042.72,0.6,16740.44,60,12.5,475,3,1,1626.9346150137217,-1,0
34,35311.85,3.8,2634.26,36,12.58,471,2,1,2854.427504578651,-1,1
39,15000.0,1.7,14665.17,36,10.76,562,3,0,771.546204800009,-1,0
52,19952.92,0.3,1067.13,36,9.92,604,1,0,1628.350116859276,-1,0
22,105284.41,3.7,26760.16,36,10.1,595,3,0,7908.968821839616,-1,1
39,26638.11,0.3,11693.87,36,10.459999999999999,577,3,1,1839.9836735351519,-1,0
45,26906.01,2.3,7188.62,36,8.24,688,2,0,2016.1055276270095,-1,0
33,26076.03,4.4,25154.19,36,9.48,626,3,2,1367.4747444798204,-1,0
29,96813.73,18.2,5187.97,48,10.1,595,1,0,7935.981222160236,-1,0
44,24726.02,2.0,18300.38,24,9.6,620,3,0,1219.4065928990246,-1,0
43,39089.61,0.1,35559.63,48,7.6,720,2,0,2396.014232471572,-1,0
32,38768.2,1.4,6979.01,36,9.9,605,3,0,3005.8178295330567,-1,0
25,26088.49,3.5,22621.72,60,8.52,674,2,0,1709.7035193559268,-1,0
28,42701.29,2.3,4538.76,60,10.4,580,3,0,3461.1098678502262,-1,0
45,19883.49,1.7,11478.96,24,9.62,619,7,0,1129.272753461409,-1,1
46,36845.35,3.2,52252.1,36,8.799999999999999,660,2,0,1413.7025093531126,-1,0
47,26036.99,2.6,58416.9,48,6.359999999999999,782,1,0,788.1639963695536,-1,0
24,26905.88,4.1,15528.77,36,9.52,624,2,0,1744.5791650111626,-1,0
40,70905.44,10.7,28735.21,36,8.56,672,0,1,5000.887739885176,-1,0
29,54713.46,1.5,11652.67,36,11.28,536,2,0,4176.414559861157,-1,1
33,31984.79,1.4,19416.96,48,7.140000000000001,743,6,0,2199.173663443612,-1,0
29,16496.44,0.9,8750.58,60,9.16,642,2,0,1192.3754225687096,-1,0
56,59009.11,0.1,7913.06,48,8.58,671,1,0,4722.083318728425,-1,0
50,15508.13,5.3,12850.68,48,9.92,604,4,0,966.9112179874817,-1,0
24,58522.26,1.8,13893.28,60,13.04,448,1,0,4560.455628231459,-1,1
18,15000.0,11.7,10181.61,48,8.24,688,1,0,1000.2885253211116,-1,0
30,26490.26,7.1,14843.65,36,11.4,530,0,0,1718.7430216712255,-1,0
43,48006.85,2.7,14031.77,12,9.92,604,3,1,2767.477347491597,-1,0
54,76667.07,4.1,29904.3,12,9.48,626,4,0,3767.0862081548594,-1,1
28,33545.29,5.6,24494.27,60,7.4399999999999995,728,1,0,2305.323987545161,-1,0
31,41915.04,12.4,5100.65,36,8.54,673,1,0,3331.8104844872896,-1,0
43,15000.0,2.8,18476.08,48,11.12,544,3,0,771.3986367587797,-1,0
28,15000.0,0.3,27000.03,24,12.54,473,7,1,-27.80461941227918,-1,1
35,19298.01,10.3,27681.92,24,7.52,724,4,1,362.2406146742401,-1,0
18,19250.45,1.3,47144.82,12,10.92,554,1,0,-2560.7741605696583,-1,1
44,212597.61,0.2,3428.97,12,12.08,496,1,0,17411.67932597511,-1,1
44,16364.21,12.4,4604.5,24,6.0600000000000005,797,3,1,1159.4854079689028,-1,0
25,38417.54,12.1,27676.57,12,8.66,667,4,0,785.4662771232943,-1,1
46,57109.21,5.4,7398.88,36,5.52,824,2,0,4535.6182293645825,-1,0
36,33294.45,4.4,62381.26,48,9.2,640,1,0,1216.246288269408,-1,0
19,94823.18,4.6,6293.5,36,10.36,582,2,0,7697.79274822247,-1,1
36,15000.0,1.0,15890.77,12,6.98,751,2,1,-124.83011253662858,-1,0
39,40304.59,10.9,8264.14,24,11.879999999999999,506,5,0,2970.157022598031,-1,0
33,28232.11,0.6,34442.39,24,8.08,696,3,2,793.6828349949685,-1,0
40,19639.64,5.4,3282.51,36,9.64,618,4,0,1531.273237920546,-1,0
43,82923.75,0.4,10945.63,48,11.64,518,1,0,6624.003000060922,-1,0
36,15000.0,7.1,3481.72,48,10.68,566,2,0,1160.5532336732933,-1,0
38,46868.37,8.3,7964.95,36,8.219999999999999,689,1,1,3655.2957605813945,-1,0
29,22373.86,7.8,7688.32,48,10.64,568,3,0,1667.1211311511304,-1,1
34,41825.0,7.9,19955.97,24,6.539999999999999,773,1,0,2596.0921863760605,-1,0
34,93011.88,7.5,8193.66,24,10.68,566,3,0,7370.317391018545,-1,0
38,15000.0,38.1,11859.66,36,5.0,850,0,0,894.5553504436821,-1,0
33,40184.61,6.0,6393.59,48,10.7,565,9,0,3184.4017543958116,-1,1
46,15000.0,5.6,12957.92,24,13.299999999999999,435,7,1,632.1293602503581,-1,1
18,49082.3,9.1,12731.19,48,9.48,626,1,0,3770.4658201004154,-1,0
20,188772.52,11.0,18718.18,36,9.02,649,4,0,15135.635964539626,-1,0
36,32705.23,9.3,10863.33,24,9.54,623,4,3,2226.451555132338,-1,0
34,38028.61,6.1,32946.73,24,9.36,632,1,1,1658.4401674544754,-1,0
24,53914.18,2.0,2908.93,36,9.98,601,5,0,4399.012656638149,-1,1
31,30545.43,3.3,5788.18,24,10.44,578,2,0,2277.1803600227186,-1,0
26,133063.67,4.6,13643.58,12,10.78,561,1,0,9884.196583082137,-1,0
37,15209.1,1.2,2695.74,12,8.4,680,5,1,1032.4279508867921,-1,0
44,53872.91,9.0,27238.21,48,11.34,533,5,0,3780.9175212877262,-1,1
31,44894.64,0.5,10672.18,36,11.84,508,2,0,3387.5659127824283,-1,1
29,21016.22,17.2,8356.41,24,12.44,478,6,0,1356.267186025787,-1,0
34,22730.06,1.4,8876.13,48,6.16,792,3,0,1685.063751000039,-1,0
20,15695.78,12.7,15171.82,48,6.98,751,8,0,944.8143156533788,-1,0
40,23451.74,4.5,22703.48,36,11.64,518,4,1,1204.1289947261826,-1,0
31,66106.0,18.8,14769.62,60,7.32,734,2,0,5214.142150284319,-1,1
52,117485.21,0.5,29957.26,48,6.859999999999999,757,3,0,9075.014498487028,-1,0
52,47967.04,2.1,2805.8,36,11.76,512,5,0,3904.381920832978,-1,1
32,97104.1,2.0,23856.16,24,6.5600000000000005,772,3,0,7028.658779064317,-1,0
41,21352.72,17.1,24798.14,36,6.219999999999999,789,1,1,1022.5114616023659,-1,0
44,57462.51,7.0,3822.79,36,10.34,583,2,0,4664.58069474953,-1,1
41,58535.89,1.2,6312.86,48,8.379999999999999,681,3,0,4722.746950046549,-1,0
35,70109.59,0.9,9452.33,48,10.5,575,3,0,5600.454238803019,-1,0
26,68663.55,1.2,3706.28,36,11.52,524,2,0,5599.708930236532,-1,0
34,15000.0,5.4,38315.8,24,11.22,539,4,0,-539.7327161860087,-1,0
39,30145.42,3.2,18570.3,36,5.100000000000001,845,2,1,1954.7156344916134,-1,0
43,66139.53,1.1,36942.24,36,9.799999999999999,610,5,1,4323.071148877903,-1,0
45,22315.2,3.1,24301.48,60,9.58,621,7,1,1348.2730923182278,-1,1
41,15000.0,11.9,17066.01,48,9.2,640,2,0,823.6890629925335,-1,0
31,34704.81,0.1,16891.49,36,6.4399999999999995,778,3,0,2374.821348961055,-1,0
42,76773.37,3.2,8528.49,12,10.9,555,4,1,5644.416496814923,-1,0
19,15000.0,3.9,19500.88,36,8.12,694,3,2,637.8331852283964,-1,1
38,54945.65,2.0,18172.19,36,7.699999999999999,715,1,1,4011.865383900401,-1,1
36,42074.59,5.2,88237.24,12,9.959999999999999,602,2,0,-4249.597969497254,-1,0
21,20091.66,0.2,9466.34,24,9.54,623,1,0,1239.4885273249351,-1,0
36,34277.37,7.0,47697.11,24,10.58,571,4,0,642.6775591382284,-1,0
34,88595.98,0.4,33557.08,48,9.34,633,3,0,6542.500888474044,-1,0
33,20436.94,1.5,15141.65,48,7.299999999999999,735,1,0,1338.3814677034532,-1,0
25,21180.6,0.8,2619.85,24,5.0,850,1,0,1650.1135396052005,-1,0
38,15000.0,1.1,3332.14,48,6.4,780,4,1,1171.1320493301173,-1,0
35,87659.94,0.9,14454.89,48,7.02,749,2,0,6958.720524835156,-1,0
36,46900.21,5.4,21368.24,48,7.74,713,1,0,3389.2935956716874,-1,0
18,22966.79,6.7,21988.14,12,10.32,584,2,0,-22.481678698318092,-1,1
36,34860.32,7.2,12995.49,36,10.9,555,2,0,2480.186150670522,-1,0
26,143311.09,2.4,9257.76,36,10.56,572,4,1,11641.429025204527,-1,1
54,39438.23,0.6,1311.78,24,8.5,675,4,2,3226.8913214707623,-1,0
39,29411.66,4.5,10777.42,24,9.2,640,2,1,1957.6184468921065,-1,1
41,15000.0,6.2,4596.43,36,9.84,608,4,0,1102.0311725639872,-1,0
47,155656.93,3.1,5468.34,48,6.02,799,2,0,12842.936561278173,-1,0
31,44416.99,2.0,9503.6,24,9.1,645,6,1,3266.810144150828,-1,0
31,83972.28,2.9,37076.64,48,9.719999999999999,614,5,0,6062.308409688634,-1,0
24,38790.22,13.3,54474.27,60,10.52,574,4,0,2061.1140187094115,-1,1
38,157520.82,1.7,25930.87,12,10.879999999999999,556,2,0,10836.372906569874,-1,0
20,68224.15,5.0,6729.57,36,8.24,688,4,0,5473.719698216703,-1,1
29,57313.36,4.3,14766.76,48,9.32,634,2,0,4406.394023874313,-1,0
36,15000.0,8.1,1841.11,60,7.34,733,3,0,1213.247755013417,-1,0
18,83881.41,10.3,14296.35,36,10.08,596,2,0,6528.2773475725235,-1,1
32,27644.07,5.2,5077.55,48,8.08,696,3,0,2179.523904661163,-1,0
28,18674.11,2.1,20229.1,48,9.879999999999999,606,1,0,1044.278599017931,-1,0
62,15648.28,1.7,6120.8,36,5.98,801,3,0,1117.8722004067984,-1,0
33,15000.0,3.1,28782.96,48,8.14,693,3,0,545.4307876815403,-1,0
39,21847.84,18.7,4634.69,48,10.66,567,1,0,1701.6311612815095,-1,0
26,22874.27,3.5,14036.37,48,6.02,799,2,1,1576.4158866498992,-1,0
18,27634.29,11.1,6477.0,36,8.24,688,2,0,2099.1739842403886,-1,0
50,16511.86,11.2,2401.6,48,13.14,443,1,0,1311.3924175529487,-1,0
51,39245.24,3.1,14407.66,36,8.78,661,7,1,2813.750717050387,-1,0
38,33797.63,0.7,9886.81,24,9.76,612,2,1,2361.337449721048,-1,0
36,35207.62,0.1,19778.42,48,7.640000000000001,718,4,0,2454.454576115424,-1,0
37,40045.73,3.5,3931.79,60,10.18,591,3,0,3253.256594649634,-1,0
32,31856.1,4.4,19609.08,36,8.54,673,2,0,2035.3011205042535,-1,0
26,15000.0,6.5,15382.89,36,8.86,657,2,0,761.8299093463406,-1,0
47,15000.0,3.4,23876.58,48,7.779999999999999,711,4,0,669.565459692262,-1,1
30,49840.94,16.7,55976.36,48,10.12,594,2,0,2730.478512738637,-1,1
61,36227.12,7.9,5178.49,12,5.140000000000001,843,2,0,2575.2768732649747,-1,0
33,47213.51,4.8,9801.39,48,8.98,651,0,0,3690.644231276192,-1,0
27,44373.22,3.9,19386.78,36,9.34,633,2,2,3078.201562629316,-1,0
43,15916.22,2.7,49913.36,12,11.54,523,2,0,-3097.6561141585817,-1,0
47,68270.65,2.8,23103.66,48,8.56,672,2,0,5119.100123797945,-1,0
28,20053.19,14.1,18783.46,24,9.26,637,4,1,810.7391715662483,-1,0
38,32888.91,8.8,27683.82,36,7.16,742,4,0,1883.9198559400688,-1,0
18,21344.97,1.3,32393.88,12,11.86,507,3,0,-1097.2883488957089,-1,1
20,23038.78,2.2,8805.62,60,8.82,659,2,0,1737.8764413626327,-1,0
36,32641.37,17.8,8767.47,36,11.84,508,2,0,2429.5782499132533,-1,1
54,92392.28,1.0,5473.39,24,6.08,796,1,1,7456.575330800451,-1,0
40,31572.73,2.7,4074.32,48,8.74,663,4,0,2530.1734635867733,-1,0
47,21014.47,0.7,28975.76,24,12.26,487,4,0,383.6953545563929,-1,1
19,41523.28,3.2,6021.65,36,13.32,434,1,0,3256.4507748427113,-1,1
18,94741.53,5.2,7707.75,12,7.32,734,2,0,7227.063386242383,-1,0
33,122835.42,0.1,3522.67,48,10.08,596,2,1,10146.805588057285,-1,0
28,34302.75,1.8,12372.89,24,9.299999999999999,635,1,0,2291.605614961612,-1,0
46,255285.64,1.5,5777.42,48,10.5,575,4,0,21125.88185508709,-1,0
31,19713.33,3.8,15059.83,48,8.379999999999999,681,6,0,1272.4308598339244,-1,1
25,25832.54,1.8,16303.99,36,10.799999999999999,560,4,0,1620.4828198997147,-1,1
30,62403.7,2.3,7998.53,48,5.0,850,2,1,5016.10783782971,-1,0
34,15000.0,0.7,19292.24,36,9.82,609,3,0,629.1227739096747,-1,0
29,362736.82,7.4,56864.18,24,9.5,625,4,0,27617.178339402315,-1,0
47,35910.41,5.3,76935.88,48,8.18,691,1,0,1107.797223289888,-1,0
28,29839.84,7.6,45573.24,24,8.879999999999999,656,3,1,407.15989272525167,-1,1
40,200562.08,25.7,9698.07,36,7.539999999999999,723,1,0,16411.658192738705,-1,0
31,48336.38,37.2,3484.5,24,9.68,616,1,0,3867.753829542846,-1,0
45,19064.66,2.1,3369.53,48,5.559999999999999,822,0,0,1510.2661054064174,-1,0
28,42549.41,3.5,14861.67,12,8.14,693,3,0,2252.0286274247355,-1,0
42,51053.72,1.1,28958.54,36,7.379999999999999,731,4,1,3355.281119319994,-1,1
30,61985.75,4.7,5682.4,48,8.74,663,2,0,5024.772891791878,-1,1
43,52102.2,0.7,8761.46,36,7.08,746,5,0,4071.000965523402,-1,0
29,27607.16,4.7,2611.48,36,9.219999999999999,639,3,1,2217.284650990918,-1,0
41,15000.0,0.5,7878.34,36,5.0,850,3,0,1013.8790825044291,-1,0
35,52879.83,0.4,5482.61,36,11.64,518,1,0,4225.492650540463,-1,1
37,68413.46,7.4,10942.94,36,9.56,622,7,0,5350.280019298563,-1,0
23,15000.0,4.1,21215.08,36,8.98,651,0,0,575.5635856936328,-1,1
39,36085.34,6.2,21304.2,60,5.0,850,2,1,2605.0751308679273,-1,0
36,50360.56,5.3,12529.69,48,10.32,584,2,0,3876.999024867113,-1,0
24,15000.0,6.0,10015.2,48,11.58,521,1,0,988.3219413039374,-1,1
21,80170.37,2.7,24367.38,24,8.14,693,3,0,5577.2370206985315,-1,0
34,37181.07,2.5,79409.81,24,9.54,623,4,1,-549.1005638237266,-1,1
41,25899.67,1.0,30886.38,24,11.0,550,0,2,718.7584318169597,-1,0
40,15000.0,1.1,17798.98,60,6.98,751,2,0,897.7267907842952,-1,0
28,85804.73,14.4,8165.6,36,7.9,705,5,0,6894.890468728914,-1,0
31,16812.88,7.8,2014.01,60,5.0,850,1,0,1363.0664800619588,-1,0
19,96429.87,10.8,5082.59,24,11.36,532,2,0,7798.083574337759,-1,0
30,76043.34,2.0,16004.99,36,7.6,720,5,0,5838.3549013695165,-1,0
43,25028.16,2.6,9637.22,48,6.48,776,3,0,1857.222667660487,-1,0
43,24421.78,5.3,4275.86,36,7.66,717,3,1,1901.8280715451563,-1,0
36,31977.46,5.2,5021.85,12,8.879999999999999,656,2,0,2225.8995389742704,-1,1
44,15000.0,4.4,6634.1,36,10.16,592,1,0,1035.4375599047344,-1,0
39,30298.85,2.0,2865.32,48,12.02,499,3,1,2449.4211613299203,-1,0
32,31115.07,5.1,4612.58,48,10.6,570,3,0,2474.6019783922106,-1,0
34,25026.41,0.1,6803.34,36,11.62,519,1,1,1860.7987096864001,-1,0
35,17169.49,0.2,4224.69,36,9.06,647,3,0,1296.3288161932858,-1,0
38,26695.99,6.3,17384.59,48,6.0,800,0,1,1816.3882321968747,-1,0
21,51402.52,9.2,5019.36,24,8.82,659,6,0,4054.6494784372735,-1,0
42,133318.34,4.0,18941.81,48,11.7,515,5,0,10613.836676779094,-1,0
46,37780.76,2.2,18826.44,36,10.98,551,3,0,2532.22146817263,-1,0
44,131548.14,0.2,7865.18,48,8.42,679,2,0,10768.778585939637,-1,0
23,82809.6,1.6,10946.6,36,6.959999999999999,752,2,0,6563.000933766451,-1,0
26,188033.61,7.9,36392.43,48,8.36,682,2,1,14774.859335592137,-1,0
25,83575.86,8.5,30572.39,48,10.66,567,2,0,6179.5340398893,-1,0
34,82788.64,11.1,17349.91,48,9.94,603,3,0,6459.514556253769,-1,0
41,33041.08,0.4,85686.92,60,9.42,629,2,0,957.1866385367384,-1,0
38,46685.72,1.8,11296.77,48,9.0,650,2,1,3609.35606652808,-1,0
27,33907.05,8.1,19157.82,48,9.94,603,2,0,2340.24753141743,-1,0
51,24424.22,7.0,9392.61,48,10.24,588,2,0,1796.0467732648128,-1,0
36,43777.84,8.4,7377.47,24,11.4,530,3,0,3302.9337323976047,-1,0
30,56924.7,3.3,13198.31,36,6.18,791,2,0,4341.1295268574195,-1,0
33,29879.88,7.5,7968.8,36,9.54,623,3,0,2234.5768018606664,-1,0
41,149110.52,1.9,2592.68,48,5.5,825,3,0,12365.580068474497,-1,0
21,30955.13,0.2,14882.05,24,11.5,525,2,0,1882.5142523759525,-1,1
26,27047.41,14.4,38919.02,36,10.66,567,1,0,986.0493172495303,-1,1
37,20898.93,0.5,22800.08,24,10.76,562,1,0,681.4537883750445,-1,0
47,79092.03,0.6,11330.11,48,6.9,755,3,1,6320.21426463788,-1,0
27,54325.54,1.0,14190.01,12,10.7,565,1,0,3274.976530799029,-1,1
33,38350.39,4.1,25483.96,24,7.84,708,3,0,2045.1540994668048,-1,0
32,64683.93,2.2,11626.54,24,7.42,729,3,0,4867.560772771369,-1,0
30,29419.57,7.1,43348.97,48,8.82,659,1,0,1376.591113553113,-1,0
44,28528.63,1.2,60696.73,36,10.34,583,2,0,409.16989063170263,-1,0
24,42579.5,0.3,11840.86,48,7.719999999999999,714,3,0,3260.7754194096983,-1,0
27,34365.96,0.3,2979.87,48,8.06,697,1,0,2790.9987104465395,-1,0
33,37093.56,3.0,4812.11,36,11.959999999999999,502,3,0,2931.391006359749,-1,0
25,15412.28,0.8,4763.7,36,14.18,391,2,1,1121.1279182561914,-1,0
28,33283.47,0.2,24175.6,48,6.959999999999999,752,0,0,2195.1562124799398,-1,1
32,35938.06,0.7,18364.89,60,11.44,528,3,1,2591.4994787758296,-1,0
39,45405.32,1.4,33683.33,24,9.58,621,1,0,2235.983310105694,-1,0
33,52006.81,1.9,9162.27,48,9.74,613,1,1,4102.664356332429,-1,0
37,26307.35,5.0,24416.52,24,7.640000000000001,718,5,2,1091.9907071006448,-1,0
41,40963.69,6.6,7403.69,60,10.02,599,4,0,3256.261432621944,-1,1
35,66118.12,3.4,19174.15,36,8.76,662,3,0,4902.249966485013,-1,0
29,18151.06,0.8,29777.1,48,11.26,537,4,0,739.2184442802084,-1,0
38,15000.0,7.9,10545.64,24,8.76,662,4,0,769.3855720772825,-1,0
25,19739.04,5.3,4884.86,60,6.18,791,1,0,1550.0725792478186,-1,0
47,74815.27,3.5,25274.37,48,10.459999999999999,577,5,0,5587.98467168891,-1,0
28,16128.21,0.7,38977.2,12,6.5,775,4,0,-2019.5752031443049,-1,1
28,15000.0,0.8,13550.87,12,8.08,696,4,1,70.72981023439252,-1,0
18,30874.49,2.1,20668.58,36,8.9,655,1,0,1916.5803679340702,-1,1
29,154943.99,4.6,7665.61,36,6.92,754,3,0,12675.587670344199,-1,0
18,15000.0,0.6,11053.58,24,8.04,698,4,1,749.8748377391737,-1,1
48,166015.26,4.8,11653.79,48,10.2,590,4,0,13537.914188258515,-1,0
36,44776.42,10.5,11076.26,24,8.2,690,5,0,3229.4081499554645,-1,0
18,15000.0,4.7,19881.77,36,6.02,799,7,0,644.9778510708832,-1,0
43,37333.55,1.0,11287.51,48,8.12,694,1,1,2834.9318134167283,-1,0
62,22041.5,2.0,11084.77,24,12.08,496,1,1,1314.5788366607676,-1,0
28,52844.02,6.8,7101.36,36,10.799999999999999,560,0,0,4171.8509289263775,-1,1
40,39443.3,2.8,27458.45,36,9.68,616,3,1,2405.054296303633,-1,0
19,61672.11,5.1,14798.75,12,11.86,507,4,0,3825.4605099807313,-1,0
41,18468.47,2.0,10760.81,24,7.48,726,1,1,1054.9049556757732,-1,0
48,15000.0,1.5,29432.7,48,5.0,850,4,0,572.1857111232301,-1,0
43,40682.62,4.3,5218.77,36,8.719999999999999,664,4,0,3224.9420931791024,-1,0
40,26800.52,8.8,7744.04,24,7.699999999999999,715,4,1,1884.1933342532843,-1,0
26,47657.34,15.1,13292.83,60,6.0600000000000005,797,3,0,3714.0863326665153,-1,0
32,27686.31,1.5,15555.74,60,10.44,578,3,1,1973.301147674722,-1,0
26,125359.28,0.8,25025.39,36,8.58,671,4,0,9655.688727016755,-1,0
32,25345.09,2.3,5376.35,24,10.48,576,5,0,1862.8067744840191,-1,0
40,25978.17,0.6,5604.95,48,9.02,649,5,1,2025.3148472265198,-1,0
29,65004.59,0.9,9523.72,48,8.719999999999999,664,1,0,5181.3151789825915,-1,0
29,21202.26,11.5,14172.15,48,8.64,668,6,1,1416.5980576620564,-1,0
35,99091.67,4.7,9864.88,48,6.6,770,6,0,8023.23874755942,-1,0
36,48794.76,2.0,22197.68,48,9.34,633,2,1,3510.2491660953774,-1,1
56,31798.48,1.5,19295.67,36,11.82,509,3,0,2010.6385844228407,-1,1
42,27203.38,3.7,30828.85,60,7.799999999999999,710,3,0,1644.7970824866425,-1,0
41,36038.48,0.6,32137.74,36,7.4,730,3,0,2004.998442397221,-1,0
43,27000.06,6.5,15134.2,24,7.959999999999999,702,5,1,1565.8021902039043,-1,0
18,89535.66,2.6,15046.21,36,10.66,567,5,0,6971.130466563257,-1,1
21,28924.16,11.6,20281.29,36,6.039999999999999,798,1,0,1792.982884726834,-1,1
34,61085.65,2.0,12485.1,48,6.719999999999999,764,4,0,4793.118788640365,-1,0
60,81649.86,0.2,8246.21,12,9.1,645,4,0,6082.629300562038,-1,0
40,15492.73,3.5,24757.95,60,12.4,480,2,0,735.3164463651574,-1,1
20,39402.95,2.2,22747.36,36,8.78,661,0,2,2562.5460701844213,-1,0
42,20291.65,5.6,7712.13,24,11.18,541,2,0,1330.8802887672002,-1,0
26,47589.06,0.3,69673.9,48,9.959999999999999,602,1,0,2199.9830162026647,-1,0
30,22831.74,7.3,14907.3,36,8.82,659,1,0,1429.8447067371235,-1,0
32,73987.41,2.4,4515.56,48,6.279999999999999,786,2,1,6058.988792147489,-1,0
19,48085.73,11.5,49664.71,24,8.6,670,2,1,1747.3286591551332,-1,0
21,68532.56,1.5,40067.1,36,9.94,603,3,0,4419.322433156156,-1,0
50,17817.35,3.3,13244.62,24,10.82,559,4,0,868.5823202231526,-1,0
32,84683.15,2.1,7183.09,48,6.58,771,3,0,6886.317362983453,-1,0
31,24558.88,1.6,15930.54,24,8.28,686,2,2,1324.0420687850594,-1,0
31,24028.16,1.0,6135.52,36,9.34,633,7,0,1806.266435035116,-1,0
31,43981.76,5.7,21300.52,48,7.279999999999999,736,0,1,3152.307579824473,-1,0
45,134470.09,0.6,4241.89,48,11.54,523,3,0,11095.091254199708,-1,0
34,15000.0,1.7,15001.79,48,9.379999999999999,631,1,1,873.9670732877494,-1,1
29,23124.17,0.6,45864.02,12,7.9,705,5,1,-2060.5046028816296,-1,0
40,60141.02,5.2,6117.16,36,7.199999999999999,740,6,0,4822.311649820642,-1,0
27,106832.77,0.9,8631.63,12,6.76,762,2,0,8156.818639699863,-1,0
31,159092.31,1.7,10467.69,48,5.98,801,4,0,13011.954469011313,-1,0
30,71678.13,9.9,6386.07,60,9.459999999999999,627,4,2,5839.182941898812,-1,0
22,15000.0,7.0,17702.4,48,11.98,501,4,0,784.0017271328379,-1,0
35,51147.24,0.8,7001.81,48,5.0,850,1,1,4101.023261984111,-1,0
48,91174.78,4.3,21827.89,60,9.299999999999999,635,2,0,7141.602503988247,-1,0
24,284000.6,6.8,17922.06,48,9.16,642,6,0,23219.362599561813,-1,1
24,34388.05,1.0,7776.98,24,11.18,541,5,0,2502.55234813146,-1,0
25,21286.44,9.1,30364.74,48,8.6,670,4,0,1023.9962695641655,-1,0
33,37178.51,0.1,8863.99,12,8.1,695,3,1,2326.734700203625,-1,0
46,51546.17,6.9,21239.55,48,9.4,630,2,0,3762.923752339112,-1,0
45,46554.21,0.8,9225.21,48,12.36,482,3,1,3634.9485245387855,-1,0
37,85001.04,10.6,5342.82,48,7.719999999999999,714,4,0,6953.6872309131695,-1,0
28,35064.47,0.4,38613.46,12,11.52,524,1,1,-500.05543195302744,-1,1
20,40924.9,16.8,25475.17,48,11.08,546,2,0,2750.999092085921,-1,0
22,63440.34,0.8,38224.74,36,9.32,634,4,1,4065.4575993183726,-1,0
28,97462.08,0.6,41756.55,48,6.640000000000001,768,2,0,7128.88691102603,-1,0
39,31052.46,4.1,46306.5,60,10.379999999999999,581,5,0,1595.1481968016915,-1,0
22,20097.26,2.3,1794.81,48,6.619999999999999,769,3,0,1632.1084258143965,-1,0
33,22623.95,2.1,6099.59,24,5.52,824,2,1,1616.3089387223056,-1,0
36,15000.0,1.9,7754.21,48,8.28,686,4,0,1059.676263438853,-1,0
44,52836.52,0.1,29459.45,12,6.699999999999999,765,3,1,1858.0854130455741,-1,0
41,69951.3,9.3,3722.25,48,8.4,680,3,0,5737.703486922457,-1,0
30,22172.41,4.9,9094.23,12,9.02,649,4,0,1052.3126420339304,-1,0
25,69593.93,4.2,12024.78,36,8.94,653,2,0,5417.445078089473,-1,0
28,61387.22,2.9,8798.0,48,9.34,633,2,1,4895.239927210432,-1,0
50,15000.0,3.1,11980.37,48,12.92,454,4,2,929.0721618264054,-1,0
37,46189.98,11.3,18536.15,48,12.4,480,1,0,3357.3887176411517,-1,1
41,47710.44,18.1,11873.15,48,10.74,563,3,0,3670.499225442122,-1,0
38,15000.0,12.4,22676.44,24,9.54,623,1,1,208.40529141909656,-1,0
41,18526.07,7.8,12593.47,60,5.699999999999999,815,0,0,1302.1249795947485,-1,0
35,34494.97,8.5,3030.06,24,11.66,517,2,2,2732.4260181403038,-1,1
41,30487.04,0.8,15644.06,24,8.2,690,3,2,1831.6203525521205,-1,0
47,49509.87,0.5,15291.36,48,7.42,729,3,0,3756.6648311501895,-1,1
31,46877.74,12.1,20182.02,48,10.44,578,4,0,3390.3350179493564,-1,0
26,28583.58,0.6,5689.29,36,5.879999999999999,806,3,0,2209.1949458085014,-1,1
52,39618.97,5.1,8268.27,24,7.039999999999999,748,3,0,2931.239108593582,-1,0
46,47825.13,7.3,35967.2,24,8.26,687,0,0,2354.46009192296,-1,1
34,70597.43,1.1,10590.02,48,10.44,578,2,0,5612.285621125506,-1,0
31,95183.88,4.7,20024.91,24,11.06,547,1,0,6998.114314121956,-1,1
33,43359.01,2.4,23255.16,24,7.08,746,2,0,2571.213736336461,-1,0
34,15000.0,1.9,19212.69,24,9.14,643,1,0,371.0385754714331,-1,0
23,26269.39,15.4,5809.45,24,10.28,586,4,1,1920.287793291615,-1,0
45,71633.91,4.5,8344.87,24,7.16,742,2,0,5595.26556276118,-1,0
32,16989.97,1.8,9770.81,24,9.48,626,2,0,967.2989682204213,-1,0
28,15000.0,1.3,4373.34,36,10.0,600,3,0,1108.8846195577023,-1,0
36,59654.26,1.0,9885.52,48,10.08,596,2,0,4720.086039803724,-1,0
25,15000.0,7.0,9720.97,36,12.68,466,2,1,923.9584061341727,-1,0
54,45290.28,5.5,3363.76,36,11.62,519,2,0,3663.074556589566,-1,0
37,97896.19,1.8,10305.7,48,6.879999999999999,756,9,0,7911.8063736484555,-1,0
26,20624.09,3.5,6813.6,48,9.1,645,3,0,1548.7937242310297,-1,0
41,15000.0,3.6,6240.45,36,10.94,553,5,0,1045.8729420758455,-1,0
32,15000.0,6.8,38056.98,48,11.52,524,5,0,256.75939399730646,-1,1
51,24373.68,14.4,14597.62,48,11.799999999999999,510,1,0,1648.160575712444,-1,1
35,50595.21,5.3,38102.42,48,7.76,712,6,0,3290.3625924540975,-1,0
37,21169.16,1.7,15652.37,36,8.7,665,4,0,1268.5380493851917,-1,0
41,15000.0,6.3,79356.95,48,5.199999999999999,840,5,0,-584.7327985351026,-1,1
49,45850.48,7.1,8209.62,24,12.76,462,4,0,3431.4978617708803,-1,0
51,52529.55,8.5,10768.68,48,9.92,604,2,0,4104.7544965494,-1,1
31,83512.35,10.7,10444.58,48,11.36,532,3,0,6687.587243216151,-1,0
23,19794.36,6.1,8327.81,24,12.72,464,3,0,1254.7051049716424,-1,1
29,34917.38,1.5,5477.92,36,11.7,515,2,1,2728.620244852615,-1,1
32,37149.24,0.0,61539.99,60,9.6,620,6,0,1800.306196188645,-1,0
30,32085.84,0.3,36831.93,48,6.139999999999999,793,3,0,1806.4549459169389,-1,0
36,25534.49,6.4,9684.94,36,8.959999999999999,652,1,0,1820.075931971072,-1,0
36,17954.29,0.7,19517.57,36,10.9,555,1,0,858.1345145803756,-1,1
48,41803.0,2.5,24499.04,48,7.5600000000000005,722,1,0,2890.5372166592324,-1,1
37,15000.0,12.0,50817.38,36,11.58,521,1,0,-427.68838156399624,-1,0
43,27387.32,6.3,23837.34,36,7.719999999999999,714,4,0,1538.3762957562258,-1,0
32,28455.61,8.4,5185.13,48,9.82,609,4,0,2240.240310548184,-1,0
39,46507.82,2.9,9313.58,60,7.6,720,3,1,3688.583734921839,-1,0
41,22619.75,5.5,2713.75,36,9.58,621,0,1,1797.9482293792375,-1,0
33,74602.95,5.7,9793.25,36,11.28,536,5,0,5894.993936238241,-1,1
34,34449.63,1.3,5144.33,60,7.82,709,4,0,2766.936631680685,-1,0
26,21328.86,5.3,2872.0,36,9.299999999999999,635,3,0,1685.67464002753,-1,0
24,28484.59,7.6,17802.67,12,12.299999999999999,485,2,2,789.470607338528,-1,0
28,34296.01,0.1,29475.19,48,8.459999999999999,677,5,0,2132.0439147134425,-1,1
34,15000.0,1.2,45918.81,36,5.34,833,3,0,-133.24850125888543,-1,1
42,15000.0,11.5,15569.04,48,9.36,632,2,0,859.8969365618765,-1,1
34,16962.58,13.5,38866.95,36,7.68,716,2,0,201.32885410559652,-1,0
27,15000.0,11.5,27330.43,48,9.56,622,1,0,562.5905200005051,-1,1
38,27712.37,1.4,16738.32,48,9.62,619,2,0,1887.8852236679813,-1,1
46,63481.02,10.0,21993.36,12,9.34,633,2,1,3363.2638078064674,-1,0
32,23377.67,6.7,36397.26,24,10.52,574,1,0,259.8413268745526,-1,1
37,49898.94,1.1,21326.82,36,9.1,645,7,0,3479.0648121961954,-1,1
42,46682.24,0.6,22893.76,48,8.219999999999999,689,2,0,3328.91586295065,-1,0
30,70578.45,11.8,2631.64,48,8.1,695,0,0,5817.16787566425,-1,0
45,23078.18,8.3,25413.08,36,10.68,566,3,0,1095.0358473505485,-1,1
37,15000.0,2.8,10748.02,36,5.219999999999999,839,4,1,926.8094882175286,-1,0
25,20695.01,5.5,32616.23,24,9.26,637,3,0,230.6262120089989,-1,0
42,31501.23,7.2,47780.97,48,8.9,655,3,0,1438.338545593742,-1,0
27,75481.68,11.4,4087.7,36,7.119999999999999,744,5,0,6163.699294935426,-1,0
31,98945.29,4.6,23194.77,60,9.16,642,3,0,7762.152416477997,-1,0
31,30609.0,9.1,15173.64,36,10.98,551,1,0,2054.1281937064546,-1,1
38,109339.22,0.2,23375.6,60,6.640000000000001,768,3,1,8652.69677888934,-1,0
34,24144.55,0.8,17664.76,36,5.0,850,0,0,1482.6171289947215,-1,1
19,105167.93,4.7,8817.24,12,5.620000000000001,819,4,0,8006.664950778051,-1,1
43,28005.76,7.4,27102.3,24,5.66,817,1,0,1136.7706909676285,-1,0
47,49409.11,1.9,16084.5,36,10.56,572,3,2,3594.18510308673,-1,1
32,32760.91,8.5,6007.01,24,10.44,578,3,0,2451.661301033901,-1,0
30,25341.6,2.3,4983.98,36,7.6,720,2,1,1956.5382297788153,-1,0
45,21891.39,6.0,100000.0,48,7.32,734,5,0,-585.2163158011592,-1,0
49,44227.78,1.2,4483.74,60,8.42,679,2,2,3593.830323884616,-1,0
44,45572.34,2.4,24698.57,24,12.78,461,5,0,2626.030584207314,-1,0
30,31746.15,0.0,15310.95,24,6.859999999999999,757,2,0,1960.9731205901876,-1,0
36,26121.89,1.1,15818.65,36,9.459999999999999,627,1,0,1670.4018748980209,-1,1
35,68384.72,10.9,6569.96,48,8.879999999999999,656,5,0,5535.607034219684,-1,0
36,15000.0,3.5,19013.55,60,15.14,343,2,0,796.2705113669558,-1,0
21,28740.29,5.8,3133.07,60,9.6,620,4,0,2329.070649615279,-1,0
37,15176.82,3.6,15431.85,60,10.16,592,3,1,935.6375762897097,-1,0
39,47874.11,0.4,19029.16,36,8.02,699,1,0,3393.028868349549,-1,0
38,50675.99,3.3,20837.36,48,8.6,670,3,0,3708.4092549587303,-1,0
37,31476.14,0.7,6886.54,12,11.92,504,3,0,2011.4086263708894,-1,0
35,43321.43,1.6,11365.42,24,9.34,633,8,0,3089.118102511591,-1,0
52,15000.0,7.6,4046.72,36,9.86,607,2,0,1119.689554255408,-1,0
18,89829.83,1.7,10470.1,60,9.98,601,2,1,7263.463504151664,-1,0
27,16608.83,4.4,12645.34,12,11.58,521,2,1,263.02906481719833,-1,1
48,68796.54,26.8,13165.92,48,7.66,717,4,0,5413.72351240534,-1,0
42,45964.33,2.5,13420.0,36,10.76,562,3,0,3392.5309321740647,-1,0
18,27123.89,9.7,24909.79,24,8.06,697,5,1,1133.0400563680157,-1,1
40,23366.99,4.7,6186.07,24,9.9,605,4,0,1662.0788551885616,-1,0
44,34459.63,2.3,10009.71,12,8.02,699,1,0,2000.8143191784184,-1,0
39,97403.23,2.9,13850.6,48,10.54,573,5,1,7762.046041604095,-1,1
45,41490.39,3.1,15359.62,12,8.02,699,5,0,2121.2812454437626,-1,0
52,19870.89,12.7,25994.59,12,8.62,669,1,0,-612.7796485789765,-1,0
60,47015.88,6.7,52232.47,48,7.359999999999999,732,5,0,2658.476046303142,-1,0
43,61230.14,1.7,13233.24,36,6.92,754,2,0,4694.391494939391,-1,0
29,21165.15,2.9,21248.69,48,8.62,669,3,0,1238.8136778530675,-1,0
26,51416.6,1.8,24449.84,24,8.78,661,5,0,3170.1983776870934,-1,0
29,37387.04,9.6,11777.45,12,6.6,770,1,1,2098.69271479082,-1,0
36,20381.52,4.5,18439.05,36,8.4,680,0,0,1117.238627630035,-1,0
46,25718.88,4.0,10170.41,48,8.68,666,6,1,1891.6914548633088,-1,0
29,16239.16,1.6,3769.28,36,11.76,512,1,0,1228.50092770594,-1,0
57,18386.38,0.5,3096.01,48,9.08,646,3,1,1455.0363322674268,-1,1
22,45121.21,0.5,9698.94,24,13.459999999999999,427,4,0,3296.8971667594355,-1,1
45,94630.24,9.6,21711.12,36,11.459999999999999,527,3,0,7170.3202565776155,-1,0
24,25798.92,0.2,15043.97,36,8.219999999999999,689,4,2,1676.9583486071695,-1,0
46,41178.28,0.8,9428.4,60,9.24,638,4,0,3234.7052145770144,-1,0
26,15893.27,5.6,5758.28,24,10.04,598,2,0,1058.6174385625545,-1,0
29,31686.54,0.2,5661.57,60,8.54,673,1,0,2524.280044606408,-1,0
35,36048.14,8.1,17720.43,36,9.76,612,2,0,2434.2178680122324,-1,0
60,37209.83,1.2,14000.57,60,14.2,390,2,0,2773.596888927443,-1,0
45,61675.97,1.3,100000.0,48,6.779999999999999,761,5,0,2755.2333740750487,-1,0
44,61990.23,10.1,37522.98,60,7.24,738,3,1,4418.596361089427,-1,0
48,37008.67,8.5,100000.0,60,11.54,523,2,0,882.7864599331124,-1,0
30,17101.12,8.7,9293.1,48,6.719999999999999,764,0,0,1203.7637255179188,-1,0
42,67922.4,3.6,30303.2,48,9.42,629,3,0,4900.045724271458,-1,0
31,69442.01,2.1,14671.46,36,10.12,594,2,1,5312.600410005729,-1,0
33,33752.64,6.5,6755.65,60,9.9,605,2,0,2669.5145819351947,-1,0
22,29731.57,4.5,5101.63,36,9.24,638,2,0,2314.829915454509,-1,0
23,23406.69,0.5,8399.32,24,9.08,646,2,1,1566.5283560617268,-1,0
24,27227.44,6.8,88217.63,24,9.64,618,2,1,-1787.2002726154346,-1,1
37,37042.61,0.7,9964.82,24,5.0,850,3,1,2649.7136648168253,-1,0
39,28660.33,0.8,15679.34,48,10.98,551,2,1,1983.272367200933,-1,0
55,27942.94,4.4,4227.65,24,11.58,521,1,0,2130.3963544774615,-1,0
39,25293.15,0.2,4775.37,48,5.0,850,4,0,1997.7891023615416,-1,0
38,15635.2,10.3,7844.88,48,8.1,695,0,0,1111.0484332105827,-1,0
37,25059.1,9.0,6950.47,48,8.12,694,0,0,1918.185268694356,-1,0
50,52362.02,1.1,25349.7,36,8.799999999999999,660,3,0,3559.745525958419,-1,0
32,15588.13,2.6,50853.59,48,8.52,674,4,0,45.0758840063163,-1,0
28,17397.38,6.8,6990.84,48,13.4,430,5,1,1260.8440698094792,-1,1
53,27218.54,4.6,18776.11,36,5.280000000000001,836,4,0,1703.111352630187,-1,0
43,17134.27,6.1,14441.28,24,8.26,687,2,2,773.0020495827273,-1,1
38,15000.0,5.0,4691.86,60,9.4,630,4,1,1151.6913366084873,-1,0
37,21866.87,0.1,41477.81,36,10.799999999999999,560,2,0,468.2339824928083,-1,0
39,87496.58,6.2,45027.11,48,7.48,726,4,0,6203.09580401706,-1,1
35,41952.56,4.9,58319.84,48,7.859999999999999,707,2,1,2076.1183958534357,-1,0
53,132660.27,0.2,17599.02,48,11.299999999999999,535,3,2,10597.598392157686,-1,1
34,33079.83,8.2,13476.61,48,10.44,578,3,0,2411.9961095327994,-1,0
46,66850.03,7.9,22034.64,36,7.18,741,2,0,4888.655227995176,-1,0
26,82300.98,7.6,11067.12,48,10.7,565,4,0,6573.98918062606,-1,0
32,15000.0,10.2,13761.99,12,10.2,590,3,0,38.8219484864444,-1,0
32,23939.52,3.0,21792.81,36,5.32,834,4,0,1338.6742932091672,-1,0
33,39530.49,4.6,9181.59,48,8.299999999999999,685,4,0,3068.76285075659,-1,0
41,38803.94,7.8,3782.24,12,9.52,624,1,0,2901.986449821956,-1,0
34,63656.05,0.0,14795.91,24,9.48,626,1,0,4625.46029619846,-1,0
37,35437.56,4.7,9323.41,48,5.100000000000001,845,6,0,2737.9958568534053,-1,0
20,20336.94,4.2,15524.06,24,7.74,713,3,0,994.4732419609736,-1,0
27,43103.06,2.3,8199.95,48,11.74,513,5,0,3377.0308366425384,-1,0
38,37637.4,0.3,22545.14,36,6.619999999999999,769,2,0,2444.2318744648896,-1,0
44,23286.83,14.7,10353.95,48,10.24,588,0,0,1676.7712552194628,-1,0
31,95941.33,6.4,5448.71,48,8.52,674,4,0,7860.757921419983,-1,0
32,23450.78,2.6,57070.97,24,6.699999999999999,765,9,0,-593.2281088682685,-1,0
47,17900.55,0.3,14794.12,48,9.28,636,1,0,1121.5901229289561,-1,0
32,53312.4,2.7,20384.22,60,7.16,742,4,0,4037.527469580135,-1,0
25,27271.14,3.7,45905.29,48,7.699999999999999,715,3,0,1158.3658874825348,-1,0
39,21035.56,1.4,17010.86,48,10.24,588,3,1,1319.560686042127,-1,1
56,39538.69,0.5,9621.06,48,6.959999999999999,752,2,0,3064.681082170684,-1,0
18,26543.22,5.0,84535.87,48,9.86,607,4,0,73.56616981610887,-1,0
35,24122.81,5.2,22065.99,36,7.82,709,1,2,1320.597080112421,-1,1
34,49807.76,2.8,5217.35,60,7.779999999999999,711,3,0,4045.4060934721515,-1,0
30,28510.92,0.4,8165.9,36,7.879999999999999,706,3,0,2120.4721831566335,-1,0
24,15000.0,2.5,22605.88,60,7.82,709,2,1,793.5791725409857,-1,0
28,152554.57,0.1,9168.54,24,12.28,486,1,0,12280.085983446621,-1,1
24,30329.57,1.8,6212.26,48,8.4,680,2,0,2374.6356226862517,-1,0
26,62907.59,14.9,6266.28,60,5.120000000000001,844,3,0,5123.7019203786585,-1,0
39,15000.0,1.7,24560.95,36,8.16,692,5,0,478.53493428147317,-1,0
27,37425.86,1.1,23066.17,48,7.699999999999999,715,0,0,2558.951592253087,-1,0
44,47384.35,2.2,34142.25,24,9.34,633,0,0,2383.5844179480127,-1,0
18,15000.0,0.6,12896.52,36,8.82,659,3,0,840.9736546476859,-1,0
28,38222.25,18.1,14315.8,36,13.92,404,3,0,2696.463447796451,-1,0
20,50631.01,1.2,10161.67,12,8.82,659,2,0,3331.4457687401164,-1,0
42,74237.2,2.8,12864.31,48,6.9,755,2,0,5878.977906682465,-1,0
19,16971.7,3.2,8793.55,48,10.58,571,5,1,1188.823841068892,-1,1
41,17961.77,3.2,4898.06,48,13.72,414,4,0,1363.654394157939,-1,0
55,20512.38,3.5,3206.69,24,9.12,644,6,0,1562.6915761019386,-1,0
18,182200.47,5.4,4100.97,12,6.92,754,2,0,14828.68013589409,-1,1
38,39246.45,2.9,19576.03,24,6.9,755,5,1,2394.9553422780878,-1,0
43,124153.14,4.6,15810.19,36,8.68,666,4,0,9845.68651976985,-1,1
46,60672.82,17.3,3962.09,48,8.26,687,2,0,4958.8578575852825,-1,0
21,46901.38,0.2,31688.04,36,10.78,561,3,0,2874.3208250566386,-1,0
26,17567.24,7.3,1657.17,48,6.5600000000000005,772,7,0,1424.5910829660822,-1,0
19,35775.09,0.2,12971.59,12,6.84,758,5,1,1859.824583145425,-1,0
55,91667.21,20.1,13423.02,48,5.699999999999999,815,1,0,7325.537090239632,-1,1
47,28126.33,2.0,30140.26,60,5.919999999999998,804,4,0,1762.2856968679046,-1,0
39,63294.11,1.7,18701.53,48,8.879999999999999,656,3,1,4810.185685276184,-1,0
25,76109.65,4.2,10733.55,48,8.0,700,0,2,6080.433510734697,-1,0
39,61494.64,1.1,23876.5,24,8.12,694,3,0,4043.376679843648,-1,0
26,23319.25,1.1,3401.85,36,9.28,636,4,0,1834.6490537948673,-1,0
48,58428.96,1.6,37278.47,36,9.219999999999999,639,1,0,3679.81396043319,-1,0
49,16994.93,4.2,5278.15,24,8.86,657,4,2,1175.4521424886136,-1,0
36,44300.42,5.7,9923.19,48,8.36,682,3,0,3447.7672332976813,-1,0
43,31964.45,1.0,6541.58,36,10.64,568,2,0,2450.654733874108,-1,0
26,28609.54,3.2,10795.82,36,7.34,733,3,0,2049.1039437266472,-1,1
36,17371.25,6.3,8225.14,36,7.52,724,3,0,1191.675609631059,-1,1
46,15000.0,1.9,23968.18,48,8.28,686,2,1,661.7113701885622,-1,0
27,26205.49,4.1,19198.02,36,10.98,551,0,1,1555.4541013652881,-1,1
18,71778.21,5.3,32806.57,12,7.959999999999999,702,3,1,3128.3322214496384,-1,0
40,35365.05,2.6,4013.14,60,11.799999999999999,510,3,0,2858.2224814134506,-1,1
42,15746.95,9.3,15012.95,36,6.34,783,5,0,853.2064215484177,-1,0
43,29223.33,24.9,24758.91,36,10.6,570,5,1,1629.384464797623,-1,1
45,65842.81,0.6,10409.54,48,5.0,850,2,0,5247.176480737945,-1,0
36,77078.87,3.8,11744.56,60,10.86,557,3,0,6168.703205333866,-1,1
23,27017.85,3.6,14038.37,36,8.84,658,1,0,1806.1157343758905,-1,1
45,82527.62,0.3,25723.65,48,9.24,638,0,0,6234.232058788305,-1,0
36,25010.34,3.0,16738.49,12,8.82,659,2,0,621.7861444041271,-1,0
31,106604.02,0.8,5019.91,36,7.279999999999999,736,2,1,8728.024626697583,-1,1
37,19555.4,0.8,13152.9,48,11.74,513,2,0,1284.9270529221496,-1,0
18,23392.98,0.9,26398.58,48,7.16,742,5,1,1315.3066807030614,-1,0
46,43252.71,4.1,20665.16,48,12.24,488,4,0,3057.7612575873873,-1,0
26,80365.32,1.0,12332.44,36,9.58,621,2,0,6301.604219349247,-1,0
27,118183.2,1.8,8396.72,36,13.8,410,5,0,9562.434979037356,-1,1
41,63921.92,0.3,4722.49,36,10.04,598,9,0,5174.356495138376,-1,0
52,194641.46,8.4,26680.76,60,5.0,850,3,1,15716.622810906883,-1,0
18,24060.43,4.2,29478.58,48,9.6,620,1,0,1263.0329158090362,-1,1
44,80263.42,0.4,4785.17,48,8.4,680,1,0,6570.897799453753,-1,0
30,47783.28,2.8,13233.14,48,5.0,850,3,1,3677.190134078534,-1,0
29,73129.98,6.0,31153.78,48,8.14,693,5,0,5331.561215144566,-1,0
34,16790.03,1.1,21721.59,24,9.379999999999999,631,4,0,403.03245994536417,-1,1
34,104901.57,2.5,10673.84,24,6.74,763,2,0,8265.159276709823,-1,0
36,29140.65,2.4,8206.0,36,5.0,850,2,2,2182.4463183591147,-1,0
18,76982.86,2.6,13565.12,24,11.02,549,4,0,5782.871449248822,-1,0
34,37193.93,5.7,16005.99,36,7.719999999999999,714,5,1,2599.9895282385196,-1,0
34,42605.18,2.3,12702.88,60,10.459999999999999,577,3,0,3277.648871839523,-1,0
51,28461.99,0.3,10506.48,48,6.58,771,4,0,2122.283976570445,-1,0
25,15000.0,6.3,15248.69,24,10.7,565,4,0,541.4135260646544,-1,1
38,56368.86,3.1,35395.15,36,7.1,745,6,1,3602.886475844446,-1,0
42,48036.15,5.6,30914.47,60,6.799999999999999,760,5,0,3393.781836657414,-1,0
23,43308.82,4.2,23891.95,36,9.66,617,2,0,2841.9505058174327,-1,1
38,22603.19,6.2,14912.02,48,11.04,548,3,0,1497.9004833775612,-1,0
33,38202.75,7.7,17798.09,24,11.86,507,6,0,2346.9077530595737,-1,0
35,125450.97,6.1,23834.72,48,11.76,512,2,0,9829.392866067934,-1,0
18,93504.26,2.4,24678.12,24,6.799999999999999,760,2,0,6689.35475540014,-1,0
40,48845.66,1.6,28472.15,48,8.34,683,4,0,3370.8302637383576,-1,0
39,23214.88,2.6,20396.4,36,7.640000000000001,718,4,0,1298.8062041082317,-1,0
32,21500.51,5.3,19367.19,36,7.140000000000001,743,2,0,1192.4660874947408,-1,0
45,108106.14,3.6,7514.16,48,7.92,704,1,1,8825.68443768358,-1,0
24,29245.18,1.5,21550.89,48,5.079999999999998,846,1,1,1940.015195110105,-1,1
37,32606.65,3.4,9504.82,36,9.7,615,3,0,2411.864021064119,-1,0
18,21824.36,10.3,13477.55,36,9.52,624,6,0,1386.8449709150302,-1,0
42,31813.93,2.7,6353.84,48,11.48,526,2,1,2485.457491542509,-1,1
24,30344.9,0.9,17424.98,24,9.219999999999999,639,1,0,1730.9259156935573,-1,0
23,33094.51,6.8,3972.83,24,7.66,717,2,0,2578.8109229717534,-1,0
39,228139.81,3.8,9646.7,24,10.34,583,3,0,18564.989227788865,-1,1
40,29859.88,8.1,7375.91,36,10.42,579,5,0,2248.8663765015763,-1,0
18,44266.33,1.0,5031.19,24,10.0,600,8,0,3456.6969413932834,-1,0
18,75177.63,2.2,21800.76,12,11.54,523,7,0,4332.519602837721,-1,0
19,174281.74,4.0,12275.4,36,8.94,653,2,0,14133.466592418283,-1,1
34,15000.0,8.0,15698.28,36,7.98,701,3,0,758.2177864576145,-1,0
38,119109.42,1.5,16137.89,48,6.879999999999999,756,2,0,9540.24096346158,-1,0
32,21863.12,0.7,12243.79,48,9.08,646,5,1,1516.7741196688414,-1,0
30,44431.55,1.7,4930.91,24,9.54,623,7,0,3476.138158179944,-1,0
32,29305.29,2.1,11600.0,36,9.9,605,4,0,2068.3525055117843,-1,0
29,15000.0,7.8,15935.86,36,8.18,691,3,0,749.303734393914,-1,1
61,15000.0,3.9,18944.82,24,6.9,755,1,0,402.6501352289898,-1,0
23,78580.94,0.1,2997.09,48,9.08,646,1,0,6473.715053356433,-1,1
21,18537.87,0.7,21453.91,60,9.36,632,3,0,1095.7168536116908,-1,0
35,41017.19,0.2,3741.18,48,10.1,595,6,0,3323.0334078576207,-1,1
36,20104.2,10.4,22750.33,12,8.92,654,4,0,-313.3560549780782,-1,0
48,15000.0,5.5,1595.61,24,10.6,570,2,1,1175.9280397443263,-1,0
18,20362.62,5.5,20939.88,48,7.359999999999999,732,3,1,1191.948682633853,-1,1
49,15000.0,11.9,6997.04,24,13.64,418,3,0,915.2406881701229,-1,0
33,22116.04,1.3,10646.67,36,8.32,684,3,0,1507.8014716690877,-1,0
36,19636.0,10.6,64725.77,36,8.1,695,1,1,-394.9243038828349,-1,1
19,77846.22,2.5,15946.1,36,7.299999999999999,735,3,1,5992.62553549458,-1,0
47,23199.77,6.7,4593.48,48,7.66,717,0,0,1821.905555127457,-1,0
30,123114.76,6.9,5391.09,12,8.4,680,4,1,9789.603232765874,-1,0
41,98393.42,0.4,26451.25,24,9.02,649,3,1,6990.790386628341,-1,0
26,60027.13,4.4,20066.43,48,8.52,674,6,1,4507.467881936506,-1,0
30,51898.58,0.2,11422.4,60,8.719999999999999,664,1,1,4089.3206378497903,-1,1
46,41775.52,4.1,15240.34,24,6.98,751,3,0,2799.0821783105876,-1,0
38,40623.46,1.3,26232.46,24,13.04,448,2,0,2137.656454753852,-1,0
45,199823.47,7.8,6551.36,36,7.34,733,3,0,16448.648869610923,-1,0
48,51238.47,3.8,11404.17,36,10.1,595,5,0,3901.3563602042623,-1,0
35,48640.96,1.1,24230.74,24,9.12,644,0,0,2945.1036434712905,-1,0
30,33416.44,1.6,24399.76,48,11.02,549,2,0,2153.8417731069794,-1,1
26,171634.13,16.0,15330.58,48,11.06,547,4,0,13906.170466791242,-1,0
51,41234.18,4.9,68752.01,36,6.539999999999999,773,1,0,1327.7491620110382,-1,0
33,15000.0,2.2,6856.01,24,9.0,650,2,0,936.7849500865689,-1,0
32,34577.81,3.1,9833.62,48,8.379999999999999,681,4,0,2639.6588520601986,-1,0
25,67060.08,9.4,9667.76,60,7.52,724,2,1,5394.526027131829,-1,0
28,65623.96,6.9,14804.12,24,7.24,738,2,0,4804.2328130255855,-1,0
46,47575.59,9.2,7124.86,60,11.14,543,1,0,3809.2228633217346,-1,1
27,39863.51,15.0,4851.86,24,8.82,659,1,2,3100.7036801472714,-1,0
29,85375.63,6.1,7217.81,48,9.219999999999999,639,4,1,6934.265381079161,-1,0
40,36550.82,0.5,7220.42,48,12.18,491,5,0,2855.121560139367,-1,1
31,57617.48,0.4,17222.22,36,9.0,650,3,0,4253.794674855987,-1,1
38,50782.23,0.1,100000.0,36,7.08,746,5,0,1140.4837729088827,-1,0
23,19281.85,3.4,4598.31,12,10.7,565,4,0,1201.0577538773275,-1,1
45,157861.71,1.1,12284.32,48,11.26,537,4,0,12836.094533761076,-1,0
35,24000.97,9.2,8991.71,36,7.16,742,1,1,1721.7846756202675,-1,0
48,78024.37,0.3,19856.33,36,11.22,539,2,2,5849.889399508194,-1,1
31,15000.0,3.8,12258.96,12,9.82,609,4,0,173.26866100349503,-1,0
24,32344.63,3.6,10014.31,48,9.18,641,3,0,2445.322500669717,-1,0
25,68937.64,1.2,15120.78,36,7.6,720,2,0,5273.7582910327865,-1,0
26,30124.6,1.2,64480.91,48,9.82,609,3,0,880.5492164911,-1,1
46,51268.24,2.7,33936.33,12,6.32,784,3,0,1346.5807589486221,-1,0
31,46963.39,1.0,42792.34,60,7.58,721,1,0,3054.5174116412654,-1,0
32,36658.27,6.6,6428.31,36,8.5,675,6,0,2851.929916838105,-1,0
37,15000.0,7.7,4627.83,48,12.14,493,2,0,1127.8131326254802,-1,0
34,19523.08,10.4,14485.53,60,11.32,534,3,0,1309.6561859506298,-1,0
25,38104.07,3.5,27120.22,24,10.26,587,2,0,1920.6216125892602,-1,0
36,76786.5,1.4,15747.47,24,9.68,616,3,0,5674.532789705195,-1,0
24,37258.02,2.8,4015.47,12,8.1,695,3,1,2755.3498837207226,-1,1
18,75145.97,5.3,4405.71,48,10.56,572,5,1,6149.235396082521,-1,1
30,90955.11,2.5,12843.84,24,10.18,591,2,0,6985.846831004422,-1,0
44,49167.85,2.8,43251.83,36,8.52,674,7,0,2731.5662057726636,-1,0
18,38969.48,4.2,5471.22,48,7.9,705,3,0,3114.1448691016726,-1,1
38,89219.62,1.1,6316.95,36,5.0,850,3,0,7245.643674868016,-1,0
52,15000.0,2.6,6278.73,36,11.52,524,0,0,1042.8928316044708,-1,0
34,46511.73,7.5,20747.96,36,11.02,549,3,0,3196.5193804287,-1,0
30,101154.56,3.2,18490.32,36,7.119999999999999,744,2,1,7857.604230169475,-1,0
48,15000.0,8.5,14838.53,24,7.24,738,4,0,584.025108652042,-1,0
37,33143.34,1.3,19911.12,24,8.18,691,7,2,1859.783489105911,-1,0
34,69108.31,6.1,2663.46,24,8.02,699,2,0,5638.5404550257845,-1,0
49,65059.78,10.8,15680.92,24,11.18,541,3,0,4689.483416235467,-1,0
18,41253.63,1.7,45227.66,24,10.32,584,0,0,1344.0892172890653,-1,0
18,16361.08,5.7,17570.93,48,7.02,749,5,0,942.5024848240596,-1,1
27,25333.98,4.6,26612.4,36,9.0,650,5,0,1264.8977945606007,-1,0
48,31528.2,9.8,11719.5,36,6.719999999999999,764,2,2,2266.9843101121237,-1,0
36,33350.16,2.4,6649.82,48,8.26,687,1,1,2616.0256633143354,-1,0
36,74353.92,15.8,38005.59,36,7.6,720,1,1,5012.2035672493585,-1,0
30,32934.74,13.7,31046.1,60,8.84,658,1,1,2102.5038441180295,-1,0
43,98255.37,5.9,9014.23,48,7.84,708,2,0,7968.560182962674,-1,1
41,68970.23,2.8,11086.24,36,10.04,598,4,1,5389.589152118451,-1,0
42,108052.82,2.8,6193.48,24,9.06,647,4,0,8721.283597656658,-1,1
34,67496.39,1.6,40836.09,48,11.1,545,4,1,4567.2848582822835,-1,1
30,36014.23,4.6,21321.73,24,9.74,613,1,0,2019.8528722439255,-1,0
47,118386.5,4.5,12090.14,24,9.42,629,0,0,9310.874008149143,-1,0
51,25155.31,0.9,15531.49,12,9.879999999999999,606,6,0,731.6777849148502,-1,0
18,95741.75,0.4,3659.79,24,10.62,569,3,0,7808.54922210933,-1,1
37,143407.84,5.2,15893.34,24,10.56,572,2,0,11213.141624592567,-1,0
31,38403.34,2.0,3797.16,24,10.9,555,1,0,3023.477154988049,-1,1
18,21559.87,2.4,9954.21,24,13.26,437,1,0,1322.1979908204348,-1,1
32,59738.52,0.5,12024.69,24,11.62,519,0,0,4414.297600691452,-1,0
32,92423.6,6.5,5201.79,12,9.16,642,2,0,7246.676402920561,-1,0
29,31566.39,0.9,13974.58,60,8.7,665,3,2,2342.4736618570446,-1,0
51,37121.73,4.1,21976.22,60,10.4,580,4,0,2622.210742059688,-1,0
22,38225.33,1.1,8894.01,48,11.22,539,3,2,2954.6224499015957,-1,0
27,21311.05,1.4,7283.15,48,10.16,592,3,0,1590.6412003269763,-1,0
18,26227.24,2.1,9308.59,48,9.12,644,5,1,1953.4279090007374,-1,0
38,48219.59,5.7,9292.73,36,9.62,619,1,0,3720.1040685626454,-1,0
38,15000.0,1.0,14728.88,36,9.36,632,2,1,779.1538504746125,-1,0
42,53555.67,5.2,34826.83,36,8.76,662,1,0,3359.37464057186,-1,0
34,44550.39,2.3,5963.02,36,8.48,676,4,0,3524.3498995244645,-1,0
47,53528.96,5.4,3486.71,36,10.68,566,3,0,4347.123905880973,-1,0
31,31826.65,0.5,35742.0,60,5.0,850,3,0,1977.7252004290926,-1,1
30,15000.0,3.6,10209.35,36,5.0,850,3,1,944.0166216444827,-1,0
43,235501.55,8.5,10426.31,36,8.48,676,3,0,19296.092851315705,-1,0
20,32048.08,1.3,18609.63,36,6.640000000000001,768,1,0,2099.120129846813,-1,1
28,61613.08,9.2,3875.22,60,9.219999999999999,639,6,0,5053.5657405715365,-1,0
29,15000.0,2.5,34504.96,48,10.26,587,1,1,370.5503710769874,-1,0
50,47848.42,0.9,2200.66,36,12.52,474,2,0,3913.727165279206,-1,0
18,50190.28,4.0,6442.41,12,10.92,554,3,0,3613.372830156726,-1,0
41,16179.4,3.2,10529.27,48,10.1,595,2,0,1080.72789834883,-1,0
33,77709.38,1.9,6202.59,36,9.0,650,1,0,6278.540962867447,-1,0
44,35725.65,5.5,15548.78,60,12.299999999999999,485,4,0,2628.9016687638036,-1,0
27,36417.36,2.6,50674.09,48,8.799999999999999,660,2,1,1778.5599858937894,-1,0
40,15000.0,0.6,10213.12,48,6.699999999999999,765,5,0,1006.8531309579107,-1,1
41,15312.34,0.6,5670.07,36,7.9399999999999995,703,3,0,1098.505848693422,-1,0
48,26553.81,12.8,55455.57,60,6.84,758,2,0,1118.91216614872,-1,0
51,24631.58,11.1,15464.14,36,8.86,657,6,0,1561.8831385499811,-1,0
34,106200.57,2.6,21479.85,60,6.76,762,2,0,8427.148733152064,-1,0
35,93281.27,4.5,7381.88,48,10.34,583,4,1,7585.007981741331,-1,1
30,19551.12,1.0,16668.85,48,9.76,612,1,1,1208.4135366312855,-1,1
42,48088.43,2.4,12993.73,48,8.28,686,5,1,3688.4436738741488,-1,0
24,22165.01,0.7,5473.09,48,8.08,696,2,1,1713.2644237467475,-1,0
23,32135.04,2.2,28097.24,36,7.959999999999999,702,3,0,1797.9729992038397,-1,1
27,27044.21,8.5,56521.0,36,8.76,662,1,1,462.6381652723992,-1,0
37,56842.48,1.6,83336.54,48,7.859999999999999,707,4,0,2707.856979074514,-1,1
24,18526.73,1.6,4280.54,48,7.24,738,4,0,1440.9140059903496,-1,1
24,67704.07,0.4,14040.62,24,6.0600000000000005,797,1,0,5019.337318761285,-1,1
27,78135.03,16.2,7382.17,60,9.959999999999999,602,0,0,6354.548457584855,-1,1
39,18472.39,0.1,8797.56,48,9.28,636,7,0,1319.2666439509887,-1,0
31,118130.48,0.0,15898.52,36,9.2,640,3,0,9337.156806610365,-1,0
30,32736.44,2.9,5994.2,60,13.92,404,3,0,2588.8106020102755,-1,0
56,37746.41,4.4,8254.96,48,5.579999999999998,821,3,0,2953.2517822453146,-1,0
46,81963.7,9.8,20261.01,36,10.84,558,5,1,6168.522984467051,-1,1
21,26902.61,14.5,15085.33,24,10.24,588,0,0,1544.100511988065,-1,1
37,35638.08,1.5,38570.32,48,7.719999999999999,714,6,0,2033.2869403488946,-1,0
36,21054.77,3.2,10086.73,48,5.620000000000001,819,3,0,1519.4303552192966,-1,1
30,25379.38,0.3,7736.96,48,9.62,619,5,0,1920.1279617056484,-1,0
43,21895.88,1.8,50788.24,60,10.48,576,3,0,733.5224176975119,-1,0
20,24485.92,29.8,22095.6,36,7.299999999999999,735,3,0,1355.2105303955627,-1,1
26,28028.7,2.1,8423.17,36,6.359999999999999,782,4,0,2078.099643184234,-1,0
18,33887.08,0.5,10356.73,24,7.279999999999999,736,3,0,2358.910068799121,-1,0
18,144583.64,6.6,7692.15,24,9.799999999999999,610,2,0,11694.39261247236,-1,1
18,38162.38,3.4,3643.06,24,9.14,643,3,0,3013.531968173481,-1,0
38,75073.78,4.7,10505.1,48,7.08,746,4,1,6004.200547807422,-1,0
45,30133.7,8.9,22075.34,24,10.12,594,5,0,1491.2536331432427,-1,1
29,15000.0,0.2,10149.4,48,5.419999999999998,829,3,0,1014.330587939828,-1,1
35,29457.72,3.4,8719.41,48,11.94,503,4,0,2225.4512772181442,-1,0
46,30423.91,1.0,6868.26,48,8.64,668,6,0,2365.580540856045,-1,0
37,15000.0,4.2,52804.83,60,5.399999999999999,830,5,0,243.80187901047066,-1,1
48,47812.15,5.1,20697.86,36,9.1,645,1,1,3325.1956908396633,-1,0
52,41129.5,2.8,20009.15,36,5.52,824,1,0,2823.08348941083,-1,0
39,21693.2,2.0,6787.49,24,12.68,466,6,0,1486.096280254203,-1,0
34,41557.5,4.4,20141.23,12,13.36,432,1,1,1660.7615986878566,-1,1
20,25726.82,2.2,19456.76,36,10.54,573,5,0,1511.1423824548951,-1,1
43,15000.0,8.0,34648.28,12,9.299999999999999,635,2,1,-1784.8656058122638,-1,0
18,61436.74,1.9,6146.37,12,7.799999999999999,710,4,1,4585.633468758316,-1,0
43,32312.59,6.4,3961.84,24,7.76,712,2,1,2513.9658906002337,-1,0
44,22294.11,0.2,6700.31,48,5.940000000000001,803,2,1,1700.669775773143,-1,0
34,15000.0,1.9,14528.71,24,12.22,489,3,2,564.5895605935171,-1,0
43,15000.0,2.4,36650.0,48,10.64,568,3,1,309.1562317934553,-1,0
36,48156.87,2.6,18984.14,24,10.379999999999999,581,1,0,3133.7174189286834,-1,0
29,25259.62,1.1,17119.13,24,9.08,646,0,0,1322.2567758658229,-1,0
22,26219.91,25.6,11631.4,48,10.16,592,2,0,1889.095597787339,-1,0
33,15000.0,0.4,22378.19,36,8.14,693,5,1,547.3026710025747,-1,0
19,224523.56,9.3,4828.71,36,5.82,809,3,0,18563.79145201877,-1,0
41,19991.5,6.0,24726.09,36,9.66,617,3,0,872.0581098788796,-1,0
35,68762.69,1.5,12513.08,24,6.4,780,4,0,5173.378739456932,-1,0
30,123114.76,6.9,5391.09,12,8.4,680,4,1,9789.603232765874,-1,0
35,20699.0,0.3,16168.24,24,9.379999999999999,631,6,0,983.4526510453596,-1,0
28,21208.84,2.6,8005.62,48,7.119999999999999,744,6,0,1575.2527786465391,-1,0
35,49274.52,5.6,22932.74,24,5.460000000000001,827,3,1,3095.387806201352,-1,1
20,46789.64,1.9,100000.0,48,7.5,725,3,0,1481.2464728935734,-1,0
53,46727.66,2.2,3232.92,36,7.24,738,2,0,3793.7933461060807,-1,1
45,24325.18,4.6,10723.67,48,8.12,694,1,0,1764.6977444412066,-1,0
29,52046.5,4.8,12089.18,24,11.24,538,2,0,3772.4097945725157,-1,1
43,38484.29,4.0,11848.5,36,7.6,720,3,0,2837.9177327592865,-1,0
32,31025.24,7.9,23448.48,36,8.42,679,4,0,1846.0948109911278,-1,0
34,49610.14,3.0,7509.68,36,8.32,684,2,1,3897.7420845811175,-1,0
50,37644.84,1.0,10102.68,12,10.06,597,3,1,2248.601979598424,-1,0
36,30102.91,2.5,20351.07,48,8.62,669,5,1,2005.8027105700112,-1,0
24,24511.09,3.7,18791.0,12,9.84,608,7,1,391.96139365841213,-1,1
40,51280.45,7.5,34580.96,24,6.539999999999999,773,6,0,2732.2934374487822,-1,0
30,65197.67,3.6,3994.24,48,10.34,583,2,0,5331.18148433152,-1,0
38,111849.93,21.3,1000.0,48,5.280000000000001,836,6,0,9297.671153872923,-1,0
36,20141.36,9.7,6226.28,36,10.1,595,3,0,1477.2496772419731,-1,1
37,31691.09,9.1,24972.32,36,8.98,651,1,0,1847.043495101385,-1,1
43,21434.73,1.4,16803.22,60,10.0,600,2,0,1429.2087333667216,-1,0
32,31561.35,4.1,1000.0,36,9.26,637,4,3,2598.191621892107,-1,1
40,24654.91,14.2,40967.13,12,11.22,539,2,0,-1570.37242339049,-1,0
32,37938.17,1.9,9601.59,48,6.879999999999999,756,2,0,2932.1263244030906,-1,0
32,38921.81,2.0,2226.54,48,10.2,590,2,1,3186.79926330262,-1,0
38,47086.31,8.7,7510.63,36,5.18,841,2,0,3698.151366549218,-1,0
39,271538.14,1.4,10458.67,36,6.299999999999999,785,5,0,22308.581738968493,-1,1
44,26911.08,3.3,31210.71,48,5.039999999999999,848,3,1,1523.2637342927615,-1,0
31,38426.38,13.8,18898.5,12,10.299999999999999,585,8,0,1538.0819235638141,-1,0
26,26729.54,3.6,8143.84,24,6.959999999999999,752,1,1,1862.988605789414,-1,0
25,118208.45,1.5,9996.29,36,9.54,623,2,0,9530.3065662214,-1,1
23,35024.79,13.2,14266.35,60,13.18,441,3,0,2592.813127301,-1,0
45,34922.01,3.9,59965.18,12,9.44,628,5,0,-2346.1193058525864,-1,1
42,43847.13,4.9,12053.7,48,9.719999999999999,614,3,0,3349.8328173336067,-1,0
50,139463.36,5.9,44990.62,48,7.0600000000000005,747,2,0,10543.33742697735,-1,0
35,60900.47,8.4,11639.91,48,7.9399999999999995,703,4,0,4791.202661750855,-1,0
35,160991.72,8.1,6968.49,60,7.48,726,1,1,13276.40864093554,-1,0
31,41141.3,0.7,6379.38,24,12.68,466,3,0,3126.1122886975,-1,0
34,24786.89,4.3,33989.77,36,7.299999999999999,735,2,0,1011.4002652197662,-1,0
51,23561.69,1.6,9090.4,48,10.08,596,1,1,1732.568732344389,-1,0
31,98927.76,2.6,1823.24,48,8.94,653,2,0,8198.660521755484,-1,0
18,15000.0,1.0,16085.16,48,10.16,592,0,0,840.8017078257988,-1,0
65,29139.49,1.7,6178.86,48,5.52,824,1,0,2284.5360034293544,-1,0
20,53629.98,0.7,13292.83,48,11.74,513,3,0,4120.808330499622,-1,1
34,28637.29,7.2,46266.72,60,9.14,643,3,0,1422.8731162934378,-1,0
35,26710.31,7.1,13040.29,48,9.64,618,1,0,1897.3736674557633,-1,1
20,39739.86,5.0,13272.17,12,9.32,634,7,0,2149.013705129417,-1,0
48,43074.17,8.1,38869.17,36,5.82,809,3,0,2410.2062160886635,-1,1
25,39874.64,1.5,21355.31,48,11.299999999999999,535,4,0,2767.8311224121567,-1,0
44,98816.64,14.8,9111.25,24,7.26,737,2,0,7825.71106205159,-1,0
47,35936.93,2.8,2652.0,12,9.58,621,4,2,2762.1089525452144,-1,0
25,50887.75,10.6,16375.88,36,11.44,528,4,1,3701.1018850159535,-1,0
32,60155.76,4.5,29157.85,48,8.52,674,5,0,4294.013115612197,-1,0
45,23161.05,2.7,15946.27,48,9.219999999999999,639,6,0,1531.5960002698675,-1,1
34,52892.98,0.2,14664.47,60,8.18,691,5,0,4109.1408778145615,-1,0
50,45836.18,6.1,5064.25,36,9.52,624,3,1,3657.411450625159,-1,0
45,17487.74,1.2,11873.28,24,8.7,665,3,0,916.5167727537305,-1,0
38,41372.71,0.9,10899.21,48,8.82,659,3,0,3177.4291304537546,-1,0
37,35355.78,2.1,8333.91,60,5.559999999999999,822,1,0,2786.8967304360317,-1,0
49,18152.2,15.4,27996.38,12,12.66,467,4,0,-983.413379382353,-1,0
42,24599.32,5.2,3743.44,48,5.960000000000001,802,2,1,1962.0971712396781,-1,0
35,33653.57,0.7,17588.13,24,7.66,717,2,0,2011.72525715435,-1,0
31,15091.99,14.9,57101.95,48,7.279999999999999,736,2,0,-117.14153732750538,-1,0
37,15217.56,3.4,38457.7,60,7.279999999999999,736,2,1,501.53076723954075,-1,0
25,21816.79,0.7,7291.55,60,8.74,663,1,0,1667.6236821818197,-1,0
37,46840.76,12.5,100000.0,12,9.64,618,3,0,-4871.457592791514,-1,0
33,22030.23,1.1,16151.04,48,12.48,476,0,0,1406.717320435394,-1,1
21,28792.91,13.8,3799.05,12,5.600000000000001,820,2,0,2073.1365475877246,-1,0
25,31038.55,2.9,13678.39,60,9.26,637,4,0,2300.8758212233665,-1,0
35,58800.5,2.2,6745.48,60,8.1,695,2,0,4762.944598369507,-1,0
38,30605.04,0.5,21141.51,36,9.98,601,1,0,1868.441438395559,-1,0
37,49396.76,3.4,14201.55,36,9.799999999999999,610,4,0,3659.484945875561,-1,0
48,51041.85,6.1,30948.95,12,9.82,609,3,0,1535.1733547514727,-1,0
49,16664.99,6.0,8167.79,48,8.959999999999999,652,3,0,1185.6484648425433,-1,0
47,86296.36,10.8,5748.42,24,9.48,626,3,0,6927.480447057542,-1,0
35,40794.33,16.3,3415.37,36,7.1,745,6,2,3293.914563429731,-1,0
34,186933.05,4.2,4969.16,48,8.24,688,3,0,15455.88186243233,-1,0
33,37453.12,1.4,13381.22,48,8.86,657,1,0,2788.9899361630287,-1,0
26,31898.49,7.3,8333.31,24,6.74,763,3,1,2286.085182958872,-1,0
23,60359.57,6.9,8991.94,12,9.219999999999999,639,4,0,4242.6880762078445,-1,0
41,89342.72,1.7,9769.6,24,11.959999999999999,502,3,0,6985.520144667813,-1,0
37,15000.0,2.9,46195.56,60,6.32,784,2,0,350.0205505393602,-1,0
33,54288.65,21.5,3320.33,24,7.219999999999999,739,4,0,4375.063055186618,-1,0
49,44832.02,4.6,10591.82,48,10.86,557,4,0,3462.9701045233232,-1,0
32,43852.91,0.4,2179.78,48,12.12,494,4,1,3596.8786846457874,-1,1
25,73302.95,1.1,4793.78,48,7.58,721,1,0,5992.491774176121,-1,0
27,39127.52,2.5,6220.01,48,8.84,658,6,1,3106.3135783342645,-1,0
24,18526.73,1.6,4280.54,48,7.24,738,4,0,1440.9140059903496,-1,1
20,25975.59,11.0,5721.43,36,9.26,637,6,0,1981.9994303671583,-1,0
44,15000.0,3.9,100000.0,48,9.26,637,7,0,-1250.8682444886076,-1,0
28,23510.17,0.1,26696.61,60,9.12,644,2,0,1403.4470216002387,-1,1
28,15000.0,0.8,42711.73,48,7.42,729,1,1,218.87113511535085,-1,0
56,30209.68,9.1,42748.41,48,8.0,700,3,0,1473.859719780616,-1,0
60,78845.81,7.6,15546.57,36,5.02,849,4,1,6104.399902767269,-1,0
37,35862.61,8.0,4586.46,48,11.459999999999999,527,2,1,2868.9842031629814,-1,0
26,24724.08,2.4,29932.36,36,11.16,542,6,0,1078.123397420883,-1,0
42,46101.91,2.4,17789.18,36,9.0,650,5,0,3276.1346650937744,-1,1
46,26716.4,3.2,12300.11,24,9.76,612,3,0,1660.1405347879345,-1,0
41,15000.0,2.4,14807.7,48,10.48,576,4,1,871.0158423667517,-1,1
31,62844.96,8.7,16398.31,36,5.879999999999999,806,4,0,4739.102764290625,-1,1
59,89904.66,2.5,6602.96,48,10.94,553,6,1,7321.590379951875,-1,0
40,18511.21,1.9,32037.0,48,7.219999999999999,739,1,0,772.1607762259775,-1,1
47,35358.91,13.9,23514.39,24,9.2,640,4,0,1870.1679344544998,-1,0
39,15000.0,0.8,27894.15,60,10.02,599,3,0,657.0572092627319,-1,0
39,56005.33,2.0,7302.72,48,9.64,618,6,0,4483.154983824047,-1,0
37,15000.0,13.4,21231.7,48,9.18,641,2,1,719.8317048189939,-1,0
47,15000.0,2.7,12398.32,36,6.58,771,1,1,869.5522340608318,-1,0
51,60580.37,8.8,4682.51,24,8.32,684,1,0,4835.902870351622,-1,0
21,83574.17,1.3,11324.62,36,5.059999999999999,847,1,0,6624.79999164185,-1,0
18,22489.19,7.2,61975.17,24,6.82,759,2,0,-895.6345252502608,-1,1
37,33327.61,3.0,16909.08,48,10.62,569,3,0,2343.3906522820976,-1,1
22,49442.91,4.3,23066.92,12,10.44,578,2,1,2087.570307123983,-1,0
43,19730.93,2.0,3352.13,48,10.56,572,4,0,1558.3211441031683,-1,1
37,64542.37,1.8,16742.43,60,10.959999999999999,552,6,1,5014.84373188808,-1,0
24,93086.05,34.2,13024.55,12,7.719999999999999,714,4,0,6625.871181716955,-1,0
33,55200.22,8.3,15171.42,24,9.879999999999999,606,4,1,3900.7742592336335,-1,0
39,15073.47,1.4,12575.98,48,7.74,713,2,0,950.6385930573547,-1,1
37,37283.15,0.8,7914.24,36,7.959999999999999,702,4,0,2859.0716635246854,-1,0
33,42133.98,1.1,13115.95,24,8.12,694,2,0,2917.2480134928473,-1,0
22,15000.0,1.7,18951.1,36,8.26,687,4,0,653.8657255393107,-1,0
41,79150.03,0.9,3806.01,24,9.719999999999999,614,3,1,6420.699239892195,-1,0
25,24180.85,11.4,8162.22,36,9.959999999999999,602,2,0,1751.8522106859207,-1,0
38,47376.59,6.5,20128.25,48,8.299999999999999,685,3,1,3453.820360857033,-1,0
33,69437.08,4.2,21675.2,48,9.78,611,4,0,5238.971497336202,-1,0
25,162539.97,5.4,10673.05,60,8.24,688,2,0,13327.35854249009,-1,0
43,33775.42,1.1,4571.32,60,10.9,555,0,0,2715.454583709688,-1,0
20,31565.57,8.7,10477.05,24,9.28,636,3,1,2150.4757377049827,-1,0
41,77471.48,5.6,31900.54,36,5.579999999999998,821,6,0,5491.539596955413,-1,0
25,72714.61,1.2,3075.88,48,9.6,620,2,0,5982.128110327184,-1,0
34,33431.51,3.3,16933.13,60,7.140000000000001,743,0,0,2449.5432984623963,-1,1
19,15000.0,0.7,55858.25,36,6.859999999999999,757,3,2,-471.16734795859975,-1,1
25,18761.67,5.1,18730.47,12,11.1,545,2,0,-92.8313154909224,-1,1
41,35750.9,2.0,47779.16,48,9.84,608,2,0,1771.106737840327,-1,1
32,48016.66,8.0,17641.17,24,8.2,690,0,0,3201.915864449418,-1,0
26,15000.0,4.4,13753.81,36,13.26,437,6,0,784.8554904710275,-1,0
37,44022.3,20.6,7341.87,12,9.719999999999999,614,3,0,3024.0136922800366,-1,0
30,19818.15,4.0,3673.07,12,8.299999999999999,685,3,0,1331.4881948180935,-1,0
44,59976.58,17.6,58951.32,24,6.18,791,3,0,2380.505855676442,-1,0
44,60483.09,1.9,58875.0,24,5.0,850,1,0,2457.3294294067114,-1,0
38,15000.0,3.0,4898.34,48,6.66,767,2,0,1133.474283345006,-1,0
45,19117.38,5.5,6846.31,48,11.32,534,2,1,1415.1027293856675,-1,0
36,30504.07,12.0,37737.34,48,10.56,572,4,0,1574.7085279464884,-1,1
25,59806.13,3.9,12062.88,48,7.219999999999999,739,5,0,4693.75065116649,-1,0
46,144080.88,14.1,10283.61,48,6.879999999999999,756,1,1,11761.058283890467,-1,1
29,33907.77,7.6,11216.82,24,9.14,643,3,1,2312.4891611166618,-1,1
38,25815.2,11.7,10969.28,36,10.84,558,2,0,1792.9770852681118,-1,1
41,58735.11,7.2,3760.14,36,10.12,594,3,0,4773.051404719022,-1,0
43,60635.98,5.2,11129.55,60,11.299999999999999,535,4,0,4809.346500613981,-1,1
54,94157.68,2.1,28717.56,12,9.1,645,3,0,5333.748388764661,-1,0
45,42386.67,3.2,27551.29,36,10.9,555,4,0,2631.532779184592,-1,0
21,56409.6,11.3,11028.99,48,7.539999999999999,723,5,1,4433.925204510631,-1,0
27,56231.07,9.8,27634.47,36,9.76,612,5,0,3797.346453306888,-1,0
26,69340.74,0.7,20878.01,48,10.76,562,5,0,5241.222046226116,-1,0
51,57661.34,17.2,17813.27,12,8.58,671,2,0,3250.7821830418357,-1,0
47,124780.21,9.2,22786.29,24,10.879999999999999,556,2,0,9337.60015883347,-1,0
51,26119.01,5.0,6329.82,36,10.68,566,2,1,1970.3118860134143,-1,1
37,91829.1,34.4,9248.9,60,9.0,650,0,0,7460.433048346976,-1,0
28,19742.92,7.9,14225.51,36,10.84,558,4,1,1180.5955147818004,-1,1
38,101886.66,0.4,2815.01,48,9.219999999999999,639,5,0,8420.208921785137,-1,1
35,192196.09,5.7,18529.92,48,10.74,563,4,0,15539.761659070773,-1,0
60,50497.39,0.1,14250.31,24,9.959999999999999,602,3,0,3550.799385583322,-1,0
34,36021.56,2.9,7499.19,48,9.9,605,4,1,2811.9577763082702,-1,1
56,35942.53,6.4,22708.13,48,9.16,642,3,0,2428.3912650557118,-1,0
41,61269.08,0.8,18113.01,36,5.0,850,2,1,4562.893507700889,-1,0
44,15000.0,1.2,8259.57,24,10.72,564,2,0,866.1121330917907,-1,0
33,17310.78,0.9,10609.26,24,8.52,674,3,1,960.2168565621762,-1,0
46,46386.09,2.1,5551.73,24,9.52,624,1,0,3610.5515324287794,-1,0
38,18261.23,4.4,9578.01,36,9.6,620,0,0,1214.5093293788725,-1,1
32,163369.12,4.8,8241.96,48,7.18,741,2,0,13416.040319496247,-1,0
36,44795.21,2.0,53090.86,48,13.1,445,1,0,2306.002892608475,-1,1
39,25268.31,0.0,5126.99,24,7.5600000000000005,722,2,0,1874.8401347704462,-1,0
38,55485.71,2.4,39523.98,48,11.52,524,4,0,3592.281655896282,-1,1
39,46513.43,2.7,25576.12,48,7.879999999999999,706,2,2,3253.170991608845,-1,0
42,15000.0,3.9,12415.43,36,8.379999999999999,681,3,0,858.7654319790961,-1,0
40,19309.99,5.0,11263.62,36,6.859999999999999,757,3,0,1262.098480456839,-1,0
40,22684.72,0.5,14232.38,36,10.2,590,2,0,1429.8168996395978,-1,1
18,46751.54,5.5,3684.46,60,10.1,595,0,0,3817.496366647516,-1,1
22,32326.11,3.1,6964.25,60,9.52,624,4,0,2547.512210683902,-1,0
24,64737.56,0.2,8883.71,48,8.2,690,7,0,5177.084370847465,-1,0
44,39276.72,2.7,40921.75,24,11.92,504,5,0,1348.259596586839,-1,0
34,59010.01,2.5,26324.56,36,8.32,684,3,0,4088.6931855437306,-1,0
40,24337.77,1.8,29334.28,48,7.66,717,3,1,1316.6844250976583,-1,0
47,71241.41,12.4,14607.05,48,8.2,690,4,0,5578.810483301737,-1,0
51,55197.04,0.5,3199.92,48,5.0,850,4,0,4526.0614362507495,-1,0
46,75208.44,0.6,17842.81,48,10.62,569,0,0,5809.499026678991,-1,0
32,15000.0,1.5,31620.12,36,6.66,767,5,1,278.5704328495019,-1,0
52,103394.98,2.7,23263.28,48,11.54,523,1,0,8008.8779231464405,-1,0
33,133787.55,5.2,24932.76,60,9.959999999999999,602,4,0,10619.705617461856,-1,0
37,15000.0,32.2,16577.93,12,10.459999999999999,577,1,1,-211.01252540473251,-1,0
33,15000.0,5.2,4744.85,48,7.279999999999999,736,4,0,1135.7612611709394,-1,0
56,54554.81,1.8,14052.26,48,11.22,539,5,0,4181.543011874943,-1,0
30,49440.72,2.3,21238.66,60,8.7,665,3,0,3682.2662542621497,-1,0
29,25821.05,1.3,15472.95,12,7.24,738,3,1,811.2176145080257,-1,0
24,100158.05,1.1,10010.84,48,7.52,724,5,0,8104.359600199702,-1,0
24,15000.0,0.0,21074.02,36,10.799999999999999,560,3,0,562.0578851346401,-1,0
21,92976.84,2.3,100000.0,48,6.9399999999999995,753,0,0,5356.2282492689355,-1,0
34,40573.66,25.2,3930.36,36,7.640000000000001,718,2,0,3258.6268266938696,-1,1
35,80767.31,2.2,39242.23,36,8.42,679,4,2,5493.282774975337,-1,0
26,265066.51,5.8,9279.07,12,9.1,645,5,0,21276.9770978071,-1,0
44,15000.0,4.9,19720.58,24,6.1,795,4,2,375.0829884761174,-1,0
29,18758.57,0.9,10603.19,12,10.1,595,4,0,630.5320931679776,-1,0
24,106575.76,1.9,72176.68,36,12.66,467,4,0,6461.198927422129,-1,1
49,56086.67,21.3,17766.86,60,9.78,611,2,0,4298.316264870838,-1,0
25,40049.75,5.8,31215.45,60,6.76,762,2,1,2722.9043297100097,-1,0
18,130618.7,15.4,44658.7,24,5.460000000000001,827,4,1,8916.439353240723,-1,0
41,35397.88,8.0,1663.09,48,12.78,461,3,0,2905.3881743598868,-1,1
18,23612.68,15.9,38233.86,36,6.02,799,5,0,804.2287280212811,-1,0
33,18084.35,0.9,10311.92,36,7.799999999999999,710,3,1,1184.8416458924003,-1,0
35,51272.04,2.6,29321.31,12,7.52,724,2,0,1728.5581336490259,-1,0
50,21785.55,5.7,10727.34,36,10.1,595,8,1,1468.81755108426,-1,0
35,15000.0,1.4,61992.84,24,10.879999999999999,556,3,0,-1635.8996723100677,-1,0
55,50092.8,3.5,8025.15,48,6.119999999999999,794,3,1,3985.4872795483457,-1,0
34,34457.47,2.4,10041.01,24,8.14,693,0,0,2416.6867441272925,-1,1
33,38813.35,7.7,16002.35,36,5.18,841,3,2,2753.54673229794,-1,1
33,38601.39,3.3,30632.61,48,9.32,634,1,0,2449.8256715469406,-1,0
24,87868.31,2.5,11866.46,48,11.16,542,5,0,7014.741456572033,-1,0
33,90136.94,0.6,11563.64,48,6.959999999999999,752,1,1,7234.7204614424545,-1,0
18,21526.24,0.1,36103.3,48,7.359999999999999,732,4,0,923.2720622484363,-1,0
37,15000.0,2.0,18810.26,60,9.7,615,2,0,853.1085237186651,-1,1
18,15000.0,5.6,6345.37,24,11.86,507,1,0,951.7160868613782,-1,1
18,15000.0,0.1,17042.92,48,9.12,644,0,0,824.9144410843654,-1,0
40,85449.56,1.7,13718.53,12,10.48,576,2,0,5911.655203644001,-1,0
40,20201.74,7.3,8430.04,60,7.6,720,3,0,1514.156746217942,-1,0
29,40492.32,9.7,13224.54,48,9.98,601,6,2,3039.078506723424,-1,1
18,66160.16,3.5,6173.65,12,5.0,850,2,0,4984.836036723295,-1,0
34,105194.34,8.2,9704.87,24,10.799999999999999,560,1,1,8314.772604443926,-1,0
47,91257.58,0.2,21825.38,36,7.9399999999999995,703,3,0,6921.474196980479,-1,0
37,15000.0,4.7,16538.55,60,9.74,613,3,0,900.7167341523557,-1,0
37,144466.93,2.8,10692.41,36,7.34,733,5,0,11707.095544297907,-1,1
31,119683.86,7.6,3938.9,48,7.34,733,2,1,9878.7105601898,-1,0
41,27656.21,0.1,97164.76,36,10.16,592,5,0,-837.8533285279873,-1,1
48,22980.02,0.3,38601.81,24,7.9,705,3,0,170.90638725823646,-1,0
35,15000.0,11.7,14399.33,36,6.76,762,2,1,806.9688523260386,-1,0
42,51466.09,0.2,60980.45,48,7.82,709,2,0,2805.2768505453178,-1,0
24,29106.55,4.6,8827.75,36,7.199999999999999,740,0,2,2152.162578896227,-1,0
36,95024.98,0.3,19039.7,48,8.04,698,4,0,7453.576041792541,-1,0
52,15000.0,5.5,13224.24,36,8.4,680,2,0,833.1558067606635,-1,0
30,70174.94,12.5,8630.89,48,7.32,734,4,0,5639.950474323567,-1,0
27,32400.55,3.7,16605.44,36,10.459999999999999,577,6,1,2160.6416026267793,-1,0
41,66777.72,5.1,4332.68,24,9.02,649,3,0,5366.832870193415,-1,0
55,18248.31,0.4,75116.87,36,8.959999999999999,652,3,1,-866.6057157719615,-1,1
44,55109.77,4.0,30613.14,48,8.34,683,3,0,3840.2292394902006,-1,0
48,24654.45,13.5,100000.0,36,7.140000000000001,743,1,0,-1039.577233071373,-1,0
36,20567.79,1.0,5920.33,24,6.4399999999999995,778,1,0,1450.414510343156,-1,0
26,20431.3,2.2,31513.83,36,8.7,665,5,1,704.8712481479296,-1,0
37,41291.75,0.6,2030.99,36,12.32,484,9,1,3373.210401558105,-1,0
25,20695.27,10.4,14131.32,12,10.16,592,2,0,481.18647525615756,-1,0
39,54157.88,3.3,28267.16,60,8.58,671,2,0,3932.1220859342693,-1,0
25,15000.0,15.3,5552.42,36,9.1,645,3,0,1073.1759981860587,-1,0
49,111120.72,14.9,11444.72,36,7.92,704,2,3,8901.846295360303,-1,1
42,30884.43,4.6,24138.99,12,8.7,665,2,0,466.06888399718036,-1,1
18,18081.91,2.0,4217.21,48,11.48,526,4,1,1396.8441860092457,-1,0
36,15000.0,0.0,30089.09,48,12.52,474,4,0,449.9349124754625,-1,1
33,56921.68,4.8,36081.16,24,11.28,536,1,1,3057.114185237542,-1,1
29,42442.32,0.7,20580.7,24,8.18,691,4,1,2604.360200528249,-1,0
18,50327.3,2.8,42566.26,48,10.66,567,2,1,3100.8095000443755,-1,0
26,27984.9,0.3,8758.22,48,8.879999999999999,656,6,2,2114.625026592276,-1,0
39,79102.86,13.5,20185.89,48,8.719999999999999,664,4,1,6092.257767127541,-1,1
29,46970.28,4.4,4899.16,24,5.18,841,1,0,3698.8618924039733,-1,0
43,15000.0,2.2,8520.43,48,7.359999999999999,732,6,0,1044.5415854066002,-1,0
29,47587.08,1.5,2940.42,24,11.26,537,2,1,3828.1881682456956,-1,0
40,22625.74,9.9,15010.09,12,6.619999999999999,769,1,1,589.3320733007117,-1,0
36,45682.62,2.6,11697.8,48,10.72,564,4,0,3506.1374057628673,-1,1
27,62744.28,1.2,20280.87,60,11.0,550,0,0,4787.734744178724,-1,0
50,27988.67,1.4,4922.34,36,8.379999999999999,681,1,1,2177.276571810748,-1,0
35,23367.3,1.9,15282.66,24,6.0600000000000005,797,3,0,1269.5249290693955,-1,0
24,59851.07,5.9,13080.73,24,11.42,529,1,0,4375.370802190942,-1,0
26,15913.39,2.0,11803.83,60,6.219999999999999,789,0,0,1096.7052817378838,-1,0
38,89174.3,2.6,8425.75,36,11.9,505,4,0,7151.738455567363,-1,1
36,22305.63,4.2,4690.15,48,6.6,770,5,0,1747.359367830541,-1,0
29,48559.77,8.7,9004.61,48,11.78,511,2,0,3810.4930767078345,-1,0
41,77484.83,1.3,7665.24,60,10.16,592,4,0,6293.601355864912,-1,0
31,22877.21,5.0,5744.58,24,9.5,625,2,0,1642.674688532343,-1,0
50,16622.03,1.3,49610.45,24,10.98,551,4,0,-926.6060300600848,-1,1
45,32090.89,4.5,16580.31,36,11.36,532,3,0,2128.5917326138715,-1,0
34,21916.42,7.4,24218.85,12,5.0,850,1,0,-246.94642697929135,-1,1
39,15000.0,9.5,9643.73,12,6.199999999999999,790,2,1,419.1118116414417,-1,0
28,58157.16,3.1,29893.6,12,10.0,600,4,0,2218.3076335009764,-1,0
18,20400.14,1.3,3174.3,36,9.5,625,2,1,1598.3294743045021,-1,0
25,65508.93,1.7,28057.8,60,10.06,597,2,0,4862.103496200126,-1,1
34,15000.0,7.9,60068.48,12,10.7,565,2,0,-4050.5498591964188,-1,1
51,57940.28,1.5,29276.42,24,9.92,604,2,1,3478.4791666836923,-1,0
30,84714.85,2.2,30425.94,36,8.86,657,7,0,6094.015343563674,-1,0
22,20717.78,5.1,19459.91,36,8.26,687,4,0,1114.342037361755,-1,0
28,55002.72,6.4,14166.59,48,9.34,633,2,0,4228.732264768892,-1,0
36,74014.92,6.5,9644.01,60,12.5,475,1,0,5950.939658774709,-1,1
26,44172.97,23.9,13893.33,48,8.9,655,2,0,3336.0040537980685,-1,1
54,17862.81,4.1,11459.09,36,9.92,604,3,0,1119.2451466169055,-1,0
42,15000.0,3.2,22006.51,24,12.459999999999999,477,2,1,209.3434709723433,-1,1
46,107459.9,0.1,18266.29,36,10.72,564,5,0,8359.395924913439,-1,0
39,24009.32,0.2,5543.66,24,9.08,646,4,0,1747.3124571729402,-1,0
47,39130.94,8.6,5566.12,36,7.5,725,4,0,3087.770723638276,-1,0
43,59589.88,1.2,34212.58,24,7.879999999999999,706,4,0,3420.3527824326757,-1,0
39,103336.89,3.5,34561.49,24,9.299999999999999,635,0,1,7027.713252925517,-1,0
29,15000.0,2.3,10448.8,36,8.98,651,4,1,917.8282049464641,-1,1
51,28756.93,11.9,8984.67,36,10.64,568,1,0,2103.79362964121,-1,1
34,29024.09,6.2,14009.31,12,5.0,850,3,0,1219.3724159726717,-1,0
37,44964.15,0.4,24620.49,12,11.02,549,2,0,1570.7830684242176,-1,1
30,74933.73,2.4,26895.31,24,6.32,784,5,0,5048.579114401676,-1,0
30,37723.37,7.8,9143.15,48,8.98,651,5,0,2916.173311184391,-1,0
33,20007.96,1.8,23835.96,12,8.719999999999999,664,5,2,-414.06621385195876,-1,1
28,29807.42,5.4,7242.93,48,9.44,628,5,1,2302.194004045805,-1,0
49,47503.49,3.4,34887.61,48,9.56,622,4,0,3081.1380148379108,-1,0
43,58086.87,0.5,18523.43,24,9.4,630,2,0,3990.9307693594055,-1,1
19,62401.16,10.9,18779.25,48,9.98,601,2,2,4723.986723892542,-1,0
28,64361.71,22.7,12206.63,48,6.4,780,4,1,5074.558833241646,-1,0
39,15000.0,7.6,7165.71,24,7.98,701,2,0,925.9797045053692,-1,0
34,41014.32,3.7,14224.69,48,8.74,663,8,0,3065.631515354662,-1,0
42,24701.67,0.1,13196.61,36,5.0,850,2,0,1662.9582595595994,-1,0
29,50794.73,4.9,13358.63,60,5.0,850,2,0,3980.8003387727726,-1,0
23,15000.0,1.0,7655.12,48,8.459999999999999,677,2,2,1061.4588124159504,-1,0
41,19532.71,2.5,10938.15,48,9.58,621,3,1,1352.5071325239385,-1,1
42,30767.91,2.2,12686.47,36,11.28,536,3,0,2146.969529933205,-1,1
21,29589.76,1.2,17258.4,48,10.32,584,3,1,2025.4387174223712,-1,1
26,33996.37,1.8,11605.34,36,6.34,783,2,1,2478.183288569383,-1,0
34,15000.0,2.3,1534.92,12,9.94,603,7,1,1115.098975280261,-1,0
34,27452.5,4.1,31261.98,48,7.0,750,3,0,1539.1013116209392,-1,0
38,62410.16,1.6,4979.39,48,8.76,662,4,0,5077.501010198995,-1,0
36,27809.53,3.5,6070.94,24,10.459999999999999,577,3,0,2036.0270663299214,-1,1
29,61723.12,7.6,26903.71,36,9.879999999999999,606,4,0,4277.001233559375,-1,0
27,15000.0,1.1,4514.93,36,10.68,566,4,1,1102.8702383180266,-1,0
47,20407.45,6.8,10521.79,24,8.12,694,6,0,1224.1727064754925,-1,0
52,44631.88,2.7,6500.95,36,7.799999999999999,710,2,0,3516.2064585731077,-1,0
45,15000.0,5.2,32848.66,24,7.18,741,5,1,-223.40118657558946,-1,1
18,45576.75,5.8,2406.31,48,13.06,447,4,1,3733.4355465712733,-1,0
19,23413.41,1.4,27397.24,48,5.0,850,2,0,1320.1784170145384,-1,0
28,53977.59,6.1,54057.34,48,12.82,459,7,0,3052.7341765257033,-1,1
35,15000.0,3.4,8089.82,24,9.7,615,4,0,877.8150129862015,-1,1
42,41716.63,2.0,35814.52,36,10.92,554,6,1,2305.220764569087,-1,0
22,59102.12,2.7,39284.45,48,9.4,630,3,0,3940.102995043205,-1,0
18,15000.0,4.7,19881.77,36,6.02,799,7,0,644.9778510708832,-1,0
51,62463.73,7.2,11566.85,12,10.66,567,7,1,4184.846963409707,-1,0
36,37937.76,1.6,2969.04,24,7.640000000000001,718,4,0,3027.685321315654,-1,1
19,49070.31,2.2,9651.64,24,11.2,540,1,0,3638.4536982467457,-1,1
29,50029.6,4.3,18468.07,36,5.0,850,6,0,3615.6287076415724,-1,0
30,78949.22,5.0,10187.29,48,9.36,632,3,2,6323.845527743999,-1,0
37,30555.01,4.1,4995.08,36,12.36,482,3,0,2379.4825189218827,-1,1
27,15000.0,18.2,28809.9,48,9.26,637,2,0,529.5023596310765,-1,1
31,25659.16,1.1,6087.62,48,7.52,724,4,0,1991.0145404532525,-1,0
37,16532.51,4.9,19359.01,24,8.28,686,0,1,499.67929600925754,-1,1
34,15000.0,17.4,18528.83,48,9.5,625,0,0,784.4976715574618,-1,0
51,32953.16,11.4,10056.5,36,8.26,687,6,0,2429.754906498976,-1,1
48,26043.68,8.6,12645.56,48,5.66,817,2,0,1875.2925392821026,-1,0
27,28854.58,0.3,4773.09,48,7.9399999999999995,703,3,0,2288.1576410299904,-1,0
26,17007.91,9.9,6345.6,24,6.68,766,2,0,1134.1366153190431,-1,0
36,15000.0,2.0,15333.94,36,8.84,658,3,0,763.5258629189748,-1,0
30,15000.0,2.6,22861.41,24,8.12,694,11,0,214.7886935750373,-1,0
30,50333.45,4.8,10799.24,48,11.1,545,3,0,3914.817431228064,-1,0
18,67499.07,6.6,33589.84,36,11.7,515,4,1,4514.065975460306,-1,1
31,40662.41,3.5,17026.83,48,9.219999999999999,639,2,0,2963.039864717057,-1,0
33,68337.73,1.8,6510.03,36,8.76,662,4,0,5488.520017522276,-1,0
39,54840.4,3.3,4726.38,24,8.86,657,3,0,4354.413351477065,-1,0
37,15000.0,1.9,7604.9,48,6.539999999999999,773,6,0,1069.5098210104888,-1,0
18,142098.28,5.4,32546.06,60,10.22,589,4,0,11146.487397723004,-1,0
25,15000.0,5.8,17450.63,36,6.4399999999999995,778,2,0,715.6320312355665,-1,0
34,23662.83,4.7,9422.91,12,9.32,634,3,0,1146.4561499420238,-1,0
45,15000.0,0.5,17223.34,24,9.0,650,2,0,463.1561509134326,-1,0
30,41370.09,5.5,22957.0,24,7.16,742,5,0,2417.997417974565,-1,1
29,20338.2,0.5,16628.36,36,7.039999999999999,748,4,1,1181.1103530082844,-1,1
32,129748.6,1.4,24181.08,60,6.9399999999999995,753,3,0,10334.253191865417,-1,0
26,40251.18,8.2,8933.73,12,6.719999999999999,764,2,1,2582.4110998111987,-1,0
45,31605.31,7.1,8535.01,48,8.54,673,4,0,2423.2410983233635,-1,0
38,72923.66,2.0,24165.06,36,9.16,642,1,0,5306.728478343249,-1,0
26,23470.09,1.3,22500.25,36,13.2,440,5,1,1195.549169501728,-1,0
29,145973.54,2.8,32951.47,48,9.14,643,3,0,11342.270681100163,-1,0
35,174805.44,10.3,17596.37,12,7.92,704,3,1,13037.090215817534,-1,0
32,32341.12,5.3,11484.97,24,7.48,726,4,1,2178.3788026238344,-1,0
22,23066.82,16.3,11951.37,36,10.16,592,3,0,1535.6995076677538,-1,0
25,48990.11,6.1,9191.99,24,7.459999999999999,727,5,0,3669.040529385152,-1,0
45,113175.01,8.5,21581.46,48,7.48,726,4,0,8909.636236852724,-1,0
27,104971.4,1.1,14868.41,36,10.34,583,2,1,8265.477981359825,-1,1
33,29206.72,1.2,2390.26,36,8.36,682,2,0,2358.5936751280265,-1,0
35,60300.74,2.2,28463.48,36,7.699999999999999,715,4,0,4137.053633265521,-1,0
22,33534.25,4.3,25142.35,36,7.640000000000001,718,0,0,2010.81980366767,-1,1
43,20843.67,2.6,17291.45,48,6.699999999999999,765,4,0,1325.3096654599344,-1,0
39,84395.82,3.7,6416.6,48,9.76,612,2,0,6870.982017379622,-1,0
33,40635.34,23.2,27530.29,48,5.0,850,2,1,2752.275202838297,-1,0
25,31058.29,9.9,7584.26,24,8.94,653,3,0,2241.914620390559,-1,0
55,26876.46,2.1,30606.95,48,10.42,579,4,0,1457.2456146177715,-1,1
19,15000.0,9.7,19724.59,24,8.2,690,4,1,356.10993119940497,-1,1
33,63161.43,7.0,5722.37,24,11.54,523,3,0,4995.3082912329855,-1,0
47,53321.26,15.3,8490.13,48,11.54,523,3,1,4221.773385800568,-1,0
43,30149.4,3.5,6966.41,24,9.24,638,3,1,2193.4236902610155,-1,0
34,91074.33,5.9,12606.28,48,10.1,595,0,0,7269.1939223696,-1,0
37,15000.0,2.7,7531.49,24,10.68,566,4,1,900.0914185092197,-1,1
37,63012.82,12.6,24555.69,36,8.2,690,2,0,4479.314639988377,-1,0
57,20692.54,15.3,26847.41,48,9.62,619,2,0,1048.347645124939,-1,0
23,31002.18,11.6,10832.73,48,7.74,713,2,1,2320.3764864801947,-1,0
43,73184.97,3.5,20328.61,48,7.9,705,2,0,5603.420399079599,-1,0
29,19617.9,1.0,11827.24,48,10.12,594,3,0,1334.173583661679,-1,0
28,45653.59,7.6,30805.04,12,8.6,670,3,0,1116.2303153273424,-1,0
32,121277.84,0.7,11236.74,12,11.32,534,1,0,9111.686922878895,-1,0
27,19515.93,4.2,33551.07,24,9.26,637,4,0,89.5500148713927,-1,1
28,33715.32,5.7,8935.03,36,8.16,692,3,1,2528.958660937504,-1,0
26,41462.05,5.0,22865.14,24,9.959999999999999,602,4,0,2400.4827176287145,-1,0
18,77280.33,0.3,70575.35,60,10.06,597,5,0,4938.425476353189,-1,1
32,45395.98,16.5,20075.49,48,10.7,565,3,1,3267.0567249850606,-1,0
18,15000.0,4.5,14322.15,60,11.959999999999999,502,5,0,931.7011060400268,-1,1
51,27189.68,5.1,18641.48,12,10.66,567,3,0,621.1966974958129,-1,1
60,29030.94,5.2,42686.37,24,7.34,733,2,0,501.4798450102296,-1,1
35,53773.33,4.3,11413.91,24,10.72,564,1,0,3950.6157151876814,-1,0
50,21936.17,6.6,7781.92,48,6.82,759,3,1,1642.3155932925397,-1,0
42,23906.48,1.7,49971.11,48,11.12,544,2,0,697.763182514348,-1,0
28,15000.0,4.4,17545.09,48,7.42,729,4,1,826.4337165458059,-1,1
36,41550.23,0.1,4645.03,60,10.86,557,2,0,3361.848969020293,-1,0
37,41622.13,21.6,7768.27,24,10.379999999999999,581,0,0,3108.6805910556277,-1,0
39,50914.29,8.0,5354.42,48,7.879999999999999,706,3,0,4112.441855739138,-1,0
44,19330.35,2.4,8827.08,48,7.24,738,4,0,1398.502817178976,-1,1
39,27361.07,0.3,2875.85,48,6.4,780,4,0,2212.0210795112703,-1,0
27,32580.09,1.0,24556.96,48,9.36,632,2,1,2099.700112728373,-1,0
40,35428.72,1.0,14646.39,12,8.36,682,4,0,1675.8876648914984,-1,0
41,66567.53,4.1,24521.93,48,8.08,696,3,0,4947.720914902078,-1,0
28,40638.85,2.2,6861.93,36,6.92,754,3,0,3174.945256378593,-1,1
35,20348.58,3.7,8808.94,24,5.719999999999999,814,5,0,1306.407849509028,-1,0
37,61371.93,1.4,28034.28,60,11.379999999999999,531,6,0,4499.468123709726,-1,0
33,30105.73,6.1,7155.82,60,11.94,503,4,2,2349.850448900748,-1,0
52,222145.98,0.2,20893.35,36,10.22,589,1,0,17835.835256468068,-1,0
26,44607.21,1.1,30503.69,48,6.76,762,1,1,2990.2103996358846,-1,0
25,32195.37,0.8,8015.19,48,10.16,592,3,2,2479.0451415869197,-1,0
31,44373.37,1.1,26843.57,48,13.06,447,2,0,2976.8354238678994,-1,1
40,39309.13,16.2,26449.61,12,6.76,762,5,0,990.0874882235712,-1,0
56,40614.68,8.6,7793.79,60,5.0,850,3,0,3237.4782346043103,-1,0
32,108430.85,5.3,13163.89,60,5.460000000000001,827,1,1,8784.701538643987,-1,0
32,15000.0,1.4,27934.85,48,9.92,604,3,0,542.5727972052275,-1,1
42,15000.0,18.7,13232.0,36,7.140000000000001,743,3,0,840.586738519996,-1,1
23,15677.83,6.3,12375.96,48,6.139999999999999,793,6,0,1015.0410131805528,-1,0
26,36947.5,3.4,13850.88,12,7.98,701,3,0,1874.2201203260454,-1,0
40,35115.92,5.4,36252.25,36,9.62,619,4,1,1763.0255436122466,-1,0
26,16842.31,2.3,9880.01,24,7.5,725,4,0,958.9294079393624,-1,0
18,43209.42,0.3,9183.72,60,8.719999999999999,664,3,0,3411.391656082248,-1,0
26,36834.51,2.5,9299.73,48,10.2,590,4,1,2832.783090170524,-1,0
29,29765.41,3.0,38431.98,12,8.78,661,5,1,-876.5629919082435,-1,1
43,17440.63,30.1,12179.91,48,10.22,589,4,0,1143.183406594207,-1,1
39,19009.64,0.8,33046.0,48,9.299999999999999,635,3,0,757.0700864112575,-1,1
31,15000.0,0.2,14794.86,36,10.02,599,3,1,772.4725487728997,-1,0
25,15000.0,2.7,38084.09,48,6.52,774,3,0,346.48625652293015,-1,0
35,15000.0,0.6,7314.86,12,5.98,801,4,1,620.5033569335574,-1,0
27,39903.06,8.9,7297.15,24,12.06,497,3,0,2981.548313329933,-1,1
43,84203.51,5.5,22465.53,36,9.1,645,3,0,6301.515284995044,-1,0
42,104338.47,6.1,11072.18,48,13.54,423,5,1,8394.85753886876,-1,0
42,99236.64,1.0,58868.0,36,7.98,701,6,0,6425.553929142991,-1,0
18,62002.58,0.1,44759.58,48,9.26,637,4,0,4047.503544080193,-1,0
42,15000.0,0.4,5290.83,36,7.640000000000001,718,1,1,1085.0818869840734,-1,1
22,59219.3,3.4,30223.19,48,11.299999999999999,535,6,0,4149.397032823493,-1,1
46,15000.0,6.6,40015.3,48,8.16,692,2,0,270.10147790590236,-1,0
36,71878.68,1.6,7739.75,24,10.54,573,2,0,5630.807701894232,-1,1
53,69039.94,5.6,13005.37,24,7.74,713,1,0,5166.671665306541,-1,0
38,36482.34,14.1,25573.19,12,11.48,526,5,1,774.2643038972847,-1,1
32,74575.8,2.8,2303.65,24,8.68,666,3,0,6109.746247193683,-1,0
39,59382.34,1.3,28012.85,12,10.72,564,2,0,2476.363352589213,-1,1
32,80598.67,4.0,18484.89,36,10.7,565,6,0,6114.006998652295,-1,0
38,70089.19,5.5,22999.08,12,9.12,644,4,0,3828.1822553967313,-1,1
34,40837.46,2.8,20874.87,36,5.0,850,4,0,2777.4830858233963,-1,0
36,30830.64,1.3,3404.33,36,5.940000000000001,803,5,0,2465.7462108487666,-1,0
24,27350.56,8.6,27588.71,60,10.299999999999999,585,1,0,1688.9540479369214,-1,0
51,96754.53,0.6,40078.81,48,8.54,673,4,0,7074.245776912981,-1,0
68,15000.0,0.0,22800.81,36,9.2,640,1,0,522.8161162378433,-1,1
33,20780.29,0.3,7673.34,24,9.42,629,3,0,1379.6557426884895,-1,0
37,15000.0,3.8,11562.38,12,9.14,643,3,0,238.10198545049423,-1,1
40,20984.9,3.5,9355.01,48,12.02,499,6,0,1502.2964983241022,-1,1
34,15000.0,1.1,21035.96,36,10.98,551,1,1,561.5088764252499,-1,1
22,20602.5,6.7,3103.9,48,12.34,483,0,0,1634.618293656717,-1,0
20,46849.16,3.3,18509.01,60,10.32,584,5,1,3507.914268706498,-1,1
35,31202.25,0.8,4067.74,12,8.7,665,1,1,2245.023279576556,-1,0
46,32721.32,4.9,36154.64,48,6.0600000000000005,797,4,0,1876.6889720901881,-1,0
22,48101.9,5.4,15734.23,36,6.02,799,3,0,3529.6833087415434,-1,1
21,93498.04,3.7,7129.33,12,10.78,561,3,0,7162.132695683486,-1,1
35,17475.45,0.4,28844.26,24,11.9,505,1,0,99.83464358580295,-1,1
49,27341.14,3.2,4919.93,24,10.379999999999999,581,2,0,2050.534657664317,-1,0
31,89044.25,2.5,9832.3,24,7.9399999999999995,703,5,0,6975.934880778752,-1,0
18,15000.0,0.7,13129.34,36,7.699999999999999,715,4,0,840.3888283071856,-1,0
49,61309.13,3.4,97505.57,60,10.82,559,7,0,2997.8291489241747,-1,0
21,36752.01,19.0,13300.64,24,9.36,632,2,0,2452.831906391318,-1,0
39,78476.92,3.4,9747.83,48,7.02,749,3,0,6306.228950501909,-1,0
46,56969.13,2.2,8371.13,36,5.0,850,1,0,4496.537224120221,-1,0
28,47452.85,2.2,14136.98,48,9.04,648,3,0,3602.33625013671,-1,0
48,28296.72,2.8,23133.84,24,7.4,730,6,0,1318.0982312274239,-1,0
39,89477.93,0.1,40506.42,48,8.58,671,4,0,6456.549020232471,-1,0
33,44187.8,9.8,4928.46,48,10.42,579,2,2,3556.3217608534155,-1,0
27,95233.28,1.1,8882.75,48,9.82,609,3,1,7711.584261486895,-1,0
43,33951.86,3.9,5218.6,60,10.66,567,2,1,2716.7395223587355,-1,1
19,15000.0,0.6,43536.49,24,9.9,605,3,0,-756.9792960576606,-1,0
35,15000.0,6.6,20304.26,48,8.58,671,6,1,748.7672018673096,-1,0
47,71165.64,12.3,14889.82,36,8.06,697,2,0,5463.464910926074,-1,0
36,54633.55,2.4,12020.58,48,9.66,617,4,1,4249.881873811878,-1,0
27,77663.67,3.0,18545.83,36,7.779999999999999,711,2,0,5892.693976015322,-1,0
42,29985.69,17.5,57440.87,36,10.42,579,2,0,634.004929473982,-1,0
55,15043.45,0.7,45402.06,48,9.799999999999999,610,4,0,106.46320921623055,-1,0
36,44252.38,5.0,11909.27,12,8.32,684,2,0,2649.9667524989773,-1,0
58,20250.54,2.0,23387.63,48,11.56,522,1,1,1076.699456686116,-1,1
26,39363.99,5.3,12582.73,36,8.78,661,2,0,2881.4921609848334,-1,0
19,15000.0,0.6,43536.49,24,9.9,605,3,0,-756.9792960576606,-1,0
40,29123.63,1.2,18666.49,48,8.719999999999999,664,0,0,1964.930580508642,-1,1
36,52987.25,1.3,7167.88,48,8.66,667,3,1,4238.386130732279,-1,0
36,19944.91,0.9,3614.97,36,8.86,657,3,0,1547.35615240145,-1,0
33,28087.62,9.4,10463.49,36,9.84,608,2,1,2003.7930713317846,-1,0
31,15000.0,3.4,17318.5,48,7.9399999999999995,703,1,0,827.6923953549059,-1,0
55,37958.0,2.1,10441.2,48,10.1,595,3,0,2897.8491462915413,-1,0
31,53128.41,24.5,19356.06,36,9.219999999999999,639,3,0,3809.866169665962,-1,0
34,15000.0,3.6,25680.21,24,7.02,749,3,0,99.99791423974807,-1,1
22,26568.51,3.2,26359.72,48,8.2,690,6,0,1568.0471716573013,-1,0
34,61652.03,2.0,10549.95,36,7.74,713,4,1,4808.336009986096,-1,0
42,86336.32,9.2,11085.68,24,9.86,607,4,1,6683.861471602834,-1,1
31,386326.35,3.6,8440.38,36,13.24,438,3,0,31908.496061498456,-1,0
25,29012.37,6.9,2700.92,36,7.779999999999999,711,2,0,2333.334333131723,-1,0
27,25350.61,7.6,8869.55,48,8.34,683,1,0,1894.6008574676966,-1,0
36,28151.36,3.2,3845.8,36,8.6,670,2,1,2224.365950606185,-1,0
25,38967.1,7.3,36390.4,60,9.12,644,2,0,2489.7323514767604,-1,0
53,31145.07,0.9,14889.62,48,9.219999999999999,639,0,0,2223.336300267287,-1,0
29,102347.4,4.8,7376.42,36,6.98,751,1,0,8301.255011380166,-1,0
18,15000.0,16.0,18948.12,48,10.299999999999999,585,3,1,766.6922080302791,-1,0
43,23064.15,3.4,22218.52,36,8.2,690,2,0,1223.7130479927962,-1,0
32,68984.66,9.1,39217.04,48,9.5,625,3,1,4763.466610917105,-1,0
18,19685.87,4.0,4444.02,48,6.139999999999999,793,3,0,1535.8357410208694,-1,0
47,15000.0,0.5,10813.42,36,9.78,611,2,0,902.1971904714997,-1,0
54,170735.37,2.0,13715.14,60,8.92,654,3,0,13943.775967777514,-1,0
21,22157.63,0.6,20843.82,48,9.16,642,3,0,1326.1847991887437,-1,0
34,66310.63,2.8,5695.34,36,9.379999999999999,631,2,0,5343.7666038099915,-1,0
41,15000.0,7.2,18856.62,60,11.58,521,7,2,834.5360384424885,-1,0
46,58786.98,15.3,15112.6,48,9.98,601,4,2,4515.7655599974305,-1,1
45,22259.61,2.8,33774.58,48,8.32,684,7,0,1025.348656970011,-1,0
29,32013.25,3.8,29850.73,48,11.14,543,3,2,1894.2320462060998,-1,0
42,93163.61,2.4,22181.46,12,9.84,608,2,0,5815.181668610593,-1,0
32,15000.0,1.5,15872.17,48,10.48,576,2,0,843.7720930825371,-1,0
37,15000.0,15.3,16061.61,36,7.48,726,1,1,750.5315741480265,-1,0
40,49423.12,4.3,4182.77,48,7.18,741,4,0,4018.0820223481614,-1,0
38,25337.82,0.4,73494.64,12,7.5,725,4,0,-4264.720121322844,-1,0
27,26325.05,5.0,7672.76,36,10.62,569,5,0,1943.9363406740674,-1,0
31,26489.55,1.8,45753.42,24,6.539999999999999,773,6,0,168.49188303586266,-1,0
18,62638.92,8.8,12683.99,24,8.08,696,4,0,4645.78458068404,-1,0
29,60023.56,2.9,10553.98,36,11.18,541,4,0,4655.539236862095,-1,0
59,38655.28,3.1,19590.57,60,10.92,554,4,0,2796.108054643247,-1,1
36,29733.2,6.1,16883.39,24,11.14,543,6,0,1689.7705145566906,-1,0
21,53449.21,7.7,31418.58,12,13.959999999999999,402,3,1,1633.7083828086252,-1,1
53,22908.07,10.7,15738.9,36,9.26,637,3,0,1406.6063248810176,-1,0
39,51573.49,3.7,43351.33,60,8.06,697,2,0,3417.5368097763912,-1,1
64,23476.94,0.9,24710.64,36,8.74,663,2,0,1173.6066746289487,-1,0
47,38411.49,13.0,58687.22,48,9.68,616,5,0,1721.5006986441922,-1,0
48,51780.13,5.7,24494.43,48,8.78,661,2,1,3708.021465083842,-1,0
37,173369.62,1.7,9545.02,24,9.219999999999999,639,0,0,14010.44244869224,-1,0
34,15000.0,0.5,7370.03,48,7.24,738,5,1,1072.6936616433259,-1,0
45,20540.42,3.1,19949.49,36,7.279999999999999,736,3,0,1093.1621770955749,-1,1
45,44807.13,6.3,7778.84,48,9.48,626,5,0,3538.572925580529,-1,0
64,36187.59,1.3,24605.84,12,7.0,750,7,0,886.5692297885962,-1,1
35,30349.98,0.4,6195.71,48,7.98,701,4,0,2377.9677717828886,-1,0
29,83482.38,1.4,7627.47,48,8.98,651,4,0,6767.127513251408,-1,0
36,43863.98,0.1,5084.93,24,6.199999999999999,790,1,0,3429.5059372159935,-1,0
41,34381.75,2.4,34869.94,36,9.14,643,2,1,1754.0176185829087,-1,0
32,15000.0,8.5,7452.11,48,7.119999999999999,744,5,0,1071.1347690638568,-1,0
26,35024.42,10.4,1284.79,12,9.36,632,8,1,2806.1302842296345,-1,0
32,29357.27,3.5,2888.04,24,5.640000000000001,818,6,0,2318.9074385760796,-1,0
46,16407.46,2.4,36956.81,36,9.799999999999999,610,1,0,178.26321621231978,-1,0
32,28801.57,1.2,39103.96,48,11.98,501,4,0,1370.7575380588737,-1,1
26,82383.02,4.1,21779.08,48,9.5,625,1,0,6318.09286325942,-1,0
36,33471.79,3.1,16897.91,36,8.379999999999999,681,2,0,2256.8295224036187,-1,0
41,27216.08,28.4,2334.72,60,12.16,492,3,0,2215.883142879024,-1,1
43,77694.22,5.8,13521.78,48,11.68,516,4,0,6120.558803327208,-1,0
31,20741.2,11.8,9019.97,36,9.2,640,2,0,1440.7603596092358,-1,0
50,24172.96,2.8,5845.5,24,13.379999999999999,431,2,0,1735.4631113928403,-1,0
29,31907.21,0.2,18557.26,48,5.0,850,2,0,2231.5735782598495,-1,1
48,105779.9,5.4,28186.81,12,6.58,771,2,0,6381.53284655327,-1,0
34,38974.5,6.6,30165.66,12,8.62,669,5,0,615.1562238853203,-1,0
36,65903.02,0.1,15617.64,48,11.34,533,1,0,5085.688722043313,-1,1
39,48418.86,26.1,11032.88,24,12.48,476,4,0,3513.072484250307,-1,0
24,40444.99,7.6,8465.84,24,8.6,670,4,0,2985.2079761624877,-1,0
45,31505.65,4.8,5647.16,48,9.219999999999999,639,2,1,2484.350354524432,-1,0
30,35358.05,8.1,24371.24,48,9.86,607,3,0,2330.0238492708577,-1,0
58,59896.4,1.7,21793.21,60,7.5,725,3,0,4554.675444953038,-1,0
48,20484.91,6.8,6147.8,60,9.08,646,2,0,1579.2187870017444,-1,0
54,84558.43,1.8,9179.27,12,6.08,796,4,0,6256.171269680165,-1,0
29,69986.5,1.7,16600.89,48,8.36,682,5,0,5424.120944542949,-1,0
29,266440.63,0.4,72117.04,48,9.98,601,3,0,20375.003987016822,-1,0
46,79110.8,1.1,13703.36,48,6.84,758,2,0,6265.438924519211,-1,0
29,15000.0,20.8,10810.0,60,8.94,653,4,0,1025.916835117689,-1,1
18,37141.15,2.2,5452.36,36,9.459999999999999,627,4,0,2920.5425910055937,-1,0
29,24211.18,0.0,4345.64,36,8.62,669,3,0,1880.1754164616627,-1,0
39,43349.44,0.8,15643.77,48,12.54,473,4,1,3196.332968171139,-1,0
36,46188.6,0.1,13185.22,36,9.94,603,3,0,3423.971364456937,-1,0
18,23535.46,0.6,4530.14,36,6.08,796,3,0,1823.3084288502691,-1,0
18,43214.17,4.5,7507.93,60,14.26,387,3,1,3425.4707644357645,-1,0
27,22843.76,1.2,9842.59,24,7.32,734,5,0,1461.5392878028904,-1,0
35,110619.39,1.0,28412.27,60,9.299999999999999,635,2,0,8624.345096832469,-1,0
22,33643.15,2.4,3892.75,60,10.62,569,1,0,2719.6938588663656,-1,0
36,16467.26,0.1,16310.32,36,8.74,663,1,0,855.5792654284699,-1,0
35,40716.94,35.3,11440.57,60,13.26,437,0,0,3131.2449757088057,-1,0
49,32872.77,2.2,16774.43,12,6.24,788,4,0,1293.8311210570284,-1,1
26,51121.69,3.0,6422.0,60,8.76,662,4,0,4127.577462839062,-1,0
36,48230.55,5.8,9967.36,12,10.84,558,6,0,3139.024404429398,-1,1
29,105766.88,0.7,21286.32,36,7.34,733,2,0,8153.332818179697,-1,0
25,15000.0,4.4,20727.52,60,12.44,478,1,1,784.3058450886018,-1,0
45,37745.42,0.3,22213.64,36,11.32,534,2,0,2414.8347094508354,-1,1
46,15000.0,0.1,24670.87,24,6.4399999999999995,778,4,0,151.67412813384703,-1,1
39,89088.44,1.0,18875.63,36,9.299999999999999,635,1,0,6821.157720076431,-1,0
46,141382.22,33.7,21084.92,48,5.32,834,5,1,11293.218520769784,-1,0
43,80304.58,5.9,15618.05,48,8.6,670,3,0,6306.352114112178,-1,1
46,29932.72,0.1,1932.58,60,5.0,850,1,1,2457.923164617591,-1,0
31,30522.65,0.1,9102.39,24,7.02,749,3,0,2135.9341555607116,-1,0
29,44894.94,8.8,18418.8,48,8.74,663,4,0,3285.162933326804,-1,0
45,37123.01,2.1,16187.54,24,8.719999999999999,664,7,0,2356.1384381471066,-1,0
46,83929.65,8.7,6557.52,36,10.9,555,0,0,6779.76311469748,-1,0
18,96156.25,3.3,6216.54,60,8.66,667,5,0,7884.999076692092,-1,0
41,15000.0,1.9,12535.05,60,7.34,733,2,0,999.7752831068926,-1,0
33,96220.15,2.4,37982.07,24,8.34,683,4,0,6294.623867838938,-1,0
27,20798.64,4.9,22811.3,24,6.539999999999999,773,3,0,716.6496444997113,-1,0
41,84167.2,6.2,14491.71,48,13.02,449,4,0,6625.013175366845,-1,0
37,40188.49,2.4,8115.99,24,10.459999999999999,577,7,0,2972.8036050520423,-1,1
39,31815.64,1.6,18977.1,36,9.36,632,3,0,2044.652015367661,-1,0
38,60349.81,17.3,12152.57,48,9.58,621,0,0,4723.375676940778,-1,0
26,25203.01,1.6,6973.3,48,10.16,592,1,1,1922.8536267890179,-1,0
35,72890.39,2.3,18051.14,36,13.24,438,1,0,5463.896131413187,-1,0
40,15000.0,1.7,31822.85,36,5.0,850,1,0,296.2406370727938,-1,1
39,18872.14,30.5,3068.63,48,11.84,508,2,0,1492.110393007389,-1,0
21,52285.5,0.6,85732.13,24,6.92,754,3,2,521.784949261812,-1,1
37,36842.71,11.9,66678.09,48,9.18,641,2,1,1405.2338966902155,-1,1
36,18353.6,20.3,63126.07,36,7.140000000000001,743,3,2,-423.72636561228137,-1,1
34,48099.49,0.8,4678.36,24,6.459999999999999,777,1,1,3799.9720011566305,-1,0
30,15000.0,1.9,6566.18,60,8.76,662,0,0,1114.4604559215074,-1,0
27,32696.51,0.7,10964.61,48,10.959999999999999,552,4,0,2441.5360336783456,-1,0
39,15000.0,4.2,5988.96,24,11.58,521,6,0,969.2520799761892,-1,0
35,21120.75,4.7,20018.57,24,7.699999999999999,715,5,0,857.4133681837178,-1,0
18,72617.82,0.6,15829.36,36,8.879999999999999,656,2,0,5548.999180336379,-1,0
35,30848.58,8.3,26445.51,60,11.0,550,2,0,1995.7255332081857,-1,0
18,15000.0,2.5,20748.18,12,10.379999999999999,581,3,0,-577.7636137586715,-1,1
53,15000.0,10.7,8444.43,24,5.919999999999998,804,2,0,876.0420366474846,-1,0
48,114324.57,4.1,8133.08,60,8.459999999999999,677,8,0,9360.34165906041,-1,0
38,15000.0,0.5,5425.87,36,7.0600000000000005,747,5,0,1082.3159987194686,-1,0
38,49938.77,21.1,30720.88,48,10.44,578,2,0,3375.895692712458,-1,0
26,35188.3,4.8,17589.82,12,8.42,679,2,0,1398.829576803203,-1,0
41,15000.0,0.5,4924.89,48,8.1,695,4,0,1129.5377334305263,-1,0
28,15000.0,0.7,12822.85,36,7.0,750,5,0,854.0676184598668,-1,0
35,45518.29,11.4,25630.52,48,9.48,626,2,0,3149.5165416973396,-1,0
49,20738.8,3.5,22681.91,36,9.94,603,4,0,996.9906726639967,-1,0
35,27620.14,0.8,14410.26,60,8.32,684,2,0,2007.2783437187964,-1,0
41,38264.47,0.5,9007.44,12,7.42,729,3,1,2407.576253419893,-1,0
36,44626.95,0.3,12330.39,48,11.92,504,3,1,3394.6901568330936,-1,0
39,36796.0,2.5,11064.41,36,6.42,779,0,0,2727.622939730994,-1,0
23,16671.73,0.1,25268.26,36,9.299999999999999,635,7,2,582.2542227212281,-1,0
41,16863.6,0.3,23027.41,36,10.2,590,3,0,660.1061269440904,-1,1
42,15000.0,5.5,19164.93,60,5.0,850,2,0,888.3341281988844,-1,0
48,38996.07,2.5,7597.26,60,8.9,655,3,0,3092.334341537397,-1,0
32,61376.89,4.6,18958.04,48,5.0,850,2,0,4678.150564649272,-1,0
46,18618.61,2.0,28724.95,48,7.6,720,2,0,855.671769431636,-1,0
42,97771.47,1.2,5618.75,48,11.26,537,3,0,8001.69250466408,-1,0
36,90087.94,0.4,7728.41,48,7.5600000000000005,722,3,0,7320.247388995707,-1,0
18,29824.77,1.4,7929.66,48,11.62,519,4,0,2278.0555640350362,-1,1
22,44238.65,14.9,9622.54,36,8.34,683,3,0,3383.5071747179454,-1,0
39,65934.07,1.6,17602.13,36,9.42,629,5,0,4931.315714135593,-1,0
30,37448.82,1.1,12534.49,48,8.68,666,1,0,2810.7147821788494,-1,1
44,21413.5,20.0,12968.64,24,8.74,663,3,0,1193.535223859696,-1,0
26,28917.58,6.9,3913.18,48,8.18,691,5,0,2313.9351949370075,-1,0
33,21851.67,5.1,9133.74,36,5.600000000000001,820,2,0,1544.7588266638054,-1,0
37,33923.32,2.0,28422.83,48,10.92,554,2,0,2093.444187847377,-1,0
30,32608.68,0.1,5406.5,48,9.94,603,7,0,2580.422926494681,-1,0
29,15000.0,6.0,7968.11,48,6.859999999999999,757,5,0,1059.7108142660952,-1,0
26,49924.69,3.8,12611.14,12,9.4,630,8,0,3055.1873794210646,-1,0
18,46024.59,1.6,19658.04,24,11.879999999999999,506,5,0,2911.1115360779213,-1,1
22,58008.96,0.5,42086.51,48,10.16,592,2,1,3763.420583769609,-1,0
32,108430.85,5.3,13163.89,60,5.460000000000001,827,1,1,8784.701538643987,-1,0
35,52305.72,3.8,1968.15,12,9.06,647,4,0,4186.637609827084,-1,0
20,24209.16,6.7,7898.73,24,9.56,622,2,0,1654.5456856878673,-1,0
23,20958.04,4.6,23946.16,24,11.18,541,5,1,628.4223628792877,-1,0
28,56518.89,5.9,23122.58,48,5.739999999999998,813,1,0,4169.6250658309955,-1,0
43,82411.08,4.3,16051.73,36,9.879999999999999,606,2,0,6350.549695681204,-1,0
39,48062.51,1.2,9631.03,48,9.56,622,4,0,3762.971436628774,-1,0
33,17352.39,30.9,2830.71,12,6.34,783,2,0,1201.960803581792,-1,0
31,39619.21,13.1,12489.18,36,8.28,686,2,0,2908.6200970370987,-1,0
34,120850.09,0.8,11123.22,60,12.66,467,3,0,9819.685168968512,-1,0
41,46676.13,1.4,2106.97,24,9.94,603,3,1,3792.509862387605,-1,0
37,68489.81,0.5,27357.99,48,7.119999999999999,744,3,1,5050.838840806111,-1,0
48,16958.32,4.2,5323.45,48,11.04,548,2,0,1275.5025539784647,-1,1
18,51774.11,24.5,29533.8,60,10.66,567,3,0,3677.3692184886927,-1,1
34,87684.34,4.6,9640.86,48,8.58,671,4,0,7069.033191712533,-1,0
43,34566.36,0.2,11118.76,48,10.28,586,4,0,2597.032048732297,-1,0
40,18794.43,2.5,3660.61,36,9.86,607,5,1,1448.3253746251012,-1,1
37,26831.16,8.7,46475.87,48,7.16,742,4,1,1119.5542020001449,-1,0
30,19170.44,4.5,9220.11,24,7.74,713,4,0,1181.6285447569853,-1,0
25,37864.08,2.9,23722.46,24,9.9,605,7,0,2061.76341466765,-1,0
23,30251.39,2.9,14099.31,36,7.039999999999999,748,0,0,2085.3455026717347,-1,0
48,25753.76,18.9,12563.33,36,10.12,594,3,0,1740.0551677925898,-1,1
33,25669.17,5.1,18995.02,36,8.9,655,2,0,1535.9446064387753,-1,0
38,125185.27,7.4,68620.86,12,10.86,557,4,0,4371.760661619409,-1,0
43,28537.03,1.6,5517.49,60,8.06,697,4,1,2266.052528416617,-1,0
30,39626.94,5.0,20251.86,36,7.0,750,4,1,2676.9263570760513,-1,0
47,62679.35,2.4,38164.07,24,15.58,321,3,1,3362.297287155121,-1,1
28,52844.02,6.8,7101.36,36,10.799999999999999,560,0,0,4171.8509289263775,-1,1
33,79981.25,25.0,8770.05,12,8.68,666,2,0,5899.451148397095,-1,1
36,22438.89,0.5,4404.7,24,9.06,647,2,0,1668.558636587447,-1,0
39,43907.83,6.0,1988.32,12,9.54,623,2,1,3484.6060151660463,-1,0
43,39963.53,0.1,5439.71,60,7.699999999999999,715,0,2,3220.775812713284,-1,1
28,15000.0,2.7,9183.04,36,9.28,636,5,0,956.7836188036171,-1,0
36,72215.33,7.1,8695.59,24,8.56,672,3,0,5622.441543502177,-1,0
34,49541.85,2.1,22839.42,36,9.44,628,3,1,3397.5139233350915,-1,1
47,15000.0,10.3,7266.33,36,9.16,642,2,0,1018.391173594847,-1,1
42,35598.46,1.2,100000.0,36,11.94,503,1,1,-352.02765865461106,-1,1
33,15000.0,4.9,10987.06,48,10.5,575,4,0,968.6941304630461,-1,1
33,85983.7,11.0,18295.64,36,8.6,670,1,0,6586.9118977452135,-1,0
35,31152.79,0.3,9645.82,48,9.299999999999999,635,5,0,2354.6527920829785,-1,0
26,27393.74,18.7,10739.92,36,8.86,657,2,1,1941.9844410924704,-1,0
41,23904.77,8.0,10616.4,24,6.879999999999999,756,1,0,1517.3178906183255,-1,0
44,153620.27,1.1,13832.5,24,8.54,673,4,0,12172.670405934212,-1,0
33,44639.82,0.4,31779.42,36,10.48,576,1,1,2687.375870257818,-1,0
26,61234.21,4.6,5777.7,24,8.06,697,1,0,4841.382976556037,-1,0
40,17017.74,3.0,13297.96,36,8.9,655,5,0,995.8920593628532,-1,0
21,15000.0,9.4,6902.73,48,9.44,628,1,0,1076.7794842000544,-1,1
41,103241.58,5.3,6189.75,48,15.82,309,4,0,8428.615839550152,-1,1
18,25121.07,0.7,38437.69,36,10.299999999999999,585,8,0,847.7254316953033,-1,0
33,26289.92,0.3,31102.35,48,9.98,601,4,0,1402.2894205763898,-1,0
48,21433.6,9.8,5467.93,48,12.92,454,1,0,1639.6594803401,-1,0
42,23725.19,3.1,12326.32,36,8.4,680,1,1,1588.5585082991613,-1,0
22,21640.95,2.1,2771.05,60,7.279999999999999,736,4,0,1748.1755824531663,-1,0
30,45267.01,2.5,2239.87,48,7.76,712,4,0,3717.821045795827,-1,0
36,30440.03,2.8,20477.33,36,6.58,771,2,1,1908.3135143767508,-1,1
25,45967.9,0.7,6746.94,24,5.0,850,2,0,3534.6606990809564,-1,0
41,15000.0,7.0,26935.39,36,8.06,697,2,1,405.19702681490116,-1,1
28,50529.32,2.1,7959.85,12,6.619999999999999,769,3,1,3523.4303677490275,-1,0
38,56719.13,16.5,12879.66,36,10.52,574,2,0,4307.852271638042,-1,0
44,28375.03,5.5,7458.67,36,9.14,643,1,1,2126.9158321371006,-1,0
41,15000.0,13.0,100000.0,36,9.299999999999999,635,3,2,-1943.954038038651,-1,0
30,26785.76,1.5,7304.35,36,10.58,571,5,0,1994.461810472711,-1,1
38,27614.33,1.8,10369.11,12,6.02,799,3,2,1408.6665672968186,-1,0
38,16466.42,0.2,49739.22,36,11.68,516,5,0,-272.260454521401,-1,0
42,15000.0,0.8,5338.81,12,8.82,659,2,0,783.5587007941695,-1,0
49,132944.09,12.6,4563.98,60,11.74,513,1,0,10977.749578905707,-1,1
38,18451.88,11.3,5135.97,36,8.52,674,3,0,1375.4791404322214,-1,0
38,92185.93,9.1,48558.57,48,8.9,655,4,0,6476.083172006803,-1,1
55,15000.0,4.9,60935.73,24,14.2,390,0,1,-1681.4607621181976,-1,1
22,56069.69,0.0,9380.0,36,7.74,713,3,2,4379.662825412561,-1,0
23,50241.98,7.0,17263.04,12,7.379999999999999,731,4,1,2690.0911453147924,-1,1
31,19269.23,0.3,10358.3,60,8.32,684,4,0,1394.1502637166675,-1,0
23,34800.25,4.4,43399.24,12,9.36,632,5,0,-902.5558083875121,-1,1
39,36148.01,5.4,5753.77,48,5.699999999999999,815,3,1,2877.9966855012076,-1,0
18,48799.86,4.3,6166.82,24,11.98,501,2,0,3776.4189639319334,-1,0
28,29356.06,7.3,20779.23,36,8.64,668,2,3,1789.0404000075414,-1,0
36,40867.28,3.5,89422.48,36,8.34,683,7,0,589.3841748303444,-1,0
34,39790.35,7.0,13938.3,12,6.619999999999999,769,1,1,2112.267090764433,-1,0
35,15000.0,7.7,6883.26,36,9.78,611,2,0,1028.6068453167318,-1,1
18,45131.49,0.5,28955.69,12,8.42,679,7,0,1236.5210202536505,-1,0
29,41537.23,15.0,17408.48,48,8.74,663,3,2,3030.371076886713,-1,0
24,22863.22,2.5,20103.99,48,8.52,674,2,0,1409.5492369643089,-1,0
25,77624.02,2.0,5084.12,48,13.34,433,4,1,6331.4146142267555,-1,1
33,26718.56,0.9,80585.18,48,5.059999999999999,847,3,0,368.53584586738725,-1,1
31,38515.16,5.0,10530.47,24,8.1,695,4,0,2732.85161037825,-1,0
30,36357.62,1.8,19345.53,36,10.08,596,3,1,2404.8489672720434,-1,0
18,64376.66,6.1,51122.75,48,9.28,636,4,0,4085.722053819894,-1,0
21,30941.42,1.1,24600.73,12,9.1,645,0,0,425.9405227672946,-1,1
26,68573.62,4.3,35721.41,24,11.959999999999999,502,4,1,4033.6047204940087,-1,0
20,91844.31,2.0,27784.4,36,9.98,601,3,0,6757.4289338194185,-1,0
30,42559.58,3.5,6691.11,48,6.879999999999999,756,5,0,3386.7769670545986,-1,0
32,40022.81,11.0,12446.73,48,10.36,582,4,0,3017.3966983428654,-1,1
27,15000.0,5.6,50450.66,24,10.54,573,2,0,-1090.6361877002128,-1,0
36,15000.0,3.4,10529.84,36,6.5600000000000005,772,5,0,926.9832599655231,-1,0
35,15000.0,10.3,7176.53,36,7.52,724,2,0,1026.6993671326263,-1,0
40,46155.51,0.7,18636.29,12,9.24,638,3,0,2214.4465597192784,-1,0
41,123385.16,0.6,13542.88,12,6.58,771,2,0,9112.895867224044,-1,0
18,46268.84,1.2,14140.14,24,7.9,705,2,0,3216.8611469909224,-1,0
22,32425.31,2.1,29067.92,60,7.459999999999999,727,3,0,2120.200041894518,-1,0
39,65816.07,3.0,29233.23,12,10.26,587,7,1,2911.0708128036954,-1,0
38,111603.34,1.8,35267.01,48,6.02,799,2,0,8471.70815713506,-1,1
22,24570.62,1.1,7443.72,24,8.7,665,1,0,1708.5109156932538,-1,0
33,23107.34,8.4,9125.61,12,9.04,648,2,1,1127.3943132475893,-1,0
22,24570.62,1.1,7443.72,24,8.7,665,1,0,1708.5109156932538,-1,0
44,22215.72,1.2,4171.52,48,6.66,767,0,0,1752.0744717311088,-1,0
37,77196.2,1.7,24668.58,36,10.44,578,4,0,5631.925277373308,-1,0
29,18151.06,0.8,29777.1,48,11.26,537,4,0,739.2184442802084,-1,0
35,41952.56,4.9,58319.84,48,7.859999999999999,707,2,1,2076.1183958534357,-1,0
48,69771.94,3.7,8197.09,12,9.879999999999999,606,2,0,5094.131300292031,-1,0
45,15106.8,1.3,10834.78,36,5.98,801,2,0,929.3831767073318,-1,1
31,15000.0,0.2,10380.5,36,9.34,633,3,0,918.2578095334525,-1,0
39,34962.17,4.8,18457.13,12,9.32,634,2,0,1296.670687205908,-1,0
36,35199.28,3.7,18263.69,24,9.7,615,6,0,2093.0233369831003,-1,0
21,38820.84,7.5,28645.77,48,7.459999999999999,727,0,0,2542.9813458787835,-1,0
32,49345.59,2.0,3566.8,36,7.299999999999999,735,3,0,4001.510172409057,-1,0
47,36216.18,11.8,16576.01,36,8.82,659,2,0,2492.2898593555924,-1,0
19,32921.31,0.7,76470.18,24,7.82,709,3,0,-708.8222042501507,-1,0
40,16726.96,10.4,32781.7,48,10.799999999999999,560,2,0,549.8335971577288,-1,1
44,54395.89,3.3,16084.06,12,10.459999999999999,577,5,1,3115.503057756935,-1,1
18,15000.0,1.4,15708.14,48,7.9399999999999995,703,2,0,866.960650354835,-1,1
37,55426.74,1.0,20945.57,60,8.76,662,3,1,4186.535087803844,-1,0
31,36526.46,12.6,13284.28,48,11.22,539,1,0,2699.1115061105284,-1,0
33,15000.0,30.5,8773.95,24,9.299999999999999,635,2,1,847.955581801619,-1,0
18,63364.81,2.4,7626.77,36,11.74,513,3,0,5028.0289883439655,-1,0
49,44516.26,0.3,22743.2,36,9.94,603,5,1,2976.4697428294976,-1,0
28,15000.0,3.3,24683.68,24,7.1,745,4,0,143.728632599712,-1,0
29,34730.55,13.5,62979.23,36,10.4,580,2,0,850.202015901717,-1,1
38,50489.83,2.0,7981.81,48,9.799999999999999,610,4,0,4005.8122926227547,-1,0
26,16245.55,5.3,35440.16,36,7.199999999999999,740,2,1,256.26290834432075,-1,1
48,29833.63,1.1,4306.58,48,9.68,616,1,0,2377.570474954066,-1,0
33,51147.45,2.0,9947.55,48,10.76,562,3,1,4006.3457308221227,-1,0
33,37390.68,2.8,29631.99,36,9.34,633,2,0,2168.9046649503557,-1,1
29,91682.0,0.6,43792.3,36,12.5,475,4,0,6175.155459323432,-1,0
24,84720.79,9.3,22179.19,36,7.0,750,4,1,6375.236835307847,-1,0
31,20143.98,12.3,25381.97,48,6.279999999999999,786,0,0,1079.3048621984422,-1,0
38,124341.93,5.9,10625.2,36,6.459999999999999,777,3,0,10036.369126230638,-1,0
23,61570.1,1.9,3205.57,48,5.539999999999999,823,2,0,5056.2329575308795,-1,0
50,25011.96,1.4,8927.44,24,10.98,551,4,1,1668.3242116576996,-1,0
43,51764.22,8.4,72511.54,48,12.2,490,1,0,2397.049781652867,-1,0
21,57988.14,1.8,6189.75,24,11.02,549,5,0,4543.796655365961,-1,1
38,25152.98,3.5,8599.78,36,5.0,850,4,0,1838.3385451639058,-1,1
24,23829.32,19.1,14565.12,48,9.44,628,5,1,1620.2723518393295,-1,0
23,32135.04,2.2,28097.24,36,7.959999999999999,702,3,0,1797.9729992038397,-1,1
39,18365.39,0.9,23761.77,48,9.459999999999999,627,1,0,933.9327583101067,-1,0
26,15000.0,7.2,9951.52,48,8.2,690,4,0,1006.1189788848693,-1,0
43,110517.25,4.6,8295.36,36,8.92,654,4,0,8946.289355845298,-1,0
55,20502.12,0.1,20692.83,48,9.84,608,2,0,1185.274959884905,-1,0
37,24056.17,40.0,25731.48,24,7.039999999999999,748,3,0,852.1494472868658,-1,1
40,59038.66,1.4,33658.54,36,8.24,688,4,0,3861.4214871799413,-1,1
66,48139.58,1.3,9805.91,24,11.42,529,2,0,3552.6849425621135,-1,0
22,16018.18,3.7,25188.23,24,7.34,733,4,0,203.21990463658585,-1,0
32,42184.58,25.5,13385.48,24,9.16,642,1,0,2902.886353760651,-1,0
26,72013.01,1.2,9458.71,60,7.4,730,3,0,5812.000176278865,-1,0
34,66120.47,6.2,12960.8,48,6.02,799,1,0,5205.535543034536,-1,0
36,20490.01,8.5,5141.49,24,6.24,788,1,0,1479.0704363119219,-1,0
46,31142.58,0.5,5565.91,36,9.2,640,4,0,2417.7020059234464,-1,0
24,28624.3,13.9,9736.32,48,8.52,674,3,0,2145.2826193899987,-1,0
22,69771.44,12.1,16838.47,36,6.18,791,6,0,5300.653345684878,-1,0
30,56931.52,0.2,10010.98,36,9.82,609,3,0,4422.112524218076,-1,0
33,29826.65,2.8,20648.66,24,10.6,570,11,0,1526.9949179449115,-1,0
36,21115.85,7.1,15953.66,36,8.36,682,3,0,1257.0707049831353,-1,0
38,34261.36,0.8,5730.15,48,7.859999999999999,707,5,1,2715.5998850625488,-1,0
37,45195.85,0.3,8533.57,24,7.52,724,0,0,3382.236048361433,-1,0
26,86952.09,19.0,14326.6,24,10.14,593,1,1,6583.981475713983,-1,0
39,89058.33,2.5,13636.22,24,5.759999999999998,812,4,1,6818.635489128843,-1,0
38,31722.81,3.3,21176.92,36,12.52,474,1,0,1934.919583198311,-1,0
32,29037.44,10.5,77482.42,24,12.44,478,4,0,-1243.5211012023715,-1,1
39,40848.2,6.5,10428.77,36,9.28,636,3,1,3071.0238669261225,-1,0
47,46463.27,8.6,9313.45,12,12.04,498,3,0,3044.2761290382505,-1,0
30,33927.56,3.5,6604.55,60,11.36,532,3,0,2682.509155035121,-1,1
36,141464.49,0.0,7003.62,48,6.139999999999999,793,3,0,11623.77736356465,-1,0
34,45491.68,1.5,32988.22,24,12.06,497,4,0,2237.1787977484514,-1,0
40,29635.61,2.6,15996.96,12,8.9,655,5,0,1071.4181078880335,-1,0
34,86565.57,0.6,2118.82,48,7.140000000000001,743,3,0,7162.92198082815,-1,1
32,51518.24,2.7,34742.81,48,9.0,650,1,0,3428.6103676271273,-1,0
31,80955.24,6.6,24817.72,36,8.86,657,3,0,5958.689212370554,-1,0
32,23574.03,1.2,3667.34,36,9.62,619,3,0,1846.820956354505,-1,0
35,59940.35,1.2,28867.34,36,12.5,475,1,0,4029.3119829109,-1,0
42,53390.59,5.1,10375.65,48,10.16,592,7,1,4185.26457265596,-1,0
18,19369.37,1.3,23657.8,48,9.16,642,3,0,1023.5898045814438,-1,1
44,34703.3,6.6,18347.09,36,12.24,488,0,0,2280.450492416111,-1,1
43,44631.62,1.5,43823.15,12,8.26,687,2,0,-98.07553363550323,-1,0
35,117521.77,1.2,6723.0,24,7.68,716,3,1,9490.398007576185,-1,0
38,31927.02,7.1,20043.63,12,10.5,575,3,3,893.7670185708125,-1,1
32,145751.53,15.1,25021.82,36,7.24,738,1,0,11370.611024191974,-1,0
38,55415.42,1.3,31110.43,36,10.959999999999999,552,1,0,3600.0253089115304,-1,0
41,57515.3,0.2,4977.02,24,10.32,584,8,0,4562.54166626165,-1,1
26,45074.53,10.7,13176.88,36,9.12,644,3,0,3336.4532616646425,-1,0
34,74387.73,0.1,4436.41,36,8.98,651,2,1,6057.942139643456,-1,0
56,96767.83,4.2,7431.67,36,9.44,628,3,0,7826.135905423898,-1,0
41,19822.5,5.6,82880.09,36,9.959999999999999,602,1,0,-1020.8761797885368,-1,0
34,15000.0,1.5,1000.0,12,12.76,462,0,0,1160.7952848162179,-1,0
44,18436.02,6.8,11512.83,24,9.32,634,0,0,1008.6823825699402,-1,0
40,53432.59,3.6,15173.25,36,8.26,687,1,1,3975.419297514269,-1,0
19,51301.54,3.2,15609.59,36,8.799999999999999,660,4,0,3780.1992487115012,-1,0
41,21749.2,7.1,6653.07,48,12.24,488,2,1,1636.447475011497,-1,0
52,16978.84,1.5,12298.32,36,7.379999999999999,731,2,1,1033.0265334724106,-1,0
43,101433.96,5.3,6750.82,36,10.76,562,2,2,8232.58328961669,-1,1
31,46462.84,5.2,12796.55,60,11.6,520,5,0,3589.8309889682396,-1,1
24,43106.46,2.8,24800.35,48,10.76,562,1,0,2954.1136654271095,-1,0
27,15750.65,2.8,81076.52,48,7.459999999999999,727,2,0,-646.2739467906383,-1,0
28,31887.98,7.7,4328.86,24,6.719999999999999,764,4,1,2464.066460696277,-1,0
51,22773.4,3.6,12328.65,48,10.62,569,2,1,1581.4132674505463,-1,1
47,16021.92,0.9,21639.82,12,7.140000000000001,743,1,2,-538.6601345397817,-1,0
43,80563.18,3.5,15622.85,36,5.859999999999999,807,5,0,6239.311360177037,-1,0
36,68513.35,19.9,22590.32,24,10.72,564,2,0,4659.494109747983,-1,0
36,15549.17,8.3,3100.59,36,11.32,534,2,0,1193.7843186375353,-1,0
46,29691.26,5.8,18863.86,60,12.86,457,2,0,2046.4115938318741,-1,0
48,47642.44,11.2,2912.38,24,10.76,562,2,0,3834.787883244461,-1,1
18,43452.66,1.9,3723.81,36,10.799999999999999,560,1,0,3499.494627239759,-1,0
18,89535.66,2.6,15046.21,36,10.66,567,5,0,6971.130466563257,-1,1
42,15000.0,3.7,19304.55,48,10.52,574,3,0,755.5517957519548,-1,1
18,58796.81,2.9,21431.66,36,12.98,451,1,1,4177.823282451013,-1,0
28,22970.38,13.6,18069.04,24,10.98,551,1,0,1072.2072104819272,-1,1
28,37953.32,0.0,10031.21,36,11.879999999999999,506,2,0,2830.1715898464704,-1,1
39,15000.0,1.5,38327.42,36,10.22,589,3,0,9.319394025342262,-1,1
61,98554.4,4.5,11308.13,36,9.64,618,1,0,7849.893408548072,-1,0
54,30050.19,0.7,7448.31,48,11.299999999999999,535,6,0,2310.5900978842587,-1,0
35,27324.81,5.5,9399.91,48,6.5,775,5,0,2054.149076814124,-1,1
18,121247.26,4.5,12556.42,48,8.68,666,1,0,9793.375712640041,-1,0
26,55004.69,3.1,36170.79,48,9.379999999999999,631,5,0,3677.0718254997655,-1,0
45,55664.26,7.4,4266.12,24,10.72,564,5,0,4440.40782880653,-1,1
46,32434.79,4.3,12037.23,48,9.4,630,2,0,2401.060694897911,-1,1
36,32416.6,0.6,23311.62,48,12.66,467,4,0,2079.917620051653,-1,1
32,19560.23,6.4,7908.38,24,8.66,667,4,0,1269.9593081630844,-1,0
39,15000.0,1.1,69266.43,24,10.28,586,5,0,-1955.253271408977,-1,0
32,26953.08,1.3,24923.02,48,9.0,650,1,0,1625.8795912135947,-1,0
38,53957.02,6.6,13387.79,24,6.98,751,4,0,3897.1338239915494,-1,0
31,57602.32,2.1,7276.55,36,5.879999999999999,806,3,0,4579.22201040426,-1,0
36,15273.16,5.1,10166.93,48,10.959999999999999,552,1,0,1010.191165151068,-1,0
30,18841.37,0.1,19672.26,48,10.9,555,3,2,1062.6291417317536,-1,1
35,44491.86,6.2,6870.01,48,6.0600000000000005,797,0,0,3546.1235627455467,-1,0
30,20394.98,2.7,12115.06,36,10.82,559,4,0,1303.9820519007949,-1,0
40,62507.12,3.5,7717.77,12,9.66,617,6,0,4531.631881284654,-1,0
33,23100.98,3.2,6412.07,48,7.219999999999999,739,2,0,1770.8813490034536,-1,0
49,51399.0,19.5,4455.33,36,11.62,519,4,0,4136.076608173648,-1,0
27,90404.55,10.8,4725.5,24,7.279999999999999,736,0,0,7321.539335153912,-1,0
18,28781.14,6.9,4698.63,48,7.92,704,1,1,2283.8974060018954,-1,0
32,20922.79,3.6,6174.88,48,9.12,644,3,0,1589.551596568919,-1,0
32,24050.39,5.1,11693.42,48,5.940000000000001,803,4,0,1729.9004137837683,-1,0
35,15000.0,3.5,22513.04,36,7.640000000000001,718,3,0,548.2560250372669,-1,0
34,15000.0,9.4,23255.53,48,8.56,672,5,0,676.131649088435,-1,0
39,30447.37,1.8,29083.22,24,9.64,618,2,0,1200.0650446570637,-1,1
42,209445.8,0.4,7676.26,12,9.299999999999999,635,2,1,16781.44801069666,-1,0
25,41772.25,0.9,26797.6,48,9.74,613,3,1,2804.705617117327,-1,0
47,34537.66,1.1,15004.15,24,7.119999999999999,744,2,1,2205.5473038956357,-1,1
37,25945.36,2.0,2555.97,36,11.16,542,4,0,2078.2403554026205,-1,1
27,36493.5,3.4,18442.63,24,6.359999999999999,782,0,0,2220.741440304102,-1,1
34,75732.34,3.6,6712.11,36,9.98,601,3,1,6094.5104439710885,-1,0
35,20324.85,4.7,38711.6,60,10.94,553,4,0,853.2114007992385,-1,0
29,49209.79,8.6,7856.99,24,9.98,601,3,0,3738.328131961045,-1,0
19,43037.07,18.6,11243.73,48,9.719999999999999,614,5,1,3302.7620051862414,-1,0
50,49346.22,3.6,3909.36,60,8.94,653,4,0,4031.1469092077423,-1,0
48,21669.51,1.2,21043.9,60,7.699999999999999,715,6,1,1382.1130595960826,-1,1
25,17385.11,0.2,3676.55,48,11.34,533,2,0,1353.1286183003112,-1,0
35,67320.66,8.2,3340.75,36,10.82,559,1,0,5500.967681156421,-1,0
36,26221.32,0.3,40066.83,48,8.299999999999999,685,0,1,1201.3095432549985,-1,1
21,44239.1,5.2,4049.43,24,6.34,783,2,0,3506.497432106279,-1,0
29,43711.96,8.4,5344.41,48,11.14,543,3,0,3504.1706254729006,-1,0
44,15000.0,9.7,18304.47,12,9.379999999999999,631,3,0,-353.98029558967687,-1,0
23,67501.42,1.2,4857.36,60,5.68,816,2,0,5531.933012635561,-1,0
20,22549.25,3.9,47185.57,24,10.92,554,3,1,-318.36109387864167,-1,1
28,79400.85,11.4,17679.16,36,8.42,679,4,0,6059.305079596427,-1,0
40,46552.73,1.8,39580.03,48,8.92,654,3,0,2895.946272515501,-1,0
33,51286.47,3.3,2974.13,48,9.959999999999999,602,7,0,4198.497999216046,-1,0
35,48789.92,12.3,27076.45,48,12.16,492,5,1,3350.670948001407,-1,0
47,63793.03,1.0,6010.93,48,10.0,600,1,0,5163.633119687908,-1,0
35,28848.65,5.3,14264.49,36,8.4,680,1,0,1954.4200231528935,-1,0
22,40150.9,0.3,9828.25,48,6.02,799,1,0,3115.001465010199,-1,1
26,63344.4,0.4,12307.49,24,8.56,672,2,0,4718.916870899994,-1,0
36,31546.71,1.4,10515.42,48,8.879999999999999,656,0,1,2367.8145869798827,-1,0
33,27457.72,1.1,1970.44,48,8.16,692,0,0,2239.8910087506088,-1,0
21,51058.08,7.0,5722.72,12,8.94,653,5,0,3754.5388984298156,-1,0
33,65763.62,1.0,45343.91,60,9.52,624,6,1,4527.551913423587,-1,0
46,50800.29,2.4,4358.8,60,8.74,663,2,1,4143.425009865637,-1,0
30,19616.23,0.8,4331.34,12,10.0,600,2,0,1253.892234338502,-1,0
42,19872.62,0.7,6852.55,48,6.119999999999999,794,0,0,1494.7420509546878,-1,0
40,53981.11,1.7,9517.32,36,7.459999999999999,727,5,1,4202.5528102755625,-1,0
28,36827.85,3.8,11695.2,24,9.58,621,3,0,2531.5776636313303,-1,1
36,21709.76,7.6,3229.63,24,10.1,595,2,0,1659.9665209617474,-1,0
27,122880.62,5.5,12715.7,12,9.34,633,1,1,9126.039063154729,-1,0
23,31974.63,3.7,28653.48,36,11.1,545,4,0,1725.1168177184165,-1,0
32,21146.8,3.6,6132.94,60,5.739999999999998,813,3,0,1644.4064574298434,-1,0
27,43753.4,0.3,19869.26,12,8.719999999999999,664,5,0,1911.099384541669,-1,0
40,65407.84,4.5,4726.51,12,7.52,724,1,0,5040.549890566739,-1,0
19,22497.69,2.4,10709.9,36,10.82,559,2,0,1525.091335640846,-1,0
18,36521.15,3.2,28306.8,48,11.6,520,1,0,2303.54979033343,-1,1
43,21127.98,0.7,20180.45,60,6.539999999999999,773,1,0,1365.4331146479524,-1,0
26,22494.6,8.1,5382.91,36,9.34,633,4,0,1702.5218361847421,-1,0
31,25400.43,9.7,8192.87,36,12.28,486,3,0,1843.4850160815615,-1,1
40,60641.43,2.5,19146.1,12,9.02,649,5,2,3378.920203209893,-1,0
37,117311.84,0.8,14306.31,60,10.36,582,3,1,9469.479518234708,-1,0
43,19949.92,3.6,10195.24,48,9.14,643,3,0,1408.1060655213948,-1,1
57,15000.0,14.6,10576.15,48,6.5,775,3,0,999.1871005810369,-1,1
52,70202.09,16.7,8738.95,36,9.219999999999999,639,6,0,5571.382240483205,-1,0
24,22705.44,0.0,10687.04,24,9.24,638,2,0,1402.7076723832042,-1,1
42,18715.59,14.2,40669.83,36,8.26,687,3,1,280.30414441696894,-1,0
28,36600.52,0.1,6950.54,24,8.5,675,5,0,2734.101846843264,-1,0
55,15000.0,19.5,14779.18,48,12.9,455,2,0,854.2447440257417,-1,0
29,30435.12,11.9,16787.59,24,6.92,754,3,0,1785.244992180039,-1,1
40,59957.05,1.1,3155.97,12,10.86,557,2,1,4717.697023232819,-1,0
18,21831.38,9.6,6439.12,36,9.879999999999999,606,5,0,1611.8719628936,-1,0
18,59436.1,13.4,19492.63,36,5.559999999999999,822,3,0,4363.883129057853,-1,0
24,60363.9,2.6,7905.3,48,11.08,546,1,1,4825.701129979381,-1,1
40,24038.3,5.2,5844.24,48,9.4,630,3,0,1856.6449553178072,-1,0
25,23965.96,3.9,6479.49,48,6.539999999999999,773,1,0,1843.3829667459029,-1,0
53,44490.3,6.9,10593.22,24,7.82,709,3,0,3229.291530295119,-1,0
33,58277.14,0.7,24245.07,48,7.1,745,5,0,4274.724443645941,-1,0
48,15000.0,4.1,56910.99,60,11.74,513,3,0,-8.488907667891453,-1,1
31,15000.0,0.2,17934.49,36,12.68,466,4,0,648.4767255972665,-1,0
32,34092.41,0.7,57210.06,48,10.08,596,5,1,1387.8402750993478,-1,1
20,34142.27,4.6,49693.39,24,6.92,754,3,1,622.0897414692222,-1,1
18,24915.22,1.6,7664.81,48,11.08,546,5,1,1877.869400317162,-1,1
31,21871.63,13.8,25314.34,36,8.379999999999999,681,0,0,1024.931293528084,-1,1
33,30997.98,7.2,10042.45,12,5.239999999999998,838,6,0,1722.3512480917789,-1,0
34,77257.43,4.7,47850.03,36,12.68,466,4,0,4833.227880331286,-1,1
18,15000.0,0.7,1214.81,12,10.56,572,3,0,1142.8822433212563,-1,1
29,15000.0,2.3,15102.31,24,10.24,588,6,1,551.4309222344363,-1,0
33,69437.08,4.2,21675.2,48,9.78,611,4,0,5238.971497336202,-1,0
38,15000.0,12.3,24627.41,36,5.0,850,7,0,511.8944289355885,-1,0
38,36718.99,13.7,27376.4,48,10.98,551,3,0,2352.6243348246553,-1,0
30,42003.04,3.8,16411.38,24,7.92,704,5,0,2758.6097184360074,-1,0
46,50742.3,1.6,12014.79,36,5.98,801,2,0,3863.1206786082867,-1,1
42,29879.41,3.9,50737.61,24,11.04,548,1,1,124.23815956532871,-1,1
30,40070.25,1.9,15793.88,36,8.879999999999999,656,5,1,2837.8279543538792,-1,0
30,28052.63,1.4,15110.87,12,10.799999999999999,560,6,1,1003.604699896124,-1,1
52,29693.73,2.4,6150.53,36,8.98,651,4,0,2278.949535962922,-1,0
43,157816.6,3.9,18499.83,48,11.06,547,1,0,12672.706335257173,-1,0
29,16526.84,13.4,56170.46,24,8.44,678,4,0,-1174.4880635350823,-1,0
20,17300.0,8.0,39616.26,36,7.779999999999999,711,4,0,204.2538025029569,-1,1
39,15000.0,0.8,14407.8,48,9.54,623,5,0,887.7555959260949,-1,0
41,38536.4,5.1,5513.34,48,6.0600000000000005,797,3,1,3081.7339973878056,-1,0
37,37195.51,9.8,12199.41,48,8.959999999999999,652,1,0,2796.2746535355877,-1,0
34,18541.24,1.0,5666.98,48,12.08,496,5,1,1395.6473227121535,-1,1
24,78382.12,19.4,5008.29,60,7.92,704,0,0,6430.484913215781,-1,0
29,63150.36,1.9,8773.02,36,10.94,553,2,0,4975.561790702631,-1,0
38,34950.13,14.0,21829.4,48,7.4,730,3,0,2385.718047338834,-1,0
45,86173.66,0.9,26740.7,12,9.92,604,2,1,4831.200800374332,-1,0
36,59821.36,2.4,30647.69,12,10.379999999999999,581,2,0,2285.274955810318,-1,0
41,49788.5,1.9,8992.58,36,10.82,559,4,0,3855.402082236108,-1,0
36,50685.01,0.2,3121.06,60,7.039999999999999,748,4,1,4161.891186784249,-1,0
37,20799.99,6.7,7317.35,36,8.74,663,2,1,1501.5271680261137,-1,0
19,29014.84,9.0,44333.95,36,8.26,687,3,0,1023.3147808363026,-1,0
43,15000.0,10.6,14951.82,12,9.68,616,3,0,-62.278295747881884,-1,0
21,18171.18,0.1,30145.56,48,6.34,783,6,0,801.5869320945216,-1,1
41,24991.94,18.4,3225.95,48,6.299999999999999,785,4,2,2006.4556333643939,-1,0
31,18812.43,8.4,39097.64,48,8.92,654,2,0,596.240585385979,-1,0
29,18834.26,3.5,9318.46,48,9.62,619,3,0,1334.8783648791796,-1,0
32,23133.98,8.1,4672.65,24,12.0,500,3,0,1707.873806682629,-1,0
34,21732.77,5.4,13447.59,48,10.48,576,2,0,1466.890286297177,-1,0
18,17559.77,0.6,6791.26,12,10.879999999999999,556,2,0,863.4714128127357,-1,1
42,20253.62,0.4,14566.15,48,8.5,675,2,0,1328.7707826963617,-1,1
41,38679.25,1.9,7909.92,12,7.32,734,3,0,2537.6837690546986,-1,1
43,40096.14,1.2,48299.29,36,8.36,682,0,0,1819.7866638528862,-1,0
33,19463.77,4.4,20823.57,60,7.779999999999999,711,4,0,1201.9429898388175,-1,1
46,30987.42,2.4,23252.92,12,9.9,605,3,1,539.0652221378891,-1,0
28,20138.59,4.3,9162.15,36,11.42,529,3,1,1376.4331935941573,-1,0
39,36848.23,3.7,17477.22,36,5.280000000000001,836,3,0,2544.677916332174,-1,0
31,67566.45,3.1,5234.88,24,9.42,629,3,1,5390.373313959125,-1,0
38,44776.04,1.2,23539.97,48,15.059999999999999,347,2,0,3075.4855094943814,-1,0
32,39514.62,14.7,38617.52,36,7.640000000000001,718,2,0,2089.1554286936444,-1,1
27,124913.67,2.1,20439.49,48,10.54,573,3,1,9885.757545474431,-1,0
47,36261.86,8.1,19601.91,36,9.219999999999999,639,2,0,2396.4771749628753,-1,0
37,51920.72,0.5,10330.04,48,5.0,850,3,0,4088.8331429101445,-1,0
39,15000.0,0.7,10192.84,60,8.92,654,2,0,1038.8089395734457,-1,1
43,31558.56,4.0,13621.17,48,12.299999999999999,485,4,1,2269.172712573144,-1,0
34,22293.37,3.2,8108.02,60,6.58,771,1,0,1698.8341128567051,-1,0
23,29196.52,5.4,12614.86,24,12.799999999999999,460,3,0,1834.4942697787633,-1,0
24,15000.0,3.6,6220.14,36,7.6,720,3,0,1056.229168772026,-1,0
32,61796.96,7.4,9933.26,60,5.940000000000001,803,5,0,4957.985930780588,-1,0
18,59885.21,1.6,22701.87,48,9.76,612,2,0,4417.269149202575,-1,0
49,43983.16,9.0,43398.41,12,12.52,474,2,0,-201.1979102432938,-1,1
37,38840.02,5.1,6202.14,12,5.640000000000001,818,2,0,2703.897990676131,-1,0
23,15000.0,7.4,12200.73,36,8.94,653,4,0,862.3606605296377,-1,0
45,222475.62,1.3,14566.74,60,10.06,597,1,0,18229.704602744627,-1,1
25,100263.76,0.6,6531.19,36,8.219999999999999,689,8,1,8149.986076228969,-1,1
42,106637.78,10.7,31955.05,36,8.2,690,2,0,7882.175623606066,-1,0
37,15000.0,5.4,12587.87,36,10.62,569,2,0,840.150830043236,-1,1
22,42757.48,3.6,7476.0,48,8.82,659,4,0,3377.72107475425,-1,0
50,64633.12,3.1,53427.21,60,6.359999999999999,782,2,0,4344.228584626915,-1,0
28,15000.0,1.1,7764.42,48,10.68,566,2,0,1050.5289737823812,-1,1
51,38476.9,1.9,29177.48,36,8.86,657,5,0,2280.472240918622,-1,1
49,22689.51,16.6,12412.27,36,8.54,673,2,0,1498.7376038371679,-1,0
53,46496.27,1.9,35178.18,24,8.719999999999999,664,3,1,2272.0986199812387,-1,0
43,108820.4,12.3,9338.85,60,10.0,600,3,1,8869.943703164838,-1,0
41,25605.4,1.5,10486.67,48,8.6,670,4,0,1874.8093275374808,-1,0
44,39507.47,0.7,96607.73,36,8.34,683,2,0,249.77835606008784,-1,0
39,25493.71,15.0,10374.13,48,8.68,666,3,0,1867.8886054281747,-1,0
25,86319.46,0.3,8241.43,24,7.74,713,1,0,6821.527294348972,-1,0
25,110482.55,5.3,14038.77,48,9.219999999999999,639,2,0,8856.05539962482,-1,0
25,33178.06,7.9,9209.35,48,11.22,539,3,0,2525.8327579752654,-1,0
26,79478.24,2.9,7080.04,24,11.74,513,1,0,6290.76359613562,-1,0
41,54357.34,5.9,9127.95,36,12.1,495,1,1,4226.163620393494,-1,0
26,30788.3,3.0,7163.31,48,8.0,700,2,0,2390.814335928557,-1,0
37,44887.77,5.8,5190.78,48,11.74,513,1,0,3604.6160580189335,-1,0
41,36642.72,2.6,11121.97,24,10.32,584,6,0,2538.6932941188525,-1,1
66,22547.15,2.7,59143.26,48,9.86,607,2,0,382.87661880193536,-1,0
34,128397.14,5.0,8020.97,36,7.18,741,6,0,10451.436748719327,-1,0
48,48181.08,10.0,4408.1,36,10.14,593,1,0,3872.563095218604,-1,0
30,31015.93,0.5,12584.25,48,9.74,613,2,0,2267.0607587122377,-1,0
28,36133.66,0.0,12934.28,12,8.74,663,2,0,1881.5753320435686,-1,0
26,35546.07,3.7,19129.34,60,6.4399999999999995,778,1,1,2588.4223725611605,-1,0
56,159286.94,1.0,17581.15,36,8.879999999999999,656,2,0,12715.817178425887,-1,0
39,32243.6,21.7,9847.31,36,9.92,604,4,0,2369.5914035617534,-1,0
44,26488.1,11.3,18560.98,36,11.5,525,5,0,1595.274670787126,-1,0
20,80494.26,0.5,3032.11,36,12.76,462,4,0,6606.041387456005,-1,1
37,54771.74,16.3,45243.09,48,8.12,694,1,0,3457.2453862515204,-1,0
35,50754.56,10.3,9617.35,48,9.04,648,4,0,3990.0357968034155,-1,0
20,44405.01,2.0,11849.13,24,6.0600000000000005,797,2,0,3174.9364189600533,-1,1
43,15000.0,0.7,8934.23,24,11.82,509,2,1,830.1853794692547,-1,1
37,15000.0,6.6,56022.57,24,7.1,745,2,1,-1260.8154504992103,-1,0
45,104657.41,7.0,25298.14,60,9.719999999999999,614,6,0,8187.418844990115,-1,0
18,15000.0,13.5,17920.54,48,10.68,566,3,0,789.6142269256574,-1,1
37,40493.86,0.2,34776.16,36,10.4,580,6,0,2245.8172518247256,-1,1
18,54632.46,2.9,11616.54,36,10.02,599,0,0,4177.762841826306,-1,0
28,51770.41,10.5,5391.6,36,7.359999999999999,732,1,1,4146.834997916072,-1,0
45,36153.15,6.4,4701.15,48,7.0600000000000005,747,3,0,2900.056699831756,-1,1
18,87248.12,1.2,5791.64,24,10.04,598,1,2,7003.31492785631,-1,0
19,62065.79,7.8,9241.06,48,9.7,615,2,0,4939.10115483767,-1,0
47,80763.6,0.7,19326.55,24,9.799999999999999,610,3,0,5840.260748868784,-1,0
24,65562.95,2.8,7245.63,24,9.18,641,5,2,5131.965709663168,-1,0
25,127736.83,12.9,8339.64,48,9.16,642,0,0,10436.569368530165,-1,0
30,64016.25,3.6,8441.33,24,9.98,601,2,0,4945.240866082312,-1,0
29,28464.34,2.3,8452.65,48,9.32,634,0,1,2160.3970803639077,-1,0
61,31522.81,0.3,4081.82,36,9.52,624,3,0,2496.10993374454,-1,0
40,20228.39,5.1,4319.93,48,10.52,574,2,1,1575.0526283646984,-1,1
28,15000.0,2.5,13838.74,36,9.719999999999999,614,4,0,805.2797930114609,-1,0
35,15000.0,2.4,4598.73,48,10.879999999999999,556,3,0,1131.4112357010506,-1,1
38,18475.9,14.7,18476.14,48,7.4,730,1,0,1093.7872940457487,-1,1
22,15000.0,0.5,17832.73,48,10.28,586,4,0,795.3141878671622,-1,0
37,35346.11,1.4,8105.05,48,6.279999999999999,786,5,1,2754.119613968885,-1,0
46,30934.8,10.5,28866.11,48,12.84,458,2,1,1805.7849028165344,-1,0
41,95558.76,0.4,19570.74,48,10.06,597,4,0,7466.301359813185,-1,0
32,31240.06,6.9,42959.28,48,10.379999999999999,581,8,0,1505.9235189088388,-1,0
40,22774.82,5.6,5533.67,48,8.459999999999999,677,2,0,1761.6105682255936,-1,0
37,21082.46,1.7,10816.33,60,12.12,494,4,0,1515.6119643508555,-1,0
37,143407.84,5.2,15893.34,24,10.56,572,2,0,11213.141624592567,-1,0
35,18151.56,10.9,14340.57,36,8.58,671,2,0,1059.4017355131994,-1,0
21,58712.15,3.8,33134.42,36,9.2,640,4,2,3835.92652402781,-1,1
58,39416.06,15.1,51677.45,24,9.64,618,2,0,908.5970071713123,-1,1
36,77941.95,3.2,25128.66,12,11.299999999999999,535,3,1,4270.731929424674,-1,1
30,51682.04,0.5,23189.7,48,9.959999999999999,602,5,1,3719.131334072036,-1,0
18,54682.98,6.1,16244.83,48,8.66,667,3,0,4155.2792490264865,-1,1
38,79767.16,4.8,37791.44,48,6.5,775,3,1,5751.041112618066,-1,0
34,15000.0,3.2,10976.26,48,7.1,745,0,1,986.6502494643187,-1,0
26,70821.31,5.9,11825.73,48,6.74,763,4,0,5620.018327201945,-1,0
21,29890.8,4.0,22009.85,24,8.48,676,5,0,1490.6287707444026,-1,1
27,76450.98,7.6,18940.32,48,5.940000000000001,803,4,0,5926.621871453945,-1,0
42,23157.98,5.7,34666.96,48,8.76,662,5,1,1071.0881380540163,-1,1
25,88498.27,1.7,12695.53,24,8.16,692,3,0,6799.744519530042,-1,0
40,21932.87,4.2,2752.23,24,6.119999999999999,794,2,0,1705.6097819678262,-1,0
36,28380.96,11.4,10690.02,36,11.299999999999999,535,4,1,2013.5817845609579,-1,0
34,42504.78,1.9,10762.41,24,9.62,619,4,0,3047.3198669048065,-1,0
50,84015.6,7.0,10195.01,24,9.56,622,2,1,6532.919739723306,-1,0
25,36173.75,3.8,19352.26,36,5.0,850,2,0,2434.4745734639314,-1,0
52,21467.25,7.5,12071.58,36,7.84,708,3,0,1411.5484412851292,-1,0
44,23165.91,1.8,17187.59,36,10.84,558,5,0,1369.094265444041,-1,1
42,64824.74,0.2,100000.0,12,9.66,617,5,1,-3373.721822372436,-1,0
23,50493.92,1.9,5588.63,36,9.92,604,3,1,4027.70712979355,-1,0
26,94205.39,1.0,54274.98,60,8.4,680,3,0,6739.528858101947,-1,0
34,29369.66,6.8,20419.54,36,6.799999999999999,760,4,1,1818.841100584868,-1,0
58,39338.65,0.2,5000.08,48,5.919999999999998,804,5,0,3160.977115900547,-1,0
45,15113.02,0.8,21973.83,48,10.02,599,0,0,701.8941568236896,-1,0
29,15000.0,2.7,7637.64,24,10.64,568,4,1,895.3013075588065,-1,0
27,15000.0,1.3,8410.76,24,8.799999999999999,660,2,0,866.5279393649387,-1,1
18,43919.23,2.3,11693.41,24,10.08,596,1,1,3119.912421758444,-1,1
40,33214.59,1.8,22151.92,24,5.940000000000001,803,2,2,1786.694671031134,-1,0
35,37012.98,4.3,7299.21,36,9.86,607,2,1,2849.3695042198665,-1,0
30,42673.01,9.9,24704.73,48,12.84,458,1,0,2895.2782941455243,-1,1
35,16318.37,5.1,12912.72,48,6.26,787,3,0,1055.0669182678353,-1,0
29,43328.33,5.4,14504.29,36,10.34,583,5,1,3140.362819070712,-1,1
26,72349.16,5.7,14459.94,24,9.82,609,1,0,5363.044475892971,-1,1
41,32352.36,5.4,3594.74,48,9.459999999999999,627,2,0,2605.7875057003052,-1,1
28,29117.73,0.5,7131.07,60,10.06,597,3,0,2274.752724384051,-1,0
44,29353.13,5.1,12780.19,48,11.14,543,2,0,2114.91390166626,-1,0
35,32430.33,11.8,5468.99,36,9.36,632,2,0,2527.697310379822,-1,0
25,32737.21,1.5,8042.84,48,10.52,574,4,0,2522.099253651116,-1,1
33,81715.24,8.4,8766.5,48,8.44,678,7,0,6593.772227098946,-1,0
41,54009.5,2.2,27388.58,48,5.0,850,4,0,3870.0520173635273,-1,0
37,37633.11,6.4,7748.02,24,6.9,755,1,0,2789.5448052083325,-1,0
26,46329.83,2.3,46103.96,36,10.76,562,4,0,2356.669222564514,-1,0
18,49198.74,0.0,22337.9,36,6.359999999999999,782,3,0,3416.6831619372642,-1,0
46,129347.05,11.8,4394.43,60,10.36,582,1,0,10684.771873309131,-1,1
38,48705.11,22.4,42369.65,36,9.5,625,6,2,2701.5342976821416,-1,0
31,20104.68,10.1,5044.14,36,5.66,817,1,2,1522.7133596374244,-1,0
42,66179.47,23.1,30611.15,60,6.02,799,1,0,4922.871828098735,-1,0
31,30213.02,8.5,11112.28,36,5.0,850,3,2,2184.7066661884337,-1,0
27,117376.64,1.9,36817.73,48,9.959999999999999,602,2,0,8848.301018511265,-1,0
40,16484.25,21.6,11831.04,24,7.58,721,4,0,840.8650377850515,-1,0
34,24125.86,14.6,3341.75,48,12.54,473,1,1,1921.5986200301613,-1,0
18,42704.94,0.3,3686.63,36,9.219999999999999,639,4,0,3441.1333099427584,-1,0
24,16196.69,25.3,10558.61,12,8.94,653,2,0,426.65188389729053,-1,1
22,15000.0,6.1,7881.08,24,9.799999999999999,610,5,1,887.0552146500431,-1,0
55,25647.12,9.6,19202.81,48,12.2,490,1,0,1629.6886267092307,-1,1
30,49941.24,8.4,23876.06,60,11.379999999999999,531,4,0,3638.110417522077,-1,1
18,55989.74,6.6,21162.44,36,7.18,741,2,0,4010.633904305564,-1,0
43,16275.48,0.8,9068.62,60,10.12,594,3,0,1163.0727330312732,-1,1
35,22699.19,3.6,50749.09,24,9.02,649,5,1,-427.3256508818465,-1,0
41,28915.72,5.4,4605.74,48,9.66,617,1,1,2293.5804694843055,-1,0
36,15000.0,1.2,17472.7,60,11.48,526,0,0,865.9051811434417,-1,1
21,50126.02,4.2,7786.0,36,12.36,482,5,0,3917.2209258828916,-1,0
41,25057.72,8.1,17744.66,60,7.34,733,1,1,1733.9243613416425,-1,0
34,44123.3,8.5,16779.81,24,7.699999999999999,715,3,0,2920.3301340475955,-1,0
55,31080.13,0.1,36797.43,36,8.14,693,3,0,1434.5350877538324,-1,1
38,68749.52,5.4,5597.79,48,9.459999999999999,627,4,0,5588.599526410101,-1,0
33,52267.16,3.7,20043.42,48,9.66,617,4,0,3850.5102469971057,-1,0
31,22581.97,12.2,3450.89,36,9.54,623,4,1,1771.2241106991794,-1,0
36,30671.21,4.0,15409.72,48,7.140000000000001,743,3,0,2185.9275095212447,-1,0
34,22031.6,1.7,18333.57,48,5.0,850,3,0,1413.7575009386674,-1,1
44,40432.9,4.3,6993.22,60,7.0,750,3,0,3230.9341956769904,-1,0
23,18164.76,2.7,3186.28,12,11.86,507,0,0,1230.8415190702865,-1,0
40,19975.26,0.7,7800.87,36,11.14,543,3,0,1408.6970242658156,-1,1
49,41182.4,4.1,15234.46,48,9.68,616,1,0,3047.8183941128977,-1,0
41,81867.35,3.0,5121.09,12,9.94,603,3,0,6372.196889621603,-1,0
51,159233.87,0.5,4867.27,12,6.24,788,4,0,12850.043506263437,-1,0
48,68102.64,0.4,34206.52,48,11.78,511,6,0,4778.1216244532625,-1,0
32,15000.0,6.9,9185.49,48,7.32,734,4,0,1028.675727224466,-1,0
44,20842.41,3.9,9552.82,36,9.08,646,1,0,1432.7345725363307,-1,0
26,35019.39,3.6,6728.0,36,10.4,580,4,1,2699.923168883801,-1,0
23,32861.52,2.5,25550.64,48,10.959999999999999,552,1,0,2078.5865727958667,-1,1
32,80846.94,6.2,3053.62,36,8.459999999999999,677,1,0,6640.9063243244,-1,0
38,15000.0,1.1,12424.69,12,9.84,608,4,1,158.59671689454535,-1,1
28,38319.45,1.3,8776.13,24,9.1,645,1,1,2791.9494778815124,-1,0
36,58158.64,3.7,30211.08,36,7.219999999999999,739,2,0,3910.68103032763,-1,0
32,162738.15,2.2,46086.94,24,5.120000000000001,844,4,0,11537.136704621313,-1,0
28,15000.0,29.6,12491.02,24,11.7,515,2,0,663.7527561651341,-1,0
30,130650.66,1.6,5811.02,12,11.94,503,2,0,10371.416004643552,-1,0
40,29751.75,1.0,6006.95,36,12.32,484,3,0,2278.876464584328,-1,0
29,54467.17,2.9,20681.86,24,8.64,668,2,0,3597.4978433889237,-1,0
36,17933.51,9.4,59359.48,36,6.959999999999999,752,2,0,-337.3038388427183,-1,1
26,26843.37,3.3,17067.95,36,7.859999999999999,707,2,0,1703.2016249350445,-1,0
33,82436.48,3.3,7486.07,24,10.1,595,6,0,6523.916897139747,-1,0
36,16972.58,1.8,3916.32,24,7.879999999999999,706,4,0,1237.471383142207,-1,0
32,28850.79,5.1,10613.8,12,11.06,547,8,1,1465.8701777315655,-1,0
36,32468.98,10.2,15396.31,12,11.68,516,0,0,1340.108579943888,-1,0
32,23950.13,9.5,15363.28,36,9.64,618,4,1,1502.7069461900505,-1,0
66,90993.7,2.7,21881.47,36,8.299999999999999,685,3,0,6894.090251777612,-1,1
31,35777.24,2.7,11425.23,48,6.74,763,3,0,2709.2213943936213,-1,0
21,30950.59,1.5,18380.85,48,8.6,670,0,0,2125.290768996161,-1,0
26,31955.42,8.0,10471.49,12,5.919999999999998,804,7,2,1762.0929057370972,-1,0
31,15000.0,0.9,6982.64,60,6.719999999999999,764,2,0,1112.6559352107267,-1,0
40,29535.82,4.4,20028.85,36,7.959999999999999,702,1,1,1834.0564924231167,-1,0
26,55146.89,0.6,20038.59,24,12.82,459,4,0,3644.596402232354,-1,0
42,20522.6,2.7,4474.72,36,8.66,667,5,0,1568.6287907110634,-1,0
43,131123.41,5.2,16361.15,36,9.68,616,2,0,10401.477197726985,-1,0
36,16601.32,2.9,10914.99,36,8.719999999999999,664,0,0,1037.7702133220987,-1,0
29,38201.94,5.0,6834.92,36,7.9399999999999995,703,3,0,2969.5025835545202,-1,0
25,137395.95,3.9,15732.83,36,10.58,571,3,2,10937.713396236633,-1,0
32,15000.0,22.1,21733.15,24,8.6,670,2,0,261.11051696316565,-1,1
30,18111.86,9.9,77040.29,36,11.36,532,2,0,-1026.0329170333089,-1,1
23,15000.0,2.5,22765.62,48,8.82,659,1,0,685.420363034624,-1,0
33,30289.15,2.7,20246.63,24,7.359999999999999,732,2,0,1614.294082434033,-1,0
35,90464.42,0.1,50418.33,48,8.32,684,3,0,6300.255574898711,-1,0
35,15000.0,0.4,11296.41,36,8.74,663,5,0,892.1425693504984,-1,0
26,87463.27,4.8,3339.65,48,9.2,640,7,1,7205.18098354261,-1,0
18,27268.18,4.4,10997.3,48,11.18,541,2,0,1987.1550986267798,-1,1
40,30529.81,1.4,4925.15,36,6.359999999999999,782,3,0,2393.513540470769,-1,0
38,25098.41,5.3,49000.69,60,9.62,619,2,0,1059.5525603245676,-1,0
32,15000.0,15.0,8589.92,48,8.02,699,4,0,1040.2142982103894,-1,0
66,43991.65,6.0,8391.33,60,8.219999999999999,689,3,0,3494.9400335740756,-1,0
31,19326.41,5.1,100000.0,24,8.16,692,5,0,-2919.4958029627333,-1,0
35,76167.89,2.8,5101.91,36,7.379999999999999,731,1,0,6188.904068313522,-1,1
36,43621.27,6.1,5172.16,48,8.36,682,2,0,3507.9624531407003,-1,0
28,45102.32,12.1,7720.01,36,7.039999999999999,748,4,1,3520.0139563228613,-1,0
18,55956.76,17.4,24230.7,48,11.42,529,1,1,4031.8545445223913,-1,1
37,22861.37,7.1,26090.4,48,6.18,791,5,0,1290.224909548021,-1,0
38,18325.51,2.6,27365.08,48,9.6,620,4,1,838.3216508290949,-1,0
38,31600.61,11.4,14805.7,36,6.84,758,1,0,2177.3094585329513,-1,0
30,23954.47,2.2,18120.68,24,8.6,670,5,1,1171.6889143650337,-1,1
32,152950.09,4.8,9438.03,48,8.2,690,2,0,12514.543866265465,-1,0
23,56283.26,4.2,16996.41,12,5.32,834,3,0,3232.7581902035954,-1,0
35,79897.8,0.3,4047.78,12,9.7,615,2,1,6302.8503581359455,-1,0
42,71046.9,0.3,17547.26,48,8.26,687,3,0,5490.050329264416,-1,0
25,38880.27,4.8,12600.03,12,11.98,501,2,0,2120.6429819004697,-1,0
37,17484.48,2.7,2833.58,48,12.18,491,1,1,1382.1702979253803,-1,0
29,48796.31,4.5,19475.54,36,8.299999999999999,685,3,0,3453.367601380526,-1,0
47,21832.99,4.0,16558.14,48,7.719999999999999,714,2,0,1417.3559935619405,-1,0
23,118040.19,1.0,14360.26,36,8.16,692,7,0,9385.623443870856,-1,0
36,27336.67,4.3,6563.96,60,7.24,738,1,0,2147.3370203402437,-1,0
42,20277.48,1.5,25768.23,12,5.0,850,1,0,-516.1632804460405,-1,1
37,176472.89,4.2,9843.38,48,10.28,586,3,0,14455.094915064017,-1,0
46,64895.97,3.6,36103.72,36,10.7,565,3,0,4231.130642060868,-1,0
46,50154.31,2.6,54281.73,24,5.239999999999998,838,4,0,1792.2722482196664,-1,0
30,124977.98,5.3,28052.97,48,8.959999999999999,652,3,0,9717.26501825246,-1,0
33,24008.16,3.4,6328.94,36,6.32,784,4,0,1807.2224001037475,-1,0
35,51246.51,5.4,17731.18,36,11.5,525,4,0,3685.838994258418,-1,0
43,105191.25,5.0,11157.2,36,10.68,566,3,1,8402.353529254471,-1,0
28,46958.32,2.1,9893.29,36,10.2,590,3,0,3593.0349181070746,-1,0
46,39443.9,0.9,22413.66,36,8.12,694,5,0,2583.3875806165142,-1,0
43,26196.12,1.2,6938.22,24,9.68,616,5,0,1863.8701248129616,-1,0
36,71308.15,1.1,28039.33,48,7.9,705,5,0,5259.139256954011,-1,0
18,16770.37,10.5,47276.75,60,7.16,742,5,0,457.821566678669,-1,0
40,44173.27,8.8,10270.98,36,10.52,574,1,0,3347.177016190559,-1,0
49,44516.26,0.3,22743.2,36,9.94,603,5,1,2976.4697428294976,-1,0
25,124789.4,2.9,7905.61,48,12.9,455,1,0,10187.421111894166,-1,0
48,38621.91,7.6,9178.03,36,7.58,721,3,0,2932.6613612090373,-1,0
18,93504.26,2.4,24678.12,24,6.799999999999999,760,2,0,6689.35475540014,-1,0
44,59412.08,7.9,33045.96,48,7.18,741,3,0,4156.917399897626,-1,0
46,58394.95,3.4,4380.83,36,10.26,587,6,2,4724.353406959565,-1,1
46,30645.42,5.0,6715.86,48,7.82,709,4,0,2390.3980782989183,-1,0
34,33866.03,11.8,6815.66,48,9.7,615,2,0,2650.2867189493677,-1,0
28,18989.33,4.2,16786.42,24,9.799999999999999,610,1,0,809.3846870402423,-1,0
32,35744.41,1.9,15839.81,24,9.04,648,5,0,2254.772457291054,-1,0
27,19952.85,2.3,6186.59,48,7.58,721,0,0,1512.9214672433686,-1,0
33,16512.79,0.1,19618.8,48,6.0,800,5,1,915.3177454476854,-1,0
33,38878.32,4.5,10263.88,48,9.56,622,3,0,2981.704954009973,-1,1
39,89307.51,1.8,23162.26,36,7.98,701,6,0,6716.685140885227,-1,0
33,33354.87,1.7,3165.15,36,10.28,586,1,0,2677.0254213940243,-1,0
28,26373.26,1.2,12937.54,36,10.82,559,3,0,1775.3151670688057,-1,0
53,37056.32,0.3,28819.86,24,11.14,543,1,0,1742.9212829523635,-1,0
30,36036.79,1.7,6899.6,36,7.42,729,4,1,2788.698781705751,-1,0
20,26857.47,1.6,6607.92,24,7.26,737,5,0,1941.489399026143,-1,1
40,65021.75,2.7,12383.74,60,9.62,619,5,0,5157.670759729481,-1,0
53,52397.25,2.7,10503.18,60,10.94,553,2,1,4138.387072877291,-1,0
19,60243.46,4.4,11191.43,24,7.92,704,3,0,4514.538506014096,-1,0
27,24968.87,3.0,20733.77,48,5.0,850,4,1,1603.2550905104017,-1,1
19,40893.17,7.4,25956.24,36,13.28,436,2,0,2529.691156917292,-1,1
18,26440.51,14.9,4843.09,36,6.5600000000000005,772,3,0,2054.80765532744,-1,0
52,27853.42,3.1,3359.65,48,8.299999999999999,685,6,1,2238.6255280751348,-1,1
18,27231.17,0.1,15677.93,36,6.9,755,7,0,1785.8917008500594,-1,1
28,35414.23,7.6,28344.36,36,10.0,600,1,1,2036.5930633238113,-1,0
53,15000.0,10.5,23304.13,36,10.959999999999999,552,3,0,487.49404390899736,-1,0
32,15000.0,5.5,19033.38,36,8.6,670,5,0,648.2807297698138,-1,1
32,17530.07,1.0,3984.49,12,9.58,621,5,0,1111.3170383428408,-1,0
46,35922.42,1.3,32388.3,36,7.219999999999999,739,2,0,1990.2172466644815,-1,1
32,60240.36,7.4,9211.06,48,8.04,698,6,1,4794.988119732993,-1,1
43,94932.82,5.8,10842.28,36,9.7,615,2,0,7562.743582466904,-1,0
39,41931.36,5.5,20833.93,36,10.48,576,5,0,2817.322826885779,-1,0
20,15000.0,6.5,16528.83,48,7.959999999999999,702,4,0,846.7932316611669,-1,0
38,49531.45,15.5,42642.78,60,8.36,682,3,0,3255.6133918113683,-1,1
18,161708.71,11.3,6650.91,12,10.62,569,4,1,12889.085607324754,-1,0
32,59857.03,1.7,28330.65,60,9.7,615,2,1,4390.316663608417,-1,1
33,19832.54,4.1,3340.73,36,8.1,695,5,1,1547.871147560024,-1,0
51,91251.35,8.2,10312.57,48,5.0,850,4,0,7366.787964668824,-1,0
36,47142.82,0.6,10986.78,36,10.299999999999999,585,3,0,3572.5063630091886,-1,1
32,45215.72,8.5,10666.57,36,8.68,666,0,0,3430.3689539846246,-1,0
18,55216.47,1.4,34861.12,36,5.0,850,2,0,3556.5534595266017,-1,0
39,37752.89,0.6,7469.66,36,7.799999999999999,710,3,1,2912.6907389028065,-1,0
43,129692.96,5.9,9358.64,48,11.4,530,2,1,10564.045768866563,-1,0
30,64568.22,2.2,27601.9,24,7.82,709,3,0,4134.590572861967,-1,0
36,22873.47,0.3,42577.8,24,8.299999999999999,685,3,0,-25.38701224108968,-1,0
25,83921.66,31.4,8195.8,36,8.54,673,4,0,6734.598509865265,-1,0
36,25506.77,0.1,12407.59,24,8.14,693,1,1,1563.6099007569642,-1,0
44,15000.0,5.2,20353.25,24,6.619999999999999,769,3,0,342.23472094499186,-1,0
40,48060.42,7.1,2946.9,60,8.1,695,3,0,3945.1413600270253,-1,0
32,26911.21,1.7,100000.0,48,7.6,720,5,0,-179.95887138920716,-1,1
38,21934.26,2.7,6554.08,36,7.379999999999999,731,0,0,1624.3433743118997,-1,0
36,15000.0,19.0,19009.76,12,11.42,529,2,1,-433.84058627700347,-1,1
39,31275.71,0.7,10918.11,48,9.0,650,3,0,2334.6115366733934,-1,0
27,68687.52,7.2,20087.86,36,11.92,504,4,3,5057.522882780593,-1,1
26,144274.77,2.4,19328.49,36,7.24,738,3,1,11423.966605585018,-1,0
28,215828.24,0.2,17439.58,36,9.24,638,3,1,17429.162647594098,-1,0
35,15000.0,1.3,13581.29,60,9.9,605,4,0,962.1055246631545,-1,0
31,15000.0,14.9,14137.61,60,8.82,659,4,0,957.7599850840834,-1,0
25,48126.28,2.1,21733.82,48,5.0,850,2,0,3510.008812141743,-1,0
27,80776.25,8.4,9713.14,60,8.86,657,2,0,6530.384688600508,-1,0
40,40974.04,0.5,4201.92,48,8.28,686,3,0,3311.369021117,-1,0
18,18187.67,1.7,5860.01,24,5.940000000000001,803,6,0,1256.078348027206,-1,0
20,34476.17,4.8,8044.66,24,9.06,647,5,0,2505.2744460181702,-1,0
32,17974.45,13.7,11048.15,36,8.299999999999999,685,5,0,1150.1309112558934,-1,0
40,67675.83,0.8,17811.78,60,7.48,726,3,0,5282.910225941035,-1,0
25,34805.13,0.9,17910.35,48,8.4,680,6,0,2459.812858520148,-1,0
20,147055.26,8.2,6603.43,48,7.959999999999999,702,2,0,12093.519934072667,-1,0
38,38408.3,2.5,7216.52,36,5.460000000000001,827,3,0,2982.9125113473174,-1,0
29,38948.35,5.6,7756.19,12,8.94,653,5,0,2567.6213510962766,-1,0
27,36754.97,11.7,7313.56,48,11.56,522,5,1,2871.8962853439893,-1,0
42,29851.28,1.5,9146.98,36,8.58,671,7,0,2198.519840222845,-1,0
43,69518.76,11.7,30285.0,48,9.92,604,3,1,5026.287172791703,-1,0
22,15000.0,7.1,3895.06,48,8.42,679,0,1,1154.1404269514537,-1,1
43,25944.26,1.7,11559.01,36,6.02,799,5,0,1810.2694298339725,-1,0
55,30956.14,1.0,12348.12,12,6.779999999999999,761,1,0,1512.4876272302972,-1,0
29,51922.76,5.6,17254.93,36,7.92,704,3,0,3786.826451004018,-1,0
48,29320.95,3.8,74630.96,24,10.48,576,8,1,-1016.9850977421133,-1,1
40,65982.33,1.7,12367.08,36,11.9,505,5,0,5088.353899083528,-1,1
42,41867.85,3.4,5162.89,24,9.52,624,4,0,3251.8885028560867,-1,0
20,27081.51,19.4,14667.63,36,11.82,509,5,2,1770.8773293859706,-1,0
32,37222.09,4.8,16504.71,24,6.34,783,2,1,2367.8108305696915,-1,0
27,42915.6,3.7,32592.36,48,9.5,625,2,1,2757.477685291654,-1,0
45,36914.86,1.7,30755.83,36,8.879999999999999,656,2,0,2099.9279552141297,-1,0
31,241513.72,3.0,7137.71,24,10.32,584,3,0,19795.719025837905,-1,0
34,84808.22,1.7,77854.47,36,9.48,626,4,0,4574.17114778241,-1,1
29,55531.79,2.5,44835.11,48,10.28,586,2,0,3484.476562000129,-1,1
45,21207.18,3.1,33604.89,24,6.299999999999999,785,2,0,273.32894894759465,-1,0
32,20500.34,3.0,4082.11,36,5.579999999999998,821,1,0,1584.9513242574471,-1,0
30,36207.57,2.1,35647.29,48,12.12,494,4,0,2076.465959001331,-1,0
32,93118.6,4.2,8098.64,48,9.54,623,6,0,7556.265361081561,-1,0
35,39980.17,0.5,17796.84,60,9.26,637,2,0,2959.997945338537,-1,0
41,19231.26,5.1,14488.52,36,8.1,695,3,0,1147.9187613973659,-1,0
27,46293.08,5.8,12618.19,48,12.42,479,4,0,3522.863304312644,-1,1
28,30767.17,17.0,10762.12,48,10.62,569,3,0,2287.7600755100143,-1,0
28,21465.09,1.8,22616.38,36,7.26,737,5,0,1087.7376567299748,-1,0
19,37249.56,1.3,57419.95,36,11.22,539,4,2,1218.2866179063412,-1,0
53,23263.97,6.5,6321.3,36,12.5,475,1,1,1727.1937633085697,-1,1
33,43858.45,13.9,12999.44,36,14.02,399,3,0,3210.4545013469906,-1,0
47,112301.91,1.6,45882.43,48,7.5600000000000005,722,4,0,8247.820533462891,-1,0
32,51291.38,9.0,11001.96,48,12.6,470,6,0,3981.3061641502445,-1,1
40,24021.19,6.4,32458.93,36,8.24,688,3,0,981.0233630237559,-1,0
27,15000.0,3.5,46468.65,36,9.76,612,2,0,-244.18206002017928,-1,0
30,15000.0,0.2,6825.03,48,8.74,663,4,1,1081.0001852722996,-1,0
35,15449.54,4.9,4966.49,36,11.74,513,3,0,1123.1191934543838,-1,0
35,62860.7,2.8,13885.56,48,10.2,590,5,0,4884.882802349984,-1,0
37,140152.86,2.1,18634.53,36,8.42,679,3,1,11091.84930385929,-1,0
39,28669.11,0.5,3327.26,48,9.78,611,3,0,2305.0556931497836,-1,0
34,73783.07,3.6,19179.36,36,10.16,592,5,0,5528.283430988047,-1,1
33,34463.4,16.0,35474.78,24,6.1,795,2,0,1298.0871368353673,-1,1
36,58041.16,2.4,4145.04,36,8.98,651,3,0,4704.990749173553,-1,0
49,28087.62,3.5,21910.07,48,10.799999999999999,560,3,0,1776.4834732277754,-1,0
26,39235.14,0.7,100000.0,36,10.299999999999999,585,4,0,28.773118391878143,-1,0
29,31120.01,11.9,27585.5,60,10.26,587,2,1,2003.6885515858726,-1,0
26,117058.52,4.6,11815.82,48,10.2,590,4,1,9454.060775253549,-1,0
35,22894.64,0.9,22386.11,36,5.100000000000001,845,4,0,1235.9493188280417,-1,1
34,65034.97,2.5,33146.73,36,10.379999999999999,581,5,1,4344.10570597457,-1,0
45,55083.76,6.6,41019.03,24,8.799999999999999,660,4,0,2720.1313332107056,-1,0
47,15000.0,2.3,43634.94,48,6.379999999999999,781,3,0,217.6127504693177,-1,0
18,33226.68,2.5,34473.74,36,9.379999999999999,631,4,0,1666.5271967980805,-1,0
27,33377.9,2.0,13602.87,48,6.139999999999999,793,1,1,2461.1540119948954,-1,0
28,48457.86,0.5,31851.67,12,14.94,353,2,1,1164.1787347241216,-1,0
36,28808.7,5.2,13551.65,36,12.26,487,3,0,1948.9315849476407,-1,0
23,64685.43,12.3,23052.53,24,12.0,500,2,0,4305.289869369025,-1,1
40,15000.0,0.9,5983.62,60,9.44,628,2,1,1124.5082188825202,-1,0
19,81234.07,3.7,9845.94,36,9.48,626,2,0,6454.2033748090735,-1,0
31,30874.69,3.1,14511.38,48,11.82,509,7,0,2192.0317754899747,-1,0
29,108749.06,11.3,20702.8,60,11.02,549,1,0,8612.08610937458,-1,0
27,55648.83,5.9,17429.85,60,7.219999999999999,739,0,0,4290.458557515908,-1,0
32,84683.15,2.1,7183.09,48,6.58,771,3,0,6886.317362983453,-1,0
33,19658.66,5.7,8116.42,36,8.06,697,6,0,1383.6578475566037,-1,0
38,91241.91,15.2,2689.34,48,5.940000000000001,803,3,0,7540.407225710862,-1,0
25,82538.98,4.0,14382.1,36,8.54,673,2,0,6423.974238256166,-1,0
34,19049.53,2.9,24743.14,12,6.82,759,2,2,-551.4299211743676,-1,1
32,60529.74,5.8,11571.05,36,10.5,575,4,0,4668.057601085093,-1,0
35,126657.89,3.6,10124.15,36,8.459999999999999,677,2,0,10235.417297658369,-1,0
34,122312.43,4.7,9747.46,24,9.9,605,2,0,9743.356436292286,-1,0
18,25453.68,3.9,42955.12,24,9.08,646,4,1,157.16934983239162,-1,1
33,17314.41,1.6,14434.92,48,7.34,733,0,0,1094.9238118878213,-1,1
37,58081.97,9.7,39669.37,48,8.74,663,2,2,3857.8803993624065,-1,1
25,31668.72,4.9,3845.24,24,9.92,604,2,1,2461.7636311805018,-1,0
29,24276.49,10.7,6768.48,48,12.56,472,3,0,1842.9340971299134,-1,0
43,34540.58,0.9,8488.27,36,6.539999999999999,773,1,0,2618.0700863027873,-1,0
39,16005.62,1.0,17953.14,12,5.759999999999998,812,2,0,-209.3812597711094,-1,0
48,32958.44,3.2,4680.21,36,8.9,655,4,0,2597.9249671804764,-1,0
18,22154.82,0.1,40046.12,12,7.82,709,6,2,-1633.982084099637,-1,0
33,15000.0,5.1,27320.68,60,11.26,537,3,0,652.4335659638066,-1,1
45,84733.63,2.8,16773.15,24,9.34,633,3,0,6292.239567358763,-1,1
36,59151.16,2.1,15034.15,36,11.78,511,0,0,4431.492677168059,-1,0
25,53028.23,0.4,5311.17,24,8.6,670,4,0,4177.3533172329335,-1,0
23,37396.88,4.3,4340.92,60,8.9,655,2,1,3026.5068397773034,-1,0
49,64602.05,2.4,6883.72,60,13.14,443,3,0,5226.38460261999,-1,0
29,47284.73,2.1,13467.12,48,6.24,788,1,0,3622.6344851343915,-1,0
23,48403.25,24.3,6924.97,60,6.859999999999999,757,6,0,3896.938409073377,-1,0
36,58862.42,2.4,19201.37,60,7.6,720,1,1,4519.53250694858,-1,0
27,36491.96,5.7,16899.04,48,6.76,762,3,0,2638.2071346022767,-1,0
28,78679.22,11.2,78154.84,24,8.5,675,4,0,3004.0206692199204,-1,0
37,15000.0,11.1,53478.73,12,10.24,588,1,0,-3457.601488413993,-1,1
37,36772.25,6.0,18095.14,36,7.08,746,5,0,2504.966667583311,-1,0
37,17518.24,5.1,16950.16,36,8.94,653,3,0,921.3159813620207,-1,0
31,88408.29,4.6,18037.9,24,10.24,588,4,0,6533.000426954388,-1,0
38,15000.0,14.7,33543.33,48,10.06,597,3,0,398.2876291730619,-1,0
28,45097.92,0.3,15459.99,36,8.54,673,1,1,3269.8395901049184,-1,0
32,35611.95,0.5,9593.04,36,8.08,696,2,1,2666.697330182586,-1,0
29,51285.35,17.9,13536.32,12,14.52,374,0,0,3055.0776082336633,-1,0
28,16675.64,0.1,79441.67,60,12.44,478,4,0,-395.2136856861557,-1,0
46,83554.38,3.6,38628.84,48,6.82,759,3,0,6041.071859091663,-1,0
26,68486.83,1.6,4386.67,48,10.06,597,2,0,5595.852106501936,-1,1
18,79097.97,5.9,21310.3,60,6.0600000000000005,797,2,0,6178.914896560646,-1,0
37,59492.41,0.8,6558.25,60,9.9,605,2,0,4818.679875612979,-1,0
45,57222.76,2.9,5306.61,48,5.379999999999999,831,3,0,4645.440289281448,-1,0
24,28973.2,4.3,12925.42,48,9.4,630,2,0,2090.323133580624,-1,0
24,15000.0,6.6,12706.31,24,10.32,584,4,0,661.7898201843126,-1,1
22,24003.58,6.7,4089.22,36,5.0,850,6,0,1877.740741474993,-1,0
24,76725.14,15.1,21302.28,12,6.279999999999999,786,3,0,4557.607798393562,-1,0
31,35271.76,2.5,9263.89,12,14.46,377,0,0,2105.5289635123104,-1,0
33,34907.11,2.2,79775.97,24,8.379999999999999,681,3,0,-712.9670618524037,-1,1
38,75136.22,28.4,12885.73,36,5.98,801,3,0,5869.459554837259,-1,0
24,37553.51,21.4,5332.12,60,7.58,721,1,1,3022.411599829408,-1,0
37,16555.85,4.8,22965.99,36,5.98,801,3,1,681.1923549297248,-1,0
43,56024.51,0.3,11331.3,36,10.74,563,0,0,4299.130568243294,-1,1
36,35138.72,3.4,47927.59,24,12.299999999999999,485,1,0,665.3881755267175,-1,0
54,66961.95,1.9,26485.22,12,10.74,563,1,1,3242.56566876099,-1,1
29,84353.47,24.0,14156.4,48,5.120000000000001,844,2,0,6702.6738570631705,-1,0
18,33614.74,9.3,6312.36,48,5.52,824,2,0,2654.367547024421,-1,0
38,15000.0,14.0,16466.46,36,8.219999999999999,689,5,0,732.3281720454119,-1,1
35,69676.69,3.4,20601.28,60,8.54,673,3,1,5383.326753890547,-1,0
26,97375.72,8.2,32233.73,24,9.54,623,7,0,6634.0545545909235,-1,0
37,79218.41,1.4,4276.41,36,10.64,568,3,0,6462.257917673545,-1,1
26,124303.18,0.5,30764.57,36,10.879999999999999,556,5,0,9353.153156000453,-1,0
28,152673.45,1.7,14311.47,24,8.459999999999999,677,2,0,12072.511813154804,-1,0
32,70627.1,2.2,18662.26,48,8.54,673,1,0,5425.246105995131,-1,0
40,104450.44,1.4,6281.92,60,7.779999999999999,711,2,0,8577.489031712377,-1,0
40,33964.49,2.8,12017.85,48,6.42,779,3,0,2545.814635505513,-1,0
36,15219.1,1.5,24832.6,48,8.28,686,3,0,658.752887836199,-1,0
18,15000.0,6.3,40995.31,24,10.98,551,7,0,-660.3221365684885,-1,1
28,24651.63,4.4,20020.89,12,9.24,638,3,0,301.2170915143579,-1,0
28,52292.38,0.9,5922.24,48,8.64,668,3,1,4211.333408167323,-1,0
22,28014.54,10.0,7053.68,24,9.44,628,7,0,2010.873583984771,-1,1
46,32896.8,0.7,31407.34,24,8.219999999999999,689,1,0,1317.7776448326724,-1,0
42,60767.49,5.6,36026.95,24,9.68,616,0,1,3406.8125368293795,-1,0
22,15000.0,8.1,14312.31,36,12.799999999999999,460,7,0,769.1392985205835,-1,0
37,178864.22,6.4,6314.05,60,8.94,653,4,0,14774.466161835478,-1,0
44,24082.27,5.1,4632.96,36,8.58,671,3,0,1860.432893363948,-1,0
47,36742.54,4.6,11911.2,36,11.6,520,2,0,2668.527795330894,-1,1
39,59078.14,7.1,22224.76,60,6.859999999999999,757,6,1,4484.567962063995,-1,0
18,27174.99,2.4,28018.99,12,8.62,669,2,0,-180.78488333487348,-1,0
28,71373.72,0.1,77395.02,48,7.719999999999999,714,0,0,4068.5271010570177,-1,0
31,44100.9,1.1,8581.53,36,10.16,592,1,0,3397.5280808171838,-1,0
51,23872.63,0.6,28635.61,60,7.84,708,1,0,1410.9491618759746,-1,0
27,17417.45,19.4,8949.2,60,9.299999999999999,635,2,0,1264.3777870452261,-1,0
36,254807.75,7.6,50843.69,24,9.98,601,5,1,18888.27014611488,-1,0
28,18295.47,3.6,38745.15,48,9.76,612,4,0,546.4050854698825,-1,0
33,29959.97,2.2,12798.87,24,8.5,675,5,0,1914.8828930975415,-1,0
47,58041.82,8.7,59798.28,24,9.459999999999999,627,5,1,2092.3112240423934,-1,0
46,240056.19,11.1,5043.05,36,8.68,666,1,0,19845.06487451766,-1,0
19,77998.03,0.9,10520.91,48,7.0600000000000005,747,5,0,6247.606574524726,-1,0
34,34522.16,1.0,3354.95,36,9.28,636,4,2,2769.722413903442,-1,1
25,108957.03,2.6,33202.27,24,6.34,783,3,0,7603.115689061839,-1,0
55,37662.28,1.8,39364.36,12,13.54,423,4,0,-387.37475693790884,-1,1
34,15000.0,1.5,84884.17,48,6.879999999999999,756,3,1,-777.9346023559181,-1,1
31,30155.84,0.5,16571.2,24,7.32,734,5,0,1768.6450049061536,-1,0
22,93403.34,1.8,8767.55,48,9.36,632,2,0,7563.929007116243,-1,0
29,19975.38,5.6,4861.74,12,12.56,472,1,0,1231.3806114268434,-1,0
43,20468.92,0.6,6775.28,36,8.5,675,4,1,1491.864428378253,-1,0
23,17447.84,7.0,22932.49,12,9.76,612,1,0,-559.5846691102706,-1,1
41,105699.05,2.2,8358.97,36,10.02,599,1,0,8538.455220344513,-1,0
31,36747.83,3.7,15933.77,48,9.799999999999999,610,5,0,2659.726294527641,-1,0
37,23785.71,3.0,3281.77,36,9.2,640,0,2,1877.477347568392,-1,0
29,41067.47,7.7,9766.58,36,9.4,630,2,0,3109.893144752643,-1,0
38,56938.79,1.4,57497.84,36,8.7,665,5,1,2924.5007166510163,-1,0
18,248736.08,2.0,10756.66,48,7.16,742,0,0,20469.625814596264,-1,0
61,17839.04,5.5,3956.53,48,9.06,647,1,0,1388.0154896043996,-1,0
43,38257.11,1.2,10383.45,36,9.2,640,2,0,2856.9341991391902,-1,0
40,107202.95,5.3,2992.95,24,8.44,678,3,0,8797.614737476353,-1,0
45,81553.37,3.1,5688.47,48,5.600000000000001,820,7,0,6663.56100478699,-1,0
38,23217.33,1.1,21952.88,48,9.74,613,4,0,1380.7328548166984,-1,0
33,17314.41,1.6,14434.92,48,7.34,733,0,0,1094.9238118878213,-1,1
22,20040.36,0.4,1451.59,48,7.359999999999999,732,1,0,1635.0269097757234,-1,0
28,15000.0,5.0,32262.68,12,6.34,783,5,1,-1531.7780834482464,-1,1
22,42146.56,14.2,5483.51,48,10.52,574,3,0,3371.7639743751497,-1,0
39,29915.4,19.2,6237.44,36,10.08,596,4,0,2291.4509991811033,-1,1
39,57374.65,10.7,8770.33,24,5.280000000000001,836,2,0,4395.3535524308845,-1,0
20,43782.76,12.0,12125.01,60,6.34,783,4,0,3412.231226050647,-1,0
26,292405.89,5.7,17084.42,48,14.76,362,2,0,23893.761170255482,-1,0
51,39778.85,5.2,32243.64,48,10.799999999999999,560,2,0,2484.6786705959576,-1,1
42,159871.7,6.8,10524.99,36,10.84,558,1,0,12978.8639290828,-1,1
48,129189.43,1.1,26912.0,24,11.2,540,4,1,9508.975318976854,-1,0
56,64601.28,14.6,2188.62,24,7.5600000000000005,722,3,0,5284.893269152328,-1,0
28,15000.0,10.6,88386.68,60,10.62,569,3,1,-655.0329377894916,-1,1
70,72824.08,9.3,34609.5,12,10.799999999999999,560,5,0,3013.0561095933963,-1,1
22,113019.05,3.1,15710.7,48,8.82,659,1,1,9028.63414742397,-1,0
25,15946.36,2.3,6793.16,48,7.219999999999999,739,4,0,1165.4983934719419,-1,0
35,23535.85,11.6,14376.91,48,5.0,850,4,1,1630.2307523045686,-1,0
41,15000.0,0.5,7492.13,12,7.0600000000000005,747,5,0,601.5231190090431,-1,0
45,68614.3,3.2,5831.33,36,7.84,708,1,0,5535.555756557485,-1,0
44,25238.41,11.3,10527.13,24,11.2,540,3,0,1611.5759942281936,-1,0
39,97844.76,7.7,10276.51,24,10.34,583,3,0,7677.906925166764,-1,1
40,78632.38,10.5,20924.58,60,6.16,792,0,0,6146.609006317105,-1,0
54,17342.38,7.1,14694.77,48,7.5600000000000005,722,3,0,1089.4833222994691,-1,0
41,16861.56,3.9,4480.54,36,11.32,534,4,0,1257.7629542801712,-1,0
35,18545.69,2.7,9511.74,24,12.18,491,7,0,1096.9235742787805,-1,1
33,64498.92,2.0,6812.51,36,7.08,746,5,0,5164.310196330045,-1,0
23,21719.72,9.9,9590.44,12,5.600000000000001,820,3,0,986.3239174479279,-1,0
33,15000.0,1.2,3295.88,12,8.54,673,1,1,962.4730137950637,-1,0
53,77413.92,2.6,13348.36,36,8.6,670,2,1,6029.166353155886,-1,0
55,55082.75,7.4,5441.83,48,10.94,553,3,0,4449.740736732745,-1,0
19,31828.21,3.6,24410.33,60,9.459999999999999,627,4,0,2140.165501595004,-1,0
42,70279.49,0.4,12101.25,60,9.4,630,3,1,5603.066363819493,-1,1
30,82102.84,7.3,13187.59,36,7.859999999999999,707,6,0,6429.503381110139,-1,0
30,66481.51,9.1,9379.69,36,8.76,662,2,0,5242.900797173006,-1,0
34,51527.72,3.4,20715.6,48,9.2,640,1,1,3776.4985422150885,-1,0
41,66471.19,2.9,8029.84,48,8.879999999999999,656,7,0,5339.900152353834,-1,0
36,48800.73,2.4,6229.03,36,9.02,649,4,0,3868.588024771262,-1,0
39,45449.38,1.2,33828.07,48,8.78,661,1,0,2949.164738311953,-1,0
29,145474.94,6.7,3626.44,48,9.379999999999999,631,0,0,12032.011790935412,-1,0
40,29826.46,13.6,7636.97,24,10.56,572,4,0,2131.1537424102185,-1,0
29,16998.33,6.0,38769.8,48,7.84,708,3,1,472.9524631889029,-1,1
36,62503.18,6.6,74766.65,24,10.959999999999999,552,3,0,1725.2747329715144,-1,0
40,28227.79,2.3,25668.19,36,11.54,523,1,0,1505.3930467690202,-1,1
35,32663.34,7.8,2741.97,36,8.1,695,2,0,2635.895077325961,-1,0
35,44328.71,0.7,9796.49,36,10.26,587,1,0,3376.7567979268715,-1,0
45,23279.23,5.6,19150.07,36,12.52,474,3,0,1299.112842449554,-1,0
38,62891.68,0.6,17172.67,24,10.82,559,3,0,4442.026659210925,-1,1
46,27978.91,2.8,3766.39,48,9.299999999999999,635,7,1,2237.3116168711845,-1,0
54,53409.4,5.2,34213.99,36,10.7,565,2,0,3335.515684768009,-1,1
34,23234.16,1.5,11672.67,48,10.24,588,5,0,1638.7837437874014,-1,0
25,42466.32,8.6,9475.56,36,6.9,755,3,0,3246.7152588132994,-1,0
44,28034.7,5.3,15942.46,36,9.5,625,2,1,1825.5409800755722,-1,0
25,34403.04,1.1,9435.55,36,9.76,612,2,0,2563.523418941084,-1,0
18,18485.46,0.4,10298.99,12,7.6,720,3,0,646.4656738220522,-1,0
36,61679.62,1.2,22038.04,36,10.9,555,2,0,4419.514369293218,-1,0
24,47393.28,1.4,20895.95,24,10.66,567,3,0,2978.8201458543663,-1,0
47,24000.93,18.9,20386.0,60,8.18,691,1,0,1584.9645372945151,-1,0
40,25862.03,3.9,5057.41,36,11.16,542,3,0,1989.2125876314801,-1,0
35,16957.66,1.0,6941.6,36,8.24,688,5,0,1194.8444483561957,-1,0
31,31512.6,0.7,10027.72,48,9.42,629,3,0,2374.5051389355376,-1,0
52,194641.46,8.4,26680.76,60,5.0,850,3,1,15716.622810906883,-1,0
59,49431.65,3.7,3810.46,60,5.98,801,5,0,4045.672730852148,-1,0
24,27832.58,0.5,8006.89,24,10.52,574,3,0,1947.9796685367778,-1,0
30,59812.11,6.1,27359.58,48,10.94,553,5,0,4278.016790109845,-1,0
35,125450.97,6.1,23834.72,48,11.76,512,2,0,9829.392866067934,-1,0
25,62221.18,1.1,10200.35,24,10.959999999999999,552,1,0,4709.871479021274,-1,0
37,53056.26,3.8,13589.52,48,6.32,784,2,1,4100.207155725567,-1,0
27,317326.62,0.3,43279.41,36,5.780000000000001,811,3,0,25131.551373235434,-1,1
40,34291.07,12.0,42581.31,24,5.02,849,1,0,989.1065004642892,-1,0
32,53168.89,2.3,3536.08,48,10.26,587,0,0,4340.6145371764305,-1,0
31,38906.1,4.1,10699.4,48,8.04,698,2,0,2980.770439207994,-1,0
37,129440.19,3.1,46056.6,48,10.84,558,4,0,9599.901070713671,-1,1
36,17117.83,5.4,16490.01,36,7.359999999999999,732,1,0,914.6035906430393,-1,0
23,26063.26,0.8,8745.64,36,9.28,636,4,0,1892.6882253030583,-1,0
40,51922.88,9.9,9681.13,36,12.54,473,3,1,4002.8519978177915,-1,0
48,18559.93,2.1,7328.12,48,5.899999999999999,805,5,0,1374.8954999330983,-1,0
29,26177.97,3.7,54942.13,24,7.74,713,3,0,-296.8761964111659,-1,0
26,72626.66,5.4,3906.35,24,8.28,686,3,0,5875.048764475771,-1,0
47,24000.93,18.9,20386.0,60,8.18,691,1,0,1584.9645372945151,-1,0
24,22549.39,6.5,6494.6,36,9.14,643,1,2,1672.165855687312,-1,0
35,40388.21,1.1,8310.54,24,8.5,675,1,1,2987.9229623379124,-1,0
43,70909.28,0.7,8983.44,36,6.879999999999999,756,1,0,5632.216738175527,-1,0
43,22398.83,0.4,3559.4,48,9.719999999999999,614,1,1,1776.7714602791875,-1,0
51,26162.06,5.7,2724.53,36,10.02,599,3,0,2092.233161895971,-1,0
32,15000.0,3.2,5441.2,60,11.2,540,1,0,1131.1516896992575,-1,1
24,23371.77,8.1,55327.69,48,5.0,850,2,1,673.4898844042725,-1,1
20,43052.35,4.0,28663.74,36,10.68,566,3,1,2653.619505435881,-1,0
39,108208.95,4.4,6018.2,36,9.379999999999999,631,4,0,8824.969213538196,-1,0
28,140951.19,0.2,10957.1,24,10.5,575,2,1,11237.785574153244,-1,1
45,52705.83,6.0,43547.95,24,8.2,690,1,0,2418.621997128971,-1,0
57,15455.34,1.4,7199.14,12,10.1,595,3,1,654.6913449577577,-1,0
28,77480.06,5.4,2739.53,36,7.299999999999999,735,6,1,6371.70666018881,-1,0
28,15000.0,4.9,9717.29,48,7.66,717,2,1,1014.3203438735235,-1,0
34,100828.2,3.2,31709.09,12,7.879999999999999,706,1,0,5645.7851048834145,-1,0
24,16718.61,7.8,4423.36,60,12.64,468,3,0,1293.3857570795803,-1,0
37,25186.24,7.9,28433.63,36,8.68,666,2,0,1198.900228675744,-1,0
31,78940.18,4.1,43909.53,60,6.6,770,3,0,5717.149750411939,-1,0
44,27151.42,2.5,13779.21,36,7.279999999999999,736,6,1,1835.390092406228,-1,1
52,38183.73,2.1,18528.28,36,11.78,511,3,0,2568.518535361898,-1,0
39,185927.39,13.5,23966.18,24,7.84,708,5,0,14411.771807184181,-1,1
41,15000.0,1.9,12535.05,60,7.34,733,2,0,999.7752831068926,-1,0
42,18480.44,2.6,4041.36,48,9.2,640,2,1,1439.083018544786,-1,0
37,87435.65,6.3,3661.51,36,7.4399999999999995,728,5,0,7172.509307849583,-1,0
35,20324.63,22.2,13761.16,48,8.2,690,4,1,1356.4756347711682,-1,0
22,31097.34,5.0,9630.29,12,8.48,676,2,0,1751.582384230871,-1,1
34,17931.7,1.4,14480.45,48,9.74,613,3,0,1128.8521479788587,-1,0
25,45028.13,15.2,13444.62,36,12.6,470,2,1,3301.9277499571854,-1,0
34,46476.22,2.9,23585.99,48,7.359999999999999,732,3,1,3304.274723912708,-1,0
37,69020.35,17.3,5274.25,48,8.5,675,3,0,5621.694519342995,-1,1
37,59083.38,0.5,23372.36,12,8.06,697,6,2,2889.841667578041,-1,0
48,75240.86,2.5,12140.8,48,6.0,800,4,1,5984.944626001485,-1,1
52,22467.97,4.0,3692.04,48,5.059999999999999,847,2,0,1787.2053763842546,-1,0
28,17182.16,0.8,7088.84,48,6.0,800,3,0,1265.3650533504956,-1,0
54,15000.0,2.5,11144.15,24,6.48,776,3,0,753.6706221850243,-1,1
39,93687.9,3.9,11128.16,48,10.879999999999999,556,2,0,7520.359958929748,-1,1
37,79985.6,0.3,15806.61,36,9.28,636,7,1,6160.758314837364,-1,0
37,15000.0,10.1,26102.06,36,11.64,518,2,0,387.51930920057896,-1,1
36,102171.11,11.2,5027.81,36,5.84,808,2,0,8361.667677501318,-1,0
52,15000.0,12.1,49660.53,24,7.16,742,7,0,-977.0338595516205,-1,0
23,15000.0,12.6,22208.92,36,11.94,503,7,1,512.9823336921911,-1,0
32,26069.82,6.8,5854.17,48,9.84,608,3,1,2024.4575491974474,-1,0
35,34429.53,17.2,26117.87,60,8.44,678,2,0,2334.034354680248,-1,1
41,38172.17,11.0,9057.05,24,8.44,678,3,0,2769.5683912951677,-1,0
26,82719.26,2.4,15882.31,12,6.459999999999999,777,3,1,5522.977638792649,-1,0
29,72994.36,0.9,13738.3,60,8.719999999999999,664,1,1,5799.5421326929345,-1,0
18,47653.8,6.7,13011.97,36,5.219999999999999,839,5,0,3579.8830277020174,-1,0
27,59572.02,3.9,11357.93,24,8.84,658,5,0,4446.2842939551965,-1,0
36,41562.73,11.0,13133.55,48,7.779999999999999,711,1,0,3144.287048860905,-1,1
36,35027.65,4.8,4295.3,24,10.16,592,3,0,2720.4471827316993,-1,0
29,23468.13,1.5,4715.68,24,7.6,720,1,0,1743.259328405691,-1,0
42,47449.61,5.0,7331.53,48,10.24,588,0,1,3767.341464199249,-1,0
43,112459.48,12.2,3224.28,24,8.98,651,4,0,9224.352517910153,-1,0
26,15000.0,3.5,8616.45,60,9.459999999999999,627,0,0,1069.2068971760427,-1,0
39,15000.0,2.0,14094.02,36,7.4,730,2,0,812.2353445818512,-1,0
33,59033.93,10.6,18912.56,36,5.0,850,3,0,4352.667776920853,-1,0
40,19969.94,10.3,13918.52,48,12.02,499,3,1,1297.496959255413,-1,0
46,15000.0,1.1,4447.19,12,8.14,693,3,1,862.857996674578,-1,1
52,55173.11,1.0,3727.27,12,14.8,360,3,0,4261.6937238349265,-1,0
42,71417.47,2.7,5034.9,36,8.94,653,4,0,5791.487920733077,-1,0
42,15814.45,4.7,10936.93,36,8.52,674,2,0,972.5175209114748,-1,0
21,51058.08,7.0,5722.72,12,8.94,653,5,0,3754.5388984298156,-1,0
25,22333.61,1.3,30282.96,24,11.5,525,5,1,442.6707720893653,-1,0
55,18470.34,5.2,16248.2,12,8.42,679,1,0,122.63235513763811,-1,1
46,29246.91,4.5,57430.92,12,10.7,565,3,0,-2630.564358430924,-1,0
38,15000.0,0.1,25205.82,48,9.4,630,3,0,617.9537411449035,-1,0
38,21997.05,4.1,15802.72,60,12.12,494,3,1,1480.6056948978887,-1,1
37,87105.45,2.0,17752.74,36,7.0600000000000005,747,2,0,6710.14728619227,-1,0
43,17351.41,3.1,2615.82,36,9.219999999999999,639,3,0,1362.5003620124971,-1,1
41,23692.06,18.4,12686.76,36,9.2,640,2,0,1569.7208039929994,-1,0
18,48613.73,11.5,13192.57,48,8.459999999999999,677,2,0,3726.218781423104,-1,0
36,28732.3,2.3,11826.88,12,8.719999999999999,664,4,2,1361.6152319989858,-1,0
40,24477.58,0.7,23034.6,24,10.4,580,1,1,972.6107502075165,-1,1
19,31390.37,12.1,10207.44,12,6.5,775,2,2,1734.9986683296054,-1,0
18,15000.0,4.1,7718.9,48,9.78,611,1,0,1055.0432763306335,-1,0
50,38336.66,4.9,15559.2,36,10.299999999999999,585,7,0,2690.4757084634957,-1,0
33,123148.58,12.6,14820.83,48,9.68,616,6,0,9888.76066800225,-1,0
56,22254.54,22.2,11485.66,60,10.22,589,3,1,1609.2634991300902,-1,0
37,32817.59,11.4,27828.03,48,10.18,591,7,0,2026.60043666283,-1,1
21,15000.0,12.2,33165.36,36,7.32,734,5,0,221.09059924167764,-1,0
45,36878.4,4.1,6030.87,24,9.299999999999999,635,2,0,2796.8503945907983,-1,0
34,16587.86,1.5,6076.58,48,7.619999999999999,719,2,1,1235.0560990989163,-1,0
35,44883.68,1.0,17039.8,36,11.56,522,3,1,3177.9157470174914,-1,1
31,24273.9,1.3,3862.34,36,6.98,751,1,1,1903.6024689692395,-1,0
38,54796.76,7.8,33225.1,48,7.9399999999999995,703,2,0,3756.210311318702,-1,0
43,115201.03,1.6,28709.96,48,10.18,591,7,0,8869.442765517862,-1,0
28,21856.68,7.8,5507.94,60,9.78,611,3,0,1704.9578893897224,-1,0
25,15000.0,12.2,4973.23,12,12.94,453,2,1,805.9446286516915,-1,1
33,36454.51,2.8,26148.4,36,6.48,776,1,0,2236.691459024287,-1,1
43,130812.55,1.1,6313.75,48,10.299999999999999,585,4,1,10740.001646809878,-1,0
43,16146.3,8.3,90945.65,48,6.48,776,1,0,-810.4079959140711,-1,1
51,31230.99,0.9,3647.58,36,12.299999999999999,485,2,0,2480.9073365081194,-1,0
23,76704.28,3.8,7340.0,36,11.22,539,5,0,6150.955717904071,-1,0
34,41813.57,15.7,12771.11,36,11.98,501,5,1,3060.402546806285,-1,0
51,91402.26,3.7,5575.2,36,9.52,624,6,0,7438.212770948389,-1,0
39,21124.36,0.9,41742.34,36,9.299999999999999,635,2,1,427.13217933151077,-1,1
44,52645.86,12.3,6382.69,36,10.08,596,3,0,4180.9637328235995,-1,1
48,82731.69,3.4,13657.27,36,8.7,665,8,1,6461.914332892414,-1,0
24,38829.1,1.3,14415.03,48,9.5,625,1,0,2873.6075645276915,-1,0
25,52750.45,1.0,15009.75,36,9.459999999999999,627,5,0,3915.344872276326,-1,0
31,112662.41,3.6,15322.9,24,8.799999999999999,660,5,0,8689.91667693863,-1,1
32,24641.05,15.7,21384.96,60,6.6,770,2,0,1633.9971399385122,-1,1
34,51691.86,1.2,4957.0,36,8.52,674,5,0,4151.128774662985,-1,0
37,23605.36,14.0,10332.09,36,8.76,662,2,0,1639.7085018451132,-1,0
46,95297.69,4.1,15174.1,24,9.34,633,3,0,7245.87978937172,-1,1
57,32256.34,3.2,6206.71,48,9.799999999999999,610,3,0,2531.2056099330325,-1,0
38,21561.63,0.6,6819.46,48,5.0,850,1,0,1639.7551536667183,-1,0
31,32719.28,25.7,14406.07,48,6.959999999999999,752,2,1,2381.9026745980473,-1,0
51,21300.57,4.0,12319.56,12,10.28,586,4,0,690.3574739118121,-1,0
28,15324.19,2.9,4586.69,48,11.56,522,4,1,1157.2192081488936,-1,0
30,117930.8,4.8,17935.67,48,7.16,742,3,0,9396.742070829901,-1,0
42,70279.49,0.4,12101.25,60,9.4,630,3,1,5603.066363819493,-1,1
22,64742.07,4.6,14792.93,48,9.74,613,2,0,5021.829974870203,-1,0
20,72623.43,12.8,4955.9,48,8.42,679,3,0,5929.985069954945,-1,0
37,37344.27,2.5,87948.19,12,7.1,745,4,1,-4501.903218434631,-1,1
38,60050.62,3.5,15363.77,24,7.4399999999999995,728,6,0,4313.274031888548,-1,0
40,16613.35,1.2,3448.54,36,8.379999999999999,681,3,0,1275.7755692182113,-1,0
22,19532.22,4.8,20047.82,48,11.92,504,2,1,1100.5361283269735,-1,0
50,53624.28,1.9,29068.65,36,9.219999999999999,639,2,0,3541.335463693822,-1,0
38,17683.8,0.6,9911.31,48,7.879999999999999,706,2,2,1232.2438572022515,-1,1
40,29483.47,12.8,37665.47,36,5.0,850,4,0,1328.0879075644661,-1,0
37,60043.95,15.5,19630.3,36,9.219999999999999,639,3,1,4377.412304203113,-1,0
25,22700.73,8.5,6010.77,60,6.139999999999999,793,1,1,1775.1307839462986,-1,0
47,15000.0,0.8,71247.3,48,9.24,638,3,0,-531.1225573894837,-1,0
35,59929.63,2.4,12065.64,12,10.04,598,6,0,3933.1499096799434,-1,0
18,117932.07,0.0,17153.13,48,6.82,759,0,0,9418.35040854944,-1,0
51,15000.0,5.2,4004.82,12,10.299999999999999,585,3,0,897.3536693296735,-1,0
23,43814.36,0.4,10775.49,48,7.4399999999999995,728,3,1,3390.958766231955,-1,0
38,41902.95,0.3,11419.56,36,15.32,334,3,0,3094.257853886732,-1,0
40,21993.98,4.3,5487.16,24,8.26,687,4,0,1584.0110989576426,-1,0
45,15000.0,6.7,33834.16,24,6.879999999999999,756,2,1,-263.00266222295204,-1,0
38,15000.0,7.4,4300.86,48,9.78,611,2,0,1141.3729191257003,-1,0
37,53571.14,1.0,13241.82,36,9.94,603,1,0,4037.358302315761,-1,0
24,33312.3,9.1,32434.02,60,8.94,653,2,0,2103.6921737783377,-1,1
20,126594.33,11.2,9741.22,36,9.18,641,7,1,10238.942599379132,-1,0
45,27023.43,6.1,17387.74,12,7.92,704,0,0,740.0633956210365,-1,0
39,31454.43,2.2,69669.04,48,11.7,515,3,0,796.794755361188,-1,1
24,69749.3,3.2,13906.48,24,9.879999999999999,606,5,1,5171.498120737149,-1,0
26,34941.45,2.5,3106.35,48,13.14,443,2,1,2828.235899823285,-1,1
46,90584.97,1.1,9234.32,60,7.0600000000000005,747,2,0,7365.635377216345,-1,0
38,39360.49,7.3,26271.72,48,7.26,737,5,1,2647.7578722481776,-1,0
20,15000.0,1.4,31981.44,36,9.82,609,1,1,220.7494954668732,-1,0
32,48016.66,8.0,17641.17,24,8.2,690,0,0,3201.915864449418,-1,0
35,33049.08,3.2,17317.21,36,11.459999999999999,527,4,0,2183.366953371135,-1,1
18,141156.5,1.7,10893.3,36,10.24,588,3,0,11410.316796061521,-1,1
27,38992.53,0.2,10561.26,24,9.84,608,2,0,2762.8084925088683,-1,0
26,59443.13,11.4,22490.02,12,7.140000000000001,743,5,0,3006.1541093000906,-1,0
43,21980.59,4.8,42760.83,24,12.66,467,4,0,-194.38974660952067,-1,1
39,57374.65,10.7,8770.33,24,5.280000000000001,836,2,0,4395.3535524308845,-1,0
25,21483.09,2.9,8583.8,36,9.219999999999999,639,2,0,1516.4152036173002,-1,0
41,15000.0,7.4,12087.25,36,7.1,745,4,1,876.2279145278601,-1,0
46,16452.57,9.4,22934.26,24,10.04,598,3,0,312.3243003659052,-1,0
38,15000.0,0.0,3921.0,24,11.62,519,6,1,1066.1199567149908,-1,0
35,157073.48,3.0,5588.49,60,8.54,673,6,0,12974.692468649591,-1,0
49,49503.25,6.0,13779.72,24,7.66,717,5,0,3504.1860331763487,-1,0
25,158508.05,2.5,7065.47,48,6.18,791,8,0,13042.487685528236,-1,0
25,19090.93,6.2,13896.61,36,8.379999999999999,681,4,0,1153.0013762863384,-1,1
18,32625.31,1.8,13422.12,48,8.24,688,1,1,2389.5884672373036,-1,1
34,15363.33,14.2,11295.4,48,7.76,712,0,0,1005.7945067230903,-1,0
42,100342.9,1.6,69818.6,24,12.02,499,2,0,5074.652271430192,-1,0
46,37046.47,3.1,31289.9,36,8.68,666,6,0,2096.84889862519,-1,1
32,168962.58,2.7,47587.83,36,7.92,704,5,0,12590.740999756737,-1,0
37,36775.2,24.8,4505.74,48,7.459999999999999,727,6,0,2955.7402440074,-1,0
18,15000.0,0.7,25226.16,36,10.24,588,1,0,433.17736389664435,-1,0
24,219899.67,8.0,20821.74,36,7.719999999999999,714,0,0,17675.181033796103,-1,0
45,29826.85,0.9,7881.35,36,11.98,501,0,0,2223.8725120686495,-1,0
22,49328.35,2.5,4496.09,48,11.44,528,1,1,3993.528988087213,-1,0
31,35368.64,0.9,25013.75,48,8.879999999999999,656,3,1,2326.342747659441,-1,0
39,44119.44,2.5,4738.6,36,9.16,642,1,0,3525.5806741224997,-1,0
26,29666.55,4.1,17922.64,48,6.42,779,2,0,2047.8389194036256,-1,0
24,76092.98,3.3,40545.03,24,8.5,675,6,0,4498.079964930622,-1,0
29,57635.54,1.7,4436.24,36,8.9,655,2,1,4662.096798267895,-1,0
43,66232.14,3.8,23458.29,36,8.84,658,2,0,4775.123268002455,-1,1
32,40647.1,3.1,13108.14,48,10.62,569,1,0,3050.885485097655,-1,0
49,31531.99,3.8,37075.73,48,11.22,539,4,0,1665.4582746597712,-1,1
35,83420.0,0.5,3525.84,48,5.899999999999999,805,6,1,6869.023767380645,-1,0
34,42952.83,3.9,8553.08,48,7.08,746,4,0,3374.2707482388587,-1,0
41,101940.86,3.3,8827.26,48,12.0,500,6,1,8262.616054511827,-1,0
40,67261.31,5.8,11995.82,48,11.48,526,3,0,5292.267253505302,-1,0
33,33324.9,11.4,11560.92,36,12.56,472,1,1,2389.987520174786,-1,1
28,54466.61,15.8,15001.27,36,12.0,500,5,0,4040.627337300437,-1,0
34,15000.0,0.2,2941.14,24,6.48,776,5,1,1119.0098225287045,-1,0
18,44776.55,0.4,24018.1,48,7.619999999999999,719,5,0,3149.301891554847,-1,0
40,51614.83,2.6,12741.44,12,8.26,687,3,0,3191.345682693361,-1,0
41,81101.92,0.9,20597.56,48,12.82,459,6,1,6207.750757178805,-1,1
32,55987.57,2.8,21197.43,36,6.779999999999999,761,1,0,4013.2458211581397,-1,0
37,41206.33,2.4,3067.38,12,7.48,726,2,0,3167.7711902376545,-1,0
38,69901.76,7.7,2181.87,24,9.28,636,0,0,5725.187961353756,-1,0
18,34312.0,1.8,7487.17,36,8.26,687,5,0,2623.813566369208,-1,0
38,15357.41,8.5,8065.93,36,15.42,329,3,0,998.5142388618988,-1,0
22,69198.69,8.2,25286.25,60,7.4,730,5,0,5261.073660032018,-1,0
25,26917.07,5.5,6571.19,36,8.26,687,2,0,2036.3828761086866,-1,0
51,50570.91,0.5,7701.63,60,8.799999999999999,660,4,1,4055.115860634009,-1,0
43,33152.16,2.3,9550.94,36,10.299999999999999,585,3,0,2453.151046580738,-1,0
33,117418.11,8.7,30815.03,36,10.08,596,2,0,8789.370358351449,-1,1
23,67276.4,8.5,11001.02,60,7.9,705,2,1,5383.831766802968,-1,0
18,26129.52,1.1,8200.39,36,10.7,565,1,0,1910.1532733475808,-1,1
30,18333.81,1.6,13963.05,36,8.459999999999999,677,2,0,1087.2971518911381,-1,0
26,22088.28,1.9,8772.01,48,7.16,742,1,0,1629.9815256064553,-1,1
32,30676.8,17.2,42768.71,36,6.02,799,2,0,1254.9053729559184,-1,0
19,18673.81,12.9,7488.29,48,5.960000000000001,802,1,0,1380.4254211070668,-1,0
25,44833.05,1.8,34919.66,36,10.299999999999999,585,1,0,2604.4035177368414,-1,1
22,29931.08,0.5,4297.36,36,13.02,449,6,1,2349.420224087211,-1,1
23,39639.96,7.4,27497.69,48,12.9,455,4,0,2566.999882588154,-1,0
43,27299.88,4.0,5525.45,24,8.9,655,3,0,2022.8146830304547,-1,0
31,26868.5,0.5,35320.97,24,7.359999999999999,732,3,0,651.8599801607315,-1,0
26,116899.02,12.0,29052.54,48,11.14,543,1,0,8988.73016011617,-1,0
26,52240.1,6.3,12563.33,24,8.5,675,3,0,3782.2670227591025,-1,0
53,29774.86,5.0,27437.25,48,9.82,609,1,1,1787.728174709183,-1,0
20,183900.04,15.9,11183.46,12,9.28,636,2,0,14345.54053582751,-1,0
28,54691.71,2.1,8599.94,48,5.440000000000001,828,4,1,4357.87328168332,-1,0
28,19465.87,1.0,4459.82,60,6.359999999999999,782,3,0,1535.186492363145,-1,0
56,69267.9,3.6,35603.33,48,7.84,708,3,0,4905.81515431218,-1,0
32,43886.39,2.8,8204.58,48,10.22,589,3,1,3448.2419061963265,-1,1
25,67154.01,0.4,10042.67,48,9.219999999999999,639,5,0,5345.204821605942,-1,1
31,136984.47,4.5,4824.23,60,8.76,662,0,0,11315.790408931862,-1,0
18,21552.02,7.0,4313.65,48,7.42,729,1,0,1691.8633180675895,-1,1
53,81926.91,7.9,37087.37,12,6.619999999999999,769,7,0,3624.6863581017137,-1,0
27,15001.05,11.1,39761.66,36,8.82,659,4,0,-10.994286012141174,-1,1
32,42451.36,3.9,23386.1,24,7.959999999999999,702,4,0,2480.3499609600017,-1,0
28,59030.77,6.5,5777.87,48,7.24,738,3,0,4780.228282027453,-1,0
33,31184.27,0.1,9034.87,48,9.0,650,3,1,2373.8560438736813,-1,0
20,22744.91,2.6,33986.19,24,9.54,623,2,0,334.324813530759,-1,0
22,72065.09,1.1,73527.24,48,7.539999999999999,723,2,0,4226.24337695721,-1,1
23,29430.22,1.5,12033.33,24,8.06,697,5,0,1907.9540594883888,-1,0
43,128643.62,1.8,24729.34,12,10.86,557,1,1,8536.296157719795,-1,0
37,90290.8,5.3,16281.43,36,9.18,641,1,0,7005.123168639831,-1,0
21,37381.41,4.3,52275.04,36,10.18,591,2,0,1423.9278382989073,-1,1
51,27974.73,5.2,13128.4,36,9.299999999999999,635,3,0,1911.9124380701337,-1,0
26,15000.0,10.3,19938.2,60,11.08,546,3,0,815.6993277899021,-1,1
28,15000.0,2.4,6836.37,48,10.34,583,2,0,1075.4936005884654,-1,1
45,81726.07,0.4,14449.92,48,8.32,684,4,1,6455.566529505547,-1,0
44,15000.0,0.5,38670.55,48,9.52,624,2,1,278.10510912231814,-1,0
52,41175.58,8.3,7382.43,24,5.899999999999999,805,1,0,3104.4370780850754,-1,0
56,15000.0,7.6,21915.78,36,6.4399999999999995,778,4,0,578.90154438618,-1,0
54,18846.74,0.3,8487.93,60,7.48,726,4,1,1400.561618931218,-1,1
33,27407.32,2.2,21086.04,36,6.640000000000001,768,1,0,1636.3327300679855,-1,0
30,20914.2,4.3,7052.3,48,10.74,563,0,2,1561.4687900081678,-1,0
44,18681.33,1.8,9718.24,36,6.74,763,1,1,1257.8603784019597,-1,0
30,35494.78,6.3,18129.48,36,5.239999999999998,838,4,1,2412.585862844392,-1,0
41,40274.57,1.3,4691.28,36,6.32,784,3,0,3212.8151505215787,-1,0
43,36729.83,7.6,28158.43,36,9.9,605,4,1,2153.547283093665,-1,0
21,39251.59,1.2,38522.45,36,8.42,679,2,1,2056.3344513346638,-1,0
42,34313.99,0.8,19084.47,48,9.44,628,4,0,2380.584050883695,-1,0
38,17195.15,4.2,10562.32,36,11.66,517,4,1,1083.8217472046497,-1,1
57,51542.75,5.0,20214.34,24,6.32,784,0,0,3396.399721237868,-1,0
46,20384.45,10.8,33822.25,48,12.0,500,1,0,808.034601229148,-1,0
46,24281.24,8.9,11108.18,36,9.66,617,3,0,1666.7775028371937,-1,0
32,52407.2,3.6,1809.1,12,8.18,691,5,0,4209.745295788854,-1,0
27,45430.98,0.9,11841.99,36,5.759999999999998,812,3,0,3426.9450653711197,-1,0
39,31046.53,2.5,7835.86,36,6.139999999999999,793,0,0,2348.3314126996133,-1,0
38,56341.06,0.3,12021.05,24,6.119999999999999,794,1,0,4161.657827912641,-1,0
35,63121.23,4.1,20153.12,36,9.42,629,1,0,4615.292010871334,-1,1
40,39818.47,0.1,29984.21,48,10.62,569,4,1,2548.769885914652,-1,0
45,62755.42,8.9,18820.82,48,7.619999999999999,719,2,0,4773.496840751903,-1,0
28,23744.96,16.2,9925.7,48,5.68,816,4,1,1747.0947580265224,-1,0
41,52334.68,17.7,31998.71,48,9.4,630,5,1,3558.842575885682,-1,0
30,15000.0,4.8,7458.55,36,7.9399999999999995,703,1,0,1016.4825429296268,-1,0
35,36208.84,11.3,24295.05,48,8.58,671,2,0,2417.6535324406327,-1,0
36,56184.26,9.2,17613.37,24,10.14,593,1,0,3868.115414284483,-1,0
18,17894.95,1.0,5500.15,48,6.82,759,4,0,1359.9967317820833,-1,0
29,128121.16,7.6,6370.38,36,8.7,665,7,0,10475.075237258583,-1,0
55,83361.0,1.6,10069.75,48,10.76,562,5,0,6687.6641316023615,-1,0
36,56162.41,2.4,26014.17,24,10.06,597,5,0,3479.058338562196,-1,0
41,15000.0,13.3,11093.89,48,9.48,626,0,0,971.3926292858033,-1,0
30,31942.04,7.2,9810.39,60,9.82,609,5,1,2454.262688376396,-1,0
28,38030.81,4.5,12898.69,48,8.5,675,2,1,2851.303342615086,-1,0
39,15000.0,0.2,8619.08,48,5.359999999999999,832,0,0,1050.1000395212086,-1,0
24,111388.91,2.9,6530.34,24,12.78,461,6,1,8972.619288101729,-1,0
24,15000.0,0.9,11714.8,60,8.64,668,3,1,1008.8617112150741,-1,0
37,33923.32,2.0,28422.83,48,10.92,554,2,0,2093.444187847377,-1,0
20,20604.17,3.4,9005.24,36,10.58,571,3,1,1423.9820454796952,-1,0
40,91224.18,2.1,5340.16,48,7.66,717,2,1,7472.4966803388215,-1,0
41,15000.0,12.0,40367.94,48,7.379999999999999,731,6,0,276.20661426945196,-1,0
33,49265.44,6.1,8735.07,24,9.42,629,4,1,3704.7085260865474,-1,0
43,31291.32,7.3,32205.58,24,10.92,554,1,0,1107.7734345900078,-1,1
35,36828.26,0.9,26308.52,36,9.76,612,3,0,2223.0810462767463,-1,1
37,19653.41,0.0,15069.43,12,5.199999999999999,840,1,1,346.34664678594004,-1,0
43,41833.48,7.9,9764.35,36,9.06,647,1,1,3175.3468746910603,-1,0
52,37033.44,5.4,6808.37,36,7.52,724,1,0,2874.2748144026095,-1,0
29,33222.77,4.5,13074.07,48,8.02,699,1,0,2449.2651568742012,-1,0
21,48628.08,2.8,13642.81,24,8.719999999999999,664,3,0,3430.822959146112,-1,0
39,28872.84,0.7,13007.9,60,13.28,436,4,1,2108.2324780104286,-1,0
33,23947.66,14.4,4099.5,48,10.34,583,3,1,1890.99376547238,-1,1
36,15000.0,1.6,13770.17,48,9.26,637,1,0,905.626191257903,-1,0
43,66749.41,7.6,15854.27,36,9.959999999999999,602,0,0,5051.175823289474,-1,0
29,15000.0,2.6,7465.64,36,10.42,579,3,0,1007.629982578226,-1,1
36,45314.92,2.2,2038.76,48,10.1,595,1,0,3724.4371474696404,-1,0
34,15000.0,4.3,29304.54,12,9.36,632,2,0,-1317.6200620189247,-1,1
44,48588.68,4.6,81105.49,36,8.82,659,2,1,1476.7129520282479,-1,0
30,94802.81,3.7,4457.42,48,6.9399999999999995,753,4,0,7793.619734101229,-1,0
34,16321.89,5.8,17215.53,24,11.14,543,2,1,556.6594231011152,-1,0
18,33663.39,4.5,8123.23,36,9.48,626,3,0,2545.1474199408053,-1,1
49,80215.16,1.4,37777.42,24,13.42,429,3,1,4881.127632743484,-1,0
45,120642.0,13.1,33707.7,48,9.4,630,4,0,9208.265618432175,-1,0
30,20998.81,2.0,76836.94,48,11.54,523,1,0,-256.1999299857546,-1,1
18,16493.92,1.2,2864.4,12,7.84,708,0,0,1125.5355310503737,-1,1
25,18956.17,0.6,20057.42,24,11.12,544,1,0,643.7299978584497,-1,1
50,18224.78,5.2,5027.42,48,10.42,579,2,0,1390.2068720282487,-1,0
35,96667.95,1.5,6901.45,24,8.66,667,2,0,7741.447058851553,-1,0
34,45121.9,6.1,24032.27,36,7.0,750,1,1,3018.111604648564,-1,0
29,20120.26,0.6,31000.08,36,8.26,687,1,0,701.5359570056622,-1,0
44,30251.28,16.7,20713.32,48,10.299999999999999,585,5,0,1992.6074290873048,-1,1
23,34591.86,13.7,14274.9,60,5.579999999999998,821,4,0,2609.460399417707,-1,0
42,21980.3,1.2,7302.7,24,10.18,591,3,0,1494.1020908876155,-1,0
39,113176.41,1.5,39690.22,24,13.44,428,6,0,7536.208879952064,-1,1
40,17927.0,2.1,9362.36,48,7.9399999999999995,703,2,0,1265.6176901141337,-1,0
41,68029.41,1.0,9000.7,60,13.42,429,2,0,5462.383549310692,-1,0
46,18675.55,4.0,6047.48,36,8.299999999999999,685,6,0,1365.9517283053533,-1,0
28,22703.85,0.2,54856.4,48,10.879999999999999,556,6,0,477.3898415401884,-1,1
22,96554.26,1.9,48015.2,60,8.64,668,3,0,7057.839990752496,-1,0
20,46874.13,0.5,4818.98,24,5.960000000000001,802,5,0,3692.684211431301,-1,0
31,29095.0,22.0,35309.18,36,8.62,669,4,0,1307.9950959397945,-1,0
38,41616.0,13.2,27456.67,48,9.78,611,1,0,2774.5252269013736,-1,1
41,84835.0,0.5,9498.87,48,8.04,698,1,0,6837.509764687395,-1,0
26,15037.56,2.8,3339.97,24,10.06,597,1,1,1098.9148204166897,-1,0
31,18770.79,4.2,10963.28,36,6.719999999999999,764,5,1,1227.119998559328,-1,0
35,18445.46,2.6,15973.67,48,8.58,671,5,0,1142.7942048163843,-1,0
33,115420.82,2.0,28261.07,36,12.18,491,5,1,8677.298230481689,-1,1
36,19389.2,2.2,18403.86,48,11.16,542,4,0,1138.6780260693677,-1,1
23,35526.1,2.0,41086.79,48,6.039999999999999,798,2,0,1994.8302003079475,-1,0
25,52151.08,3.1,17287.07,48,9.92,604,4,1,3908.1424404838126,-1,0
27,193805.21,4.3,5029.94,48,9.58,621,2,0,16023.874048918307,-1,0
27,18867.48,1.9,30844.98,36,6.98,751,3,1,620.1685955681817,-1,0
25,25490.61,2.7,17072.05,36,6.82,759,1,0,1598.4860315140058,-1,0
38,51878.05,10.0,26331.74,60,8.08,696,3,0,3788.2493644391734,-1,0
36,24913.26,6.5,19275.59,48,8.5,675,6,0,1600.99441025946,-1,0
48,34410.07,3.2,14649.47,36,10.959999999999999,552,2,0,2388.1784296252154,-1,1
27,39294.73,4.4,11109.73,48,7.859999999999999,707,2,0,3004.0693555086023,-1,1
31,71086.71,3.8,7050.4,48,11.22,539,3,0,5740.917055641331,-1,1
29,20856.53,6.7,15308.02,24,6.68,766,1,1,1054.8832026684452,-1,0
44,50081.8,0.1,35994.51,36,5.34,833,1,0,3089.192342102333,-1,0
51,15000.0,5.8,21773.55,12,9.7,615,4,0,-661.2042939856178,-1,1
35,16199.21,1.6,4332.43,48,8.02,699,6,0,1244.1262117608744,-1,0
22,32076.34,2.0,36130.55,48,10.24,588,6,0,1752.4942734394008,-1,1
49,170389.76,15.8,53444.06,48,11.76,512,1,0,12798.04908519127,-1,0
19,44857.87,0.2,15191.05,24,8.799999999999999,660,2,0,3045.54978504397,-1,0
26,29281.05,0.7,100000.0,36,5.899999999999999,805,4,0,-597.5772901819037,-1,1
43,80710.76,3.3,3652.22,48,11.04,548,3,0,6631.432171240685,-1,1
36,204055.87,3.0,28837.13,48,6.959999999999999,752,1,0,16314.649896196992,-1,0
56,33338.18,7.1,11053.3,48,10.44,578,3,0,2495.5000070541155,-1,1
47,23524.91,2.4,12576.86,36,9.7,615,3,2,1556.35839264294,-1,0
38,32155.2,6.7,17343.64,36,8.799999999999999,660,2,1,2129.6898569910813,-1,0
30,46979.83,1.0,1133.68,48,9.12,644,7,1,3886.7095170429634,-1,0
28,51289.28,11.9,12152.97,48,8.48,676,3,1,3974.6713156202586,-1,0
40,40717.51,3.8,91080.75,12,9.84,608,3,0,-4607.542962242825,-1,0
42,15000.0,4.9,6621.82,48,5.0,850,3,0,1097.504163248021,-1,0
39,21811.0,9.6,22580.91,60,8.219999999999999,689,1,1,1357.342692506215,-1,0
37,52723.55,5.6,21172.05,48,9.74,613,3,0,3859.291032897743,-1,1
35,28780.74,2.6,11413.09,48,7.619999999999999,719,5,1,2121.799418842208,-1,0
35,19227.08,0.1,20498.5,36,9.299999999999999,635,2,1,947.543998179314,-1,0
47,22887.66,15.5,31366.4,48,9.0,650,3,1,1126.7508068822356,-1,0
45,23833.4,0.5,5984.1,36,8.799999999999999,660,4,0,1796.38041252511,-1,1
49,88941.12,8.8,12590.8,12,5.0,850,4,0,6333.8933182977635,-1,0
47,22818.27,1.1,18231.34,48,5.359999999999999,832,3,1,1478.6880274721423,-1,0
40,15000.0,1.6,6381.92,24,10.48,576,5,0,954.0908942216159,-1,0
43,20665.46,1.9,6165.86,36,6.92,754,7,1,1531.963259349461,-1,0
49,85828.78,5.3,36124.36,24,9.32,634,4,0,5496.757356528694,-1,0
32,15445.79,9.5,20799.44,36,8.379999999999999,681,1,0,631.7179876034602,-1,0
34,28863.22,9.5,23398.03,24,10.459999999999999,577,3,0,1320.5935180067383,-1,0
25,79899.14,2.0,10034.23,36,8.799999999999999,660,7,1,6340.109026604697,-1,0
18,30292.07,2.7,22489.55,48,8.84,658,5,1,1966.3928103575981,-1,1
50,25918.05,2.2,8802.96,36,11.94,503,4,0,1867.705463151698,-1,0
32,15000.0,5.0,10244.06,36,12.82,459,1,1,905.7246162125185,-1,1
42,54966.11,4.9,3261.76,24,10.12,594,5,0,4429.814772277934,-1,1
39,143168.68,0.1,8978.12,48,9.459999999999999,627,3,0,11705.336255847347,-1,0
44,73269.89,1.1,13179.91,12,8.42,679,3,0,4956.763460333172,-1,0
41,36131.52,0.6,21941.57,12,10.0,600,5,1,1081.9474062306313,-1,0
46,74047.14,0.2,11094.87,24,12.18,491,6,0,5647.387835909457,-1,1
33,25213.17,1.4,13230.2,36,12.62,469,6,0,1657.7374654796986,-1,0
53,53764.6,4.4,16380.62,12,10.16,592,2,0,3039.047350190488,-1,0
44,39632.6,0.0,4234.54,24,12.62,469,1,0,3102.1539050012825,-1,0
34,17013.6,0.4,9021.66,36,8.52,674,3,0,1132.9247960310813,-1,0
39,16948.94,1.1,35520.11,36,6.16,792,1,2,329.2441551692816,-1,0
38,29096.63,2.8,22392.69,36,5.66,817,1,1,1746.934514004242,-1,1
37,18070.89,2.8,8195.08,48,13.82,409,4,0,1282.7040996067935,-1,1
30,18044.01,0.3,27169.43,24,8.68,666,4,0,266.42435602910996,-1,0
30,35630.24,2.4,9906.05,48,8.24,688,3,0,2726.233503685291,-1,0
40,110598.18,18.1,5525.64,36,7.199999999999999,740,4,0,9045.393542545058,-1,0
47,25100.48,2.5,14198.72,36,6.4,780,4,0,1657.1760331257663,-1,0
28,15000.0,1.2,7354.1,48,6.82,759,3,0,1074.5104192216488,-1,0
23,23012.83,2.4,18471.86,12,10.14,593,1,0,292.56287237838774,-1,0
21,31748.45,8.5,9144.01,36,10.84,558,3,0,2347.033377407554,-1,1
27,59255.57,3.2,2790.35,36,10.4,580,3,1,4847.402490153574,-1,0
27,80039.03,8.3,36944.79,48,13.36,432,0,0,5672.169048555701,-1,0
35,29787.52,9.1,11887.53,60,6.459999999999999,777,1,0,2249.9228185309016,-1,0
40,39025.48,1.2,25947.39,36,5.699999999999999,815,3,0,2466.275687151621,-1,0
43,24083.41,4.8,42642.56,12,9.219999999999999,639,1,0,-1726.5558319642264,-1,0
46,15000.0,0.3,5465.84,48,8.14,693,1,0,1116.2033861889558,-1,0
47,58695.79,1.1,30966.26,36,8.24,688,2,0,3917.5136553610882,-1,1
29,25961.72,0.7,10804.32,12,8.6,670,2,1,1220.6258613470673,-1,0
38,44543.12,0.1,3799.37,60,9.799999999999999,610,2,0,3631.5746629036043,-1,0
42,24680.86,4.2,23687.58,12,8.28,686,2,0,-6.8749572908941445,-1,0
39,56523.75,2.5,17029.5,36,9.04,648,4,0,4168.461867092933,-1,0
33,17551.35,0.6,5309.2,24,9.76,612,4,0,1218.20754920114,-1,0
49,46374.5,3.7,4066.83,36,6.0,800,1,1,3740.8208187805562,-1,0
36,28013.52,10.9,8089.93,12,10.54,573,1,0,1621.193241874719,-1,0
37,71028.25,1.0,6144.8,48,10.18,591,6,0,5762.641112737676,-1,0
18,102886.52,18.9,12270.37,48,10.9,555,2,1,8257.338097869253,-1,1
37,27067.99,4.9,2085.74,48,11.54,523,3,0,2201.210195119668,-1,0
29,62056.85,15.1,10520.91,24,8.68,666,3,0,4692.302331779634,-1,0
21,19793.69,8.8,3838.09,36,11.72,514,2,0,1522.5073281413888,-1,0
32,15000.0,18.6,13716.33,36,8.84,658,4,0,814.8450560867866,-1,0
43,27442.01,4.4,16313.21,36,8.879999999999999,656,0,0,1768.9890549126358,-1,0
38,22508.16,4.4,6986.6,60,7.92,704,0,0,1734.2842864943336,-1,0
43,58748.7,2.8,3077.6,36,8.48,676,7,0,4798.601265512524,-1,0
57,24111.78,1.6,19055.93,48,11.16,542,5,0,1515.3225582504274,-1,0
22,51729.08,0.0,25065.72,36,11.76,512,4,0,3481.0864044461196,-1,1
28,17979.31,2.1,7224.88,48,5.780000000000001,811,1,0,1329.3270976078397,-1,0
19,16041.8,3.6,9240.03,36,8.28,686,2,1,1046.0726952610742,-1,0
52,49450.38,0.2,15564.0,36,11.92,504,3,0,3604.5119742220995,-1,1
18,59082.33,1.8,24648.45,36,6.98,751,5,0,4162.680294682718,-1,0
22,90865.57,4.3,16247.71,48,13.34,433,4,1,7133.498656188587,-1,0
35,82210.41,19.6,80057.91,24,11.06,547,4,0,3117.310864229215,-1,1
39,16453.75,5.4,21190.74,48,9.52,624,7,1,838.5655638539147,-1,0
31,17088.0,10.9,57038.43,12,8.0,700,3,0,-3537.683423198807,-1,0
18,22095.08,7.8,24353.9,24,9.719999999999999,614,1,0,720.5924847527622,-1,0
47,27046.42,1.6,7155.42,36,5.859999999999999,807,4,2,2036.6402031610523,-1,0
30,27127.84,11.3,9192.76,24,6.959999999999999,752,3,0,1849.236437236409,-1,0
33,103913.63,3.1,45143.55,48,6.52,774,2,0,7588.47553509127,-1,0
27,18724.35,2.6,19376.82,36,9.28,636,1,0,941.6565987414085,-1,1
36,39452.2,3.0,13695.14,24,7.42,729,5,2,2671.9056800729545,-1,0
18,89787.73,1.8,29385.26,24,6.219999999999999,789,1,0,6177.023233205644,-1,1
31,32031.35,6.1,12153.0,36,11.06,547,1,0,2271.0601356640486,-1,0
39,23714.07,8.0,17008.74,36,8.16,692,4,0,1441.9240803790433,-1,0
50,15410.59,0.5,10549.43,24,7.84,708,0,0,807.8631437747415,-1,0
38,15000.0,8.6,26930.01,24,11.76,512,2,0,-14.672913370079641,-1,1
48,33129.32,1.6,25455.93,36,9.459999999999999,627,1,0,1945.8240373523936,-1,0
24,33312.3,9.1,32434.02,60,8.94,653,2,0,2103.6921737783377,-1,1
29,66354.61,2.1,6678.2,48,7.76,712,2,1,5367.267751220096,-1,0
32,74575.8,2.8,2303.65,24,8.68,666,3,0,6109.746247193683,-1,0
18,111449.76,6.5,16285.91,48,10.48,576,0,1,8870.662946531811,-1,0
24,61287.25,0.6,17866.98,36,12.18,491,3,2,4512.29420038036,-1,0
22,15876.62,4.5,9159.54,24,8.16,692,2,0,908.1217595864741,-1,0
39,41487.51,2.8,8998.84,36,13.1,445,3,0,3153.652395156177,-1,0
43,15000.0,4.0,25310.75,36,8.34,683,2,0,452.87713519859665,-1,0
18,16417.62,9.9,21259.55,60,6.9,755,3,1,948.1727359433119,-1,1
41,58778.5,4.4,12817.89,60,9.44,628,4,1,4629.38446980792,-1,0
21,130787.34,6.7,19862.94,24,8.66,667,3,0,9994.607150040192,-1,0
39,70402.38,3.1,6532.7,48,6.379999999999999,781,1,0,5712.303628195454,-1,1
34,59303.1,2.9,100000.0,36,8.959999999999999,652,4,0,1763.8130582058839,-1,1
43,28005.76,7.4,27102.3,24,5.66,817,1,0,1136.7706909676285,-1,0
32,22453.1,10.3,14664.68,48,8.58,671,2,0,1509.078050306331,-1,0
40,25352.24,1.4,8961.72,24,8.62,669,5,1,1704.833513672977,-1,0
38,27473.73,1.3,16955.23,36,7.9,705,2,0,1758.9440469304018,-1,0
36,18475.9,0.1,21313.09,48,9.54,623,3,0,1003.7994523089227,-1,0
41,24199.84,8.7,18216.33,48,6.9399999999999995,753,3,0,1580.9475469423853,-1,0
35,27541.61,8.8,5971.16,12,10.84,558,4,0,1767.8386793212358,-1,0
31,22968.71,7.3,2847.99,60,7.199999999999999,740,4,0,1857.3964267779588,-1,0
38,39592.44,5.9,43990.03,12,9.14,643,3,0,-550.4795999070429,-1,0
18,114231.83,2.5,2070.34,24,6.779999999999999,761,1,0,9426.831053365975,-1,1
32,28800.05,1.2,9683.78,36,8.219999999999999,689,2,1,2095.565927111226,-1,0
51,50919.14,0.6,14833.2,48,8.58,671,2,1,3877.0879503499023,-1,0
34,74009.29,7.4,22146.69,48,11.04,548,5,0,5594.617756901569,-1,0
30,18423.78,1.0,9353.56,48,7.219999999999999,739,6,1,1310.3764195911888,-1,0
35,15000.0,6.4,11653.07,48,5.859999999999999,807,2,1,977.074661970322,-1,0
18,87945.92,0.5,6583.43,48,10.459999999999999,577,2,0,7160.395756056244,-1,0
34,35369.23,10.3,3198.49,24,7.02,749,4,0,2804.2021848825107,-1,0
39,41587.66,5.4,4289.09,36,13.06,447,4,0,3320.9979559916505,-1,0
24,53138.91,4.9,7357.74,48,9.299999999999999,635,4,0,4244.094922072008,-1,0
28,15000.0,5.7,28196.56,48,9.82,609,1,0,537.2973494699588,-1,0
30,15000.0,9.0,8486.65,60,10.82,559,5,0,1066.240577201648,-1,1
38,15000.0,3.9,29143.51,48,10.02,599,3,0,510.56534462355626,-1,0
22,200636.88,0.7,8124.04,24,10.7,565,0,0,16342.226596703738,-1,1
39,63724.3,7.8,20669.11,24,5.699999999999999,815,3,0,4397.082230262076,-1,0
43,15000.0,6.2,5411.65,60,7.02,749,2,0,1142.7917720461617,-1,0
46,15000.0,7.2,92695.36,36,11.0,550,2,0,-1784.7271690986377,-1,1
41,19532.71,2.5,10938.15,48,9.58,621,3,1,1352.5071325239385,-1,1
46,90638.28,6.1,29745.56,36,10.7,565,4,0,6583.579008810174,-1,1
26,42579.14,9.6,24614.42,24,13.4,430,2,1,2373.4173208167595,-1,1
30,43978.89,9.3,19951.63,36,10.12,594,8,0,3019.999873464599,-1,1
40,25197.72,1.0,9735.84,12,9.24,638,2,0,1247.3124814905402,-1,0
42,22081.95,4.9,44169.79,36,8.04,698,3,0,455.22661757803826,-1,0
38,54398.05,3.4,10851.98,60,8.26,687,4,1,4311.77899523296,-1,1
41,43773.26,0.5,8237.77,36,8.799999999999999,660,2,0,3386.578902127356,-1,1
20,23592.79,9.6,13805.79,24,8.74,663,1,0,1336.997530447291,-1,0
30,16203.27,2.9,16264.18,36,9.76,612,3,1,827.303875412477,-1,0
25,43756.99,1.6,20795.6,48,6.66,767,1,0,3151.7130986782063,-1,0
32,57773.84,0.5,4755.49,24,7.98,701,3,0,4599.452109725099,-1,0
26,42172.25,5.6,30614.69,24,9.18,641,1,0,2113.200204072602,-1,0
42,60274.21,1.2,15155.13,12,7.699999999999999,715,4,0,3706.63111469865,-1,0
36,51265.15,1.2,14111.44,12,6.76,762,1,0,3052.639581648878,-1,0
53,17657.48,5.7,12687.66,36,10.2,590,2,0,1060.8691756975763,-1,0
46,20760.43,20.3,19257.95,36,8.28,686,3,0,1124.0710405642267,-1,0
40,44251.6,2.9,12141.9,36,8.98,651,3,0,3301.637169337417,-1,0
42,49589.28,0.5,19110.54,48,13.06,447,3,0,3619.1827810307805,-1,0
28,38656.1,5.0,14044.58,48,8.719999999999999,664,4,0,2873.7059897727636,-1,0
45,104657.41,7.0,25298.14,60,9.719999999999999,614,6,0,8187.418844990115,-1,0
41,49238.2,1.6,25452.58,48,7.82,709,3,1,3483.959779603727,-1,0
36,59597.85,2.7,11304.66,24,6.279999999999999,786,3,1,4464.030580374132,-1,0
30,25920.72,18.8,36334.73,36,6.32,784,2,0,1049.4111932996104,-1,0
32,48511.37,1.0,10716.02,24,9.76,612,2,1,3549.3104032259225,-1,0
20,24879.52,5.6,46867.0,36,10.879999999999999,556,3,1,541.589846950782,-1,1
30,30147.37,2.4,18850.45,48,8.16,692,2,1,2050.669197388865,-1,0
51,74774.58,2.3,10915.24,48,9.879999999999999,606,6,0,5955.004927980541,-1,0
28,89967.01,0.3,8363.87,36,8.879999999999999,656,3,0,7231.748875420317,-1,0
28,24035.68,0.8,32827.06,12,9.0,650,5,2,-867.8015416814624,-1,0
36,44342.43,2.4,46351.56,48,9.68,616,1,0,2526.717594846002,-1,0
30,22737.54,0.7,10464.98,60,6.9399999999999995,753,4,1,1687.871968941879,-1,0
23,73562.54,5.0,5495.23,36,7.92,704,3,0,5958.21386364945,-1,0
45,55249.18,7.5,14441.23,48,5.600000000000001,820,4,0,4267.587690237452,-1,0
39,15000.0,2.2,45174.56,48,15.16,342,4,0,-10.908739037583928,-1,1
18,104599.93,4.7,24274.89,36,8.219999999999999,689,2,1,7953.507934671657,-1,0
54,33897.22,6.1,14636.52,24,9.94,603,1,0,2149.7724523921866,-1,0
23,37296.49,3.1,46711.43,48,9.379999999999999,631,4,2,1937.1781740230488,-1,0
40,21512.58,3.7,56225.44,36,11.42,529,2,0,-59.23696582643379,-1,0
33,79895.55,1.6,19911.79,24,8.14,693,2,1,5756.1342374286105,-1,0
24,33651.27,16.8,15159.57,24,7.6,720,1,0,2121.408492782389,-1,0
51,26940.34,0.4,12412.59,36,6.699999999999999,765,5,0,1863.4638630473876,-1,1
29,67203.78,1.3,36801.94,24,10.459999999999999,577,1,0,3894.268060443104,-1,0
32,16061.67,0.8,4203.6,48,8.379999999999999,681,3,0,1235.09888047029,-1,0
30,41347.93,4.1,9462.88,36,7.199999999999999,740,0,1,3152.608477891935,-1,0
36,26151.21,4.8,10477.35,48,5.0,850,3,0,1937.981531007586,-1,1
35,57443.36,0.9,4870.9,60,12.18,491,4,0,4678.152609185722,-1,1
43,43930.25,10.1,6809.14,48,9.06,647,3,0,3491.21437003129,-1,0
36,34987.68,3.6,5898.26,36,9.799999999999999,610,2,1,2725.873099466372,-1,0
43,22629.22,0.9,59051.06,48,6.640000000000001,768,1,1,481.55911503854486,-1,0
23,27445.56,6.0,22929.32,36,8.68,666,1,2,1561.393865651788,-1,0
35,99091.67,4.7,9864.88,48,6.6,770,6,0,8023.23874755942,-1,0
43,15000.0,8.1,5622.19,48,10.9,555,3,1,1104.9644406723571,-1,1
34,16468.96,4.2,32981.66,24,5.0,850,2,1,-74.537926603208,-1,0
41,28424.9,4.6,44892.28,36,8.78,661,5,1,945.7712799251742,-1,0
29,63183.47,3.0,24676.94,36,11.6,520,2,1,4450.368115449835,-1,1
41,79541.94,4.8,9641.76,48,15.04,348,4,0,6359.96206486155,-1,0
32,51403.79,0.8,22726.44,36,9.1,645,5,0,3559.8962683296486,-1,0
41,30418.19,2.2,16134.04,48,7.18,741,2,1,2147.1507008444482,-1,0
35,46385.46,0.8,5232.9,12,9.78,611,3,0,3405.935212030086,-1,0
18,21932.57,3.9,8804.01,12,8.62,669,3,0,1059.3410419910783,-1,0
29,37335.46,0.2,10589.62,12,10.48,576,2,0,2177.9267691093187,-1,0
51,30212.52,15.4,11633.95,24,10.5,575,1,0,1978.1734503696343,-1,1
31,114051.34,0.3,9808.49,12,10.26,587,4,0,8640.769702475638,-1,1
29,61689.37,2.2,12836.67,24,9.299999999999999,635,5,0,4552.57238425913,-1,0
31,15000.0,0.1,9816.26,24,7.799999999999999,710,5,0,806.9320150390081,-1,1
38,24630.31,0.4,8262.23,12,12.58,471,1,0,1316.1930368480312,-1,1
37,100594.09,2.9,28034.76,24,8.959999999999999,652,2,0,7102.594501042847,-1,0
27,24366.08,7.0,27617.67,36,12.98,451,6,0,1100.2242447881886,-1,0
20,48360.99,0.2,16237.91,48,8.76,662,4,0,3627.8493612795974,-1,0
27,21033.0,5.3,15543.95,36,9.14,643,3,0,1257.443113504931,-1,0
32,41201.79,2.1,8914.44,48,9.68,616,4,0,3208.7567609331595,-1,0
42,21524.52,2.8,14145.18,24,9.799999999999999,610,5,1,1142.2866774558179,-1,0
38,15000.0,0.1,20218.95,24,10.34,583,2,0,313.82196301084355,-1,1
27,15000.0,0.2,34770.73,60,9.64,618,4,0,517.3687646412494,-1,0
39,16402.5,6.2,11873.53,60,8.68,666,3,0,1122.2399850842635,-1,0
47,23413.79,0.1,4385.69,60,9.42,629,4,1,1859.2128791912567,-1,0
34,38858.55,2.2,16128.13,60,12.78,461,1,1,2873.0617738472924,-1,0
32,15430.09,0.4,15243.94,36,11.6,520,6,0,782.4312692023555,-1,0
18,33728.04,1.9,16016.88,12,7.58,721,2,1,1420.4952168621332,-1,0
38,28201.74,2.0,30234.07,36,7.640000000000001,718,7,0,1407.73222673164,-1,0
43,74055.49,4.7,24715.29,48,5.66,817,3,0,5594.696383391501,-1,0
41,49614.18,3.3,3075.43,24,10.44,578,2,0,3991.974134399703,-1,1
44,48817.3,9.6,48202.78,48,8.5,675,5,0,2879.9915891541145,-1,1
35,15000.0,0.7,9923.51,12,7.039999999999999,748,1,0,391.1679694528085,-1,1
18,19048.12,10.7,22717.02,48,7.959999999999999,702,2,0,1033.1809261642452,-1,0
44,15000.0,4.5,10202.72,24,10.68,566,2,0,775.9876488520049,-1,1
45,18473.59,2.3,5093.37,36,10.42,579,6,0,1374.110930654455,-1,0
44,33946.71,3.9,67097.12,48,11.56,522,3,0,1076.42862395968,-1,1
44,43117.92,4.3,62265.58,48,7.859999999999999,707,5,0,2077.163774005846,-1,0
42,36781.92,0.2,5846.11,12,7.039999999999999,748,5,0,2559.2073157076234,-1,0
33,72850.35,0.3,5837.81,48,10.72,564,2,0,5920.773824085429,-1,0
63,15000.0,0.3,29926.17,24,5.0,850,1,0,-62.90266731799147,-1,1
39,29821.29,4.3,2708.06,48,11.0,550,6,0,2415.11627403683,-1,0
19,23122.24,0.9,3061.1,36,6.799999999999999,760,4,1,1832.6151171035362,-1,0
18,85819.41,7.4,29461.65,60,7.9399999999999995,703,4,0,6555.087102199114,-1,0
18,78602.46,5.6,27544.21,24,5.559999999999999,822,5,0,5334.882444542602,-1,0
28,37575.28,5.5,14072.77,36,11.4,530,1,0,2667.878585280631,-1,1
41,21030.65,3.2,45668.79,48,7.5,725,4,0,648.3329716418395,-1,0
29,31288.26,3.9,17203.77,24,12.52,474,2,0,1793.3297925358645,-1,0
30,27460.95,11.7,41933.15,48,8.54,673,2,0,1254.03941509637,-1,0
41,15000.0,1.6,12192.0,48,12.78,461,3,0,924.2488631377381,-1,1
45,15000.0,3.9,14535.44,24,7.4,730,2,1,596.5718664827086,-1,0
43,37178.93,0.9,4231.74,60,7.52,724,2,1,3013.408554120932,-1,1
18,114066.1,1.9,4058.92,36,6.74,763,3,0,9380.662611968486,-1,0
29,105766.88,0.7,21286.32,36,7.34,733,2,0,8153.332818179697,-1,0
52,18034.41,3.4,10610.55,48,8.12,694,2,0,1243.2348771694433,-1,0
18,19045.06,11.4,16137.61,48,11.58,521,1,0,1165.4433879708674,-1,0
38,16403.11,0.7,21368.97,48,6.84,758,5,0,856.8040159019347,-1,0
35,91015.44,9.2,27463.53,24,10.6,570,5,1,6309.69849497026,-1,1
39,43055.92,0.5,20086.27,36,8.1,695,3,0,2957.63560501761,-1,0
35,40223.12,17.7,9396.47,48,8.18,691,3,2,3121.736615596456,-1,0
18,15000.0,4.9,31865.1,24,7.84,708,3,0,-188.847984019372,-1,0
44,54385.03,13.9,5163.71,36,9.719999999999999,614,3,0,4366.145424016532,-1,0
30,85011.85,1.2,27131.93,36,10.06,597,4,0,6208.085272921361,-1,0
34,15000.0,0.5,26630.93,36,5.399999999999999,830,3,0,447.0556670275014,-1,1
40,24894.42,4.5,17063.12,36,10.26,587,0,0,1521.8708933565626,-1,1
44,138156.64,1.7,19827.88,24,9.799999999999999,610,5,0,10599.926496587013,-1,0
44,29353.13,5.1,12780.19,48,11.14,543,2,0,2114.91390166626,-1,0
45,68981.76,3.7,15064.47,24,12.42,479,6,0,5036.384779800998,-1,0
34,24642.94,5.2,20713.49,60,9.32,634,2,1,1620.3762867630264,-1,0
41,20765.93,3.7,13973.3,24,5.0,850,1,1,1117.4660764956059,-1,1
48,15000.0,19.2,10095.67,24,5.0,850,4,0,807.0889268034557,-1,0
43,17709.2,1.1,3058.13,24,7.199999999999999,740,2,0,1338.5688561517795,-1,0
20,15000.0,1.6,33507.83,36,10.12,594,3,0,166.9077856971237,-1,0
35,85816.14,0.4,6629.44,48,9.959999999999999,602,3,0,6983.332596212278,-1,0
44,57689.46,3.3,64231.48,60,15.54,323,2,0,3261.1257071165114,-1,1
31,15000.0,2.1,31366.51,48,11.44,528,2,0,432.5975407340858,-1,0
39,38415.78,3.7,6664.99,48,6.619999999999999,769,7,0,3042.8859330525397,-1,0
43,36230.25,1.2,17922.81,24,10.92,554,7,0,2184.5096027879063,-1,0
41,137494.5,14.3,6310.89,48,7.199999999999999,740,7,0,11306.166607529023,-1,0
38,47551.83,1.9,9962.62,48,11.379999999999999,531,3,0,3703.3210197776884,-1,0
44,101208.79,13.9,33842.41,60,5.84,808,4,0,7782.312084734721,-1,0
31,34467.95,1.6,8494.08,36,5.640000000000001,818,2,1,2615.306053185194,-1,0
44,29505.5,2.0,16379.11,24,6.92,754,2,0,1726.050551072707,-1,0
38,40578.14,0.2,11047.56,48,9.34,633,4,0,3104.805649577883,-1,0
43,137011.77,13.2,7453.94,24,7.219999999999999,739,2,1,11083.171467344933,-1,0
48,40102.67,0.5,20802.01,60,6.959999999999999,752,7,0,2930.3769004200944,-1,0
39,15000.0,2.3,24796.12,24,7.02,749,3,0,139.5889200765298,-1,1
39,36448.07,0.8,8140.27,36,7.42,729,3,0,2784.425131164252,-1,0
23,89697.75,3.3,7770.66,48,7.32,734,2,1,7287.578539320066,-1,0
19,49635.52,1.5,28697.93,48,10.48,576,3,0,3401.8064902133397,-1,1
35,15000.0,2.6,13911.74,36,7.199999999999999,740,1,1,819.1725800931304,-1,0
25,28192.13,0.1,14130.33,48,11.58,521,3,0,1980.1456161499787,-1,1
35,15000.0,1.2,28095.77,24,7.0,750,3,0,-7.9200847887759664,-1,1
32,20694.3,6.3,12748.26,36,7.52,724,3,1,1327.8577351856918,-1,0
39,47306.28,6.7,19064.85,12,5.079999999999998,846,3,0,2309.39717990374,-1,0
18,34169.52,6.2,7274.05,24,12.82,459,1,0,2502.253086370677,-1,0
33,71937.17,12.6,7761.29,36,8.58,671,5,0,5749.471546019178,-1,0
28,31339.22,5.3,4949.44,36,10.48,576,3,0,2450.779444891973,-1,0
34,28944.9,1.7,25498.7,12,8.6,670,8,0,186.90304752146585,-1,0
35,63454.39,7.8,9206.75,12,8.7,665,2,0,4484.00221707872,-1,0
38,64884.82,23.5,7205.87,12,10.48,576,2,1,4771.948083995312,-1,0
35,60372.52,6.6,31942.16,24,7.279999999999999,736,4,0,3596.8524161351297,-1,0
18,19443.62,3.6,4974.89,24,10.299999999999999,585,1,0,1390.0462770532395,-1,0
29,64764.78,0.6,100000.0,12,10.58,571,2,0,-3421.5218955489463,-1,0
18,56734.24,13.3,2580.05,12,6.859999999999999,757,3,1,4504.776483935231,-1,0
48,15000.0,0.4,8390.77,36,12.24,488,2,0,970.3435640111682,-1,0
26,15000.0,2.8,4723.27,48,9.1,645,3,0,1132.2368208666533,-1,0
32,49226.04,0.0,18774.35,24,9.78,611,6,1,3237.734124328406,-1,0
34,33831.98,9.6,34040.1,36,8.42,679,5,0,1746.0309366670715,-1,0
34,31374.71,1.4,6591.74,36,9.34,633,1,0,2403.8989608397833,-1,0
42,118197.13,3.9,27029.98,48,11.12,544,2,0,9149.580639461965,-1,1
40,30066.94,11.2,5538.63,24,8.18,691,6,0,2254.626161427216,-1,0
40,15000.0,9.3,23451.79,24,6.34,783,3,0,207.00575905227333,-1,1
35,39581.34,3.5,12367.77,24,7.68,716,2,0,2740.8875583943945,-1,0
50,15000.0,2.0,23033.59,60,7.359999999999999,732,6,1,789.9849456935647,-1,0
44,79693.23,1.8,43221.79,24,9.08,646,6,0,4664.939309029801,-1,0
29,15000.0,2.6,27841.94,48,7.92,704,0,0,571.3419216013482,-1,0
43,69241.5,2.1,4930.31,12,10.799999999999999,560,2,1,5334.835840827598,-1,1
41,17008.74,3.0,8636.95,36,11.0,550,4,0,1134.6323371963122,-1,1
36,76056.3,3.0,23594.66,24,5.879999999999999,806,3,0,5293.570600803869,-1,0
33,174963.32,0.5,40431.42,24,9.6,620,4,0,12722.027374169435,-1,0
23,70846.21,2.5,7018.42,48,7.4399999999999995,728,2,0,5734.349596250938,-1,0
35,27510.22,12.4,21539.86,48,9.08,646,1,2,1755.6794018442624,-1,0
27,63024.6,0.3,16516.1,48,5.879999999999999,806,2,0,4865.076933020029,-1,0
50,53374.58,4.3,21555.57,48,9.879999999999999,606,3,1,3902.4181182590733,-1,1
21,15000.0,2.4,4097.95,24,7.18,741,1,0,1066.1896286628607,-1,0
28,22265.5,5.9,2245.71,48,7.299999999999999,735,2,0,1801.368891422202,-1,0
42,15000.0,8.9,12502.57,12,10.54,573,4,0,147.6829747433669,-1,0
28,44529.12,4.9,10016.49,60,9.08,646,5,0,3502.4450213068258,-1,0
41,81614.54,8.8,18281.49,12,7.879999999999999,706,5,0,5211.947718555102,-1,0
22,15000.0,1.2,10948.62,24,7.34,733,5,0,758.1127317402697,-1,0
22,94108.77,10.0,30713.59,60,8.52,674,3,0,7211.9650712013345,-1,0
34,15000.0,4.8,18350.55,48,7.4,730,0,0,807.1597314158264,-1,0
39,39856.86,3.7,20231.87,36,12.1,495,2,0,2648.450678132973,-1,0
50,73172.46,0.2,13356.91,36,9.76,612,0,1,5668.218554852485,-1,0
37,15000.0,9.0,2984.77,48,8.6,670,1,0,1176.289485291395,-1,0
19,67376.22,9.9,19113.71,48,6.859999999999999,757,1,0,5158.223892879994,-1,0
18,15177.39,1.7,31156.37,36,11.379999999999999,531,4,0,239.14706351994505,-1,1
18,73025.8,3.7,29336.9,36,8.68,666,2,0,5156.940820962271,-1,0
31,50096.32,5.5,69012.71,36,11.5,525,4,0,1898.9297644266303,-1,0
40,64286.02,4.6,5493.76,48,6.66,767,1,1,5226.478278920912,-1,0
50,32564.28,6.8,13100.47,24,6.539999999999999,773,3,0,2129.8763004247517,-1,0
30,41183.24,5.7,9438.37,48,9.24,638,2,0,3195.9853574663434,-1,0
48,101667.54,6.7,8027.85,24,8.34,683,2,0,8107.970954978384,-1,0
30,33827.0,0.1,48164.21,12,7.18,741,5,0,-1352.5734354130677,-1,0
36,26466.76,4.7,14881.88,48,5.0,850,5,0,1862.844149930199,-1,0
21,55331.96,11.4,6660.88,36,10.84,558,1,2,4393.4323500528135,-1,1
26,28043.98,5.5,11467.67,12,6.5,775,0,0,1347.3795014504158,-1,0
26,39566.72,4.0,10047.34,24,7.859999999999999,707,1,1,2843.4539606147164,-1,0
44,59477.45,4.6,21571.6,36,6.84,758,1,0,4291.962709053906,-1,0
35,32633.32,0.5,24765.69,48,7.0,750,2,0,2126.3980613591198,-1,0
37,20173.84,16.5,4136.51,60,6.959999999999999,752,3,0,1599.323519558049,-1,0
40,99997.78,1.3,3670.67,60,6.82,759,1,0,8260.77599258063,-1,0
45,15000.0,9.1,6454.32,48,9.48,626,3,0,1087.9088737180507,-1,1
42,15000.0,0.4,7440.69,24,11.92,504,3,0,900.0188014033547,-1,0
54,57203.21,1.0,15301.89,36,13.36,432,2,0,4248.695695645919,-1,0
27,26236.81,1.8,16902.77,24,9.74,613,3,0,1408.4505762616413,-1,0
51,40927.57,6.4,43158.4,48,7.76,712,0,1,2361.8634752015114,-1,0
34,22020.63,4.6,44150.38,48,11.799999999999999,510,3,1,676.7344238699986,-1,0
43,82215.86,17.4,11185.37,12,6.76,762,2,0,5884.725105727191,-1,0
49,52984.69,0.6,3962.62,36,8.74,663,1,0,4289.859535173978,-1,0
38,27280.55,4.3,30112.65,24,9.799999999999999,610,2,1,886.6111995138931,-1,0
38,81352.72,16.3,4948.61,48,10.299999999999999,585,1,0,6653.169635551217,-1,0
37,52577.54,2.4,22784.09,48,9.54,623,1,0,3808.618546661099,-1,0
56,29046.58,0.5,13184.18,48,7.279999999999999,736,4,0,2103.1212079878906,-1,0
31,40515.0,0.9,24236.72,24,10.4,580,4,0,2253.3684809071074,-1,1
18,29056.67,3.4,6134.3,24,9.68,616,4,0,2139.227497483526,-1,0
46,49098.91,6.4,20350.89,36,10.24,588,2,0,3432.6143577520556,-1,0
36,50576.99,3.3,1428.13,36,8.68,666,4,0,4169.547409896439,-1,0
18,31361.31,5.1,46428.16,36,5.780000000000001,811,5,0,1205.6313584709096,-1,0
42,20057.39,5.2,16199.14,36,9.76,612,3,0,1150.5718789521475,-1,0
38,15000.0,9.1,14475.03,24,8.58,671,3,0,591.4978862977807,-1,0
45,81553.37,3.1,5688.47,48,5.600000000000001,820,7,0,6663.56100478699,-1,0
37,88817.89,2.6,70705.33,48,5.800000000000001,810,5,0,5747.449726728094,-1,0
25,57734.77,1.1,29776.83,24,9.84,608,4,0,3439.379120627448,-1,0
34,24220.25,3.9,4178.11,36,8.56,672,1,1,1886.3453320357378,-1,0
45,174202.84,4.0,9955.67,24,7.9,705,1,0,14067.089268906093,-1,0
33,34522.61,3.8,45455.63,36,5.579999999999998,821,1,0,1502.669639687533,-1,0
28,15000.0,0.8,42711.73,48,7.42,729,1,1,218.87113511535085,-1,0
37,15000.0,15.4,16945.77,48,10.34,583,1,0,817.4392538794709,-1,0
36,54180.24,5.6,7436.7,36,9.0,650,4,0,4278.53492812782,-1,0
48,73300.25,7.5,4459.09,24,10.44,578,1,0,5901.683051281297,-1,0
19,15000.0,9.6,1913.47,36,12.28,486,1,0,1186.1892158726534,-1,0
35,19343.26,2.0,4683.73,36,7.24,738,5,0,1466.8038402561049,-1,0
51,15000.0,6.5,18494.03,24,8.68,666,5,0,407.81774509469096,-1,1
33,36740.49,3.3,11212.79,48,6.4,780,3,1,2796.3135583913777,-1,0
48,15000.0,0.3,3382.17,36,9.58,621,4,0,1141.5325932140306,-1,0
51,16634.03,3.0,27417.42,24,10.44,578,0,0,115.41913193106643,-1,1
54,48464.96,2.0,7375.97,24,8.24,688,3,0,3704.3435679596455,-1,0
48,30757.26,0.3,36707.41,12,5.440000000000001,828,0,0,-586.7303273273833,-1,1
46,57485.12,2.3,9291.42,24,9.32,634,0,0,4364.585054948088,-1,0
55,15000.0,7.8,21863.93,12,10.959999999999999,552,3,0,-681.962480841336,-1,1
43,67875.54,4.9,8757.42,48,10.44,578,5,0,5432.329123788899,-1,1
37,27450.07,5.0,5933.15,60,5.98,801,5,0,2172.8565906164667,-1,0
30,51606.42,2.0,20437.46,48,8.86,657,2,0,3793.3054726824444,-1,0
31,71086.71,3.8,7050.4,48,11.22,539,3,0,5740.917055641331,-1,1
26,55157.02,5.6,6860.42,48,10.64,568,3,0,4420.304188605378,-1,0
34,72511.69,8.5,8468.99,12,10.72,564,1,1,5295.243103353266,-1,1
34,43546.91,1.3,6643.5,48,9.42,629,8,0,3462.257297200651,-1,0
39,189589.7,1.5,28997.05,12,8.4,680,1,0,13271.367777868734,-1,1
38,15357.41,8.5,8065.93,36,15.42,329,3,0,998.5142388618988,-1,0
43,94659.01,3.7,4243.72,48,8.76,662,0,1,7783.12863377375,-1,0
35,210199.93,12.1,35592.27,36,5.600000000000001,820,4,1,16440.314053254893,-1,0
22,52296.45,0.5,15216.54,60,8.1,695,2,0,4048.7721810565777,-1,0
34,28599.95,10.3,20424.06,24,11.34,533,4,0,1428.1806683686714,-1,1
38,40602.11,9.2,3279.62,60,11.6,520,8,1,3311.2170174524917,-1,0
18,64693.68,1.1,3528.45,48,9.42,629,3,0,5302.629005973153,-1,0
27,500000.0,3.0,43857.9,48,10.26,587,4,0,40548.832770312554,-1,0
38,25236.35,9.6,13395.5,36,12.02,499,3,0,1657.9789096229836,-1,1
28,21696.42,5.0,8517.92,36,8.959999999999999,652,1,0,1537.3259672875306,-1,0
26,62923.74,8.3,11777.5,24,9.219999999999999,639,3,0,4704.4033476660625,-1,0
36,31741.74,2.5,17532.07,36,8.1,695,3,0,2094.944498967591,-1,0
53,35964.82,5.3,13053.62,36,8.6,670,6,1,2584.3925657995496,-1,0
27,22231.28,3.6,2623.56,48,9.6,620,2,0,1786.5692532532646,-1,0
19,22308.39,3.8,13578.42,24,9.98,601,4,1,1232.5826440033009,-1,0
56,22295.52,2.7,8418.8,36,9.879999999999999,606,2,1,1586.7830667972187,-1,0
35,67052.56,0.4,4384.14,48,8.34,683,4,1,5479.982590827617,-1,0
34,34510.69,1.7,19745.82,60,10.0,600,2,1,2456.350512932677,-1,1
45,34661.31,0.0,10982.27,48,9.7,615,5,0,2611.48334283954,-1,0
29,62165.56,5.3,10998.81,48,13.22,439,5,0,4884.190410535009,-1,0
32,61212.06,3.7,12226.01,48,11.28,536,3,0,4783.3523582690295,-1,0
40,42187.43,0.6,12025.09,36,8.66,667,5,0,3135.1245320806006,-1,0
26,21217.67,5.0,9480.77,12,12.7,465,3,0,922.676453575167,-1,1
36,57906.2,6.8,6202.85,36,7.359999999999999,732,7,1,4632.968040615409,-1,0
22,31547.15,6.0,9881.98,36,8.219999999999999,689,9,0,2318.259924436662,-1,0
31,117002.18,5.6,49871.37,36,10.28,586,4,0,8134.408859824113,-1,1
18,34218.56,5.5,4864.53,48,6.76,762,2,0,2735.6003311107306,-1,0
42,35692.12,5.4,23067.11,48,9.24,638,2,1,2397.684990423714,-1,0
55,17932.87,0.4,8396.54,36,10.18,591,3,0,1222.7629681713038,-1,1
30,20554.05,4.3,28437.33,36,11.92,504,2,0,769.3974209364782,-1,0
26,25013.61,3.9,28898.6,24,6.799999999999999,760,1,1,793.2212461554259,-1,0
36,74247.63,1.3,29942.23,36,7.959999999999999,702,2,1,5249.57425745202,-1,0
22,19806.71,7.7,8771.84,48,6.6,770,2,0,1442.1305824019103,-1,0
43,47905.63,0.8,24653.36,48,7.76,712,3,0,3393.0487671707156,-1,0
25,16269.61,25.3,30941.36,60,5.739999999999998,813,2,0,761.3512243358203,-1,0
39,35107.72,11.9,4045.31,48,9.82,609,3,0,2823.3931595810855,-1,1
27,90404.55,10.8,4725.5,24,7.279999999999999,736,0,0,7321.539335153912,-1,0
29,99371.45,1.3,11689.64,24,6.139999999999999,793,7,1,7762.124451570304,-1,0
38,56177.9,4.1,34521.43,48,7.539999999999999,723,3,0,3846.156829002425,-1,0
40,66849.13,1.2,8192.29,60,8.76,662,1,0,5401.655013578347,-1,0
39,15000.0,2.0,14279.36,36,9.78,611,0,0,790.718706360348,-1,1
36,28392.34,2.5,8349.62,48,8.18,691,5,0,2161.4834931734804,-1,0
35,63796.9,2.5,13377.39,12,10.5,575,3,1,4137.210094461881,-1,0
41,39620.67,1.1,12089.25,36,6.5,775,4,0,2931.1990419751514,-1,0
40,17485.72,1.2,5137.63,36,7.299999999999999,735,4,1,1297.8025828283833,-1,0
18,55702.16,6.1,28124.94,12,8.2,690,1,0,2192.7007491180316,-1,0
45,45839.15,4.4,4580.48,24,15.86,307,2,0,3595.960900713903,-1,0
34,93561.11,3.1,20358.65,36,6.219999999999999,789,3,0,7175.378163175451,-1,0
18,18149.49,1.1,11546.19,48,9.459999999999999,627,1,0,1222.6014922614172,-1,0
31,23768.14,0.1,34564.19,60,9.4,630,1,0,1256.4539702640413,-1,0
29,15000.0,2.0,5174.54,36,12.06,497,5,0,1077.9828998474409,-1,0
36,15000.0,4.4,8594.03,36,6.1,795,2,0,988.163383135265,-1,0
32,42915.84,2.0,4649.03,48,10.4,580,5,0,3457.513514556182,-1,1
29,47012.89,10.6,4109.61,36,7.84,708,0,0,3789.2637118972643,-1,0
45,54802.14,8.3,48380.08,48,12.06,497,1,0,3291.3862181130366,-1,0
38,46606.2,12.6,6318.94,36,12.2,490,4,2,3673.3666474298525,-1,0
38,51645.71,0.8,3681.21,48,8.54,673,1,0,4213.004050812549,-1,0
41,29684.45,5.5,11321.57,24,6.379999999999999,781,4,1,1969.9844788817686,-1,0
31,102101.28,1.5,8110.91,36,9.76,612,3,0,8247.636722684256,-1,0
26,22010.25,0.5,4732.09,12,9.56,622,3,0,1419.1293612215118,-1,0
25,20372.92,0.4,10501.89,48,6.16,792,2,0,1450.3350226776531,-1,0
44,78253.35,4.5,21074.6,48,8.219999999999999,689,3,0,6004.440809548385,-1,0
40,108529.03,4.6,12972.58,36,8.04,698,5,0,8637.332902663084,-1,0
25,36147.7,2.1,11798.25,48,12.9,455,4,1,2696.376092924982,-1,1
49,42285.83,4.9,12946.27,36,10.32,584,1,1,3104.1317246919543,-1,0
21,58207.86,3.7,11917.73,36,7.4,730,2,0,4480.486590503168,-1,1
39,68568.32,0.8,15661.21,12,9.58,621,5,0,4340.21484851017,-1,0
26,75513.15,4.9,9254.07,36,9.32,634,7,0,5997.105383888135,-1,0
36,30782.2,22.2,5494.58,48,8.98,651,2,1,2428.502651542506,-1,0
51,46806.63,3.8,15723.99,48,9.18,641,4,0,3507.9150300026286,-1,0
26,36017.58,17.9,2652.66,12,10.12,594,1,0,2768.105969131915,-1,0
32,25202.07,12.6,17128.69,48,8.02,699,2,0,1681.8502976527507,-1,0
43,40068.92,1.0,51693.1,36,10.379999999999999,581,3,1,1661.8480741005435,-1,0
37,17400.79,18.1,100000.0,60,8.44,678,4,0,-598.6967392644794,-1,1
34,21155.96,1.3,4908.67,36,9.34,633,1,1,1606.1243639762927,-1,0
25,22018.43,2.9,1915.06,36,11.16,542,6,0,1772.027355097677,-1,1
43,22425.3,3.3,15683.0,36,10.56,572,6,1,1358.595362929685,-1,1
29,15000.0,1.6,22719.27,12,10.459999999999999,577,2,0,-752.2486545697791,-1,1
40,58732.17,0.1,5845.1,24,7.1,745,3,0,4632.382235112778,-1,0
19,49494.24,2.1,2083.93,48,8.879999999999999,656,3,0,4072.779974848364,-1,0
45,15000.0,0.5,7101.89,12,11.44,528,4,0,620.864668198343,-1,0
26,15000.0,4.1,18419.59,36,10.68,566,3,1,649.7537310701034,-1,1
29,37698.25,4.4,93076.58,48,10.4,580,2,0,762.9383447431733,-1,1
18,37987.27,1.2,42294.16,48,10.68,566,4,1,2079.052105146016,-1,1
36,24804.08,2.1,8259.43,12,5.960000000000001,802,4,0,1356.2988581957052,-1,0
39,67286.13,4.1,9029.86,36,11.32,534,3,0,5310.181202352026,-1,0
46,15000.0,9.5,16296.89,24,9.74,613,1,0,499.9353795283798,-1,0
18,45687.47,7.7,36795.63,36,8.9,655,6,0,2638.909733272641,-1,0
59,25913.34,1.1,7357.89,24,11.26,537,1,0,1815.620796707042,-1,1
31,66867.15,1.0,5069.64,36,10.06,597,2,0,5408.536629909411,-1,1
24,60823.67,3.0,8666.93,24,10.76,562,3,0,4665.657335024248,-1,0
25,15000.0,4.3,10168.01,48,8.4,680,2,0,999.8555817885441,-1,1
38,75358.03,0.4,14754.22,60,5.0,850,5,0,6001.405500478194,-1,0
51,29764.4,1.6,13584.84,12,11.48,526,4,1,1276.6722524131455,-1,0
29,21188.92,0.3,31008.04,36,10.14,593,0,1,763.161730253158,-1,0
18,15000.0,2.6,5849.91,48,9.86,607,3,0,1102.0241738402758,-1,0
43,327189.91,1.8,30384.16,36,7.24,738,2,0,26324.31347903934,-1,0
18,83776.16,17.5,57307.74,36,8.52,674,2,0,5171.7513015678105,-1,1
40,19615.8,2.7,3031.13,48,5.379999999999999,831,4,0,1564.322247910249,-1,0
54,36303.34,7.0,14752.87,48,8.98,651,5,2,2658.2926256047276,-1,0
40,134618.51,6.9,23467.17,36,5.399999999999999,830,6,0,10510.654786763216,-1,0
31,29995.65,1.3,14727.78,24,9.28,636,1,0,1824.9090235401848,-1,0
35,15000.0,3.7,3545.53,36,9.1,645,4,0,1137.0880079044123,-1,0
33,101052.45,0.5,2352.58,36,8.5,675,4,0,8346.772342808088,-1,0
38,50489.83,2.0,7981.81,48,9.799999999999999,610,4,0,4005.8122926227547,-1,0
22,46058.65,2.1,8473.6,36,11.2,540,5,0,3560.0027941018493,-1,0
33,47550.07,3.3,14747.03,48,10.76,562,6,1,3583.0776376148674,-1,1
44,40790.86,9.9,16605.47,36,9.44,628,0,0,2867.781764028953,-1,0
39,34402.94,2.0,17443.71,48,9.04,648,4,0,2432.4928136830194,-1,0
33,15000.0,4.9,13591.05,36,7.359999999999999,732,2,0,828.1071597581856,-1,0
47,21139.92,0.8,6614.18,60,10.06,597,3,0,1620.932875405304,-1,0
48,23106.39,5.9,65395.93,24,6.98,751,3,0,-1001.8190511521791,-1,0
35,75017.01,1.0,34798.62,36,10.08,596,4,1,5127.256440354297,-1,0
30,88987.08,4.3,3304.78,36,7.1,745,3,1,7313.396820192631,-1,0
32,86892.84,7.3,29763.13,24,5.879999999999999,806,1,0,5923.558662165661,-1,0
31,128536.5,7.8,13327.25,48,8.84,658,1,0,10380.737411559145,-1,0
43,54407.75,8.6,10914.15,24,9.76,612,4,0,4031.5546406059843,-1,1
31,120185.8,2.9,14646.43,48,11.52,524,3,0,9633.229433812772,-1,0
18,68838.95,2.9,7778.67,36,9.0,650,4,0,5489.219540216767,-1,0
37,45919.85,1.0,9042.68,60,7.699999999999999,715,3,0,3644.5967722601313,-1,0
34,52289.12,2.9,18960.84,24,6.9399999999999995,753,5,2,3509.0166083180993,-1,0
39,73226.25,11.1,6043.56,60,10.68,566,3,1,5971.748276104827,-1,0
50,15000.0,0.3,6643.08,60,9.54,623,1,2,1110.3530629438956,-1,0
62,67583.31,0.1,2862.09,60,6.619999999999999,769,0,0,5575.781410678007,-1,0
19,108642.53,6.8,3719.7,36,6.4399999999999995,778,5,0,8939.640626598883,-1,0
30,63465.85,1.6,17114.98,36,9.48,626,2,0,4740.737534877976,-1,0
28,28373.69,2.3,14789.69,24,10.66,567,0,0,1677.4909593629002,-1,0
18,55639.96,1.0,2803.53,24,9.04,648,1,0,4508.533329243271,-1,0
29,36114.51,4.8,15560.68,60,9.959999999999999,602,3,0,2679.230212592843,-1,0
24,58152.78,10.0,5596.62,60,6.4399999999999995,778,1,0,4736.717921730349,-1,0
39,53988.47,8.1,4151.93,48,7.619999999999999,719,1,0,4398.417381394101,-1,0
33,44404.12,0.4,27897.07,48,6.76,762,2,1,3035.415161598873,-1,0
36,110894.37,1.3,6947.05,36,10.08,596,4,1,9016.774718596263,-1,0
24,51892.06,0.8,44999.92,24,9.879999999999999,606,6,0,2250.311815383098,-1,0
36,16166.73,0.2,10771.56,60,11.52,524,0,0,1110.2246436622524,-1,1
37,43145.3,1.7,18683.08,12,9.82,609,2,0,1954.465780867315,-1,0
36,41442.79,3.7,18819.07,24,10.68,566,3,0,2579.24294520951,-1,0
21,72510.31,14.0,6521.77,60,9.879999999999999,606,3,1,5904.342257588729,-1,0
41,35823.75,1.2,31938.03,36,11.4,530,2,1,1933.6421205971071,-1,1
28,29293.01,10.4,30552.72,48,12.42,479,3,1,1630.1989977271433,-1,1
37,43799.92,12.7,6083.4,60,6.48,776,1,2,3531.0216080497044,-1,0
27,16714.84,2.2,15956.15,36,9.18,641,1,0,884.1642573200952,-1,0
31,44862.26,2.1,10568.14,36,10.18,591,3,0,3396.6237147682123,-1,1
36,37810.27,2.0,29443.32,24,11.0,550,4,0,1778.5663388048363,-1,0
45,63649.57,6.3,7053.4,24,6.6,770,1,0,4989.609414785269,-1,0
37,63210.25,5.9,18314.55,36,5.559999999999999,822,1,0,4714.000707523553,-1,0
32,42084.92,7.7,6249.66,48,7.84,708,5,1,3354.9731437040296,-1,0
30,59211.99,2.2,30590.08,48,8.959999999999999,652,4,0,4173.677938991932,-1,0
39,34114.06,6.6,9293.56,12,6.199999999999999,790,3,0,2042.1202261485028,-1,0
19,65884.33,2.3,2423.1,48,10.0,600,2,0,5428.904757412597,-1,0
40,25645.56,9.9,7800.03,36,8.48,676,2,0,1890.974540318968,-1,0
33,20007.61,4.5,7218.47,36,9.219999999999999,639,3,0,1437.015598219558,-1,0
47,49666.53,3.6,18492.95,36,8.28,686,7,1,3556.9839643724044,-1,0
54,29064.52,7.4,10525.18,36,5.0,850,0,0,2106.59424654525,-1,0
38,106939.84,1.3,6194.34,36,10.5,575,2,2,8710.322147434512,-1,0
34,22313.19,0.0,21188.38,36,7.98,701,4,0,1195.661155765013,-1,1
44,17517.98,5.8,14236.38,48,11.44,528,4,1,1088.8355940068752,-1,1
26,35426.48,5.3,6575.38,24,7.66,717,5,0,2655.8386291988354,-1,0
22,35864.26,2.9,15495.03,48,10.44,578,3,0,2592.4120361056935,-1,1
52,36201.75,0.7,10242.06,36,11.1,545,6,0,2681.0153603831395,-1,0
30,33859.69,0.5,10506.27,36,8.58,671,0,0,2489.594163059436,-1,0
20,47669.79,1.0,30984.58,48,8.68,666,6,0,3206.129322431797,-1,1
48,51665.51,16.7,6134.0,48,9.719999999999999,614,3,0,4150.7086101175855,-1,0
28,78291.62,9.6,3598.99,36,12.2,490,2,1,6404.419616660426,-1,0
29,109627.1,0.5,10468.3,48,10.84,558,1,0,8865.845657708167,-1,1
34,15000.0,4.4,36605.9,48,9.6,620,0,0,328.59589577914994,-1,0
20,32482.93,0.3,15044.29,36,10.04,598,1,0,2221.1913343356955,-1,1
26,15000.0,2.7,8585.03,48,9.52,624,6,2,1034.2351144467398,-1,0
47,74838.07,1.2,50040.51,24,8.5,675,4,0,3961.880679874586,-1,0
56,36411.56,10.0,1049.54,48,8.62,669,4,0,3008.3677841427984,-1,0
18,104365.87,3.4,4584.93,36,9.68,616,2,0,8549.900913226822,-1,0
27,34523.49,1.7,4990.05,48,10.62,569,4,0,2748.905973899543,-1,1
32,92156.22,2.2,25517.35,12,10.42,579,3,0,5431.316956985405,-1,1
35,27697.88,7.9,9942.04,12,12.26,487,4,0,1423.6087462463834,-1,0
21,36871.68,0.4,7287.6,48,8.299999999999999,685,2,0,2893.7003581921786,-1,0
35,19840.51,5.7,10114.92,24,9.6,620,1,1,1188.4887990994105,-1,0
45,31132.92,17.5,21859.31,48,8.84,658,3,0,2052.099355014645,-1,0
41,75473.68,2.3,24380.12,60,7.799999999999999,710,3,1,5797.462695447312,-1,0
31,77526.45,4.3,12003.31,24,9.08,646,3,0,5911.728684080887,-1,0
37,15264.53,8.8,7417.58,36,9.799999999999999,610,5,0,1033.3956218313715,-1,1
36,15000.0,1.8,24210.89,48,10.7,565,1,2,627.7782995013764,-1,0
29,73997.13,8.7,16129.68,12,8.54,673,3,1,4759.301549161366,-1,0
32,28800.05,1.2,9683.78,36,8.219999999999999,689,2,1,2095.565927111226,-1,0
32,64890.5,0.0,20433.29,48,6.76,762,6,0,4920.51309476933,-1,0
18,68431.15,2.6,62783.13,36,6.58,771,4,0,3776.06856615775,-1,1
29,32700.07,2.5,17111.88,12,8.68,666,4,0,1231.0847530354176,-1,0
57,41784.32,5.3,32232.88,24,9.92,604,1,0,1995.8326760198859,-1,0
37,53391.22,2.9,52688.55,48,10.299999999999999,585,2,0,3105.3467853071315,-1,0
37,62374.38,13.2,11910.24,48,10.92,554,4,1,4890.501135721437,-1,0
40,64724.17,3.6,16870.09,48,9.7,615,1,0,4968.238196463078,-1,0
44,15685.66,2.0,20000.55,60,12.879999999999999,456,2,0,853.2920318156728,-1,1
37,23019.54,1.2,5789.45,36,8.94,653,4,1,1734.353664203151,-1,0
30,15000.0,6.4,9543.91,12,5.100000000000001,845,4,0,432.53247095307154,-1,0
34,43763.93,7.4,100000.0,36,10.18,591,2,1,411.81794929582793,-1,1
44,27187.92,3.4,10716.54,36,8.44,678,6,0,1927.663085428355,-1,0
41,92341.36,6.9,18116.12,24,6.26,787,3,0,6890.071766061918,-1,0
38,15000.0,9.6,24743.89,36,5.0,850,4,0,508.40341884083705,-1,0
53,43273.74,1.9,15511.85,24,8.82,659,1,0,2898.7705253519493,-1,0
30,61496.67,4.5,23460.21,24,14.24,388,3,0,3995.668446750656,-1,1
34,78835.46,4.4,22086.92,36,10.64,568,5,0,5850.283864769476,-1,0
29,49311.49,6.5,84545.97,36,8.16,692,1,0,1453.6825485444065,-1,0
34,132198.64,0.5,16210.86,24,6.76,762,0,0,10292.513813638978,-1,0
27,49875.83,2.9,21283.01,24,7.08,746,1,0,3202.6518534443367,-1,0
35,15000.0,1.5,16531.22,48,11.76,512,4,1,816.6150296059517,-1,1
27,26615.56,7.7,12015.66,12,9.32,634,2,0,1165.3922389964862,-1,0
46,27395.45,5.1,16562.9,60,8.86,657,5,0,1940.2599021690908,-1,0
34,15177.5,3.3,11097.22,48,8.02,699,2,0,993.7719033145398,-1,0
38,55743.15,5.1,16050.79,48,6.58,771,2,0,4264.026258711017,-1,0
38,26558.78,7.2,18602.76,48,14.0,400,1,0,1704.8837827836692,-1,1
51,44036.64,4.0,23074.96,24,6.779999999999999,761,1,0,2638.8943796241565,-1,0
21,95717.22,0.9,3634.92,12,8.34,683,3,0,7659.667307537507,-1,0
29,97053.86,3.1,23104.5,48,8.799999999999999,660,4,0,7515.056860906623,-1,0
27,144783.32,0.7,5845.0,48,10.4,580,3,0,11915.907033126097,-1,0
29,42556.16,6.0,30819.5,24,7.84,708,5,1,2154.7120744800727,-1,0
29,63148.5,7.0,18042.2,36,8.28,686,0,1,4694.66462666853,-1,0
24,40762.49,4.2,4633.24,48,8.82,659,3,0,3281.9713897085403,-1,0
40,15997.42,4.5,3247.65,36,9.54,623,2,1,1229.0257882905153,-1,0
48,44330.14,4.2,7156.1,48,8.76,662,5,0,3516.912874663032,-1,0
26,16877.14,4.7,6483.16,12,7.9,705,1,0,842.7681442355453,-1,0
39,61528.11,2.0,16492.04,24,7.859999999999999,707,2,0,4382.504799761229,-1,0
35,73291.21,2.4,31706.26,24,9.56,622,4,0,4650.948381673104,-1,0
28,15000.0,5.2,8820.22,60,8.0,700,4,0,1071.1577415694464,-1,0
46,25513.02,0.1,20316.99,48,6.779999999999999,761,2,0,1641.6404343122404,-1,0
39,35484.54,4.6,19763.7,36,10.48,576,2,0,2314.8628249481717,-1,1
44,21152.13,5.0,23610.86,24,6.66,767,4,0,709.1939435950003,-1,1
57,26724.74,0.3,16590.18,24,8.56,672,2,0,1472.488404959175,-1,0
55,30956.14,1.0,12348.12,12,6.779999999999999,761,1,0,1512.4876272302972,-1,0
39,15000.0,9.3,14550.07,24,9.84,608,4,0,579.6620745226904,-1,1
31,62955.4,4.9,17888.66,60,8.84,658,2,0,4876.331742379465,-1,1
22,40216.44,4.7,18219.17,48,8.64,668,2,0,2901.093170010536,-1,0
30,20605.29,13.7,10102.59,36,10.12,594,4,0,1390.555867939849,-1,0
32,19717.11,7.9,2484.02,12,9.26,637,1,0,1425.5616708659272,-1,0
40,71415.13,1.6,11769.31,48,6.4,780,1,2,5672.694698507498,-1,0
40,15000.0,17.2,11585.9,48,5.0,850,0,1,983.1849076198457,-1,0
50,48270.67,17.5,4209.61,12,6.32,784,4,0,3659.6302757714043,-1,0
28,20627.13,1.4,16782.89,24,10.56,572,5,0,940.137272048648,-1,0
40,22773.81,0.8,5455.25,48,6.379999999999999,781,4,1,1768.7482141707483,-1,0
45,49198.81,2.1,34495.87,48,5.0,850,0,0,3305.4853161284727,-1,0
27,70678.32,2.6,95967.18,48,13.2,440,4,0,3305.7644781248096,-1,0
42,39595.49,4.6,4506.41,60,10.7,565,3,0,3202.3167611291137,-1,0
34,21144.9,1.7,67740.39,48,11.76,512,4,0,-13.817336719932655,-1,0
25,191401.08,0.1,8990.05,48,11.299999999999999,535,5,0,15716.425534552049,-1,1
37,66917.68,3.2,45584.2,36,7.92,704,4,0,4149.711896178311,-1,1
38,67678.41,0.2,5934.01,36,12.24,488,6,0,5442.092553514506,-1,0
45,72945.79,2.3,3567.21,60,6.359999999999999,782,7,0,6009.252957970142,-1,0
45,231774.21,14.0,21516.79,24,6.74,763,2,0,18353.689479671055,-1,0
26,54731.48,20.3,19578.22,48,11.9,505,0,0,4046.347792729804,-1,0
33,73098.76,2.4,4227.46,24,7.859999999999999,707,0,2,5900.636584171228,-1,0
31,26191.79,8.6,46382.68,48,9.42,629,3,0,1019.1419290894889,-1,1
26,19168.75,12.2,21780.86,24,11.12,544,3,0,581.0231336360904,-1,1
18,23803.63,2.3,11444.62,48,11.54,523,6,0,1684.8334484661473,-1,0
18,54644.18,4.2,5698.76,36,10.98,551,3,0,4367.165544969209,-1,1
18,35457.13,1.9,100000.0,12,8.94,653,4,0,-5787.604712599095,-1,0
32,39839.59,4.9,12864.63,48,10.24,588,3,1,2992.2008233090387,-1,0
40,28340.49,0.4,68322.0,48,13.58,421,7,0,509.0704884835268,-1,1
54,66961.95,1.9,26485.22,12,10.74,563,1,1,3242.56566876099,-1,1
49,35024.43,1.3,7297.78,48,7.08,746,2,1,2743.6770827973755,-1,0
18,18905.5,2.7,8102.84,48,8.42,679,4,0,1376.0429757058046,-1,0
46,56969.13,2.2,8371.13,36,5.0,850,1,0,4496.537224120221,-1,0
38,63508.11,10.9,23430.88,48,7.859999999999999,707,1,0,4721.86478740627,-1,1
36,93178.51,17.7,4533.31,48,9.98,601,1,0,7649.942917232989,-1,0
36,65557.32,2.5,5424.74,24,8.0,700,2,0,5217.7637029459775,-1,0
18,34104.76,2.4,5348.84,36,6.68,766,4,0,2677.688140457631,-1,0
60,61872.72,2.2,5935.94,36,9.799999999999999,610,3,0,4965.0808068899,-1,0
28,46222.71,1.6,14462.29,24,8.82,659,4,1,3192.3802696111197,-1,0
22,22333.68,12.5,7641.86,60,8.92,654,2,0,1702.8040978342378,-1,0
50,46706.57,0.6,5188.09,24,5.0,850,2,0,3664.6054483012426,-1,0
39,17168.32,2.1,8081.23,36,6.799999999999999,760,4,0,1181.9067206311267,-1,0
24,19890.52,12.0,14673.14,48,10.0,600,6,0,1285.3945958336058,-1,0
43,23855.03,1.8,11920.98,60,6.9,755,1,0,1752.4315034482777,-1,1
39,66312.18,12.0,35765.44,36,6.1,795,5,0,4436.3397474958,-1,0
24,74736.95,10.0,19088.04,60,7.719999999999999,714,6,0,5843.595342331197,-1,0
48,29558.72,4.5,25698.69,36,8.6,670,3,1,1650.7909882600054,-1,0
18,15000.0,11.7,36142.98,48,8.42,679,2,0,360.50134490812866,-1,0
31,53678.21,6.6,9942.96,48,9.04,648,4,0,4225.564292312972,-1,0
36,21236.23,4.6,49851.25,48,11.92,504,1,0,458.8684881561535,-1,1
34,40141.24,3.3,15152.62,48,9.2,640,2,0,2966.5891035679642,-1,0
20,36769.6,1.3,16429.71,60,7.92,704,5,0,2731.626739547918,-1,0
49,17703.12,0.6,5890.78,24,5.0,850,1,1,1216.8232947823435,-1,0
48,35324.72,4.7,3089.59,36,7.219999999999999,739,4,0,2848.0180157795294,-1,0
30,15000.0,3.2,9019.21,36,6.9,755,4,0,971.9251663058961,-1,0
46,15000.0,7.6,22637.92,12,6.279999999999999,786,4,1,-701.2795990690704,-1,1
44,19122.0,1.2,19403.75,24,7.719999999999999,714,5,0,718.3967787972473,-1,1
46,22752.74,3.2,25335.5,48,13.98,401,4,0,1203.9858761264252,-1,1
33,107030.04,1.0,81179.14,24,5.600000000000001,820,4,1,5335.87470381576,-1,0
42,59523.47,1.8,18547.93,36,7.5600000000000005,722,3,0,4382.821963249791,-1,1
48,18385.5,6.1,5016.29,36,9.42,629,4,0,1371.6259602229711,-1,0
39,45890.34,2.8,10203.85,48,11.68,516,3,0,3557.088897826099,-1,1
24,100852.33,4.8,5622.09,36,9.06,647,2,0,8225.422837422891,-1,0
55,83892.68,3.4,13285.53,24,10.04,598,3,0,6377.751557609965,-1,0
38,44643.07,4.9,4779.64,48,5.140000000000001,843,4,0,3609.880725235377,-1,0
44,35979.4,1.9,15151.26,48,10.08,596,1,1,2613.4258715241995,-1,0
36,46255.43,5.6,5259.08,36,11.0,550,2,0,3682.4436342509853,-1,0
33,30642.2,12.7,12300.04,48,7.74,713,5,0,2254.7356353076148,-1,0
29,51538.22,14.9,14332.2,24,8.58,671,3,0,3642.847215276725,-1,0
38,15000.0,2.0,9768.74,12,8.299999999999999,685,1,1,398.8770344690687,-1,1
40,15000.0,4.9,35429.61,36,10.56,572,1,1,97.44847469598903,-1,1
34,19361.79,8.4,4146.98,48,9.74,613,3,0,1508.8214230623842,-1,0
25,22901.5,2.8,20731.16,48,12.34,483,2,1,1359.0601760874115,-1,0
35,18351.84,3.3,23989.03,24,8.219999999999999,689,5,0,441.9525442785134,-1,1
46,15000.0,0.5,6608.18,24,6.6,770,1,0,955.3315921937013,-1,0
39,45642.48,1.2,5959.82,60,6.9399999999999995,753,2,0,3685.6970591667823,-1,0
32,23953.07,0.1,48786.7,48,9.959999999999999,602,4,0,759.6693876400091,-1,1
32,40678.7,2.8,6505.93,24,7.42,729,4,0,3097.3640760267535,-1,0
40,55908.74,0.1,10607.7,36,10.74,563,5,0,4313.083809007297,-1,1
48,61514.23,1.0,13341.81,36,10.36,582,4,0,4693.4246251839795,-1,0
37,61546.67,7.7,23326.41,36,7.199999999999999,740,6,0,4406.502388593629,-1,0
33,15000.0,3.3,7095.31,60,10.28,586,4,0,1098.2662408469246,-1,1
47,19739.38,2.3,17522.69,12,9.26,637,2,0,110.44970435316145,-1,1
45,71903.9,3.9,4091.34,24,11.299999999999999,535,2,0,5800.732802152256,-1,1
34,31251.9,4.9,12930.16,12,7.279999999999999,736,4,0,1483.8506110175647,-1,0
28,52643.41,1.1,36042.22,48,12.32,484,3,0,3432.14822901148,-1,1
41,25063.18,2.8,5769.57,60,5.82,809,3,0,1977.5386428937225,-1,0
29,21766.28,18.3,1015.43,36,10.7,565,1,0,1780.75686660293,-1,0
30,124977.98,5.3,28052.97,48,8.959999999999999,652,3,0,9717.26501825246,-1,0
39,87652.28,0.8,37502.17,24,8.66,667,2,0,5596.924041555419,-1,0
41,110191.54,3.8,6824.17,36,9.08,646,1,0,8965.36737797044,-1,0
40,24920.33,1.7,10974.09,36,10.94,553,3,0,1717.7282739674406,-1,0
30,82738.54,0.7,23668.21,48,9.86,607,5,1,6296.181442531279,-1,0
39,15000.0,2.3,18388.62,60,8.64,668,4,0,871.4873186126724,-1,1
19,15000.0,9.7,4492.36,36,10.66,567,3,0,1103.648163422557,-1,0
27,79074.21,5.5,28703.47,12,9.56,622,3,0,4071.896568300862,-1,0
31,84611.57,4.2,78146.72,48,11.24,538,3,0,5022.101160258764,-1,1
38,21548.59,5.7,10367.95,36,7.9,705,2,0,1471.3000445323,-1,0
21,74614.42,15.1,19102.36,48,9.12,644,3,0,5741.416095265698,-1,1
46,15000.0,7.6,23547.5,24,8.42,679,1,1,180.49403583616277,-1,1
23,117516.94,0.8,10223.26,48,7.799999999999999,710,1,1,9544.457332101298,-1,1
24,105982.92,1.6,10745.65,24,8.06,697,2,0,8345.619248458912,-1,0
43,15000.0,22.4,2754.98,24,12.68,466,3,0,1119.4369374896157,-1,0
46,32687.77,4.8,28861.07,48,10.02,599,3,0,1991.7122991298206,-1,0
34,21400.67,1.9,3803.67,36,5.079999999999998,846,0,0,1669.2530931919541,-1,0
45,22473.94,4.8,23147.44,48,8.02,699,5,1,1307.5143437929296,-1,0
28,42646.52,4.8,4763.24,24,9.06,647,2,2,3336.1381237100045,-1,0
32,64892.78,0.9,5704.1,48,6.219999999999999,789,5,0,5273.194610670298,-1,0
45,21614.53,16.7,20099.25,36,6.48,776,0,1,1185.3718131511764,-1,0
23,59712.53,4.3,7341.37,24,11.66,517,2,0,4631.624882687585,-1,1
24,22521.42,0.6,11444.32,12,12.28,486,2,1,858.4713706963653,-1,1
26,25682.44,2.1,13776.75,48,5.0,850,3,2,1822.934513133928,-1,0
51,57848.0,4.7,7668.39,48,7.039999999999999,748,4,1,4636.895180133036,-1,0
44,41471.16,11.5,30542.98,48,12.92,454,4,0,2637.7505495506957,-1,0
34,24856.27,2.5,25534.59,12,8.74,663,2,0,-158.60425080769483,-1,0
37,76019.65,2.7,16132.99,24,8.12,694,1,0,5604.436117651279,-1,0
28,16740.05,6.1,7267.81,36,6.619999999999999,769,6,0,1171.8558599830385,-1,0
30,73383.27,3.0,25203.92,24,6.459999999999999,777,4,0,4992.987942874206,-1,1
22,35611.41,4.0,7335.15,36,8.82,659,4,0,2734.9757022816216,-1,0
33,15000.0,5.2,4744.85,48,7.279999999999999,736,4,0,1135.7612611709394,-1,0
32,51495.0,0.7,75803.38,24,11.7,515,4,2,733.5323277548987,-1,0
38,33455.37,4.8,37402.68,48,8.04,698,2,1,1874.1363388279785,-1,0
40,92961.79,3.1,10887.87,12,10.4,580,4,0,6787.572356122543,-1,0
18,99021.45,9.5,6912.18,48,8.34,683,3,0,8081.935651351654,-1,0
43,27275.91,6.5,15258.94,48,8.34,683,2,0,1898.0371071407008,-1,0
35,20652.01,0.5,14906.85,36,6.279999999999999,786,2,0,1265.6119601721152,-1,0
44,17808.58,2.9,5943.75,48,13.64,418,4,1,1322.697914554307,-1,0
45,20268.05,12.4,3779.25,24,9.24,638,4,0,1515.933649559425,-1,1
34,22286.15,15.9,7216.49,36,9.959999999999999,602,1,0,1624.4588334547677,-1,0
27,76037.81,5.0,11111.42,12,11.04,548,3,0,5354.231109114932,-1,0
40,88377.3,1.1,28482.2,36,6.799999999999999,760,2,0,6487.929512332061,-1,0
29,17167.54,5.4,14333.58,36,7.539999999999999,723,4,0,984.50150099202,-1,0
29,58466.02,2.2,31491.48,60,9.94,603,2,1,4203.996776081869,-1,0
33,111671.24,2.2,5452.26,48,9.4,630,2,1,9169.219014342509,-1,0
26,15000.0,10.4,7818.53,36,6.92,754,1,1,1008.872369408032,-1,1
28,20765.24,0.9,38698.8,24,8.18,691,1,0,-22.98392834698211,-1,0
44,38770.73,6.9,25555.92,48,7.34,733,3,0,2614.8865228487734,-1,0
42,38173.66,14.3,8954.52,36,7.199999999999999,740,2,0,2903.829186662647,-1,0
28,100304.2,1.5,10849.61,48,7.66,717,2,0,8095.540795248498,-1,0
29,27312.2,0.6,15563.26,48,6.959999999999999,752,4,0,1903.6237898028269,-1,0
20,80714.54,3.6,4464.45,48,8.26,687,3,0,6616.675712548161,-1,0
47,37405.92,3.4,12319.0,36,9.52,624,2,1,2722.4309105167918,-1,0
51,15000.0,7.4,30348.46,48,11.5,525,6,0,458.23875678093975,-1,1
51,27237.38,0.1,100000.0,24,10.44,578,6,0,-2365.045515233016,-1,0
39,25682.97,0.4,16921.6,60,5.0,850,5,0,1820.9160327695035,-1,0
22,15000.0,6.3,7306.58,36,5.66,817,2,0,1028.8435517371865,-1,0
23,32452.56,12.0,5471.19,12,12.0,500,1,0,2218.271395870944,-1,1
41,43833.93,8.3,19563.53,36,9.299999999999999,635,0,0,3027.977343582097,-1,0
27,32268.91,3.3,25232.33,48,5.84,808,3,0,2098.3430166624466,-1,0
24,15716.08,3.0,17147.16,48,6.02,799,2,0,906.8145317933117,-1,1
62,59568.54,0.7,10522.3,48,12.36,482,1,0,4685.08895124929,-1,0
43,51764.22,8.4,72511.54,48,12.2,490,1,0,2397.049781652867,-1,0
57,36428.51,2.2,17438.53,36,7.68,716,4,0,2491.8196730198215,-1,0
54,45290.28,5.5,3363.76,36,11.62,519,2,0,3663.074556589566,-1,0
51,16447.79,7.2,9027.23,36,8.44,678,2,2,1085.9326548887434,-1,0
32,61910.48,7.5,18309.98,36,6.76,762,6,0,4595.854659782508,-1,0
34,49493.53,7.9,5416.66,48,11.98,501,2,2,3981.8725851461586,-1,1
34,33510.97,4.7,7051.43,24,10.04,598,0,0,2467.062916836536,-1,1
34,15000.0,14.4,15193.17,36,8.1,695,3,0,773.2000701417137,-1,0
40,49029.03,3.4,8578.98,12,9.42,629,1,0,3333.836102273821,-1,0
32,57773.84,0.5,4755.49,24,7.98,701,3,0,4599.452109725099,-1,0
33,27682.82,1.0,8896.47,48,7.24,738,4,0,2092.8726165813887,-1,0
35,69676.69,3.4,20601.28,60,8.54,673,3,1,5383.326753890547,-1,0
48,34363.54,7.2,27572.6,24,8.719999999999999,664,3,0,1607.520481604261,-1,0
29,44007.8,3.9,10185.09,48,13.32,434,3,0,3392.4557961877863,-1,0
29,59549.58,0.1,10241.46,48,7.26,737,2,2,4715.983206853789,-1,0
41,15000.0,1.7,41927.15,12,9.24,638,2,2,-2421.259114074789,-1,0
18,95240.12,5.3,14311.54,24,9.18,641,3,0,7281.675065088357,-1,0
23,41631.54,2.1,28651.73,24,9.68,616,4,1,2151.390762876831,-1,0
35,15000.0,2.5,11882.59,60,11.58,521,7,0,988.193381689631,-1,0
32,15000.0,0.6,25359.83,48,10.74,563,1,0,597.7593621106348,-1,1
26,45485.86,10.8,10223.98,24,11.22,539,4,1,3312.9257743986004,-1,0
45,231774.21,14.0,21516.79,24,6.74,763,2,0,18353.689479671055,-1,0
45,75294.83,8.5,4330.89,36,8.76,662,1,1,6137.331268947617,-1,0
51,60834.72,7.2,44797.16,36,8.76,662,1,0,3650.020814709237,-1,0
29,35607.55,0.3,23340.08,24,9.12,644,2,0,1899.7247716919937,-1,0
49,114656.21,8.4,12445.29,36,10.24,588,6,0,9151.70588599015,-1,0
35,16318.37,5.1,12912.72,48,6.26,787,3,0,1055.0669182678353,-1,0
25,17385.11,0.2,3676.55,48,11.34,533,2,0,1353.1286183003112,-1,0
35,25859.23,1.2,5530.59,24,8.32,684,3,0,1903.994282586613,-1,0
50,30650.32,0.0,4985.32,24,7.32,734,2,0,2330.263782473533,-1,1
23,69089.86,3.9,8703.32,48,8.62,669,5,1,5542.472839071436,-1,0
46,46665.68,4.6,6515.24,60,10.52,574,4,0,3748.7041880687825,-1,0
33,42965.87,9.9,3069.48,24,10.62,569,4,1,3437.968266227064,-1,0
41,20476.49,26.5,1580.97,48,9.42,629,2,0,1666.7156122797192,-1,0
43,34597.84,5.3,3313.67,36,10.86,557,2,0,2774.887589256358,-1,1
30,33313.92,1.1,5355.29,48,9.42,629,5,0,2641.822814776449,-1,0
41,29654.14,3.1,23452.64,48,8.08,696,4,1,1897.7497480929283,-1,0
36,22190.97,2.7,17219.88,24,8.42,679,4,0,1067.1362626208481,-1,1
36,22387.59,5.3,5554.78,24,8.42,679,2,0,1613.339460840089,-1,0
32,61980.04,0.2,3814.49,12,12.879999999999999,456,3,0,4824.518196024982,-1,0
44,42357.85,2.4,3027.94,48,10.799999999999999,560,1,0,3451.85590789153,-1,0
49,75122.11,4.7,18812.58,48,5.0,850,5,1,5826.935405692059,-1,0
59,45848.67,13.1,8711.17,36,9.86,607,3,0,3540.209777188212,-1,0
42,21449.05,6.4,12140.72,48,10.26,587,4,1,1477.9826627382017,-1,1
24,27349.8,2.7,17122.16,60,7.74,713,4,0,1934.1009583976575,-1,0
41,24731.59,5.1,21716.46,12,6.66,767,0,0,185.313335093452,-1,1
51,17554.23,1.4,10828.38,48,7.799999999999999,710,3,0,1199.5154942580987,-1,0
33,65297.1,5.0,8342.74,36,11.32,534,3,0,5167.0283989187365,-1,0
22,15156.55,12.7,34274.76,36,9.18,641,5,0,170.24401503910235,-1,1
35,20856.21,3.2,68723.55,48,8.64,668,4,0,39.55251835580566,-1,1
31,58219.39,3.3,13140.83,36,8.799999999999999,660,3,0,4434.963060065675,-1,0
33,55007.22,12.6,39387.72,12,7.140000000000001,743,6,0,1173.3011412333722,-1,0
27,61693.83,3.5,14518.57,36,5.780000000000001,811,2,0,4700.91526886549,-1,0
30,49670.7,5.2,25071.17,36,6.219999999999999,789,3,1,3374.00978321014,-1,0
25,53479.85,3.3,22302.75,12,8.84,658,4,0,2507.90014458804,-1,0
51,27237.38,0.1,100000.0,24,10.44,578,6,0,-2365.045515233016,-1,0
27,15485.05,3.2,6767.35,60,15.84,308,2,1,1126.4267895494118,-1,0
21,17397.29,1.7,5550.16,48,8.219999999999999,689,8,0,1313.7046541028726,-1,0
30,15000.0,9.0,32346.81,48,6.02,799,4,1,490.037585801801,-1,0
18,36636.6,1.1,10670.31,48,6.699999999999999,765,4,0,2799.0186689073957,-1,0
53,39405.6,5.9,6804.5,24,13.2,440,6,0,2959.6620757697383,-1,0
23,18674.73,2.8,15436.66,36,7.1,745,5,0,1078.8821484167727,-1,1
23,25391.29,1.0,22397.25,48,8.4,680,1,0,1564.9434335681356,-1,1
27,30278.56,0.4,7854.29,36,7.48,726,4,0,2278.9682132933813,-1,0
46,46631.66,6.0,8840.68,60,10.54,573,0,0,3695.7757444238728,-1,0
30,134874.11,2.5,12384.97,36,10.78,561,3,0,10835.330234609599,-1,1
29,15000.0,5.5,15257.18,36,8.04,698,4,0,771.6138440646716,-1,0
45,23847.13,5.7,14911.96,24,11.08,546,6,0,1291.692625865835,-1,0
42,68605.94,4.6,10526.14,48,8.379999999999999,681,3,0,5458.306116310671,-1,0
24,55676.2,9.5,31209.56,36,6.199999999999999,790,2,2,3687.397260899498,-1,0
52,43372.4,0.2,13118.6,36,6.52,774,3,0,3212.175225542578,-1,0
24,57500.81,3.0,3995.35,48,9.16,642,3,0,4692.005894804651,-1,0
49,86747.71,14.7,6768.16,48,7.32,734,1,0,7065.897098281806,-1,0
43,32142.87,10.8,6050.14,24,6.5,775,5,0,2409.0614423520556,-1,1
25,48186.51,2.7,16968.98,36,6.84,758,4,0,3492.8301256558725,-1,0
46,107726.22,2.5,16055.74,48,5.579999999999998,821,0,0,8603.199423952474,-1,0
53,51167.91,10.1,16291.59,12,9.06,647,3,0,2838.815562257867,-1,0
45,45926.38,3.4,3894.8,24,9.2,640,5,1,3648.9077850965605,-1,0
48,62634.9,2.9,7676.73,60,11.36,532,4,1,5051.282741758751,-1,0
45,98349.77,1.5,51767.09,48,8.56,672,6,0,6918.3763026493525,-1,0
30,97223.26,1.0,14917.97,48,8.52,674,3,0,7734.094805354051,-1,0
33,94440.96,2.1,24765.5,60,9.04,648,3,0,7355.508041175096,-1,0
34,23667.93,8.0,12465.94,36,9.379999999999999,631,5,1,1573.7055760965613,-1,0
49,39954.59,16.7,12899.43,12,7.959999999999999,702,1,0,2207.68657092164,-1,0
21,139866.24,1.2,8165.99,48,11.78,511,6,0,11441.359180257712,-1,1
35,29286.94,7.1,7319.49,60,13.82,409,4,0,2270.9488779357757,-1,0
33,75298.31,0.8,13355.87,24,7.92,704,1,1,5671.29653470648,-1,0
32,15013.21,10.0,10053.7,36,9.54,623,5,0,928.8631475922652,-1,0
40,144050.02,2.5,10120.81,12,12.4,480,2,1,11103.05168387709,-1,0
31,30281.2,5.3,5630.01,36,10.56,572,6,0,2340.284926873967,-1,0
39,62007.14,20.9,4838.84,48,9.36,632,1,0,5046.0180763433755,-1,0
25,37400.05,1.3,18188.41,24,7.799999999999999,710,2,0,2295.7163997359803,-1,0
37,95625.51,1.8,16154.44,12,7.5,725,2,0,6567.275014369719,-1,0
33,15000.0,0.5,26528.08,48,8.02,699,5,0,602.1229673930685,-1,1
33,15910.6,0.5,5863.31,36,9.68,616,2,0,1137.5704810957423,-1,0
35,33657.5,7.4,13016.68,48,11.16,542,2,0,2467.356467404661,-1,1
36,40817.95,1.0,72781.23,36,13.98,401,4,1,914.7128259048118,-1,0
38,56426.31,2.3,6342.78,36,10.379999999999999,581,8,1,4496.395363199217,-1,1
26,16877.14,4.7,6483.16,12,7.9,705,1,0,842.7681442355453,-1,0
39,38109.25,8.0,9667.3,24,8.78,661,3,0,2735.097902342692,-1,0
31,53888.46,5.0,7587.3,12,11.6,520,0,1,3818.0015245683726,-1,0
40,15000.0,22.6,13146.82,36,10.879999999999999,556,3,0,820.336696847593,-1,0
32,17530.07,1.0,3984.49,12,9.58,621,5,0,1111.3170383428408,-1,0
50,75322.44,26.0,32935.57,36,7.719999999999999,714,3,0,5249.037920617536,-1,0
39,26769.07,2.9,10588.37,48,8.08,696,3,0,1971.8649780137637,-1,1
35,49582.87,0.8,17469.06,36,11.0,550,5,0,3559.991219693403,-1,0
32,33200.16,1.5,21909.55,12,9.62,619,4,0,844.3524966842263,-1,0
27,15000.0,1.8,12388.11,48,8.2,690,1,0,946.4056831030273,-1,1
34,41588.09,3.9,15394.27,60,10.62,569,5,0,3133.875400119211,-1,0
26,25126.65,13.6,10875.03,12,8.18,691,5,1,1146.980400371819,-1,0
52,25802.03,2.2,16201.58,60,9.24,638,1,1,1811.9607223410126,-1,0
23,59567.68,5.9,70439.91,48,7.02,749,5,0,3276.548325885413,-1,0
37,30407.72,10.8,32633.32,12,8.0,700,4,0,-304.7445759752168,-1,1
36,74247.63,1.3,29942.23,36,7.959999999999999,702,2,1,5249.57425745202,-1,0
46,35922.42,1.3,32388.3,36,7.219999999999999,739,2,0,1990.2172466644815,-1,1
18,62845.06,1.1,35080.06,12,7.699999999999999,715,0,0,2190.3928115603235,-1,0
25,16343.66,8.8,11782.85,24,7.879999999999999,706,2,0,829.7099173136564,-1,0
39,55534.32,4.4,1859.87,48,10.6,570,0,0,4580.15117142192,-1,0
58,15000.0,1.8,12541.3,48,10.4,580,2,0,929.5056655051595,-1,1
38,15000.0,1.4,24049.66,24,8.5,675,3,1,156.80647403212492,-1,1
42,15000.0,1.9,17163.33,24,8.879999999999999,656,4,0,466.84233655557716,-1,1
30,32846.61,3.2,15161.99,24,11.68,516,2,1,2025.7536504209781,-1,0
45,17159.14,2.7,2080.76,36,9.64,618,7,4,1363.1391969718973,-1,0
47,61653.21,12.3,17820.85,48,8.5,675,1,0,4698.513783087693,-1,1
49,68611.97,6.6,16388.18,60,10.42,579,3,0,5366.067378924383,-1,1
27,54095.3,12.3,69103.56,36,7.74,713,3,0,2350.766177430677,-1,0
41,36154.84,5.9,11312.12,48,10.86,557,1,0,2721.3041752327463,-1,0
31,20259.46,1.0,5941.68,60,10.24,588,9,0,1561.3423969020043,-1,0
32,15969.86,1.8,7457.55,24,7.02,749,5,0,996.860298957393,-1,0
40,15000.0,1.7,9059.56,48,11.379999999999999,531,2,0,1014.1755778135825,-1,0
32,33640.25,4.3,8342.51,60,10.9,555,1,0,2622.3835557987427,-1,1
42,21011.59,10.0,12007.47,36,5.719999999999999,814,1,0,1387.1967614269095,-1,0
18,81170.75,1.2,2881.64,60,7.92,704,7,1,6705.91016402354,-1,0
34,33975.49,15.8,11761.63,12,5.5,825,2,0,1821.7103328036605,-1,0
26,19598.2,4.7,25948.11,36,9.98,601,4,1,796.1544392688219,-1,0
28,55819.25,0.8,24119.02,24,8.32,684,1,0,3557.2427547212574,-1,0
26,66807.61,2.0,100000.0,48,10.4,580,4,0,3011.789566599897,-1,0
48,41996.4,12.8,2214.1,24,8.7,665,5,1,3398.8539006397027,-1,1
50,17237.67,0.1,12051.81,48,12.24,488,3,0,1117.680103830759,-1,1
55,33071.49,4.5,16468.18,48,7.18,741,3,0,2360.2297020718843,-1,1
42,38851.47,4.3,28964.89,24,11.22,539,2,0,1884.6712043535836,-1,1
40,22000.55,0.5,22118.93,60,11.879999999999999,506,4,1,1342.6960244041738,-1,0
24,15000.0,3.1,22179.21,24,7.98,701,2,1,247.09670388035954,-1,0
32,57063.43,3.0,23208.84,36,7.4,730,1,0,4034.412026906569,-1,0
26,35200.61,12.8,5849.21,36,11.62,519,5,2,2740.1665879004217,-1,1
26,15000.0,8.6,9157.5,48,8.84,658,2,0,1022.8103159956381,-1,0
47,68270.65,2.8,23103.66,48,8.56,672,2,0,5119.100123797945,-1,0
24,41591.83,3.3,11605.3,12,11.76,512,2,0,2436.171507627463,-1,0
36,33173.01,1.6,9396.62,12,12.92,454,5,0,1925.4896450300737,-1,0
46,50411.09,6.0,15563.97,24,9.86,607,4,1,3483.7311960038255,-1,0
33,105912.73,5.2,4316.11,24,8.34,683,1,0,8630.18489469992,-1,0
46,49874.01,0.5,6425.79,36,6.6,770,2,0,3958.930835483932,-1,0
42,15000.0,6.5,26598.07,36,8.959999999999999,652,5,0,404.68356104324175,-1,0
31,30392.1,0.7,13650.4,24,8.32,684,2,2,1913.3102406681687,-1,0
43,26843.1,26.7,13696.98,48,11.2,540,2,0,1881.5875886317976,-1,1
38,68178.23,2.7,3244.96,36,10.799999999999999,560,3,0,5575.590414342549,-1,0
39,36664.24,10.6,2312.18,24,10.32,584,5,0,2948.3161357861113,-1,0
31,42702.94,5.7,25056.59,36,7.08,746,4,1,2783.986745997893,-1,0
18,37317.82,7.3,10722.5,36,7.34,733,3,1,2777.0692677174097,-1,0
38,29711.98,1.2,14178.42,24,12.98,451,3,0,1802.0635913557908,-1,0
44,22475.23,1.5,16444.34,48,8.66,667,4,0,1466.3674146325043,-1,0
51,44517.58,0.8,17436.8,36,12.56,472,5,0,3125.972221897886,-1,1
41,22088.46,1.4,5230.02,60,10.959999999999999,552,4,0,1727.0959949570818,-1,0
40,24727.27,0.2,3996.84,60,9.62,619,2,0,1976.430174511134,-1,0
39,35171.89,2.1,8284.14,48,12.5,475,1,0,2710.798401314057,-1,0
42,144171.62,3.0,38628.39,36,9.459999999999999,627,3,0,10777.642546505776,-1,0
24,69487.33,4.0,11044.73,48,5.359999999999999,832,1,0,5534.453437126438,-1,0
21,15000.0,1.1,5834.87,24,6.959999999999999,752,3,0,988.8636160925491,-1,1
40,124623.36,0.6,18832.01,48,12.86,457,4,1,9881.371899196762,-1,0
18,46608.3,6.5,32149.6,36,9.82,609,3,1,2849.362645192393,-1,0
45,15000.0,7.3,25208.46,48,10.48,576,1,1,604.821682075445,-1,0
34,40229.86,0.5,13108.63,12,9.459999999999999,627,3,2,2203.321117543967,-1,0
39,63307.69,5.2,17148.29,48,7.219999999999999,739,3,0,4863.251111234089,-1,0
29,123462.77,0.8,6054.7,24,6.9399999999999995,753,3,0,10017.644292848678,-1,1
38,130138.07,14.7,12211.24,12,8.94,653,2,0,9777.287928175547,-1,0
38,90616.93,2.2,14780.4,36,9.64,618,6,0,7076.983147739333,-1,0
19,22379.64,4.2,4908.99,24,10.66,567,4,0,1636.9467152102502,-1,0
18,52836.01,5.6,5386.28,36,7.640000000000001,718,3,0,4235.1074907433385,-1,0
45,15000.0,13.5,17694.84,48,8.799999999999999,660,4,0,811.3416609078299,-1,0
34,45746.76,1.3,17933.97,24,8.719999999999999,664,4,0,2995.2232422160537,-1,0
31,18142.1,6.0,2940.4,36,9.959999999999999,602,4,1,1417.0184398935028,-1,0
38,15000.0,7.9,10545.64,24,8.76,662,4,0,769.3855720772825,-1,0
27,80380.41,3.1,8872.26,36,8.66,667,1,0,6417.633856704809,-1,0
34,70600.34,0.1,11591.1,36,9.32,634,3,0,5513.039073627687,-1,0
28,15945.51,2.7,38674.24,60,11.22,539,2,0,483.67141365623365,-1,1
35,37803.72,0.7,12070.97,48,10.82,559,1,1,2839.3835857641643,-1,0
23,15277.44,0.3,10281.69,60,5.0,850,2,0,1079.0918257547087,-1,0
43,15000.0,7.8,21162.06,36,8.06,697,4,0,586.2720492734112,-1,0
37,84355.96,1.1,13349.66,36,9.34,633,3,0,6603.032106476858,-1,1
52,26285.65,1.4,20196.57,48,5.699999999999999,815,5,0,1718.926725386391,-1,0
43,93833.26,1.6,18481.98,12,7.959999999999999,702,4,0,6212.061723877902,-1,0
41,31497.93,16.0,17482.17,36,10.879999999999999,556,0,1,2053.4766403645963,-1,1
26,17682.89,7.2,16007.24,48,12.56,472,1,0,1047.6274619375645,-1,0
28,38968.74,3.1,21978.99,60,8.42,679,2,1,2797.309332344592,-1,0
27,62801.0,1.1,1881.13,60,9.9,605,1,0,5193.540709788462,-1,0
43,41645.49,20.0,15277.94,48,10.379999999999999,581,7,1,3080.1754075187346,-1,1
18,23638.62,2.2,21513.82,36,5.0,850,4,0,1325.096514451704,-1,0
29,18440.6,2.7,16888.23,12,11.78,511,5,1,37.955435886900204,-1,1
28,85334.45,0.3,12794.68,48,8.04,698,6,1,6798.60834766053,-1,0
41,24899.99,1.7,6726.18,48,12.58,471,3,0,1895.9515583777968,-1,0
29,31506.63,2.4,14745.08,48,8.76,662,4,0,2260.29860900766,-1,0
21,24386.05,1.7,15640.57,24,11.12,544,3,0,1302.3259899385498,-1,1
36,45995.63,9.1,19394.95,24,5.719999999999999,814,4,0,2975.8180544539737,-1,0
23,53940.68,0.6,9012.3,12,5.84,808,3,0,3720.0627996495655,-1,0
52,52158.75,1.8,17321.75,48,10.56,572,3,0,3902.5650666995984,-1,0
37,44961.41,3.7,6880.32,36,9.68,616,1,1,3525.8078438204684,-1,0
32,93753.57,1.6,10103.99,48,11.06,547,2,0,7551.360092099953,-1,0
24,19994.23,2.5,53892.78,48,10.0,600,1,0,299.3257040528547,-1,0
21,39661.91,3.1,11814.52,36,8.06,697,4,0,2934.607946775111,-1,0
42,30884.43,4.6,24138.99,12,8.7,665,2,0,466.06888399718036,-1,1
28,15000.0,3.7,2651.61,48,6.959999999999999,752,2,0,1186.553095159952,-1,0
29,41394.59,10.0,23422.62,36,5.0,850,2,0,2747.5522327249846,-1,1
47,22180.03,6.0,15885.92,60,8.98,651,0,1,1518.724440267362,-1,0
31,61565.69,5.4,41064.34,36,8.799999999999999,660,2,0,3828.4581491543768,-1,0
29,40360.52,10.2,31663.85,24,9.5,625,6,0,1909.5470478392672,-1,0
42,15000.0,1.4,4074.64,48,8.62,669,5,0,1149.3360311307297,-1,0
43,57292.88,7.4,42795.67,48,8.16,692,5,1,3726.4221761086374,-1,0
26,113434.7,0.3,32105.4,36,9.86,607,1,0,8419.049694697163,-1,0
41,62918.07,12.0,10068.66,36,9.24,638,3,0,4921.86595879458,-1,1
45,37296.66,11.1,8160.44,48,6.52,774,3,0,2914.4552660213226,-1,0
37,19015.07,1.4,19280.19,24,12.6,470,4,0,671.592025059231,-1,1
38,15000.0,2.6,29742.06,48,6.879999999999999,756,5,0,539.4440433434661,-1,0
21,15000.0,0.3,6612.36,48,7.58,721,2,0,1089.8734129207464,-1,0
38,106397.96,18.3,7571.35,24,6.5,775,0,0,8529.221405875553,-1,0
49,21144.36,2.2,19230.28,24,13.98,401,2,0,838.9104937270083,-1,1
37,15000.0,0.5,20550.52,48,6.539999999999999,773,2,0,762.2661661392613,-1,0
38,54813.76,5.4,12631.19,12,11.56,522,3,1,3448.145695576187,-1,0
34,43252.39,1.7,4480.62,48,6.359999999999999,782,3,0,3498.397215591949,-1,0
36,51821.11,4.0,20612.03,24,5.0,850,3,0,3414.14743199302,-1,0
19,60133.35,3.2,16277.36,48,11.34,533,3,0,4587.722946544565,-1,1
38,15584.97,6.6,25451.64,24,13.18,441,0,0,86.57716484313232,-1,0
47,15000.0,1.1,24373.0,48,7.08,746,3,0,665.4531249942365,-1,1
34,50268.16,0.5,4087.28,60,5.759999999999998,812,1,0,4110.45008405349,-1,0
25,67447.83,8.5,10403.8,36,6.32,784,3,0,5302.638080871263,-1,1
27,23690.88,6.1,10717.63,24,8.74,663,4,0,1485.8853810277765,-1,0
31,20253.12,2.0,16469.74,48,8.219999999999999,689,2,0,1283.9825424397814,-1,0
24,29292.96,4.7,7267.08,36,6.879999999999999,756,2,0,2217.0921666600557,-1,0
18,25832.62,0.8,3940.21,24,13.06,447,1,0,1965.2825047852948,-1,0
24,66656.35,7.9,25178.68,36,10.08,596,4,0,4741.304624449762,-1,0
51,63066.77,6.1,69478.81,24,10.36,582,1,0,2037.9128868219386,-1,1
45,23184.1,0.7,11711.42,48,9.7,615,0,0,1636.6609222469049,-1,0
18,19253.43,0.1,13109.52,24,5.0,850,5,0,1029.3196388534332,-1,0
18,30234.94,4.6,13048.43,48,11.76,512,6,0,2177.498713726383,-1,0
45,126523.1,0.6,15029.65,60,11.26,537,1,0,10214.858474253006,-1,1
23,28954.65,7.2,23297.54,24,6.26,787,4,0,1377.5947267589045,-1,0
21,71535.5,5.6,28541.75,36,9.36,632,3,0,5048.881959464475,-1,0
44,22271.62,3.7,6230.03,12,10.42,579,2,0,1307.03200730331,-1,1
36,21199.4,5.0,11889.19,48,10.04,598,7,1,1464.8476534594568,-1,0
28,16377.76,2.1,8766.96,48,5.620000000000001,819,3,2,1160.4449483754097,-1,0
45,68297.47,0.5,7215.27,36,8.4,680,1,0,5464.021712192611,-1,0
18,43348.39,1.5,5809.32,36,8.86,657,6,0,3428.009300130787,-1,1
52,32442.05,5.5,9315.58,48,9.4,630,3,2,2469.912183225328,-1,0
25,23021.33,1.8,5688.18,36,9.1,645,3,0,1737.296711928368,-1,0
32,31076.42,8.4,3722.46,12,6.4399999999999995,778,4,0,2268.569507803997,-1,0
37,45892.75,3.1,23011.87,36,10.0,600,4,0,3081.8675163630783,-1,0
36,19224.55,0.0,2861.33,48,8.54,673,3,0,1531.4648552997894,-1,0
29,40492.32,9.7,13224.54,48,9.98,601,6,2,3039.078506723424,-1,1
38,30776.35,0.9,18186.97,12,9.14,643,4,0,973.0374694262978,-1,0
40,27273.96,0.3,13511.98,48,10.12,594,3,0,1929.352069008909,-1,0
59,34483.88,0.2,7750.09,48,10.64,568,1,0,2674.703764087134,-1,0
34,98061.01,0.0,3281.92,36,8.0,700,3,1,8068.907388798152,-1,1
49,23263.02,8.7,11086.0,36,13.22,439,5,0,1563.8780297580213,-1,0
20,15000.0,11.4,9208.33,24,11.94,503,2,0,816.7899021374534,-1,0
28,75671.44,6.9,8148.49,48,8.32,684,1,1,6105.798635740012,-1,0
18,69346.34,1.3,13181.25,60,11.959999999999999,502,3,0,5485.918407727897,-1,0
36,38313.69,0.6,9796.68,12,12.2,490,2,0,2321.46748822433,-1,0
30,258063.53,1.5,9298.74,24,10.62,569,7,0,21073.53869090082,-1,0
21,36300.04,4.6,24689.5,36,8.7,665,3,0,2243.3265341412,-1,0
48,63239.0,2.6,6766.13,48,7.76,712,0,0,5105.496848395451,-1,0
43,36801.7,2.9,23418.25,12,14.26,387,2,0,961.2852275291639,-1,1
35,15000.0,1.0,13759.28,48,8.799999999999999,660,5,1,908.9049173711594,-1,0
50,39106.32,7.6,18954.46,48,9.74,613,0,0,2780.4891864511133,-1,0
34,70184.27,0.5,11949.23,24,12.16,492,5,0,5285.304171320022,-1,0
34,22826.17,1.5,8701.11,36,11.52,524,2,0,1615.170203158437,-1,1
46,44275.71,5.7,11116.96,36,5.699999999999999,815,2,0,3352.9521103809957,-1,0
43,19557.69,10.1,7577.51,24,12.64,468,2,0,1270.838846892914,-1,1
38,95779.74,4.5,7648.1,48,12.459999999999999,477,2,1,7778.509500770147,-1,1
43,46321.96,15.8,13786.2,36,10.04,598,3,0,3415.0624906161806,-1,0
29,49965.42,0.3,12539.22,48,8.879999999999999,656,1,0,3852.459975559691,-1,0
47,24818.36,7.5,9436.13,36,11.94,503,3,0,1755.0524655268946,-1,0
38,100730.77,0.3,4957.57,36,7.219999999999999,739,4,0,8240.656301962326,-1,1
62,110040.34,3.9,18991.83,24,9.1,645,2,0,8301.519834870964,-1,0
44,27522.01,7.0,22675.82,36,12.82,459,3,0,1531.4273357946768,-1,0
41,63980.78,2.0,3390.85,36,8.18,691,4,0,5225.192958857336,-1,0
20,15683.86,8.8,8326.0,24,9.5,625,5,0,924.7042647075368,-1,1
46,15000.0,3.3,11352.37,24,8.66,667,4,1,733.1390580775944,-1,0
23,54363.55,5.8,8165.66,36,7.719999999999999,714,3,0,4275.467169450176,-1,0
30,21448.24,5.3,7664.27,48,11.34,533,6,0,1587.9984101233113,-1,0
23,15891.85,3.0,35687.76,60,10.1,595,3,0,564.3042242748973,-1,1
23,21329.91,2.1,8972.3,48,8.68,666,4,0,1555.5772565112975,-1,0
19,21405.71,3.9,14929.47,60,11.16,542,5,0,1458.0137706298171,-1,0
40,72545.43,5.4,15028.02,36,7.299999999999999,735,1,0,5579.366778489614,-1,0
41,93114.2,9.3,6734.88,48,9.54,623,4,0,7590.18667929113,-1,0
28,128591.71,12.0,4726.91,48,7.58,721,3,0,10601.507781725315,-1,0
55,74756.48,1.4,4999.41,12,7.640000000000001,718,6,1,5795.647562199443,-1,0
55,31602.09,11.4,32602.18,36,8.68,666,2,0,1601.6155780186855,-1,0
35,15000.0,0.3,7636.0,12,7.82,709,4,0,586.3916990164134,-1,1
44,47303.88,1.2,11190.92,36,10.459999999999999,577,6,0,3578.468792883622,-1,0
41,42319.29,1.0,23290.93,36,9.76,612,6,1,2777.6963573869525,-1,1
41,56545.9,1.8,8034.93,48,9.18,641,5,0,4511.521307565321,-1,0
40,64570.28,4.9,36446.85,12,12.86,457,1,0,2127.916773517836,-1,0
53,68314.32,0.2,42224.88,36,10.98,551,5,0,4310.871487281352,-1,1
27,20387.68,2.1,85312.41,36,10.84,558,4,0,-1087.5858270675226,-1,1
22,71481.97,0.9,6601.15,24,9.6,620,2,0,5653.438513272151,-1,0
42,50576.92,5.3,5929.11,48,11.1,545,1,1,4061.2142919881667,-1,0
24,23829.32,19.1,14565.12,48,9.44,628,5,1,1620.2723518393295,-1,0
52,31711.08,3.6,11588.3,60,7.16,742,4,3,2412.2519819515037,-1,1
34,15000.0,3.2,10407.79,48,8.6,670,3,0,992.9739786050276,-1,0
43,15000.0,0.9,7563.7,12,9.62,619,3,0,586.3666283958585,-1,0
34,47079.66,1.8,12606.44,24,5.84,808,0,0,3365.488307330147,-1,0
47,28701.22,3.3,1691.18,48,8.219999999999999,689,2,0,2350.3068190242616,-1,0
37,24415.25,3.2,22956.16,36,7.539999999999999,723,4,0,1320.1030480682175,-1,0
18,23669.41,12.8,6940.07,36,10.68,566,2,1,1746.292101048179,-1,0
22,66335.45,5.2,8183.2,36,7.74,713,1,0,5272.502805499225,-1,0
44,28489.05,6.8,10721.32,12,10.78,561,4,1,1427.6193178779695,-1,0
37,58579.72,0.8,3766.16,36,8.219999999999999,689,1,1,4763.242964852831,-1,0
39,90723.79,6.7,6471.15,12,7.42,729,3,0,6999.1345564048315,-1,0
33,98781.32,1.1,40927.33,48,9.36,632,4,0,7206.287823979962,-1,0
31,40260.38,6.8,8804.97,36,12.24,488,4,0,3061.5703360392527,-1,1
38,29425.73,17.8,6627.41,48,8.379999999999999,681,3,1,2289.1649679304887,-1,0
39,18872.14,30.5,3068.63,48,11.84,508,2,0,1492.110393007389,-1,0
43,33554.06,2.5,5137.53,60,6.82,759,3,0,2694.8781502821275,-1,0
48,16173.88,0.0,11414.32,24,9.52,624,2,0,823.6355576728581,-1,1
36,19618.5,0.6,22686.12,12,7.98,701,6,1,-338.34516138100275,-1,0
38,20821.44,4.7,12651.32,48,9.58,621,2,1,1416.795616633168,-1,0
52,41674.57,0.5,11561.98,36,12.74,463,2,0,3084.758388883453,-1,0
31,39296.06,0.1,25156.13,36,8.82,659,4,0,2476.8192291790565,-1,0
23,41310.98,11.1,15582.98,36,8.06,697,5,0,2953.836271293371,-1,0
37,63012.7,7.7,5590.74,36,8.1,695,4,0,5075.606835070896,-1,0
18,25049.11,21.3,5599.56,24,10.82,559,4,0,1826.9101512321297,-1,1
43,66991.99,1.4,3821.61,12,9.34,633,2,0,5247.857548637465,-1,0
19,47143.71,2.0,5756.6,12,11.42,529,2,0,3418.7361824577374,-1,0
26,38106.24,3.5,9978.97,12,8.4,680,2,0,2305.6184133524644,-1,0
36,40036.46,5.7,35082.4,60,10.64,568,4,1,2579.8786867790845,-1,0
36,37341.46,1.7,18826.44,48,7.9399999999999995,703,1,0,2652.7099616270893,-1,0
28,16928.02,3.0,10982.28,24,10.86,557,4,0,899.5215410893481,-1,0
29,73043.7,11.0,12615.24,24,9.56,622,3,1,5507.404269353048,-1,0
31,145987.15,2.0,7317.37,24,10.48,576,7,0,11826.312919515927,-1,0
28,23738.98,6.4,11257.92,36,10.86,557,2,0,1610.4244143676353,-1,1
47,41489.6,1.5,2697.43,36,6.68,766,3,0,3374.571949958239,-1,0
37,34255.84,0.4,100000.0,12,8.84,658,1,0,-5883.076417834689,-1,1
56,37436.31,1.7,11838.52,36,9.62,619,2,1,2739.8053588900766,-1,0
31,67662.77,6.5,4102.36,48,9.76,612,1,0,5534.989913045974,-1,0
42,35890.9,15.2,28236.3,48,5.759999999999998,812,3,0,2330.8805261340153,-1,0
25,36775.27,3.0,22787.56,36,11.24,538,2,0,2315.977761604769,-1,1
21,81655.44,14.3,18808.74,48,10.68,566,3,1,6321.416017003153,-1,0
32,58935.19,5.4,13386.82,12,10.94,553,1,0,3728.4911044362825,-1,0
42,67154.4,10.5,5786.78,48,8.459999999999999,677,2,0,5453.6749483368485,-1,0
48,15000.0,1.0,7003.02,36,10.52,574,2,0,1022.3186896452733,-1,1
33,95620.28,2.5,36355.18,48,10.12,594,2,1,7044.198844703587,-1,1
35,22836.51,0.7,9819.19,48,9.9,605,4,0,1654.4737700680655,-1,0
28,21084.94,1.0,62732.44,24,7.640000000000001,718,1,0,-1069.8511296866998,-1,0
54,20278.72,3.1,51229.42,24,8.2,690,2,0,-631.7503494207608,-1,0
29,45884.76,3.6,17925.39,36,11.62,519,3,0,3231.598677267415,-1,0
35,47520.29,0.1,3964.34,48,8.56,672,3,0,3862.197574099103,-1,0
22,163422.54,19.0,18851.03,48,5.0,850,1,0,13184.419096020934,-1,0
51,76310.06,8.5,47594.83,60,10.4,580,2,0,5338.529298287558,-1,0
40,66399.2,11.4,12708.37,48,8.32,684,5,0,5221.10576884952,-1,0
28,19240.11,8.5,21172.93,36,11.64,518,5,0,903.7332242321953,-1,0
30,129676.1,3.2,24524.89,12,7.4399999999999995,728,4,0,8679.30486416493,-1,0
38,17636.42,12.4,11460.52,36,9.86,607,2,0,1100.6557554929723,-1,0
30,28474.09,0.7,13639.23,48,7.34,733,2,0,2044.0766982213777,-1,0
43,66758.27,1.7,22402.86,36,10.36,582,1,1,4836.51948994358,-1,0
51,36929.37,1.9,19170.29,36,7.08,746,3,0,2484.8231500473244,-1,1
45,15000.0,2.3,7406.33,48,8.32,684,1,1,1068.0752824846882,-1,0
38,15000.0,4.1,5498.45,24,5.739999999999998,813,4,0,1006.9489996412003,-1,0
19,23911.36,1.9,34843.01,24,11.82,509,2,0,355.35919712920986,-1,1
20,49172.07,0.1,26299.41,36,10.56,572,6,1,3242.1331612916265,-1,0
31,35197.12,9.5,23765.99,12,8.26,687,3,1,862.8690713026631,-1,0
44,95788.95,3.3,16223.34,36,9.08,646,8,0,7465.910368960323,-1,0
36,19634.64,1.1,35288.59,24,13.5,425,3,0,-49.76347692961758,-1,1
29,40838.64,5.8,28337.63,48,6.619999999999999,769,2,0,2729.624948784265,-1,0
38,22765.2,0.4,19232.73,60,9.76,612,4,1,1490.7288078410702,-1,1
40,40918.57,2.2,11916.67,48,7.219999999999999,739,3,0,3123.303441089068,-1,0
26,15000.0,1.0,3902.34,12,11.94,503,2,0,903.3913414272738,-1,1
18,60800.86,11.9,21301.44,36,13.82,409,0,0,4340.566479956224,-1,1
32,34292.71,26.0,31886.2,48,9.0,650,4,0,2064.2363951895977,-1,0
30,40626.73,9.3,5587.37,48,11.42,529,4,0,3240.0100630155716,-1,0
36,36396.89,1.7,2517.26,24,8.36,682,2,0,2918.811560265625,-1,0
42,15000.0,17.8,46995.52,48,8.879999999999999,656,3,0,83.19046857898365,-1,0
26,18867.99,0.2,53022.67,48,14.120000000000001,394,4,0,120.21599631745244,-1,1
44,61990.23,10.1,37522.98,60,7.24,738,3,1,4418.596361089427,-1,0
29,28617.16,6.0,11404.1,48,11.58,521,4,0,2086.795968809832,-1,0
40,44712.89,7.0,56676.41,36,10.74,563,3,1,1877.5317954057841,-1,1
36,50477.09,1.5,3351.4,48,11.84,508,3,0,4118.432002343054,-1,1
27,63275.79,5.6,10038.68,48,8.9,655,6,0,5023.645921570994,-1,0
45,47720.7,8.8,19279.94,60,10.02,599,5,1,3566.8934966615907,-1,0
46,31203.94,4.7,6514.11,12,11.82,509,2,0,2022.1059319009873,-1,0
35,87836.54,6.5,3777.7,48,5.32,834,3,1,7232.165238449027,-1,0
42,15000.0,6.7,5372.97,48,8.26,687,3,0,1118.173370650337,-1,1
30,61737.45,5.1,34441.34,48,10.0,600,6,0,4271.266140645501,-1,0
31,15000.0,2.3,17730.42,36,7.58,721,3,0,697.8220119304395,-1,0
41,18513.41,0.6,33521.75,48,8.879999999999999,656,6,0,710.5027617601465,-1,0
35,15000.0,10.3,18460.15,48,11.879999999999999,506,4,0,764.960389245724,-1,1
35,94155.66,5.3,4778.35,48,8.06,697,2,0,7729.516887620005,-1,0
18,46291.18,6.2,1124.87,36,6.4,780,2,0,3823.173365889004,-1,0
31,117595.0,0.5,35250.0,48,7.279999999999999,736,3,0,8950.891479275906,-1,0
28,36103.59,2.8,9678.87,48,8.28,686,4,0,2771.0688147129636,-1,0
25,99083.59,9.0,10421.59,36,7.119999999999999,744,1,0,7934.605291342996,-1,0
28,35386.81,1.2,14943.96,60,10.64,568,5,0,2626.6594578367644,-1,0
29,23723.77,6.3,12256.17,60,5.0,850,4,0,1745.691785682615,-1,0
51,46228.07,0.9,8776.68,12,5.0,850,0,0,3100.98969340346,-1,0
18,165178.74,8.4,8572.99,48,10.879999999999999,556,2,0,13543.820857693916,-1,1
29,18609.78,13.0,17517.63,36,9.98,601,2,0,985.7348278590882,-1,0
26,62530.24,0.2,13289.56,24,7.74,713,2,0,4611.37719469659,-1,0
32,35196.57,3.6,16434.28,48,9.94,603,3,0,2516.7050905360234,-1,0
18,30211.63,1.2,26141.74,24,8.04,698,2,0,1334.838770365468,-1,1
18,143556.93,4.9,7135.89,24,10.12,594,3,1,11633.397014012491,-1,1
20,46630.67,1.3,8760.05,36,12.62,469,5,0,3592.329275629527,-1,0
30,73262.63,4.6,31875.75,24,9.219999999999999,639,2,0,4645.764095608846,-1,0
28,41963.44,2.1,10011.65,48,12.22,489,2,0,3232.2254558088766,-1,1
33,31947.09,13.2,17760.05,48,8.66,667,1,2,2223.159582750195,-1,0
41,15000.0,4.8,31019.83,24,7.119999999999999,744,4,0,-140.5259140092835,-1,1
20,33691.84,0.9,17431.56,48,11.62,519,6,0,2351.8590877680217,-1,1
36,26158.71,0.6,19125.3,36,13.92,404,2,0,1526.9779499498081,-1,0
24,28229.19,5.1,40538.15,36,6.299999999999999,785,5,0,1113.665555268881,-1,0
30,40868.13,0.1,5625.77,12,7.5,725,6,0,2917.6002268085886,-1,0
39,22383.19,7.6,32252.14,24,7.279999999999999,736,2,1,417.15693123639085,-1,1
29,47866.96,20.6,19931.14,48,10.74,563,0,0,3476.295564702304,-1,1
23,27158.25,10.7,36187.56,48,5.0,850,3,1,1429.8135571546125,-1,0
42,20027.5,2.2,23171.24,36,12.56,472,0,0,893.1293425587929,-1,1
42,167537.32,6.3,6827.29,48,7.5600000000000005,722,2,0,13796.175721953137,-1,0
36,32711.46,6.0,6349.93,24,8.42,679,3,0,2437.546973371998,-1,1
44,78740.68,1.9,7629.2,36,10.16,592,3,0,6314.977012359153,-1,0
32,39297.82,3.7,28951.77,24,11.14,543,2,0,1923.5563322320702,-1,1
28,81800.11,0.8,42301.76,36,10.5,575,2,2,5441.765268784513,-1,0
42,29420.0,12.1,8945.33,36,7.16,742,2,0,2174.8059840517444,-1,0
33,60282.55,4.8,13263.15,24,9.68,616,3,1,4413.475810245717,-1,0
29,15000.0,8.7,7815.45,48,10.6,570,1,1,1049.5204157760738,-1,1
40,40212.45,11.5,27858.52,24,14.36,382,3,0,2008.7268814687789,-1,0
23,34567.8,0.3,46717.04,36,14.0,400,2,0,1283.9723034891322,-1,0
36,72215.33,7.1,8695.59,24,8.56,672,3,0,5622.441543502177,-1,0
36,15175.03,0.9,19699.91,24,10.32,584,2,1,352.62259589832195,-1,1
36,42366.01,9.3,24332.88,48,9.54,623,1,0,2918.7176592885908,-1,0
31,66462.28,17.3,19963.01,48,7.68,716,3,0,5054.160973824303,-1,0
37,15000.0,6.4,7907.81,36,10.22,589,3,0,994.0196469594755,-1,0
36,59287.59,0.1,11976.46,12,7.5,725,2,0,3901.5857669686093,-1,0
39,22904.04,3.7,5578.57,36,5.52,824,6,1,1740.1697202249593,-1,0
32,53621.35,7.7,16746.36,48,12.16,492,2,0,4026.1332288069952,-1,1
37,15000.0,5.1,25991.56,36,8.82,659,4,1,425.65104409519813,-1,1
18,40496.58,0.9,4960.11,24,7.6,720,2,1,3151.2864600849402,-1,0
49,36258.45,0.3,21705.64,24,9.04,648,6,0,2029.5225253154329,-1,1
43,59144.0,4.2,63620.16,36,10.42,579,2,0,2863.2550894172878,-1,1
31,40996.35,0.6,9371.06,48,7.779999999999999,711,6,0,3188.554040694009,-1,0
31,50839.45,25.6,28290.97,48,8.86,657,2,1,3534.4780357227137,-1,0
35,42197.84,9.0,3469.77,36,10.799999999999999,560,4,1,3403.219197436952,-1,1
28,25174.41,0.7,19400.74,24,13.66,417,6,0,1169.4951621263685,-1,1
43,15216.96,5.2,27760.53,60,11.74,513,0,1,654.2035048629143,-1,1
34,115643.54,1.5,27104.92,36,7.32,734,2,0,8796.06903065119,-1,1
24,22165.01,0.7,5473.09,48,8.08,696,2,1,1713.2644237467475,-1,0
36,73274.42,0.5,14620.19,48,10.56,572,1,0,5731.45160767354,-1,0
29,23638.82,19.0,27929.52,36,12.44,478,3,0,1036.3615303396243,-1,1
44,36725.47,2.7,8382.37,36,5.739999999999998,813,2,0,2806.434226899851,-1,0
30,57071.4,9.6,4991.69,24,8.12,694,10,0,4529.916088435996,-1,0
53,27218.54,4.6,18776.11,36,5.280000000000001,836,4,0,1703.111352630187,-1,0
21,32692.35,1.4,17015.13,24,10.92,554,5,0,1931.9559002988135,-1,0
43,33917.43,3.8,18104.93,48,9.56,622,3,0,2371.0809410187744,-1,1
54,21417.7,4.6,14681.1,48,7.799999999999999,710,2,0,1427.7764490627937,-1,0
46,24807.95,1.5,6744.06,12,7.18,741,2,0,1483.2278279790426,-1,0
34,15967.77,3.8,14532.13,36,9.74,613,4,0,863.5084541229287,-1,0
45,19903.4,7.3,12018.64,12,8.0,700,2,0,613.1340533234504,-1,0
26,31979.44,2.8,33305.93,36,10.4,580,5,0,1583.9990234339662,-1,1
40,29852.5,0.2,9262.0,36,7.379999999999999,731,2,0,2200.1127169961537,-1,0
37,16301.65,10.5,6355.46,36,7.359999999999999,732,2,0,1161.1848936566166,-1,0
42,26740.51,1.3,11198.73,12,6.98,751,4,1,1259.4894152323022,-1,0
45,15000.0,14.5,35788.44,60,5.579999999999998,821,1,0,565.0769132348825,-1,0
44,15000.0,2.4,8356.33,36,8.6,670,3,0,985.8238636856611,-1,0
48,25312.56,6.1,53144.31,36,9.94,603,2,0,396.0592680230179,-1,0
28,39845.14,0.9,43662.62,60,8.82,659,2,0,2417.8737487841763,-1,0
35,46687.99,2.6,7098.06,12,9.26,637,2,2,3269.0738666650304,-1,0
35,80018.72,0.6,19790.13,48,7.5,725,6,0,6189.723054061719,-1,0
21,22830.11,5.2,11053.89,48,5.5,825,5,0,1645.434647716998,-1,0
37,17860.46,4.2,27492.45,48,5.0,850,2,0,855.2399646403438,-1,0
33,25241.07,1.5,12809.98,24,8.92,654,4,1,1518.6719493418282,-1,0
39,62173.36,4.3,4246.18,36,9.299999999999999,635,1,1,5045.492295760944,-1,0
39,15630.34,6.2,38725.48,48,9.219999999999999,639,0,1,334.792643233439,-1,0
34,63626.8,0.5,4446.5,12,11.52,524,3,0,4908.164953220221,-1,0
42,15000.0,2.8,40787.62,48,9.959999999999999,602,2,0,216.30392899246567,-1,1
29,20293.89,0.6,7420.09,36,10.92,554,3,0,1448.5142867142463,-1,0
25,15000.0,8.7,40637.89,48,6.26,787,1,0,290.7662326191238,-1,0
40,92927.95,13.2,35557.22,48,9.799999999999999,610,2,0,6845.584263122441,-1,0
28,15000.0,5.8,13538.49,48,9.1,645,5,2,912.4508818964355,-1,0
33,47539.93,12.8,8317.99,48,10.12,594,4,0,3750.2154348643758,-1,1
34,15660.94,2.7,9010.27,36,7.719999999999999,714,3,0,1023.8916239520343,-1,0
21,77865.69,0.5,6386.64,48,5.0,850,4,0,6341.727692509966,-1,0
42,21209.86,20.0,15841.74,60,11.48,526,3,0,1419.2462038586277,-1,0
24,17127.06,1.1,11188.72,12,8.1,695,2,1,453.44841939641594,-1,0
37,15000.0,3.2,7839.53,24,11.18,541,2,0,883.9609645010472,-1,1
37,29218.56,1.7,25281.04,36,8.04,698,7,0,1642.1975027333183,-1,0
50,25975.67,1.4,13250.34,12,8.08,696,2,0,1011.5227271864842,-1,0
29,34335.73,14.5,20766.48,36,7.879999999999999,706,2,1,2211.7138122185224,-1,0
35,31309.05,11.2,2794.86,36,8.82,659,1,0,2520.4456515345714,-1,0
28,63839.57,4.2,12369.37,12,6.219999999999999,789,0,0,4254.125463357438,-1,0
38,65168.62,6.8,4104.87,24,7.699999999999999,715,5,0,5245.62732325026,-1,0
38,21198.06,3.6,2968.86,12,10.94,553,3,0,1504.1953116921495,-1,0
35,30234.79,1.7,20183.96,24,8.62,669,2,0,1600.981931370483,-1,0
51,23250.5,0.4,13879.98,36,10.64,568,5,0,1485.4915707919602,-1,0
26,34462.5,5.5,3466.78,12,10.74,563,1,0,2565.8955162500906,-1,0
37,54016.92,2.2,10261.63,36,8.98,651,3,0,4175.188418835157,-1,0
43,50626.11,9.2,12511.13,48,8.76,662,4,0,3908.926316892753,-1,0
18,15000.0,3.4,45876.43,24,8.74,663,2,0,-840.3843939803755,-1,0
33,26854.11,0.1,9816.46,24,8.1,695,1,0,1793.4227566026975,-1,0
40,85449.56,1.7,13718.53,12,10.48,576,2,0,5911.655203644001,-1,0
26,33811.64,5.1,45589.36,24,7.4399999999999995,728,2,0,767.3776157621792,-1,0
30,39166.84,2.4,10900.37,36,8.42,679,5,0,2920.209422966863,-1,0
45,46046.14,9.4,5648.39,24,9.28,636,3,0,3578.406843050965,-1,0
42,46101.91,2.4,17789.18,36,9.0,650,5,0,3276.1346650937744,-1,1
44,311743.4,9.4,43620.96,48,8.44,678,3,0,24904.669247308204,-1,0
33,117612.27,1.2,58142.05,60,8.9,655,6,0,8596.90903327113,-1,0
56,20339.13,4.2,5882.5,36,10.459999999999999,577,4,1,1503.842808047766,-1,0
47,38916.63,6.1,35856.11,48,10.1,595,7,0,2331.925982406454,-1,0
19,63789.97,8.2,30013.49,48,9.5,625,3,0,4561.797822091564,-1,0
44,45286.35,6.4,34045.79,24,10.34,583,4,0,2197.473970924798,-1,1
49,23625.14,3.0,8741.82,12,5.0,850,2,1,1220.396470218606,-1,0
28,136334.91,7.1,9290.65,48,8.76,662,3,0,11131.1015945354,-1,0
20,15000.0,0.0,5662.66,24,8.42,679,2,1,992.8071496748277,-1,1
27,26758.22,1.7,8979.76,24,8.06,697,2,0,1823.47566902496,-1,0
26,111457.08,1.6,11950.21,48,10.68,566,4,1,8981.084370189139,-1,1
38,102146.24,0.9,5506.86,36,8.04,698,3,0,8339.520054181658,-1,0
21,22289.46,5.8,1881.31,24,8.68,666,4,0,1771.7837916167591,-1,0
37,17025.87,0.4,10480.37,24,6.34,783,3,0,952.7188229245476,-1,0
67,70444.89,9.4,14359.15,48,9.62,619,3,0,5508.837201167168,-1,0
30,16559.58,3.2,21252.75,48,10.879999999999999,556,4,0,831.9142641545608,-1,0
47,18708.41,1.8,6740.61,60,8.56,672,6,0,1420.5452253182898,-1,0
26,116994.68,2.3,26939.95,12,11.08,546,1,2,7367.553794591942,-1,0
52,109673.34,1.4,53486.23,36,10.26,587,3,0,7407.058454006335,-1,0
24,53589.1,9.0,6559.79,48,7.5600000000000005,722,2,0,4306.966071036622,-1,0
50,22570.66,1.8,4551.1,48,10.4,580,2,0,1764.584460073028,-1,0
26,53158.11,6.2,24735.86,48,10.94,553,5,0,3791.251780616022,-1,0
37,24816.47,3.6,22757.72,48,9.76,612,6,0,1493.4640774232298,-1,1
38,26248.15,3.9,19928.16,36,5.32,834,5,0,1587.213653470305,-1,1
30,27168.28,0.5,27187.65,24,6.52,774,3,0,1052.6696660882699,-1,0
47,53277.46,2.6,22519.98,48,8.219999999999999,689,2,0,3887.681240646565,-1,0
42,17048.42,10.2,10481.71,48,13.02,449,2,0,1139.3995767850083,-1,0
56,15000.0,5.0,20662.35,24,14.2,390,2,0,255.98764832795257,-1,0
34,25170.3,12.4,5216.75,24,6.68,766,2,1,1864.7137050750052,-1,0
35,42858.22,6.9,59750.69,60,7.859999999999999,707,1,1,2363.9892243954687,-1,0
55,31358.86,3.3,14411.89,48,14.36,382,3,0,2216.8046188695716,-1,0
31,38805.49,2.0,15153.11,24,5.0,850,0,0,2569.0028388401206,-1,0
34,15000.0,6.7,13148.51,36,7.48,726,4,0,841.1203427303408,-1,0
23,41153.69,0.3,16206.41,24,11.9,505,2,1,2667.338783865388,-1,0
38,69925.19,1.0,6468.47,24,8.78,661,6,0,5532.24128143242,-1,0
38,15000.0,1.7,30124.24,48,10.94,553,0,0,472.300736966671,-1,1
53,56528.83,14.3,6716.72,12,11.54,523,5,1,4115.407818116074,-1,1
39,25493.71,15.0,10374.13,48,8.68,666,3,0,1867.8886054281747,-1,0
40,44702.24,3.3,47666.26,12,8.28,686,2,0,-427.39994835901325,-1,0
37,15000.0,11.5,12824.83,48,6.9399999999999995,753,1,0,943.2503615997173,-1,1
32,25345.09,2.3,5376.35,24,10.48,576,5,0,1862.8067744840191,-1,0
39,83240.49,3.0,7464.41,24,7.799999999999999,710,1,0,6599.792921777472,-1,1
31,73198.36,0.1,15906.54,12,7.74,713,3,0,4718.089878563095,-1,0
27,28854.25,6.6,11289.81,60,6.32,784,2,0,2184.5733537851856,-1,0
41,173173.18,8.4,5293.99,48,10.52,574,1,0,14295.503157646404,-1,0
50,36878.61,4.9,4239.11,48,11.7,515,3,0,2962.2088638199148,-1,1
29,22312.87,0.3,1718.78,48,8.219999999999999,689,1,2,1817.2676685228778,-1,0
34,37360.38,4.4,4664.54,24,9.18,641,6,1,2899.8812539722426,-1,0
49,27001.18,2.6,10988.61,48,7.66,717,2,1,1983.5845392500075,-1,0
22,39126.44,3.3,7707.87,36,8.28,686,1,0,3018.003175446614,-1,0
46,49601.57,0.8,36498.45,36,8.82,659,1,1,2975.8784292332994,-1,0
31,133777.3,9.0,8158.06,36,11.24,538,6,0,10880.095754239917,-1,0
31,33190.34,0.2,3147.63,36,8.92,654,3,0,2665.8850287647947,-1,0
39,31413.31,6.1,12335.42,24,8.219999999999999,689,3,0,2058.639667316786,-1,0
31,31849.05,4.3,19345.95,12,9.1,645,4,0,961.3583426001969,-1,1
36,23149.45,1.2,7961.75,36,7.66,717,1,1,1680.8754290656493,-1,0
29,24528.96,4.2,7358.55,24,6.1,795,3,0,1717.6128993797815,-1,0
37,56099.34,13.7,27578.82,36,9.14,643,2,1,3796.147817339998,-1,0
44,123285.03,2.0,4681.09,36,9.28,636,0,0,10124.284320632974,-1,0
28,30939.34,0.1,11765.55,24,8.219999999999999,689,3,0,2044.9730613542688,-1,0
47,15000.0,1.8,13762.46,12,10.82,559,3,0,34.80616938884987,-1,1
23,36840.43,11.3,13018.18,36,7.84,708,1,0,2663.0535910435287,-1,0
41,20688.59,13.0,2027.28,36,10.32,584,5,0,1658.3295456973453,-1,0
49,31869.31,1.4,10414.53,36,10.52,574,1,1,2317.1799365447177,-1,0
29,18441.18,2.6,70110.08,24,7.0600000000000005,747,1,2,-1604.151477151018,-1,0
34,36771.65,1.3,22880.49,24,6.76,762,1,0,2042.3732518372533,-1,0
39,36323.6,0.8,38305.87,36,7.719999999999999,714,6,2,1831.5417198795199,-1,0
29,32013.99,4.8,3816.55,12,10.98,551,3,0,2330.555084807508,-1,0
31,133294.15,2.5,8731.56,24,12.74,463,5,0,10693.797087269035,-1,0
18,40128.21,40.0,19534.58,48,7.66,717,1,0,2870.232823719355,-1,0
36,96134.94,2.1,10696.38,36,6.4399999999999995,778,1,0,7683.703653141319,-1,0
26,39651.77,4.7,38187.38,36,12.06,497,4,0,2034.852075345731,-1,0
45,15000.0,1.9,6759.12,12,6.619999999999999,769,0,0,666.3387355364496,-1,0
35,205633.43,5.6,19330.68,48,7.68,716,1,0,16667.09902512919,-1,0
18,31498.37,7.1,11264.0,48,11.14,543,1,0,2332.9737874966713,-1,0
18,66178.05,14.4,19290.05,24,5.579999999999998,821,1,1,4663.536678940907,-1,0
40,52436.32,3.8,4713.24,60,7.459999999999999,727,3,1,4275.339235646225,-1,0
25,21032.36,1.6,5081.85,48,9.84,608,6,0,1624.1979553444892,-1,0
18,40436.32,5.3,24116.93,36,8.18,691,6,0,2611.952189216644,-1,1
45,15000.0,3.8,25783.65,36,13.08,446,3,0,380.2530804199582,-1,1
41,24121.3,2.2,6055.34,24,11.44,528,4,1,1726.6434432812102,-1,1
18,26657.26,0.3,24689.2,12,6.92,754,3,0,86.07262329799323,-1,1
20,41059.99,0.6,18300.57,24,5.98,801,1,0,2610.7383159803117,-1,0
39,55655.51,15.0,17251.41,48,5.800000000000001,810,3,1,4234.389290295243,-1,1
51,55197.04,0.5,3199.92,48,5.0,850,4,0,4526.0614362507495,-1,0
31,83972.28,2.9,37076.64,48,9.719999999999999,614,5,0,6062.308409688634,-1,0
24,117775.55,2.6,6070.91,36,8.58,671,3,0,9622.7603634632,-1,1
30,19559.32,3.7,15665.06,24,9.74,613,2,0,908.9586986229587,-1,1
37,26718.22,6.5,44321.51,48,10.12,594,1,0,1099.8543985731471,-1,0
37,196548.33,2.7,7336.91,24,14.120000000000001,394,1,0,16026.345226898342,-1,1
36,20383.72,2.7,3596.05,24,12.1,495,3,0,1529.1967916238282,-1,0
28,22839.3,4.6,5204.21,24,9.32,634,4,0,1664.7571874243176,-1,0
32,22120.71,1.2,10584.85,24,10.06,597,3,1,1354.6621989456792,-1,0
36,24815.2,5.3,14373.65,48,11.44,528,2,0,1693.3600429472654,-1,0
28,99901.95,2.6,1990.57,36,11.58,521,7,0,8259.445688907224,-1,1
33,47213.51,4.8,9801.39,48,8.98,651,0,0,3690.644231276192,-1,0
33,57205.39,5.9,13691.75,24,9.56,622,1,0,4138.087962968965,-1,0
32,90671.18,4.0,23751.87,48,10.66,567,5,0,6945.966564859954,-1,0
39,143168.68,0.1,8978.12,48,9.459999999999999,627,3,0,11705.336255847347,-1,0
42,32508.84,1.7,41530.41,48,13.36,432,1,1,1587.4782550558054,-1,0
35,15000.0,1.3,22930.9,48,8.48,676,2,0,685.0087187485793,-1,0
32,69111.94,0.6,19779.0,48,9.86,607,4,0,5259.010573639051,-1,0
30,23811.63,3.5,9436.37,60,8.4,680,2,0,1791.15539847862,-1,0
26,26488.92,2.3,6717.55,48,8.92,654,1,0,2040.498544870856,-1,0
43,20222.74,8.3,100000.0,24,7.859999999999999,707,1,0,-2831.1183420250272,-1,0
49,17071.15,16.6,22411.03,60,8.6,670,1,0,961.7183507848846,-1,0
39,27364.59,0.3,8828.46,48,9.62,619,1,1,2058.077633734678,-1,0
23,31297.04,0.3,9392.0,48,9.1,645,3,0,2373.9201298351086,-1,0
40,61056.01,3.3,6380.51,48,13.28,436,2,0,4915.93969120593,-1,1
31,70414.79,0.7,44551.71,36,5.859999999999999,807,2,0,4515.374135392791,-1,0
55,33072.61,2.8,8619.25,24,11.92,504,1,0,2350.634743427137,-1,0
28,44278.63,1.9,13248.11,36,10.54,573,6,0,3259.0399678984504,-1,0
34,54817.55,3.5,7660.8,12,6.9,755,5,0,3905.6181806923514,-1,0
26,24337.73,5.7,31511.62,12,6.6,770,7,0,-692.6464791700771,-1,0
40,73700.72,5.8,17296.97,48,10.16,592,4,0,5701.700544216632,-1,0
32,27765.94,2.1,55951.88,12,10.08,596,3,1,-2607.312900864769,-1,0
40,15000.0,1.2,13838.62,24,8.84,658,2,0,618.8016335999837,-1,0
18,45243.57,0.9,5391.01,36,5.699999999999999,815,4,0,3607.0243338340747,-1,0
21,78410.19,0.4,9952.93,48,12.459999999999999,477,4,0,6269.83012433156,-1,0
36,44820.05,3.0,34919.37,36,6.42,779,2,2,2666.0313468736804,-1,0
24,67855.73,1.8,7703.2,36,7.08,746,5,0,5416.5098508813835,-1,0
34,19532.33,8.9,9244.75,48,9.719999999999999,614,4,0,1394.464592545846,-1,0
41,84888.06,2.4,8966.49,24,7.4,730,2,0,6670.9241971552665,-1,0
42,27756.89,0.2,28530.08,48,10.56,572,2,0,1581.780718149333,-1,0
18,81883.45,1.5,72846.85,12,6.08,796,3,0,551.2735972505361,-1,0
29,28971.82,1.0,18965.38,48,8.52,674,3,0,1946.6747941207107,-1,0
34,51576.09,0.3,67735.66,36,6.34,783,4,0,2226.9063824139794,-1,0
27,25262.97,12.7,16570.18,48,7.1,745,8,1,1707.6846899598463,-1,0
23,21515.96,0.2,33926.42,48,10.2,590,4,0,929.2727545932046,-1,0
33,28789.18,0.1,8784.5,24,11.84,508,3,0,1986.2374793809677,-1,0
18,18007.14,12.7,59124.18,48,7.74,713,3,1,64.40589178098162,-1,0
49,15000.0,2.7,1840.29,48,8.48,676,3,1,1204.6573486006141,-1,0
21,23278.52,14.4,9682.4,24,9.86,607,2,1,1493.7084191600284,-1,0
37,16789.95,0.6,18206.21,48,6.9399999999999995,753,2,0,963.6987679942262,-1,0
42,33663.37,6.5,9446.84,24,7.140000000000001,743,4,0,2381.721618042358,-1,0
31,35086.72,0.3,10641.31,36,10.18,591,3,0,2579.6282029966287,-1,0
29,120190.62,10.4,12825.5,48,7.82,709,2,0,9703.859590852517,-1,0
27,39759.84,0.2,23857.18,48,6.74,763,1,0,2744.9035436689633,-1,1
38,53277.95,3.2,18985.68,60,6.379999999999999,781,0,0,4069.4187492303736,-1,0
36,59409.5,15.4,3433.76,36,6.359999999999999,782,0,0,4845.769015429698,-1,0
32,40678.7,2.8,6505.93,24,7.42,729,4,0,3097.3640760267535,-1,0
22,15000.0,0.1,5841.82,48,10.72,564,6,0,1099.8082279602688,-1,0
31,30606.82,2.4,23941.58,12,9.56,622,2,1,450.61933950264074,-1,0
34,55096.79,0.8,7235.3,60,7.08,746,3,0,4447.858307317783,-1,0
24,165120.77,1.3,38562.46,24,6.5600000000000005,772,4,0,12041.205194706517,-1,0
47,33405.76,5.9,13521.05,36,8.879999999999999,656,4,0,2354.602304462753,-1,0
18,33530.22,4.0,13582.12,60,8.9,655,4,0,2512.9012544367192,-1,0
36,21790.72,5.3,12142.57,48,6.879999999999999,756,2,0,1525.799928820703,-1,1
45,28975.79,10.3,10509.09,48,6.640000000000001,768,4,0,2164.7474535748174,-1,0
24,121887.18,1.2,36023.81,36,11.74,513,1,1,8965.227559085113,-1,1
42,95164.51,6.2,5574.61,36,7.459999999999999,727,4,0,7757.073190040044,-1,0
33,15000.0,3.3,7095.31,60,10.28,586,4,0,1098.2662408469246,-1,1
18,24080.42,0.9,20183.37,24,11.76,512,2,0,1058.860899450974,-1,0
28,28509.92,3.5,3656.88,60,13.02,449,4,2,2292.583964261801,-1,0
18,38199.37,0.4,6150.3,36,12.62,469,4,1,2977.1768273235825,-1,1
52,19425.01,0.1,53367.52,36,10.34,583,3,1,-111.80044490600676,-1,1
18,18500.46,0.4,4848.82,60,9.84,608,4,0,1439.0632201183312,-1,0
52,36240.7,8.2,19377.98,36,11.16,542,4,0,2384.1788477048667,-1,0
31,77526.45,4.3,12003.31,24,9.08,646,3,0,5911.728684080887,-1,0
34,72511.69,8.5,8468.99,12,10.72,564,1,1,5295.243103353266,-1,1
31,92667.65,0.2,13813.49,60,11.54,523,4,0,7418.232041898964,-1,1
40,15000.0,7.8,9063.17,36,5.699999999999999,815,5,0,975.5110894989934,-1,1
18,34334.43,17.0,14888.0,36,9.18,641,1,1,2386.51986266674,-1,0
23,68165.44,14.2,8376.01,36,8.26,687,1,0,5416.973817937104,-1,0
32,80539.29,3.5,14290.83,48,7.879999999999999,706,1,0,6363.530994706719,-1,0
45,83351.77,10.7,5216.83,60,8.68,666,1,0,6838.496430222982,-1,0
31,15000.0,1.7,37253.91,48,6.0,800,1,0,375.0908415008041,-1,0
44,24967.44,3.2,100000.0,48,8.54,673,4,1,-386.09925410714413,-1,0
47,75445.7,3.2,26764.96,36,7.82,709,3,0,5450.645817799657,-1,0
40,23055.2,2.1,57803.56,48,10.72,564,2,0,435.1511912489159,-1,0
46,37089.84,3.4,7896.03,24,10.12,594,1,0,2726.0207937661676,-1,0
50,15000.0,2.3,5132.94,48,11.52,524,1,0,1116.0365474040382,-1,0
51,34177.2,2.6,18278.49,48,10.78,561,3,0,2377.633344663841,-1,1
46,79110.8,1.1,13703.36,48,6.84,758,2,0,6265.438924519211,-1,0
50,38950.0,8.4,9639.7,24,9.219999999999999,639,1,0,2804.4724540292837,-1,0
27,41570.06,0.3,11122.22,48,10.76,562,3,0,3178.006664833495,-1,0
44,47080.18,6.9,22944.6,48,8.2,690,4,0,3361.047048999058,-1,0
39,29698.41,3.1,3072.32,48,6.74,763,3,0,2401.6670107923496,-1,0
26,107392.17,2.8,2532.25,48,7.699999999999999,715,4,1,8887.883850164168,-1,0
43,32045.28,3.5,19682.42,60,9.64,618,1,0,2255.7246437377134,-1,1
23,21004.13,4.4,25094.8,24,9.06,647,1,1,603.2037354079341,-1,0
18,85004.62,2.6,20651.46,12,8.08,696,7,0,5286.516297365396,-1,0
19,30320.91,0.5,20367.5,48,9.0,650,7,1,2019.8963994488984,-1,1
40,42785.49,0.8,9351.55,48,8.959999999999999,652,4,0,3332.9213588720595,-1,0
18,15000.0,3.8,2654.15,24,10.5,575,7,0,1126.9110290828621,-1,0
41,19391.05,1.6,6501.07,36,10.72,564,0,1,1403.9451333504876,-1,1
50,28823.98,2.2,7708.16,24,7.32,734,1,0,2055.764830417678,-1,0
38,41902.95,0.3,11419.56,36,15.32,334,3,0,3094.257853886732,-1,0
42,28627.56,13.2,24565.37,48,7.98,701,2,1,1786.1481239716227,-1,1
42,38742.59,3.8,13286.85,24,9.219999999999999,639,0,0,2620.200794914328,-1,0
34,43067.93,4.2,2379.9,48,8.12,694,2,0,3530.759703884394,-1,0
47,66548.73,0.2,7726.65,60,10.04,598,7,0,5381.406907560628,-1,0
44,32563.05,9.2,6399.37,36,7.1,745,4,0,2515.700811910662,-1,0
41,91321.9,8.0,15849.32,36,9.92,604,2,0,7099.340444485113,-1,0
60,20022.35,2.3,100000.0,12,7.879999999999999,706,4,0,-7024.766336662463,-1,1
24,68510.96,4.3,48621.35,60,9.32,634,0,1,4692.379478809324,-1,0
25,400407.21,8.2,22449.66,48,8.52,674,4,0,32813.709466545355,-1,0
35,16637.45,5.1,18282.94,12,10.64,568,5,0,-226.35388857553016,-1,1
32,71148.04,4.8,72548.02,48,10.799999999999999,560,3,0,4061.000344419931,-1,0
31,87786.78,12.3,6579.78,12,8.82,659,5,1,6740.7025996357725,-1,0
48,51952.69,5.8,28634.89,48,11.52,524,5,1,3582.055246105433,-1,1
20,28020.75,6.3,6179.84,24,10.26,587,2,0,2049.1520711985477,-1,0
46,23494.24,3.1,4129.35,48,8.459999999999999,677,3,0,1856.1498260140236,-1,0
40,22573.79,6.5,33805.47,24,7.16,742,3,0,365.13783275507694,-1,1
21,24606.43,16.0,8331.04,60,9.26,637,3,0,1876.543989432946,-1,0
28,42341.21,17.1,15701.57,48,7.92,704,0,0,3145.702312347538,-1,0
24,44900.66,0.4,11816.37,48,10.4,580,6,2,3439.752999997757,-1,1
29,35276.75,0.6,16916.7,48,5.0,850,3,0,2550.149516120109,-1,0
22,63351.14,0.7,12928.89,48,9.68,616,7,1,4953.334927514921,-1,0
39,67561.25,12.2,4226.15,60,9.6,620,3,1,5541.140480541964,-1,0
45,121845.68,1.1,22574.44,36,5.0,850,4,0,9477.23044823122,-1,0
42,57762.53,0.1,17827.66,36,12.98,451,1,0,4213.031570157762,-1,1
56,67970.03,11.0,7837.83,24,5.960000000000001,802,4,0,5316.93300840446,-1,0
34,41827.99,1.2,8041.55,36,10.12,594,7,0,3225.7343428152276,-1,0
33,92486.42,1.0,20223.69,48,9.6,620,5,0,7198.15282567409,-1,0
47,49509.87,0.5,15291.36,48,7.42,729,3,0,3756.6648311501895,-1,1
18,87441.58,12.4,36279.83,48,10.58,571,4,0,6356.509764212757,-1,1
39,40301.04,0.9,12594.07,36,10.58,571,3,0,2948.606708352337,-1,0
33,54095.76,2.4,14799.18,36,9.18,641,2,0,4036.129261635571,-1,0
36,50567.66,2.1,16909.36,48,5.800000000000001,810,2,0,3818.403517470753,-1,0
45,198443.54,8.2,27757.97,36,11.82,509,2,1,15617.384425595743,-1,1
18,25169.97,22.4,10010.06,24,9.52,624,3,0,1637.7985353987012,-1,0
36,73580.38,2.8,4727.98,36,6.5600000000000005,772,2,0,5986.661306507835,-1,0
27,18744.83,1.4,5385.18,36,8.2,690,3,0,1392.8198988054344,-1,0
50,38253.55,2.2,3178.76,36,8.14,693,3,0,3087.979621140844,-1,0
23,85159.7,4.2,7529.76,24,5.600000000000001,820,2,1,6764.273602784784,-1,0
39,32022.28,2.5,8065.14,48,8.34,683,6,0,2470.3399905083893,-1,0
59,49431.65,3.7,3810.46,60,5.98,801,5,0,4045.672730852148,-1,0
37,43207.0,0.0,4099.31,24,9.98,601,1,0,3411.4588137510973,-1,0
27,84786.01,4.6,11245.92,48,6.42,779,5,0,6799.219117163149,-1,0
43,34080.38,1.3,6537.27,48,9.44,628,5,0,2675.9821846032637,-1,0
18,57425.83,2.3,14272.82,24,10.22,589,1,0,4125.417390848921,-1,1
42,116840.9,9.9,9589.23,12,9.98,601,3,0,8893.78519808424,-1,0
42,44540.82,1.3,33299.66,48,9.959999999999999,602,3,0,2867.809129652901,-1,0
36,15231.04,22.5,5990.65,12,10.98,551,3,0,739.8456359828727,-1,0
26,67660.51,4.3,8888.38,36,8.82,659,3,1,5356.471754752242,-1,0
37,32045.86,1.1,11043.48,36,8.0,700,3,0,2324.425808087328,-1,1
37,36255.98,2.2,30927.73,36,8.66,667,2,1,2042.7248267239706,-1,0
49,26703.44,2.2,7635.68,12,7.68,716,2,1,1562.2000772406504,-1,0
18,42535.29,0.8,17911.58,36,7.459999999999999,727,2,0,2987.774975471969,-1,1
41,56168.29,1.9,20092.93,24,10.52,574,4,1,3748.674238839842,-1,0
18,21293.65,9.6,4664.4,12,8.459999999999999,677,2,1,1367.729268537276,-1,1
24,39519.64,5.9,6330.53,48,6.699999999999999,765,4,0,3142.590470968354,-1,0
27,63184.07,1.8,34778.61,12,13.12,444,2,0,2157.0501012115406,-1,1
30,105631.54,1.1,17571.24,48,10.78,561,3,0,8350.365454238345,-1,0
33,40199.27,3.4,10185.24,48,8.14,693,4,2,3100.6178138914665,-1,0
45,30254.2,1.3,5127.52,48,11.16,542,5,0,2388.2611340536464,-1,0
44,43143.3,3.4,7506.07,48,10.32,584,1,0,3403.7460811401525,-1,0
30,50858.48,4.6,43253.23,36,12.68,466,4,0,2787.492175309815,-1,1
30,65906.14,2.7,24162.07,36,9.24,638,1,0,4721.129242385459,-1,0
22,22333.68,12.5,7641.86,60,8.92,654,2,0,1702.8040978342378,-1,0
34,69800.47,2.8,10094.11,12,7.379999999999999,731,1,1,4941.526058277308,-1,0
41,15000.0,0.6,9804.55,36,10.42,579,5,1,931.6978913646178,-1,0
31,48141.64,0.6,10814.87,36,9.64,618,1,0,3664.6629484925998,-1,0
43,25216.09,1.9,16630.46,36,7.02,749,3,1,1587.6884211784302,-1,0
59,49942.27,1.3,39411.97,24,9.68,616,4,1,2349.0088514452855,-1,0
31,56036.56,11.1,11666.32,48,10.2,590,3,1,4372.703523577371,-1,0
37,27031.45,5.8,18236.01,24,7.02,749,2,0,1435.9822803018428,-1,1
51,15000.0,2.1,12655.8,36,8.62,669,2,0,849.78347232065,-1,0
41,35822.4,8.2,33009.14,36,7.76,712,2,0,1954.4642922380494,-1,1
38,38408.3,2.5,7216.52,36,5.460000000000001,827,3,0,2982.9125113473174,-1,0
25,15000.0,0.8,8882.23,24,9.76,612,1,0,841.1133530222712,-1,0
42,58007.72,10.0,13862.56,12,11.64,518,2,0,3604.6383941563017,-1,0
21,95575.13,4.5,8850.28,36,6.0600000000000005,797,0,0,7695.110831968806,-1,1
37,16605.25,6.1,44604.39,48,9.0,650,2,0,273.78869811985373,-1,1
39,53823.45,7.6,25557.3,48,7.459999999999999,727,3,0,3867.8170197171457,-1,0
33,59330.51,12.3,41362.68,48,11.08,546,4,0,3873.5614169260552,-1,0
29,18174.76,1.8,5964.51,36,7.4399999999999995,728,1,0,1329.1942988740316,-1,0
44,58229.86,4.2,5009.44,48,9.36,632,5,0,4726.970132460995,-1,0
25,120922.82,0.1,12454.25,36,8.879999999999999,656,1,2,9681.555043711243,-1,0
37,63561.62,11.5,11233.36,48,8.74,663,5,0,5018.643803804591,-1,0
28,15000.0,3.7,2651.61,48,6.959999999999999,752,2,0,1186.553095159952,-1,0
35,55469.75,10.2,28322.98,60,10.14,593,1,0,4018.7466395387582,-1,0
48,15919.09,1.0,18014.77,48,7.5,725,2,0,891.0134760725564,-1,1
42,36552.43,13.8,6558.78,24,10.72,564,1,1,2741.1971960047285,-1,1
60,61872.72,2.2,5935.94,36,9.799999999999999,610,3,0,4965.0808068899,-1,0
51,15000.0,4.6,21607.83,36,10.16,592,2,0,551.1518171321383,-1,1
29,24906.69,1.2,7956.23,36,8.9,655,4,0,1822.921643531377,-1,0
42,51861.48,4.4,25457.32,36,5.780000000000001,811,1,1,3549.864109991192,-1,0
38,70793.08,8.2,14566.89,36,11.12,544,4,1,5421.693814654305,-1,1
51,18214.75,11.6,10697.27,36,10.14,593,6,0,1172.02146961407,-1,0
30,15000.0,9.7,26151.15,24,9.36,632,3,0,50.967315572808275,-1,1
46,42648.62,1.0,10050.04,48,9.58,621,3,0,3301.179018926194,-1,0
44,39532.19,0.4,26270.35,24,6.08,796,3,1,2129.0840080222033,-1,0
24,240531.55,7.3,4858.12,12,8.94,653,3,0,19619.581224273283,-1,0
28,43612.72,1.2,15127.18,36,11.04,548,2,1,3138.862270177462,-1,1
31,19211.37,6.3,36315.6,36,10.34,583,1,0,423.3396966014425,-1,1
26,77911.63,0.7,8688.71,24,11.799999999999999,510,5,0,6084.439126060588,-1,1
53,77269.64,5.9,13274.09,48,7.58,721,5,0,6117.687936064756,-1,0
20,88480.63,0.2,10430.83,48,10.06,597,1,0,7108.532375164668,-1,1
37,133698.22,5.7,11053.26,12,6.82,759,4,1,10186.03266655176,-1,0
35,73291.21,2.4,31706.26,24,9.56,622,4,0,4650.948381673104,-1,0
18,68988.46,1.8,3801.95,24,11.379999999999999,531,3,0,5571.166160324458,-1,1
43,62483.73,0.1,4241.14,36,6.4,780,1,0,5077.183740341689,-1,0
46,41874.71,1.6,8921.95,24,6.6,770,1,1,3091.716371672068,-1,0
50,26373.21,3.9,8237.18,36,11.52,524,3,0,1926.059841705363,-1,1
26,20380.85,2.9,9471.9,48,13.5,425,2,0,1441.9399432829346,-1,1
21,87479.16,2.2,6106.38,36,9.34,633,1,0,7094.781030584161,-1,0
50,116503.5,2.8,18188.62,48,7.32,734,4,0,9270.370416489428,-1,0
35,41680.82,1.8,8911.4,24,8.18,691,2,0,3069.6312063318596,-1,0
30,37701.68,4.7,18582.25,36,9.18,641,4,0,2549.3381391555195,-1,0
32,60129.16,5.2,55869.14,36,7.279999999999999,736,1,0,3278.525098753108,-1,0
21,15000.0,9.6,27785.09,36,8.78,661,4,0,369.28375518135476,-1,0
34,15000.0,3.7,58480.72,48,9.32,634,0,0,-214.19738758308154,-1,1
36,24696.08,1.3,9216.72,24,7.4,730,1,0,1643.6769905955268,-1,0
37,50954.52,7.3,13291.21,48,9.7,615,3,0,3911.022254730336,-1,1
39,119645.64,5.5,69503.6,12,9.6,620,1,1,3872.921977386034,-1,0
41,40891.53,6.8,11118.18,12,9.56,622,3,0,2432.4366018124733,-1,0
26,55004.69,3.1,36170.79,48,9.379999999999999,631,5,0,3677.0718254997655,-1,0
18,41063.69,1.9,3477.35,36,11.02,549,4,0,3308.097250955857,-1,0
38,115630.99,6.8,5740.58,36,11.7,515,2,0,9446.067928501336,-1,1
38,71086.11,0.4,6088.56,48,13.459999999999999,427,2,0,5759.108180498738,-1,1
40,50581.22,1.6,21651.02,12,8.74,663,3,0,2324.2974524247657,-1,0
46,15000.0,12.7,24067.9,36,9.879999999999999,606,2,0,474.7518279765261,-1,0
31,72455.88,16.2,42244.21,60,7.74,713,3,0,5186.676604158116,-1,0
34,19619.43,1.1,18975.18,60,8.1,695,4,0,1249.2955047363698,-1,0
23,15000.0,3.8,10978.24,48,9.26,637,4,0,975.4486820362538,-1,0
28,15000.0,8.4,20188.53,48,6.9399999999999995,753,2,0,767.1223106011339,-1,0
18,15000.0,2.8,2484.36,24,7.98,701,1,0,1137.6617862968162,-1,1
33,46930.79,1.7,5745.01,48,7.379999999999999,731,2,0,3772.312636391506,-1,0
31,19581.24,0.3,8306.86,24,8.56,672,2,0,1253.9480327430147,-1,1
36,48156.87,2.6,18984.14,24,10.379999999999999,581,1,0,3133.7174189286834,-1,0
34,35561.96,4.5,27260.42,48,8.5,675,3,0,2291.573564817394,-1,0
47,21604.19,6.1,18012.3,24,8.26,687,4,0,983.5640334200957,-1,1
38,18846.24,1.5,5756.14,36,9.2,640,2,0,1386.9400201361839,-1,0
53,34065.25,3.5,7035.35,48,12.18,491,2,0,2652.880701948063,-1,0
51,39743.23,4.2,25949.65,48,8.6,670,2,0,2671.0951461084715,-1,1
49,23652.27,0.7,8755.2,24,5.0,850,4,0,1586.9197086002825,-1,0
39,15000.0,4.2,6363.98,48,10.62,569,9,1,1086.6915459619067,-1,0
49,26936.82,0.2,9142.94,36,7.539999999999999,723,3,0,1960.1647209429407,-1,0
46,45297.34,5.0,34275.1,24,7.299999999999999,735,2,0,2235.5279797414228,-1,0
57,36555.92,6.7,4987.17,36,6.0,800,2,0,2894.607292866391,-1,0
21,37753.59,0.5,11513.01,36,6.0600000000000005,797,5,0,2795.5713508375084,-1,1
33,27430.05,3.9,17111.81,48,11.04,548,6,0,1843.2413536902882,-1,0
32,29876.98,17.2,15484.4,12,7.359999999999999,732,5,1,1147.3624240041058,-1,0
40,24334.49,1.6,11382.01,48,7.539999999999999,723,4,1,1752.4571438016587,-1,0
33,28340.67,8.3,2653.42,24,10.64,568,4,0,2238.4953507107807,-1,1
41,34770.96,10.4,6021.51,24,9.66,617,2,0,2620.661850202217,-1,0
34,55668.21,11.7,20728.92,36,9.959999999999999,602,1,0,3970.5427748188113,-1,0
40,130704.43,4.3,8297.87,36,7.539999999999999,723,2,0,10633.768013411163,-1,0
35,115984.15,0.7,18901.05,60,11.04,548,4,0,9254.014062400576,-1,0
31,17259.36,2.1,16889.49,24,6.859999999999999,757,1,0,683.1654575876586,-1,0
47,59622.38,1.6,5104.52,24,6.4,780,3,1,4741.375073717478,-1,0
37,15000.0,8.9,3787.79,48,7.9399999999999995,703,2,0,1157.635619609167,-1,0
41,15000.0,3.0,7416.97,48,12.04,498,2,0,1054.5370342365698,-1,1
35,33656.73,9.8,73607.4,48,7.0,750,3,1,1042.106690633707,-1,0
39,15000.0,2.1,11293.98,48,8.94,653,3,0,969.2704850134971,-1,0
22,50871.36,1.9,16846.24,36,5.66,817,1,2,3729.375967609615,-1,0
37,23782.93,6.2,13655.18,48,8.58,671,4,0,1644.817825245102,-1,1
43,65696.28,1.3,74971.86,12,9.719999999999999,614,4,1,-1106.768338379461,-1,0
41,16863.6,0.3,23027.41,36,10.2,590,3,0,660.1061269440904,-1,1
31,15000.0,8.2,75826.56,48,10.62,569,2,2,-695.8135142830001,-1,0
44,24039.76,1.0,32709.41,36,8.44,678,1,0,971.6669570347426,-1,1
57,25271.26,9.0,14770.84,36,6.5600000000000005,772,5,0,1652.8233207243236,-1,0
27,52564.12,8.6,1551.6,24,12.34,483,6,0,4307.057530830562,-1,0
38,50501.4,0.6,8206.59,36,14.68,366,3,0,3925.2501944711516,-1,1
18,49175.2,3.0,64136.58,24,10.36,582,1,0,1127.687459492607,-1,1
22,23720.48,2.7,7835.47,12,11.5,525,1,1,1282.3660705544216,-1,1
30,23779.71,1.4,22116.24,36,10.1,595,1,1,1266.9748484658598,-1,1
26,39336.9,3.4,3476.73,24,5.0,850,1,1,3125.546023169872,-1,0
44,32335.19,10.6,21544.53,48,11.76,512,3,0,2129.784501070075,-1,0
33,15000.0,25.8,7673.29,48,12.5,475,2,0,1046.043960303762,-1,1
45,20561.81,1.9,21712.89,48,6.32,784,1,0,1200.3646586584437,-1,0
30,40531.27,4.8,5128.48,48,8.84,658,4,0,3250.3726637321656,-1,0
36,51724.3,5.1,6500.12,36,5.800000000000001,810,3,1,4113.200596471976,-1,0
45,128973.95,2.3,31212.29,36,6.84,758,4,0,9786.365942912647,-1,0
36,28008.27,10.3,12850.96,36,10.18,591,3,0,1918.2712983761605,-1,1
30,54260.94,1.7,5174.27,48,5.419999999999998,829,1,0,4401.598275194535,-1,0
28,50740.0,3.7,16244.41,36,9.58,621,0,0,3707.3692695908044,-1,0
45,40032.88,9.6,8721.15,36,9.34,633,4,0,3057.360997281377,-1,0
27,25333.98,4.6,26612.4,36,9.0,650,5,0,1264.8977945606007,-1,0
48,34225.64,6.2,26702.36,36,8.64,668,3,1,2007.475625669416,-1,0
33,20922.27,2.4,30250.37,12,9.94,603,4,0,-915.1215408303083,-1,0
37,37428.5,25.9,15730.52,60,7.0600000000000005,747,1,0,2807.1130233349704,-1,0
24,51627.12,8.0,27549.8,24,7.1,745,5,0,3067.5350757745828,-1,0
21,48300.28,1.1,46529.1,12,7.5,725,3,0,-11.721192669416268,-1,0
18,49549.38,9.1,22808.49,12,9.4,630,2,0,2130.245593544798,-1,0
22,29704.16,5.1,29732.62,36,10.959999999999999,552,1,1,1502.501946001683,-1,1
21,67027.18,4.2,58586.53,12,10.48,576,3,0,421.82330804846333,-1,0
36,19645.67,1.3,12274.19,36,5.879999999999999,806,5,1,1264.4015365833434,-1,0
41,43972.42,2.9,16701.44,36,10.299999999999999,585,1,2,3123.104411269682,-1,0
48,49751.65,29.3,41810.65,24,8.6,670,5,1,2243.526315905625,-1,0
18,26208.38,3.3,8636.74,24,10.08,596,2,0,1785.1709579696048,-1,1
32,42548.7,0.9,6916.76,12,7.379999999999999,731,6,1,2946.0279032855283,-1,1
45,45953.44,1.3,32411.62,48,10.24,588,2,0,3003.6701624062543,-1,0
50,15000.0,0.7,32052.03,48,9.82,609,4,1,439.84561464702097,-1,1
18,197372.69,2.8,22205.67,12,6.699999999999999,765,5,1,14529.409475055103,-1,0
56,40150.26,18.1,10171.91,48,10.76,562,6,0,3084.1406440713404,-1,0
38,19644.56,0.5,78589.13,24,8.34,683,5,0,-1929.5259195587425,-1,1
25,34358.83,17.4,4946.67,48,7.26,737,3,0,2744.184048558256,-1,0
18,34189.93,0.8,13054.43,48,6.279999999999999,786,2,1,2540.8985131225386,-1,0
29,63510.05,3.3,11859.11,36,8.86,657,5,0,4916.159877409465,-1,0
41,104967.07,4.1,73938.14,48,11.9,505,0,0,6803.809341957402,-1,1
46,49220.42,13.8,27256.27,48,10.24,588,4,0,3407.266489768856,-1,1
46,74554.59,3.5,15111.27,48,7.199999999999999,740,2,0,5849.620506858796,-1,0
25,37107.15,0.1,14265.16,12,8.62,669,2,0,1847.2655539268799,-1,0
45,29109.66,2.0,10778.24,48,8.14,693,1,0,2161.9677828764197,-1,0
24,35364.9,0.1,10304.3,48,8.2,690,5,0,2694.548430603904,-1,0
31,20251.08,4.2,7176.38,48,8.28,686,3,0,1511.4488513101037,-1,0
43,25101.47,0.4,8384.65,24,8.36,682,0,0,1711.1959968071778,-1,0
49,23696.16,9.9,48791.71,12,8.719999999999999,664,3,0,-2285.8943784333733,-1,1
40,61949.25,1.5,26393.86,48,8.52,674,3,0,4511.624381365811,-1,0
18,80704.54,7.5,17054.46,36,7.84,708,6,0,6192.211456562403,-1,1
40,24654.91,14.2,40967.13,12,11.22,539,2,0,-1570.37242339049,-1,0
46,32663.77,1.3,17514.6,24,9.9,605,4,0,1914.579052006187,-1,0
42,28959.47,3.6,46756.08,48,11.48,526,4,0,1193.925961889853,-1,1
29,38437.44,12.9,9883.8,24,9.78,611,3,0,2748.0357330100433,-1,0
33,47445.89,3.7,4662.35,60,7.299999999999999,735,1,2,3860.8427114486,-1,0
47,64002.62,2.6,8647.67,36,10.4,580,2,0,5052.888849051682,-1,0
37,31872.36,6.9,15072.68,60,11.16,542,3,0,2327.1094321609075,-1,1
23,51626.09,2.4,22241.78,36,7.379999999999999,731,3,1,3611.5416437195754,-1,0
42,15000.0,1.3,16155.96,36,9.0,650,0,1,736.2447911353086,-1,1
43,33069.09,1.6,32544.52,24,8.68,666,5,0,1273.743183033339,-1,1
21,34567.48,6.8,14560.0,36,6.9,755,2,0,2431.7182098706185,-1,0
28,37575.28,5.5,14072.77,36,11.4,530,1,0,2667.878585280631,-1,1
27,16400.74,4.0,5415.64,24,6.68,766,3,1,1125.0410450316897,-1,0
32,133021.16,0.2,33127.65,36,11.299999999999999,535,5,0,9995.82743642302,-1,1
41,38863.32,5.4,6683.58,36,11.16,542,2,0,3019.291401644717,-1,0
29,43116.68,8.6,18339.95,24,11.0,550,2,0,2738.2712445343154,-1,0
34,29427.65,4.5,12209.72,24,6.139999999999999,793,2,0,1910.3913661863817,-1,0
22,25316.09,3.8,10580.67,12,10.04,598,2,1,1179.2683255491038,-1,1
18,76849.2,0.4,15455.69,48,7.68,716,3,0,6029.09871130455,-1,0
47,36690.97,3.0,25587.89,36,8.62,669,2,0,2248.410612056041,-1,0
32,43248.37,4.3,12858.98,48,9.54,623,7,0,3280.727237565884,-1,0
31,25659.16,1.1,6087.62,48,7.52,724,4,0,1991.0145404532525,-1,0
32,44840.62,5.1,17984.24,60,9.58,621,2,0,3358.3123339371305,-1,0
58,56396.91,10.8,7270.32,60,7.4,730,2,0,4554.405438498354,-1,0
48,17325.31,2.2,14362.6,36,9.66,617,5,1,982.6244200129524,-1,1
33,117544.95,0.4,6949.85,36,11.28,536,3,0,9566.960685703454,-1,0
33,44207.51,3.5,8358.69,24,7.32,734,1,2,3308.5052946030273,-1,0
34,40938.7,0.4,23319.2,12,9.92,604,4,0,1362.29771866814,-1,0
27,29305.57,2.1,7663.82,48,11.28,536,6,0,2243.011687450854,-1,1
37,15000.0,5.7,2199.28,36,8.28,686,0,0,1180.798124959238,-1,0
43,31568.21,1.1,22680.76,48,11.52,524,3,0,2038.7440861084706,-1,1
41,15000.0,1.5,14016.29,36,10.58,571,8,0,793.9074150303895,-1,0
36,31635.16,1.2,5026.47,24,8.42,679,1,0,2407.9656523187627,-1,0
29,40775.8,0.7,14231.73,48,6.539999999999999,773,5,1,3060.2159077221622,-1,0
48,28702.9,0.8,12491.55,36,9.92,604,1,1,1989.3101651190514,-1,0
27,27663.75,14.8,12518.62,12,8.799999999999999,660,1,0,1211.7014030588016,-1,0
32,55429.55,2.4,13122.33,36,8.799999999999999,660,5,1,4203.062967938475,-1,0
26,27943.14,0.6,35664.93,36,11.66,517,3,0,1149.7922674948798,-1,1
40,15000.0,8.6,2467.22,48,10.04,598,3,1,1187.3775215329983,-1,0
29,26878.18,13.2,27983.54,36,7.459999999999999,727,3,1,1369.9002202449774,-1,1
40,93388.8,2.5,10622.75,36,9.44,628,4,0,7442.419844570609,-1,0
32,26314.33,0.4,17643.36,24,6.26,787,4,0,1408.8277077891337,-1,0
36,23357.85,7.8,16413.0,12,5.539999999999999,823,8,0,537.3470282953219,-1,0
37,97908.03,4.7,4934.2,24,9.48,626,3,0,7932.496618825345,-1,0
51,16565.94,20.6,4511.11,24,6.16,792,3,1,1180.234463482958,-1,0
19,15000.0,0.4,12604.08,48,6.959999999999999,752,1,0,948.4134679095519,-1,0
46,15000.0,2.3,9140.03,48,10.12,594,4,0,1017.6581379193501,-1,0
39,23866.84,1.7,24296.9,24,10.2,590,3,1,865.4805058313548,-1,0
60,40122.13,3.6,6982.45,48,7.699999999999999,715,3,0,3174.03038638054,-1,0
30,15000.0,1.8,30312.94,48,8.68,666,2,0,500.2587451424456,-1,0
25,38243.19,0.5,32118.43,60,9.6,620,4,1,2510.8150111890864,-1,0
24,45133.4,0.0,4393.69,24,5.259999999999998,837,2,0,3567.8473718187674,-1,0
47,47731.13,1.0,3436.34,48,9.02,649,4,0,3892.0480625922996,-1,0
28,29977.59,1.2,49034.15,48,8.58,671,3,1,1287.6710397666275,-1,0
30,67114.38,0.7,4411.34,60,7.48,726,2,1,5504.512714981475,-1,0
34,41588.09,3.9,15394.27,60,10.62,569,5,0,3133.875400119211,-1,0
50,38918.35,13.3,14048.45,36,8.84,658,2,0,2797.5042764943255,-1,0
39,24775.62,0.0,13619.23,24,7.959999999999999,702,4,0,1448.9225452115547,-1,0
36,25850.54,3.0,14827.2,36,6.58,771,4,1,1699.2326763572346,-1,0
25,33893.35,3.5,24843.0,48,11.78,511,2,0,2172.9146356637775,-1,0
40,104224.56,2.7,22324.56,36,7.6,720,2,0,7989.921610317648,-1,0
31,42834.77,20.2,10323.79,48,12.04,498,1,1,3297.4963800477585,-1,0
24,57414.32,7.5,19320.54,48,15.14,343,3,1,4245.4494644320675,-1,1
36,25110.81,1.8,26369.26,24,7.4399999999999995,728,5,0,906.6808373959702,-1,1
32,15325.63,11.2,9013.68,36,8.86,657,3,0,991.0901694351271,-1,0
36,15000.0,0.8,13043.27,36,9.16,642,1,0,834.2555379145263,-1,0
34,15668.8,2.1,46704.58,48,10.56,572,1,1,108.58445153020875,-1,0
26,15120.57,3.3,9087.32,36,8.7,665,4,0,972.3402879934929,-1,0
33,29323.67,21.3,74668.94,48,9.02,649,4,0,584.7902424151005,-1,0
49,71665.29,0.4,43523.3,36,8.9,655,3,1,4590.102936049383,-1,0
50,15000.0,5.8,9552.81,36,11.459999999999999,527,0,0,935.1681750659204,-1,0
50,54855.61,12.0,9333.55,48,8.08,696,3,0,4343.09094430717,-1,0
54,15000.0,0.8,5005.38,24,10.02,599,3,1,1018.9809013272447,-1,0
23,28048.76,4.1,7088.44,48,5.359999999999999,832,3,1,2172.9964202533274,-1,1
31,32649.56,4.8,2883.4,48,11.18,541,3,0,2646.021387920713,-1,1
27,34788.56,1.7,14749.16,36,8.58,671,3,0,2432.9050705210366,-1,0
55,71114.22,6.6,15039.34,48,8.9,655,4,0,5552.644098464091,-1,0
26,28227.9,8.7,3399.4,36,10.78,561,0,1,2241.386833687543,-1,0
41,33574.14,1.9,27185.4,36,9.26,637,2,0,1930.063160285688,-1,0
34,47713.13,1.2,3354.86,12,9.84,608,4,0,3681.3982653315693,-1,0
43,15000.0,10.4,9823.04,12,6.359999999999999,782,4,0,402.93975167942244,-1,0
41,83223.67,6.1,7852.47,36,11.7,515,0,0,6675.615178860069,-1,1
36,64016.96,3.7,57521.34,60,11.66,517,4,0,4065.0771870233266,-1,0
51,36462.86,2.1,19791.97,12,11.42,529,1,0,1285.4447272220411,-1,0
35,60219.23,6.6,4925.5,24,10.22,589,3,1,4790.48186790882,-1,1
42,84618.48,1.9,14635.82,48,6.76,762,3,0,6702.694438998982,-1,0
26,19678.33,0.4,6844.86,36,7.98,701,2,0,1425.4309466076709,-1,0
18,54861.04,0.1,9778.02,24,11.56,522,1,0,4113.4745668057685,-1,1
31,29870.48,10.0,7976.93,36,12.24,488,4,0,2223.3431268565664,-1,0
32,52260.86,2.7,6262.98,48,11.42,529,2,0,4191.921282230924,-1,0
36,64396.83,6.0,21888.65,24,11.02,549,3,2,4346.016583965608,-1,0
53,161061.68,1.0,7907.67,12,9.18,641,2,0,12729.609009371032,-1,0
57,15000.0,3.6,12020.57,24,8.98,651,4,0,700.9536560871234,-1,0
39,34318.13,2.2,9317.3,12,11.92,504,4,0,2032.3620047467693,-1,1
47,17626.35,1.5,11067.39,48,13.16,442,1,1,1171.0725027549038,-1,0
34,49573.63,3.0,3563.9,60,9.06,647,1,0,4057.051307590022,-1,1
25,112347.41,32.1,17340.79,48,7.459999999999999,727,3,0,8943.326533044019,-1,0
37,282440.79,4.0,15692.42,48,11.26,537,4,0,23129.16946953783,-1,0
25,86279.17,0.2,9050.22,24,10.84,558,4,1,6768.791613496463,-1,1
30,44628.07,1.3,29224.81,48,11.94,503,5,0,2950.265162216548,-1,0
23,24303.39,7.1,5216.77,36,8.08,696,14,0,1861.615292425718,-1,0
18,38551.13,5.6,2770.63,36,10.6,570,3,0,3122.4112216128347,-1,1
48,15000.0,7.6,11145.03,48,7.4,730,3,2,981.0452232451522,-1,0
37,75438.29,10.0,33462.24,48,10.44,578,3,1,5430.74701979166,-1,0
18,24485.67,1.9,8677.24,48,10.459999999999999,577,2,0,1818.473415209065,-1,1
20,119243.28,1.4,16107.3,60,7.039999999999999,748,2,0,9617.692089078688,-1,0
35,64500.31,6.7,13898.42,24,9.9,605,1,1,4734.325556670844,-1,0
40,32365.23,0.3,11461.96,24,7.5,725,2,0,2181.3189690107924,-1,0
26,37574.0,11.6,3919.21,48,9.92,604,2,1,3031.9158825219406,-1,0
52,15000.0,2.6,9415.31,60,8.82,659,2,0,1055.375142273837,-1,0
40,18846.07,0.2,7321.32,36,8.94,653,4,1,1337.8942069100658,-1,0
39,39872.8,0.3,36120.07,48,7.859999999999999,707,4,0,2443.308620632598,-1,0
33,26569.55,2.7,19713.43,48,10.02,599,3,0,1713.9562870671384,-1,1
42,35692.12,5.4,23067.11,48,9.24,638,2,1,2397.684990423714,-1,0
28,99811.67,8.4,58967.91,48,6.859999999999999,757,6,0,6909.406150514758,-1,0
46,73597.95,4.5,19412.02,24,8.14,693,2,0,5253.969405376107,-1,0
30,62557.74,5.6,9809.65,48,8.219999999999999,689,0,0,4972.648456851438,-1,0
56,64787.13,1.2,42147.34,36,7.219999999999999,739,3,1,4093.2963159653877,-1,0
35,28348.98,1.0,45078.9,36,8.959999999999999,652,3,0,929.7570958705721,-1,0
39,120404.89,5.4,7639.81,48,11.94,503,3,0,9832.780325237482,-1,0
36,15000.0,0.3,14877.73,60,6.98,751,3,1,955.5434809778556,-1,0
30,23403.39,2.2,7201.82,36,7.799999999999999,710,4,1,1725.2675143462588,-1,0
35,90196.14,7.1,16745.17,48,7.140000000000001,743,2,0,7114.272517499877,-1,0
51,42533.68,1.7,15468.97,48,6.98,751,3,0,3174.1931126476134,-1,0
35,38112.69,7.5,10889.43,12,5.0,850,3,0,2243.8408195882093,-1,0
30,52376.43,0.6,54770.17,24,8.28,686,6,2,1880.5958601984657,-1,0
31,20300.12,12.2,8635.15,48,7.4,730,1,0,1483.290970038248,-1,1
25,141564.24,0.3,14785.41,12,10.1,595,5,0,10496.459804782498,-1,0
37,25643.96,1.5,13696.06,60,10.82,559,2,0,1840.439122734538,-1,1
32,44472.03,2.9,43694.35,24,7.299999999999999,735,3,0,1743.7458271538615,-1,0
29,27969.19,0.9,13469.11,36,8.459999999999999,677,2,1,1905.8288012438861,-1,1
25,15000.0,0.9,44095.85,48,7.42,729,4,0,185.45628433632282,-1,0
38,94534.74,5.0,8487.7,12,9.26,637,1,0,7134.609350753509,-1,0
18,39022.1,22.3,11142.33,12,7.779999999999999,711,4,0,2283.7209183482664,-1,0
18,62020.47,7.9,18395.06,48,6.139999999999999,793,1,0,4735.182270442083,-1,0
38,29301.23,2.4,8837.05,48,10.54,573,5,0,2215.34007088736,-1,1
25,142393.6,1.0,7902.12,36,6.5600000000000005,772,2,0,11623.725372551286,-1,0
31,25801.41,19.2,18361.63,48,6.18,791,3,1,1717.3771422367063,-1,0
27,52777.7,1.9,2481.56,12,8.7,665,1,0,4181.470659465124,-1,0
32,53133.23,9.3,36298.62,60,9.36,632,3,0,3667.9116302966713,-1,0
32,56239.38,7.1,9085.83,36,10.28,586,5,1,4392.2449628104405,-1,0
18,35256.75,1.7,38902.58,36,12.379999999999999,481,0,2,1638.8681431633886,-1,1
18,23255.31,2.7,13453.82,60,8.2,690,1,0,1663.8579640837193,-1,1
48,37621.45,2.6,80619.71,60,6.84,758,5,0,1544.8327742160363,-1,1
39,16388.17,17.9,19837.3,12,12.44,478,1,2,-400.9250763621785,-1,1
18,62881.0,2.0,3687.64,24,7.92,704,5,1,5073.435881379873,-1,1
28,86371.81,0.7,26590.0,48,11.34,533,5,0,6506.019744116162,-1,0
28,23738.98,6.4,11257.92,36,10.86,557,2,0,1610.4244143676353,-1,1
44,53803.91,2.3,30167.04,48,7.34,733,1,0,3756.503688352439,-1,0
37,164398.91,0.8,12490.81,48,8.06,697,5,0,13394.620076918705,-1,0
24,24532.47,6.1,9430.88,36,10.16,592,1,0,1739.3555986802073,-1,1
21,55993.42,8.5,16558.87,24,7.799999999999999,710,2,1,3918.715028599043,-1,1
37,33686.66,3.0,2892.6,48,7.459999999999999,727,3,1,2737.3357588725657,-1,0
46,20392.12,0.7,23400.82,36,8.44,678,3,0,961.2874908275959,-1,0
39,15000.0,2.7,51427.7,24,9.28,636,2,1,-1106.073601644814,-1,1
35,25200.8,7.6,1030.01,36,11.12,544,3,1,2066.2868975097235,-1,1
31,51513.04,4.2,10900.07,36,6.699999999999999,765,3,0,3957.6839049843966,-1,0
18,56817.5,0.2,12077.01,24,6.68,766,1,0,4195.823087202036,-1,0
32,22888.76,4.7,24298.09,36,5.84,808,3,1,1169.9619312702075,-1,0
46,30711.16,1.0,10407.64,48,10.5,575,3,1,2292.792574092228,-1,0
26,20076.32,8.2,16644.65,24,10.76,562,4,0,899.1088498564486,-1,1
32,30660.41,4.3,6038.48,12,8.34,683,2,1,2028.8065260085734,-1,0
32,33937.48,20.5,13951.09,24,9.92,604,3,0,2184.8663199677144,-1,0
18,58602.51,2.5,12837.18,36,6.76,762,4,1,4488.574776620008,-1,0
36,58682.15,5.7,20993.67,36,10.22,589,3,1,4210.602007097043,-1,0
32,15000.0,3.1,27212.68,60,8.02,699,4,0,697.9644626849638,-1,0
42,28256.75,2.2,33779.13,48,8.16,692,2,0,1527.5425764218253,-1,0
34,15000.0,4.1,13853.34,24,9.68,616,6,0,612.7827888819319,-1,1
21,31629.69,0.2,13211.21,36,7.219999999999999,739,4,0,2226.5534935827527,-1,1
42,15000.0,0.9,18251.25,24,8.16,692,4,1,423.21290516801423,-1,0
35,15000.0,8.8,1522.21,48,9.5,625,4,0,1211.7573101281346,-1,0
25,49998.06,15.3,10675.06,36,7.52,724,2,0,3834.3461915093803,-1,1
30,15881.39,0.0,27313.69,48,8.799999999999999,660,4,0,646.337766400916,-1,0
27,20685.55,3.9,9459.39,12,9.28,636,5,0,895.3294560137366,-1,0
51,25482.25,2.5,13841.89,48,5.419999999999998,829,2,1,1802.1116782993834,-1,0
27,16957.18,2.4,7829.91,36,10.94,553,3,1,1156.9795450871466,-1,0
20,94499.55,3.6,17584.33,24,7.9,705,2,0,7080.472631660665,-1,1
47,33117.26,28.2,24945.15,36,10.18,591,3,0,1952.752106479185,-1,1
41,20275.63,0.9,4144.52,36,9.299999999999999,635,6,1,1557.261769436014,-1,0
28,47766.79,7.7,17931.62,36,9.94,603,4,1,3402.467890130513,-1,0
44,15000.0,13.8,11951.76,36,11.76,512,3,0,854.3991613567432,-1,0
38,22515.19,2.0,2726.91,24,9.58,621,5,0,1750.9607289407543,-1,0
51,25204.13,11.0,7762.73,48,10.34,583,3,0,1902.1913367431982,-1,1
37,15586.92,4.8,35666.5,48,8.9,655,4,0,413.04023679027875,-1,0
36,25293.52,5.4,9383.39,48,6.199999999999999,790,4,0,1886.5627019959438,-1,0
32,50483.41,1.3,23975.74,12,12.22,489,3,0,2074.2670551214865,-1,0
41,21680.51,7.1,27963.9,48,9.36,632,3,1,1106.0363534631972,-1,1
29,42106.88,0.7,4117.51,36,7.5600000000000005,722,4,0,3380.713009221279,-1,0
25,24905.22,0.3,3527.27,48,9.26,637,0,0,1987.2226246726266,-1,0
37,58186.01,5.2,5312.47,12,11.299999999999999,535,3,0,4378.565530246567,-1,0
46,18554.2,0.1,13548.71,48,9.6,620,7,0,1205.1498660262032,-1,1
29,104602.84,2.5,3737.96,36,8.12,694,1,0,8599.562215037971,-1,0
38,39033.76,3.1,78384.72,60,9.56,622,0,1,1604.2890134856887,-1,1
27,30746.46,2.0,18032.32,24,8.299999999999999,685,2,0,1744.1825186182646,-1,0
32,58594.16,8.6,37318.43,36,11.879999999999999,506,3,0,3645.478564816629,-1,0
51,41508.21,5.0,20303.29,36,6.26,787,3,0,2838.9573982352263,-1,0
40,18145.25,0.2,10297.12,24,5.0,850,1,0,1060.3552020081943,-1,0
37,41468.6,3.4,12902.55,60,7.0600000000000005,747,7,0,3199.86530784195,-1,0
36,18787.11,0.7,11941.89,48,8.0,700,3,1,1274.0560668192325,-1,0
33,109365.86,8.6,4865.49,36,5.0,850,1,0,8967.998566512888,-1,0
57,54895.64,3.4,11575.57,60,10.2,590,2,0,4327.54933484094,-1,1
44,27670.22,11.7,7569.05,48,10.959999999999999,552,4,0,2110.3726115753093,-1,0
27,16039.7,10.4,39565.5,24,9.92,604,5,0,-487.644848746638,-1,0
30,43994.82,1.2,25552.37,24,9.879999999999999,606,2,0,2488.537506838322,-1,0
31,29166.82,0.4,9116.18,12,8.74,663,5,0,1634.4436444370258,-1,0
22,41224.11,1.8,18093.86,48,11.92,504,2,0,2959.572172692108,-1,0
32,62146.91,6.1,10872.01,60,9.799999999999999,610,1,0,4948.979523480547,-1,1
31,34036.22,1.1,20499.76,24,8.7,665,5,1,1902.644592089073,-1,0
30,55013.6,0.6,16991.7,24,10.14,593,4,1,3799.287517611014,-1,0
28,66228.18,1.9,27137.52,24,10.22,589,1,1,4263.998783212455,-1,0
33,43118.36,5.3,19202.22,36,7.24,738,3,0,2998.1784940441166,-1,0
18,44266.33,1.0,5031.19,24,10.0,600,8,0,3456.6969413932834,-1,0
39,52027.44,2.9,14372.28,48,10.2,590,1,0,3969.719857662106,-1,0
20,72623.43,12.8,4955.9,48,8.42,679,3,0,5929.985069954945,-1,0
44,43441.09,11.4,10410.41,60,6.34,783,4,0,3417.1784948711997,-1,0
34,28204.56,0.2,24601.5,12,9.52,624,1,1,193.00557447302072,-1,0
23,94323.17,2.5,3584.66,60,12.2,490,5,0,7780.162622549041,-1,1
18,23507.34,0.4,4777.91,48,10.299999999999999,585,4,0,1837.0753299572702,-1,1
48,20045.64,24.4,9171.6,48,7.640000000000001,718,3,0,1448.1110665917813,-1,0
41,41285.61,2.2,66827.03,36,10.36,582,1,0,1272.834604625748,-1,1
54,21392.96,0.3,6451.06,24,8.459999999999999,677,3,0,1489.627408310986,-1,0
18,16103.21,1.2,2386.82,60,7.140000000000001,743,2,0,1294.514456161443,-1,1
40,15000.0,1.9,9988.46,36,8.219999999999999,689,5,1,935.9832443250532,-1,0
39,42818.35,13.8,6269.23,48,10.76,562,5,0,3406.89402358289,-1,0
25,126651.08,4.9,16893.56,48,8.94,653,1,2,10134.340843795067,-1,0
31,15000.0,3.4,29486.38,36,5.440000000000001,828,1,0,360.4299195734735,-1,1
32,27377.72,5.5,40241.67,48,8.799999999999999,660,3,0,1283.8782637144388,-1,0
34,28061.87,0.1,28644.1,48,11.86,507,3,0,1586.1476093850222,-1,1
40,85583.44,0.0,3925.29,48,10.26,587,0,2,7031.906996982989,-1,0
28,53036.5,2.1,6716.89,48,5.300000000000001,835,2,0,4264.108635892004,-1,0
47,32485.81,0.5,8228.45,12,8.58,671,0,0,1989.162365211942,-1,0
32,65254.26,8.2,21452.3,36,9.74,613,0,0,4748.265314670411,-1,0
31,43026.48,5.6,5223.42,24,9.24,638,3,0,3346.3338081713814,-1,0
33,39013.68,1.4,32662.41,36,9.78,611,2,0,2200.5863394585813,-1,0
38,40281.2,0.5,20793.24,48,7.98,701,1,0,2849.3380985682297,-1,0
22,15000.0,4.9,8786.27,48,8.44,678,3,0,1033.6821566447256,-1,1
47,17783.42,9.4,5526.96,48,7.379999999999999,731,2,1,1348.625143410902,-1,0
30,18437.92,13.4,6253.6,36,9.18,641,2,1,1337.1062201665363,-1,0
28,102775.88,5.6,9302.91,48,12.02,499,3,0,8319.584002818556,-1,0
34,22711.34,1.2,12794.08,36,9.32,634,4,0,1483.8552172228565,-1,0
38,74251.09,6.7,7939.55,12,12.5,475,7,1,5480.312990699391,-1,1
18,22434.21,5.5,15655.54,48,10.16,592,3,0,1471.2485221928227,-1,0
32,37908.88,8.5,61834.18,24,9.92,604,0,1,308.0222720390475,-1,0
32,15000.0,2.7,21414.21,24,12.52,474,3,0,236.75076812055931,-1,0
35,46959.46,13.0,14338.36,36,8.48,676,4,0,3460.794484351711,-1,0
38,60776.51,2.7,29968.46,36,11.9,505,2,0,4070.7581974709246,-1,0
41,50776.72,5.6,13222.65,36,14.34,383,4,0,3777.287905036867,-1,1
33,68515.1,12.0,18418.39,48,7.039999999999999,748,1,0,5268.1985046266345,-1,0
25,136432.91,12.3,9881.36,36,7.68,716,5,0,11061.219893434221,-1,1
45,35565.71,1.6,10507.12,24,8.36,682,5,0,2486.8735632850066,-1,0
45,21487.64,1.9,1135.79,60,7.859999999999999,707,4,0,1767.6829654350902,-1,0
21,67988.62,3.3,11420.9,12,7.9399999999999995,703,5,1,4672.548993449965,-1,0
35,51231.54,3.5,19946.67,24,6.799999999999999,760,2,0,3378.0385753228893,-1,0
36,47709.86,10.8,26887.02,60,8.94,653,3,0,3418.4739760233742,-1,0
28,53444.86,2.6,9689.76,12,12.66,467,4,0,3589.820280963565,-1,1
37,15000.0,2.3,39760.62,48,7.02,749,1,0,297.5134834835262,-1,1
27,29642.92,8.1,13114.75,12,6.42,779,4,0,1338.9702964427815,-1,0
18,73470.35,6.4,14925.15,60,9.34,633,4,0,5810.238960339223,-1,0
40,21974.82,4.6,18926.44,12,8.02,699,3,0,184.67869233852457,-1,1
31,21188.31,9.4,14065.65,48,9.16,642,2,0,1414.5986115757166,-1,0
35,26781.41,2.0,36873.06,12,9.299999999999999,635,6,0,-997.951380813668,-1,0
35,206674.6,12.3,5046.53,36,10.959999999999999,552,3,0,17057.761992927495,-1,1
21,51063.24,1.5,40468.86,48,11.9,505,6,0,3191.555603384344,-1,1
31,15000.0,3.1,14154.91,48,9.24,638,1,1,896.139158974193,-1,0
43,28051.06,1.8,15185.52,36,7.08,746,5,0,1868.1479170071666,-1,0
31,67889.27,0.5,34654.63,48,5.419999999999998,829,4,2,4852.757483290034,-1,1
24,58734.3,0.6,12115.48,24,8.18,691,4,0,4345.579499093617,-1,0
46,40229.28,9.9,8797.64,36,13.16,442,2,1,3055.334287022903,-1,0
30,16636.05,12.7,9035.04,24,13.08,446,3,0,956.4556474916674,-1,0
49,33203.22,5.5,4594.3,60,11.02,549,1,1,2666.9979552105497,-1,1
27,29845.88,10.5,47895.66,24,9.2,640,3,0,294.6580840534234,-1,0
44,22540.16,3.7,9302.12,36,9.82,609,5,0,1578.9789176463696,-1,0
31,85791.97,10.3,18624.9,36,9.66,617,3,0,6551.326366318255,-1,0
18,83444.12,3.2,17718.82,36,10.12,594,3,1,6380.9413988610795,-1,0
32,60509.69,0.4,14075.35,36,8.24,688,2,1,4599.843817192057,-1,0
35,62856.65,14.5,40168.22,24,10.18,591,2,0,3381.155711355673,-1,1
29,15000.0,1.5,15046.2,24,6.26,787,1,2,581.3791016244559,-1,0
24,45974.05,0.4,6610.95,24,8.219999999999999,689,8,0,3531.511702413827,-1,0
29,42091.9,5.7,16218.95,48,8.78,661,5,1,3105.741235684191,-1,0
47,28387.05,10.6,4866.7,36,5.0,850,0,0,2219.728135060724,-1,0
37,24279.06,5.0,26776.59,48,10.459999999999999,577,2,0,1338.2009420481513,-1,0
19,22855.76,3.1,32022.37,12,8.7,665,3,0,-891.303929281225,-1,1
34,43172.54,12.6,28508.17,36,10.299999999999999,585,2,1,2673.8126552606245,-1,1
39,90531.95,3.1,7136.98,36,5.0,850,2,0,7330.427473448611,-1,0
30,154789.27,1.7,3464.7,36,13.16,442,1,0,12782.09920840304,-1,0
59,130050.09,9.9,59274.55,24,10.1,595,3,0,8099.551137941958,-1,0
35,27663.3,0.8,8890.9,36,8.7,665,3,0,2023.7865027061166,-1,1
43,65346.4,1.5,12718.89,36,10.26,587,5,0,5033.576201264512,-1,0
36,32790.98,2.6,9532.08,36,7.74,713,3,0,2435.0229108306926,-1,0
39,30553.17,5.9,13940.34,24,7.619999999999999,719,4,0,1918.0269417495983,-1,0
40,91303.2,0.1,6608.63,36,5.460000000000001,827,1,0,7409.165666108025,-1,0
46,47655.36,1.9,10730.52,48,8.14,693,4,0,3708.610906058047,-1,0
41,33910.34,8.4,12139.56,48,5.419999999999998,829,2,0,2543.9806719409503,-1,0
36,39029.6,5.6,11505.19,12,9.799999999999999,610,2,0,2242.0475594325444,-1,0
42,79423.83,8.1,11682.84,12,6.66,767,2,0,5609.6046150069205,-1,0
30,15000.0,5.5,2799.25,12,5.48,826,1,1,1009.7470742227265,-1,0
40,34367.72,1.5,9845.11,48,7.9399999999999995,703,0,0,2623.9059433611,-1,0
42,31254.78,16.7,20264.0,48,8.98,651,2,0,2100.4869201814654,-1,0
59,41436.5,1.9,21797.68,48,7.48,726,3,0,2926.201125877793,-1,0
43,77093.43,4.0,2939.85,60,10.0,600,2,0,6361.989375605577,-1,0
38,137390.47,9.4,2181.05,12,9.54,623,4,0,11257.923191498136,-1,0
41,161539.1,1.0,4567.11,12,13.34,433,2,0,13052.940958724424,-1,0
39,22913.26,11.8,33197.77,12,7.279999999999999,736,6,0,-967.3436288643059,-1,0
41,29952.63,4.2,6855.0,36,7.52,724,1,1,2282.7564030972007,-1,0
49,194447.36,0.1,3510.59,36,11.08,546,2,0,16088.881409131494,-1,0
18,15000.0,9.0,5519.38,36,10.9,555,4,0,1069.563845058647,-1,0
26,42288.03,5.2,31522.72,24,8.1,695,5,2,2096.8771275556546,-1,0
51,60414.58,5.0,2739.4,24,5.919999999999998,804,2,0,4913.235178412529,-1,0
26,26077.41,0.1,24343.04,24,9.4,630,7,0,1056.5390566634676,-1,0
20,27631.55,11.7,27046.99,24,9.959999999999999,602,2,0,1055.047086758926,-1,1
36,41397.31,8.6,5164.61,36,9.32,634,4,0,3284.772359354587,-1,0
39,33289.23,4.1,3557.53,12,7.68,716,1,0,2465.1646667643577,-1,0
23,101187.5,1.9,7257.9,36,11.379999999999999,531,3,0,8193.369114571266,-1,1
56,120275.84,2.8,5599.91,36,7.34,733,7,1,9849.205848757292,-1,0
25,141564.24,0.3,14785.41,12,10.1,595,5,0,10496.459804782498,-1,0
34,22500.61,0.9,4900.78,48,8.36,682,4,0,1754.5785867708817,-1,1
27,49706.41,4.0,4803.21,12,7.279999999999999,736,8,1,3725.9744455775494,-1,0
63,21083.76,0.4,34438.66,36,8.219999999999999,689,4,0,674.298957778019,-1,0
31,22189.71,8.7,13326.95,48,9.26,637,5,1,1515.8530394911254,-1,1
53,15000.0,11.0,20613.05,48,6.98,751,3,2,756.5861073487257,-1,0
22,29731.57,4.5,5101.63,36,9.24,638,2,0,2314.829915454509,-1,0
38,27465.35,15.2,15239.71,48,9.879999999999999,606,1,0,1903.1384114789034,-1,0
45,113292.84,4.1,12215.93,36,5.0,850,3,1,9074.947618932203,-1,0
32,15000.0,7.5,23174.2,48,6.08,796,8,0,704.9028438197057,-1,0
24,38401.5,6.2,10442.45,36,12.58,471,10,0,2850.3863608675683,-1,1
41,59573.99,1.7,25556.14,36,11.22,539,1,1,4125.158876560892,-1,0
35,25334.14,0.9,12704.77,48,10.76,562,0,2,1784.2957028566818,-1,1
35,45089.14,0.1,13239.79,48,5.859999999999999,807,3,0,3447.3405915458084,-1,0
34,60856.24,2.8,7236.1,24,10.54,573,3,1,4735.637655524212,-1,1
37,63160.37,1.1,3971.56,12,7.699999999999999,715,4,0,4918.435051196146,-1,0
19,45571.69,4.3,12766.17,24,11.08,546,2,0,3202.1629764234867,-1,1
25,66040.41,8.7,30133.14,24,8.5,675,1,0,4133.645285004711,-1,0
22,28946.76,6.2,5089.63,48,5.34,833,8,0,2294.2339129092425,-1,0
29,48895.65,5.4,16801.06,24,8.719999999999999,664,2,0,3309.242021032792,-1,0
41,32385.19,6.0,12475.92,48,11.959999999999999,502,3,0,2370.4719784410554,-1,1
33,23531.38,4.7,2678.96,48,9.94,603,0,0,1893.0801540606417,-1,0
36,65557.32,2.5,5424.74,24,8.0,700,2,0,5217.7637029459775,-1,0
59,41243.42,22.4,1801.59,36,5.0,850,2,1,3382.956398151872,-1,1
31,25999.06,0.9,8609.37,36,8.459999999999999,677,2,1,1894.9712676207569,-1,0
51,28911.15,1.3,6755.83,60,8.58,671,1,0,2270.395671795492,-1,0
45,183920.96,0.7,23709.9,24,9.719999999999999,614,1,0,14235.7166596961,-1,0
29,122581.74,1.8,18491.65,48,11.32,534,8,0,9734.33992341049,-1,0
40,40031.34,1.8,11766.58,48,11.22,539,5,0,3030.5729354246787,-1,0
21,32237.29,0.5,6366.5,48,11.24,538,4,0,2521.1523051609943,-1,1
58,36689.99,6.6,5153.45,12,8.92,654,3,0,2607.0135157320747,-1,0
22,99505.46,1.1,13395.19,36,7.799999999999999,710,0,0,7873.599892215329,-1,0
38,19187.24,5.0,23330.35,48,6.68,766,2,0,1043.7195860009674,-1,1
42,53505.47,0.3,23465.51,60,10.379999999999999,581,3,0,3955.8176272279716,-1,0
33,21544.7,0.6,25070.43,36,8.12,694,5,0,1008.386912109208,-1,0
40,15000.0,0.4,5356.65,36,10.459999999999999,577,2,1,1075.9968015051536,-1,0
31,40959.73,6.7,10651.06,60,8.1,695,7,0,3196.83563805336,-1,1
28,15138.28,2.7,5704.43,36,12.86,457,6,1,1069.7029823460875,-1,0
30,24387.35,3.9,6563.37,60,11.04,548,4,0,1889.4446360248808,-1,1
38,21750.72,0.7,27173.87,36,9.7,615,4,0,939.558057804562,-1,0
18,15000.0,2.0,69123.76,36,11.08,546,1,0,-1015.6428823073411,-1,1
26,15000.0,8.8,10780.36,36,5.0,850,3,0,926.9029396887477,-1,0
36,32457.44,3.0,7565.34,12,8.92,654,2,0,2043.4671400502239,-1,1
48,15000.0,5.5,1595.61,24,10.6,570,2,1,1175.9280397443263,-1,0
39,24443.34,9.4,30051.23,36,7.84,708,0,0,1097.4652133503575,-1,0
54,32902.01,0.8,12848.48,48,8.36,682,2,0,2425.9894948975343,-1,0
27,38263.04,0.5,29426.63,36,6.08,796,0,0,2292.3045215986403,-1,0
30,15000.0,11.6,21503.21,24,14.620000000000001,369,4,0,211.25950200867533,-1,1
51,28197.12,3.0,4597.4,48,8.14,693,0,0,2237.2216614582762,-1,0
44,31052.4,2.9,6344.46,24,7.08,746,1,1,2303.4120105639877,-1,0
36,32294.68,0.7,28997.42,36,7.98,701,1,0,1782.8171006366151,-1,0
42,15000.0,2.8,2477.9,24,8.04,698,3,0,1137.886084004811,-1,0
27,15000.0,5.6,50450.66,24,10.54,573,2,0,-1090.6361877002128,-1,0
37,15000.0,5.4,63266.47,48,10.14,593,4,0,-358.85813885637003,-1,1
40,35005.56,3.7,17274.63,12,9.459999999999999,627,2,0,1402.7506589940012,-1,0
37,48966.35,5.3,12309.79,24,11.7,515,0,0,3502.787680408059,-1,0
41,53422.05,2.2,14555.87,36,10.0,600,5,3,3982.160517940836,-1,0
46,15000.0,8.7,15633.34,48,8.42,679,1,0,865.2548875440277,-1,0
39,21605.98,1.4,14738.77,36,11.2,540,3,0,1316.5727656780489,-1,0
18,57092.28,1.3,23517.05,24,9.879999999999999,606,5,1,3673.7995103288717,-1,0
50,32949.1,8.2,29505.42,36,12.44,478,3,1,1759.543969134212,-1,0
38,70089.19,5.5,22999.08,12,9.12,644,4,0,3828.1822553967313,-1,1
39,25099.65,0.9,15389.95,48,7.92,704,6,1,1716.5015039576508,-1,0
18,39806.22,0.4,43137.51,36,10.52,574,4,1,1914.703670196554,-1,0
35,25315.48,7.0,9989.77,48,10.72,564,2,1,1852.7887751700648,-1,0
18,20156.18,0.4,11939.12,36,6.58,771,2,1,1313.3246496450345,-1,0
34,44196.57,0.3,87805.92,48,8.98,651,6,0,1498.8272300483682,-1,0
30,29572.44,5.0,41766.5,48,10.299999999999999,585,2,1,1399.036083321018,-1,1
41,76557.5,3.8,11529.54,24,10.74,563,2,0,5843.815415606865,-1,0
38,19840.93,6.4,13673.5,48,8.219999999999999,689,2,1,1318.1868974394063,-1,0
40,32737.45,4.3,10402.8,60,8.24,688,1,0,2515.9926649855706,-1,0
46,15000.0,9.4,13576.54,24,11.4,530,1,0,614.7025713573952,-1,0
24,35918.88,0.2,77709.99,36,9.06,647,1,0,519.9124878433818,-1,0
39,15000.0,13.5,9074.32,48,7.82,709,2,0,1029.2352414537293,-1,1
32,35506.46,7.8,11967.69,36,8.16,692,0,0,2582.963782307594,-1,0
49,74474.34,3.1,14428.59,36,5.079999999999998,846,4,0,5773.238773940299,-1,0
19,26663.1,24.2,5152.71,48,7.26,737,2,0,2097.9144389703797,-1,0
34,62001.31,8.0,28455.45,36,9.379999999999999,631,0,1,4256.859194512826,-1,0
30,295977.53,0.1,17500.3,48,7.76,712,3,0,24239.529481286434,-1,0
25,40779.33,4.4,23742.0,60,8.28,686,4,0,2913.6875404988778,-1,0
30,50537.34,1.3,7250.98,24,7.619999999999999,719,3,0,3884.7580571806357,-1,0
43,67248.49,0.1,24457.36,24,11.74,513,1,0,4455.7153001042525,-1,0
27,25471.29,3.1,35697.05,48,8.52,674,1,0,1242.3986773215224,-1,0
24,55600.32,4.7,18297.31,48,7.0,750,5,0,4195.208138075438,-1,0
47,15000.0,12.9,27668.83,48,11.459999999999999,527,2,0,528.6879720184335,-1,0
30,40049.64,7.1,36451.02,48,7.699999999999999,715,8,2,2452.7182063623522,-1,0
31,31223.26,0.4,9285.53,36,6.84,758,2,0,2315.9069140409756,-1,0
35,60836.76,6.0,20577.1,48,8.74,663,4,0,4560.2046077843825,-1,0
39,24929.71,1.6,9068.0,36,10.799999999999999,560,2,0,1781.4592642307566,-1,0
29,62176.72,0.1,16622.57,36,5.84,808,3,0,4676.906745722574,-1,0
59,70392.93,0.7,83126.5,36,11.959999999999999,502,4,0,3106.676020225786,-1,0
31,20459.44,2.2,15404.4,48,11.459999999999999,527,5,0,1303.368625781939,-1,0
49,70074.93,7.8,42114.72,60,8.219999999999999,689,4,1,4981.201742731818,-1,1
37,15000.0,11.2,14344.6,36,9.32,634,0,0,791.7061824928653,-1,0
25,30574.03,2.9,17472.6,36,8.0,700,3,1,2000.3080541719319,-1,0
27,58325.02,3.3,83902.33,36,10.72,564,4,0,2124.6755814568396,-1,1
26,118399.32,6.8,24492.21,36,9.54,623,3,0,9081.594227788353,-1,0
33,35588.18,3.2,22124.14,12,6.199999999999999,790,3,0,1059.501526452132,-1,1
35,15000.0,5.9,6362.53,36,10.4,580,2,0,1043.5021113247994,-1,1
33,27682.82,1.0,8896.47,48,7.24,738,4,0,2092.8726165813887,-1,0
41,49047.55,5.8,18916.7,48,8.719999999999999,664,7,0,3619.0639738474038,-1,0
31,121974.91,5.7,10516.68,12,9.219999999999999,639,2,0,9243.803373218334,-1,0
31,23593.58,14.4,27630.99,36,6.959999999999999,752,4,0,1113.4721540226924,-1,0
30,89656.1,4.4,9814.12,48,6.879999999999999,756,1,0,7236.876353055504,-1,0
36,24364.06,6.2,11596.1,24,9.879999999999999,606,6,0,1495.8791852992317,-1,0
50,66724.13,7.7,12081.94,48,6.199999999999999,790,2,0,5275.490269090155,-1,1
56,17648.79,5.9,10439.2,24,7.299999999999999,735,6,0,1001.9215471153499,-1,0
34,31979.08,1.2,13614.13,36,9.9,605,2,0,2226.2725503064494,-1,0
49,78454.57,1.9,2626.06,36,11.379999999999999,531,4,1,6451.433657544793,-1,0
43,44391.56,1.7,97059.25,48,6.959999999999999,752,1,0,1376.8929200386042,-1,0
41,79268.11,0.1,6167.17,36,7.5,725,3,1,6413.83849787948,-1,0
30,45122.24,0.6,46538.26,36,6.619999999999999,769,1,0,2331.2921420433718,-1,0
37,70258.36,1.7,6360.25,60,8.84,658,1,0,5723.32834936224,-1,0
29,19189.22,2.6,5169.77,48,8.9,655,1,0,1470.6970593811545,-1,0
35,38723.55,3.4,3683.08,60,12.68,466,8,1,3143.763204666949,-1,0
38,162821.76,3.6,27328.04,48,10.42,579,4,1,12869.845167646534,-1,0
38,24594.69,3.8,16189.65,60,8.959999999999999,652,3,1,1713.8012010857256,-1,1
18,28430.3,15.3,6395.06,60,8.08,696,3,0,2239.277924207327,-1,0
26,45658.85,10.0,14550.66,24,8.66,667,2,0,3142.4285925625218,-1,0
48,65886.44,4.2,9687.24,12,9.18,641,1,0,4642.564402566046,-1,0
42,76733.49,6.6,50063.6,24,9.9,605,1,0,4086.586362797339,-1,1
35,52667.8,9.2,13862.32,48,5.0,850,1,1,4069.743896483088,-1,0
21,47866.28,0.9,40379.1,36,10.04,598,2,0,2685.1782463506856,-1,1
28,15000.0,1.0,3075.82,24,5.32,834,5,0,1114.6182717686038,-1,0
41,25148.88,22.7,43949.65,60,6.640000000000001,768,1,0,1232.9296678116132,-1,0
19,20935.9,1.7,10810.63,36,9.52,624,2,0,1398.2608873848108,-1,1
29,24079.6,1.7,19521.79,60,5.0,850,3,0,1638.233073094016,-1,0
37,42991.31,12.6,32986.49,48,9.12,644,1,0,2759.858104154199,-1,0
18,33614.74,9.3,6312.36,48,5.52,824,2,0,2654.367547024421,-1,0
45,24544.48,4.2,7970.37,48,7.879999999999999,706,2,2,1851.2419542955583,-1,0
23,89673.58,3.3,11092.78,36,11.34,533,2,0,7107.846276860173,-1,0
32,68579.97,0.8,12863.16,36,5.199999999999999,840,3,2,5328.320938907026,-1,0
32,42548.7,0.9,6916.76,12,7.379999999999999,731,6,1,2946.0279032855283,-1,1
47,20407.45,6.8,10521.79,24,8.12,694,6,0,1224.1727064754925,-1,0
28,17478.62,0.0,10434.06,24,9.1,645,0,1,979.3954482576836,-1,1
37,15000.0,11.2,29062.06,48,9.14,643,3,0,524.8559091903063,-1,1
33,15000.0,2.0,6547.68,36,7.76,712,3,0,1045.5436712680557,-1,1
44,32320.6,3.3,99567.87,48,7.5600000000000005,722,4,0,283.15262025185166,-1,1
38,186877.79,4.9,4030.88,12,10.36,582,2,0,15218.0955181029,-1,0
65,29139.49,1.7,6178.86,48,5.52,824,1,0,2284.5360034293544,-1,0
35,127885.48,0.5,32165.78,36,11.18,541,1,0,9601.312987492936,-1,0
18,16108.93,4.8,3125.42,60,10.04,598,1,0,1275.9433647639194,-1,0
51,31892.18,2.6,6938.17,48,10.14,593,5,2,2481.2449020855374,-1,0
41,19231.26,5.1,14488.52,36,8.1,695,3,0,1147.9187613973659,-1,0
18,69039.75,0.0,8283.62,24,7.539999999999999,723,4,1,5380.402289511929,-1,0
29,15000.0,2.6,27841.94,48,7.92,704,0,0,571.3419216013482,-1,0
46,31511.13,1.3,71360.51,12,10.12,594,5,0,-3651.778446428221,-1,0
36,22024.91,5.0,27058.2,36,10.94,553,1,0,950.3270397810481,-1,1
26,79011.6,0.5,11124.36,36,8.78,661,4,0,6231.686257693938,-1,0
22,21869.04,6.7,4185.6,48,8.84,658,2,1,1718.5788707214135,-1,0
44,37223.92,0.2,17110.69,12,8.32,684,4,0,1611.0284477554092,-1,0
38,33423.88,0.9,2179.55,60,7.879999999999999,706,0,0,2741.2549837531906,-1,0
22,15000.0,12.3,31498.0,36,7.58,721,3,1,269.0586422535383,-1,0
40,18123.99,7.6,13268.42,24,6.68,766,2,0,918.1940916406382,-1,0
18,32987.9,1.1,16937.48,24,9.16,642,4,0,1973.9632692958307,-1,1
40,39671.13,1.4,31941.04,24,10.94,553,3,0,1818.1142828048262,-1,0
30,49495.42,12.7,11122.01,24,8.7,665,0,1,3618.041699239922,-1,0
34,15000.0,1.6,6593.86,48,9.44,628,3,0,1084.5304205274392,-1,0
23,20190.42,0.2,10050.78,48,8.28,686,3,0,1435.842944335523,-1,0
29,30626.33,2.8,5747.23,24,9.18,641,3,0,2289.158542643053,-1,0
23,22811.33,0.2,6647.88,36,7.48,726,1,0,1694.2148189329828,-1,0
46,53416.72,0.8,12047.85,12,6.08,796,4,0,3414.0348387897793,-1,0
29,24568.95,18.9,14621.46,60,8.98,651,2,1,1744.036944838047,-1,0
25,32918.12,0.6,23199.35,48,10.879999999999999,556,1,0,2144.928400506481,-1,0
32,41817.52,4.3,95826.94,48,8.48,676,1,0,1123.7265802184088,-1,1
50,61704.55,3.0,21364.36,36,8.0,700,4,0,4472.564440523753,-1,0
27,73072.22,2.5,13299.39,24,9.7,615,2,0,5477.492157500647,-1,0
23,59712.53,4.3,7341.37,24,11.66,517,2,0,4631.624882687585,-1,1
28,92959.88,9.4,9544.16,36,11.14,543,0,0,7433.559965185528,-1,1
31,18283.02,11.0,3596.9,24,10.42,579,6,0,1356.908188341151,-1,0
30,69659.43,4.1,9828.75,36,7.199999999999999,740,2,1,5500.569654762118,-1,0
38,51842.98,6.1,8922.4,60,9.74,613,3,0,4131.8131312630785,-1,0
32,21807.95,3.9,3120.64,12,5.859999999999999,807,5,0,1548.947590255905,-1,0
43,21898.69,9.0,15281.02,36,7.02,749,3,2,1352.9175515848237,-1,0
18,15136.26,6.0,13355.25,48,7.24,738,4,0,940.0577358995865,-1,0
35,42498.31,0.2,8931.33,48,8.5,675,2,0,3321.383702095463,-1,1
47,37318.37,1.9,7146.72,48,10.24,588,4,1,2927.780052903517,-1,0
35,79658.12,0.2,10432.84,12,10.76,562,2,0,5717.272494246343,-1,1
35,37980.73,3.8,13427.72,36,9.879999999999999,606,3,0,2732.5421929682398,-1,0
41,91323.99,3.9,5019.96,48,7.4399999999999995,728,2,0,7489.095892600593,-1,0
38,15000.0,4.6,2346.14,36,9.299999999999999,635,1,2,1175.06536673196,-1,0
45,25756.32,1.6,48615.8,48,8.36,682,2,1,951.2737801674753,-1,0
42,15000.0,0.8,27009.99,36,5.280000000000001,836,2,0,437.0864715256689,-1,0
33,16528.39,4.2,8252.38,24,8.48,676,2,1,1002.3238277365524,-1,0
31,44682.64,9.3,5638.76,48,6.879999999999999,756,1,0,3588.8399171759925,-1,0
29,15000.0,1.6,9037.84,48,7.140000000000001,743,3,0,1032.99015386294,-1,0
28,20053.03,1.3,24686.48,60,7.34,733,2,1,1178.2942234803725,-1,0
31,62875.96,0.0,8295.5,24,7.640000000000001,718,0,0,4865.840900147526,-1,0
23,147570.74,6.7,8985.44,12,7.18,741,3,0,11519.334970478121,-1,0
53,35003.81,5.3,14041.91,24,6.779999999999999,761,2,0,2289.6911795060496,-1,0
34,28480.84,1.9,3413.88,24,7.32,734,1,0,2220.059392505211,-1,0
57,15000.0,4.8,48148.52,48,5.440000000000001,828,1,0,131.55124297320367,-1,1
22,20081.56,0.7,12505.57,48,9.879999999999999,606,3,1,1357.0099717632356,-1,0
22,27875.16,22.7,9993.15,60,5.98,801,2,1,2129.827334492461,-1,0
34,111745.93,0.4,4683.8,60,12.54,473,0,0,9206.689673275176,-1,1
33,28249.23,10.7,3590.08,36,11.52,524,3,0,2235.6818475570026,-1,0
34,36022.07,2.0,18781.65,48,9.0,650,4,0,2534.4570105642683,-1,0
22,16578.48,4.3,26064.12,60,8.959999999999999,652,3,0,840.9975876774656,-1,1
29,49857.98,14.1,8746.23,12,9.219999999999999,639,5,0,3389.068354116354,-1,0
41,67655.72,0.8,15984.13,48,7.779999999999999,711,5,0,5249.405893600795,-1,0
22,129885.19,10.4,18897.55,48,8.2,690,3,0,10360.645245666903,-1,0
52,19369.22,2.5,5709.18,48,13.379999999999999,431,2,0,1459.8597002673378,-1,0
35,66576.76,0.2,34230.19,48,7.359999999999999,732,2,0,4722.649525740189,-1,0
45,52438.98,1.0,2058.77,24,6.359999999999999,782,0,1,4278.334728574768,-1,0
23,31517.23,16.2,22350.96,36,10.08,596,3,0,1904.3934397643154,-1,0
38,28085.24,1.0,38096.54,36,10.94,553,2,0,1094.2870096243273,-1,0
38,40536.94,21.3,26415.53,48,8.28,686,4,0,2729.7205544179997,-1,0
23,24056.53,5.4,12210.23,48,9.9,605,2,1,1695.6139156367817,-1,1
18,73592.18,11.0,11140.56,36,11.54,523,2,0,5765.098517286561,-1,0
46,46244.11,8.8,6718.78,12,11.379999999999999,531,4,0,3258.667341468232,-1,0
40,52161.13,4.5,4176.03,12,9.78,611,5,0,3980.0486049024435,-1,0
24,24520.49,4.7,11640.36,48,9.08,646,4,1,1753.2609335932798,-1,0
36,59161.59,1.7,12131.54,36,9.02,649,1,0,4544.23983784932,-1,0
35,98280.5,1.5,29209.5,36,11.22,539,9,0,7230.7140763559,-1,0
45,16762.24,2.1,22912.53,36,11.5,525,6,1,641.2895966610321,-1,1
22,40067.74,5.4,47323.26,12,8.34,683,4,1,-785.0408665397349,-1,1
44,33846.3,5.7,42224.3,24,7.879999999999999,706,6,1,913.1443761945279,-1,0
31,45955.37,2.2,33683.36,48,8.9,655,2,0,2993.0008138760145,-1,0
37,72344.8,1.7,11619.18,12,8.28,686,1,1,5016.494249638198,-1,0
34,69573.38,1.2,7092.76,24,7.959999999999999,702,7,1,5477.124722711297,-1,0
21,88068.13,7.0,12592.72,12,10.98,551,3,0,6226.162828763029,-1,0
56,16249.41,3.0,46762.72,48,11.48,526,3,0,134.58112904501832,-1,1
30,52538.3,8.9,15064.82,24,8.24,688,4,1,3695.2004818511778,-1,1
28,39286.51,5.8,100000.0,48,5.259999999999998,837,5,0,959.1501672881591,-1,1
32,42709.17,20.3,36341.48,48,8.48,676,3,0,2663.6847884285885,-1,0
31,15000.0,1.1,5110.51,12,7.459999999999999,727,3,0,806.7197252866283,-1,0
24,40002.74,3.7,31041.69,36,8.66,667,2,0,2351.348935328777,-1,0
52,67878.83,0.0,13440.46,24,8.18,691,5,0,5047.58957633164,-1,1
30,16838.98,0.1,16047.32,12,9.9,605,5,1,-6.819804590084686,-1,0
28,63343.71,7.1,5972.2,48,11.14,543,1,0,5123.8815161151415,-1,0
29,40670.33,10.2,9678.36,48,11.98,501,5,1,3134.4208565964714,-1,0
25,17621.58,1.1,7283.67,48,10.86,557,3,1,1280.7095624796677,-1,1
27,176613.93,7.0,13777.94,36,8.379999999999999,681,1,1,14283.657567575756,-1,0
19,53543.12,20.9,15086.08,36,10.299999999999999,585,1,0,3973.013684949761,-1,0
46,85520.02,4.6,75867.97,48,10.74,563,3,0,5175.386595712411,-1,0
43,15000.0,1.2,10089.04,24,6.98,751,3,0,798.3791285843572,-1,0
30,60368.65,5.3,1975.98,48,5.0,850,2,0,4985.215409823608,-1,0
33,40159.58,1.7,11598.81,36,7.199999999999999,740,2,1,2987.4325020553383,-1,0
38,74478.16,2.7,18119.19,48,8.34,683,2,0,5761.273493295802,-1,0
36,84531.47,16.0,21592.51,48,10.94,553,1,0,6486.848410848767,-1,1
54,19067.66,7.9,16028.31,36,7.08,746,2,0,1093.4775038454484,-1,0
31,15000.0,0.8,6123.49,36,11.68,516,3,1,1047.5471397727201,-1,0
48,43032.68,1.5,6619.69,12,10.08,596,2,0,3003.834417537436,-1,0
47,30239.46,11.6,100000.0,48,10.799999999999999,560,5,0,-54.895407927607266,-1,1
32,19536.57,0.4,8128.48,24,12.299999999999999,485,2,0,1244.2719457010824,-1,0
32,27614.27,6.7,12193.75,36,7.4399999999999995,728,0,1,1922.2236415961897,-1,0
48,15625.04,5.7,9574.92,36,8.54,673,1,1,999.6525215532087,-1,0
49,15000.0,2.2,7310.6,48,10.6,570,6,1,1062.4706768737008,-1,1
41,31966.08,4.0,20097.79,60,7.52,724,3,0,2260.930481583098,-1,0
42,84795.63,5.2,34102.33,36,6.66,767,3,1,6018.614772353064,-1,1
40,46312.76,4.2,8757.43,48,7.9,705,3,1,3646.0130455822273,-1,0
52,35281.13,3.1,4865.8,24,9.78,611,5,1,2716.055939838955,-1,0
28,56651.39,2.6,5305.3,36,9.24,638,3,0,4551.648823517021,-1,0
27,22764.18,5.2,2097.44,24,12.6,470,2,1,1797.6924972293791,-1,0
21,66636.64,11.3,3202.22,36,6.4,780,3,0,5455.054169652569,-1,0
47,20555.5,0.2,41229.7,48,8.2,690,4,0,702.5457193537096,-1,0
31,84611.57,4.2,78146.72,48,11.24,538,3,0,5022.101160258764,-1,1
47,69577.46,0.5,17477.33,60,10.18,591,6,1,5425.2302408681235,-1,1
28,37920.68,6.7,6998.08,36,7.16,742,4,0,2943.463963457972,-1,1
38,38385.77,4.1,7330.3,36,9.48,626,1,0,2964.0715609103463,-1,0
37,40899.73,2.4,34623.16,48,10.379999999999999,581,4,0,2523.8460865733878,-1,0
43,25190.83,15.8,12736.92,24,7.1,745,3,0,1528.393483048932,-1,0
35,35152.55,3.0,28386.84,48,8.66,667,4,0,2227.5454262603366,-1,0
34,30213.02,1.7,31937.82,36,7.799999999999999,710,9,0,1519.8805578203242,-1,0
29,28257.77,8.5,8816.43,60,8.34,683,3,0,2174.610712834615,-1,0
32,56082.6,1.2,11144.02,24,9.52,624,3,0,4161.775399698287,-1,0
26,19467.72,0.1,11660.16,48,8.86,657,4,1,1332.9209347616063,-1,0
36,96530.9,1.7,11557.55,60,6.199999999999999,790,2,0,7819.725445504731,-1,0
27,37731.83,2.3,9851.46,48,8.26,687,5,1,2902.6121096808597,-1,0
37,72302.59,5.6,20147.68,12,8.84,658,2,1,4264.766003803204,-1,0
44,84730.14,4.2,20199.18,48,9.54,623,3,0,6552.9923145184175,-1,0
25,15000.0,2.4,24841.52,60,6.68,766,4,0,761.8499654916734,-1,0
29,103063.49,5.7,14547.1,60,10.76,562,1,0,8274.073322069926,-1,0
45,15000.0,0.5,36592.78,36,7.379999999999999,731,2,1,113.75263252096397,-1,0
26,78295.04,5.0,4390.96,24,10.879999999999999,556,2,0,6320.178060364283,-1,0
45,25682.41,0.9,16070.04,24,10.58,571,1,0,1394.3407277536387,-1,1
50,39376.9,2.0,5395.41,48,11.78,511,2,1,3139.908597423085,-1,1
42,81968.7,1.8,28841.39,24,13.78,411,3,0,5448.96233636436,-1,0
23,73946.68,0.9,34893.11,12,10.52,574,2,0,3086.11938247283,-1,1
34,32456.62,6.3,37044.19,24,11.94,503,2,1,961.9574662555058,-1,0
31,34432.83,1.4,11094.46,48,10.6,570,3,0,2584.810732668755,-1,0
48,29745.5,3.8,18552.09,36,6.799999999999999,760,4,0,1907.6519231317739,-1,0
31,361812.98,1.7,2641.4,60,10.28,586,3,1,30094.595121127863,-1,0
47,15000.0,0.4,36823.38,12,7.18,741,2,0,-1939.2636709938947,-1,0
36,36604.73,2.3,5932.87,36,8.48,676,4,2,2863.16304805843,-1,1
29,29645.19,17.7,17880.16,24,12.18,491,4,1,1627.2475138681057,-1,0
20,19143.96,3.0,4813.73,48,5.52,824,8,1,1483.3357264036274,-1,0
45,24472.52,8.1,9583.8,48,8.92,654,2,0,1801.247288594797,-1,0
51,75367.38,1.3,6185.3,36,8.64,668,3,0,6084.958813173058,-1,0
18,42709.25,1.1,15473.59,48,6.58,771,5,0,3191.5775034403214,-1,1
18,51899.74,2.8,8854.65,36,10.62,569,1,0,4036.679284109147,-1,0
30,30536.32,1.2,13344.73,12,10.82,559,4,1,1366.3841090252129,-1,1
39,60019.04,9.9,11173.12,48,7.879999999999999,706,5,0,4729.447080454917,-1,0
37,17336.76,5.9,26224.66,48,11.379999999999999,531,3,1,762.0903032006789,-1,0
44,28383.56,4.3,7302.86,36,7.459999999999999,727,2,0,2138.266445431311,-1,0
35,27983.69,5.1,21854.09,24,7.26,737,4,0,1350.9322524694976,-1,1
33,109426.06,7.4,14195.37,24,5.82,809,6,0,8490.841586581539,-1,0
37,61183.38,3.1,6058.69,12,11.54,523,3,0,4561.610644821184,-1,0
39,31811.2,4.8,10071.19,60,10.2,590,3,0,2435.9578750699443,-1,0
39,81866.73,0.3,8821.36,36,7.76,712,2,0,6546.77376982033,-1,0
29,47587.08,1.5,2940.42,24,11.26,537,2,1,3828.1881682456956,-1,0
35,28837.23,8.8,37568.29,60,7.76,712,2,0,1645.6608177586438,-1,0
31,20516.93,0.9,17670.25,48,9.28,636,3,0,1267.6661699058177,-1,0
18,29381.99,3.1,5128.44,48,8.92,654,2,0,2321.0724436884225,-1,0
26,64423.63,5.8,11612.07,36,9.379999999999999,631,2,0,4997.318011821164,-1,0
25,50562.76,5.3,22194.47,60,10.76,562,4,0,3733.6539848118396,-1,0
55,22739.42,0.8,4966.64,24,8.5,675,2,0,1669.1896935737793,-1,1
44,15000.0,2.3,11308.47,36,7.640000000000001,718,3,0,897.5087021323278,-1,0
30,40335.88,2.1,8640.76,48,11.16,542,3,0,3137.326386924943,-1,0
18,25398.77,0.6,24186.16,48,7.219999999999999,739,5,0,1534.9246095418534,-1,1
53,66772.2,5.2,25146.67,36,9.4,630,1,1,4760.002964253123,-1,0
29,44206.35,3.6,10457.26,24,9.459999999999999,627,2,0,3203.9151768712445,-1,0
36,24050.6,4.1,22639.22,36,8.26,687,2,0,1292.0672405618004,-1,1
34,70329.77,2.3,11474.11,12,9.12,644,6,0,4856.74768411875,-1,0
61,80586.73,4.2,14962.81,48,7.859999999999999,707,2,0,6351.25741738077,-1,0
41,15000.0,0.3,11185.41,36,9.54,623,3,0,891.4891400713171,-1,0
44,136491.63,16.3,7416.06,12,7.799999999999999,710,4,0,10729.876674450901,-1,0
37,22665.74,7.7,6758.53,24,6.92,754,4,0,1586.459902011857,-1,0
45,26322.54,9.1,12749.61,48,9.76,612,3,0,1871.6494716443908,-1,0
46,35713.72,2.6,2118.77,24,9.36,632,4,1,2878.997529772733,-1,0
41,61724.01,1.6,40554.2,60,10.4,580,2,0,4274.0071874047035,-1,0
32,40895.9,3.6,18655.62,48,9.98,601,0,0,2935.016112764576,-1,1
22,49463.67,1.7,13910.57,48,12.34,483,4,1,3753.3273530694664,-1,0
34,48648.32,17.2,15691.41,48,10.9,555,2,0,3649.2355752966896,-1,0
24,15000.0,0.9,17131.36,24,10.62,569,6,0,454.5633615612438,-1,1
31,33538.19,7.2,4218.91,48,7.98,701,4,0,2691.8928471976387,-1,0
40,119453.21,0.8,4337.53,24,8.28,686,0,0,9757.705051651354,-1,0
36,117950.68,11.3,13128.56,24,5.620000000000001,819,1,2,9249.602891201534,-1,0
18,26861.78,2.2,50356.03,48,11.22,539,2,1,931.6172383521694,-1,1
29,31665.8,1.2,26192.81,48,8.76,662,5,1,1989.9883274156705,-1,1
55,29234.46,4.1,3891.69,12,5.539999999999999,823,4,0,2102.083396251241,-1,0
42,24091.17,0.5,7402.59,24,7.699999999999999,715,1,0,1673.8103495346122,-1,0
28,27060.09,0.7,6381.09,36,7.74,713,3,1,2055.8118153983837,-1,0
20,73607.81,15.1,4800.92,60,9.54,623,2,0,6033.062038218508,-1,0
37,18350.84,0.8,15805.98,60,9.28,636,1,0,1198.9784327002242,-1,0
46,24392.29,5.8,59105.83,48,11.16,542,3,1,500.473130847276,-1,1
18,117198.06,15.5,10818.41,48,9.66,617,4,0,9493.885258787303,-1,0
18,16475.92,1.4,10541.59,36,8.9,655,2,0,1038.2639931570097,-1,0
49,73032.43,5.0,19471.56,60,9.58,621,2,1,5676.3351664381435,-1,0
27,112265.07,2.1,27465.17,12,10.34,583,6,1,6936.452456541028,-1,0
19,69172.36,2.2,13599.37,60,12.68,466,1,0,5457.159036664939,-1,1
34,39877.81,0.6,24783.17,24,7.879999999999999,706,3,0,2203.6310720944957,-1,0
40,29341.68,5.2,11591.36,36,8.14,693,5,0,2081.1598161045376,-1,0
32,22357.79,9.9,6497.72,48,10.0,600,3,0,1698.3502010310408,-1,1
46,48502.01,10.1,27825.58,24,7.039999999999999,748,4,1,2795.506544433245,-1,0
25,102422.9,3.8,4113.67,24,7.4,730,3,1,8350.315189724375,-1,0
35,36555.13,5.4,19012.81,12,5.66,817,2,1,1412.8658814416924,-1,1
36,118731.4,4.3,18644.32,48,7.779999999999999,711,0,1,9441.043911751583,-1,0
26,23791.97,1.3,13329.26,36,13.42,429,4,0,1530.8474927858642,-1,0
42,24757.86,3.3,80710.17,36,8.42,679,2,0,-481.6754904918448,-1,0
32,32735.06,1.0,27826.18,36,15.64,318,1,0,1754.5741637883184,-1,1
18,15616.64,10.8,9780.98,24,10.58,571,6,0,847.421226912137,-1,1
35,55894.32,1.9,17221.25,24,10.12,594,3,1,3862.232535267168,-1,0
30,92356.14,0.4,39725.55,48,10.68,566,5,1,6675.7798804470485,-1,0
41,101292.29,1.6,20624.15,60,10.34,583,2,1,7999.363667343003,-1,1
33,15000.0,1.0,7383.72,12,9.56,622,1,0,602.363737701206,-1,0
36,22804.41,12.3,16010.24,12,8.299999999999999,685,7,0,505.44011451712936,-1,1
31,49211.81,5.7,27577.72,48,9.299999999999999,635,5,0,3410.776257339026,-1,1
22,40762.93,6.0,5631.25,24,5.359999999999999,832,1,0,3148.951172159172,-1,0
40,43645.24,4.8,3751.66,24,6.1,795,5,0,3470.658373020113,-1,1
29,27134.99,1.9,6507.66,48,8.2,690,6,0,2101.766518199891,-1,0
37,77899.2,0.8,5474.83,48,9.18,641,1,1,6354.890208155454,-1,0
26,65291.02,4.4,7788.06,36,6.199999999999999,790,4,1,5203.2840613577255,-1,0
18,15000.0,29.2,5127.89,24,6.1,795,2,0,1022.4976550272253,-1,0
37,86349.55,9.0,14943.36,60,11.4,530,1,2,6867.902085232779,-1,0
55,43591.01,3.7,19860.18,24,7.18,741,1,0,2741.771184413973,-1,0
39,33285.61,0.6,6010.74,48,6.379999999999999,781,5,0,2631.5888505451353,-1,0
33,22688.57,6.9,3147.39,48,8.28,686,4,0,1813.4628380058246,-1,0
19,49867.65,2.4,3829.26,12,7.119999999999999,744,2,0,3824.0922198953617,-1,0
41,48662.5,2.0,12196.96,36,7.66,717,5,0,3674.910124266637,-1,0
45,15000.0,3.9,28087.08,24,7.619999999999999,719,1,0,-15.440298817940175,-1,1
50,22346.22,6.8,33319.84,24,8.799999999999999,660,3,1,343.0324258175792,-1,1
42,37357.92,6.8,67983.89,48,7.699999999999999,715,1,2,1463.0314544623295,-1,0
33,22909.89,8.0,15087.03,48,8.5,675,4,1,1537.2878077761447,-1,0
44,40144.84,3.0,4866.13,12,13.74,413,2,1,2909.082621461739,-1,0
18,22258.45,4.4,34420.32,36,7.9,705,4,0,777.8502782974797,-1,1
36,35242.24,2.4,9516.98,24,8.98,651,3,0,2502.1598808521303,-1,0
23,28884.16,6.0,10401.68,24,12.76,462,1,0,1913.6702729917174,-1,1
42,83463.47,4.5,8490.85,60,5.899999999999999,805,1,1,6791.531772519431,-1,0
39,30831.26,1.1,10146.43,36,12.44,478,6,0,2230.128722375723,-1,1
34,44786.6,8.5,8222.62,48,8.84,658,7,0,3528.220549878466,-1,0
32,17071.74,5.7,11960.7,24,11.86,507,4,0,860.3949815019279,-1,1
35,37442.08,8.6,14765.09,48,8.7,665,2,0,2754.8431306495195,-1,0
32,15152.72,5.7,7619.62,36,7.959999999999999,702,3,0,1024.09604792239,-1,0
33,15000.0,5.2,5657.32,36,12.06,497,5,0,1061.9338567225152,-1,0
33,71090.08,10.4,18562.29,12,12.26,487,3,0,4272.677763235222,-1,0
37,24181.86,1.1,56895.82,24,5.879999999999999,806,4,0,-503.42714930290344,-1,1
38,15000.0,0.3,12926.1,36,13.459999999999999,427,6,0,811.5991237666792,-1,0
49,26265.69,10.3,7666.77,12,6.4,780,3,0,1527.545580965681,-1,0
39,75565.92,3.2,29804.2,48,6.4399999999999995,778,3,0,5591.1792774594,-1,0
49,18257.09,1.0,20484.27,24,9.36,632,4,0,582.2184626486257,-1,0
31,24042.41,7.0,55296.81,12,8.16,692,2,0,-2810.7402098468046,-1,0
35,36796.48,4.3,14182.09,48,7.779999999999999,711,5,1,2721.6097662834054,-1,0
26,40838.35,1.0,16865.89,24,7.959999999999999,702,4,0,2640.70496313789,-1,0
41,85098.93,11.7,8712.04,36,6.799999999999999,760,5,1,6823.37093722105,-1,0
24,34156.65,1.8,48551.34,36,5.0,850,2,0,1391.2602845663673,-1,0
42,15000.0,0.1,11599.9,36,6.619999999999999,769,2,0,893.8407109295072,-1,1
45,95881.84,1.0,18417.51,60,9.459999999999999,627,3,0,7603.711262736827,-1,1
30,69166.87,6.0,4563.69,48,10.32,584,2,0,5647.4562649558075,-1,1
49,56756.69,3.6,15696.68,12,8.299999999999999,685,3,0,3362.116386073667,-1,0
40,16005.33,9.6,6891.99,60,9.78,611,3,0,1188.0880150010842,-1,0
23,22409.52,8.3,11344.38,24,10.24,588,7,1,1342.716892857973,-1,1
41,40234.9,7.0,32546.06,24,7.859999999999999,707,3,0,1883.0154345631959,-1,0
30,24810.14,2.1,26472.6,36,9.04,648,1,0,1225.1971498167518,-1,0
37,78135.62,4.5,18131.01,24,6.799999999999999,760,3,1,5701.172499824033,-1,0
54,17408.8,7.5,10626.11,48,5.0,850,3,0,1206.0215266293499,-1,0
31,20372.66,4.0,3744.55,48,8.08,696,3,1,1606.165577080933,-1,0
38,49808.62,4.8,3047.03,36,6.18,791,2,0,4057.773063482145,-1,0
34,24786.89,4.3,33989.77,36,7.299999999999999,735,2,0,1011.4002652197662,-1,0
24,37671.57,6.3,26814.85,36,10.98,551,2,2,2261.6676601929084,-1,0
39,25948.95,0.8,10607.56,48,10.32,584,5,0,1891.7442943289943,-1,0
37,48130.62,0.9,9982.32,60,9.06,647,3,0,3803.377650462144,-1,0
46,68562.2,6.6,9284.88,48,8.44,678,3,0,5484.923052150777,-1,0
48,127293.1,0.5,10653.27,48,10.42,579,3,0,10335.410023668013,-1,1
43,24248.18,0.3,14201.47,12,6.119999999999999,794,4,2,797.6284124542028,-1,0
20,40292.66,14.8,6020.14,36,10.52,574,3,1,3161.995627940674,-1,1
32,39696.64,5.1,28586.47,36,7.140000000000001,743,3,0,2423.5551533983053,-1,0
43,22203.76,2.5,15749.3,36,8.12,694,3,0,1355.915192537512,-1,0
25,37354.75,3.9,27629.07,48,9.799999999999999,610,2,0,2414.8019957901665,-1,0
45,34076.23,0.7,6751.98,60,13.0,450,5,1,2686.057539200193,-1,0
47,15000.0,7.8,28675.08,24,8.84,658,1,0,-57.90957858440947,-1,1
25,26000.18,0.7,9466.65,36,7.98,701,2,0,1870.1185978571525,-1,0
53,16492.92,11.9,2977.58,36,10.0,600,1,2,1278.3318687553729,-1,0
34,43490.91,0.4,18718.58,24,6.859999999999999,757,1,0,2787.350920010977,-1,0
19,53423.48,5.1,20604.72,24,7.619999999999999,719,3,1,3523.627946348998,-1,0
28,65429.53,8.7,9367.72,36,7.640000000000001,718,2,0,5160.463792101324,-1,0
34,20483.98,6.1,4118.29,24,8.56,672,2,0,1519.6856267829917,-1,0
18,33293.26,2.3,7876.59,24,7.359999999999999,732,5,0,2420.496202069221,-1,0
24,35078.61,5.1,10234.57,36,7.68,716,3,0,2604.011976656393,-1,0
45,55345.76,0.3,14235.48,60,9.12,644,1,0,4315.811755146056,-1,0
26,20284.66,4.5,6105.06,48,11.48,526,1,0,1531.172985790196,-1,1
30,88632.79,1.6,19805.2,36,11.0,550,3,0,6737.66899308769,-1,0
39,27106.36,5.3,10160.12,36,8.56,672,2,0,1937.8508178872598,-1,0
43,22947.73,0.4,3180.38,36,9.799999999999999,610,4,0,1809.9872912854853,-1,0
28,43347.91,1.0,16250.13,48,12.68,466,3,0,3178.95202038366,-1,0
33,29053.17,15.3,8636.02,48,7.140000000000001,743,3,0,2213.735854801969,-1,0
37,88350.01,7.4,6993.51,36,6.359999999999999,782,5,0,7148.602086288618,-1,0
41,88870.87,8.6,8485.58,60,8.68,666,2,1,7231.074086593428,-1,0
24,15000.0,2.0,70447.45,36,7.699999999999999,715,3,0,-947.8303964457441,-1,1
18,15000.0,1.2,16173.92,24,8.42,679,5,0,515.395311438209,-1,0
23,49201.76,0.7,10027.83,24,6.5,775,3,0,3653.444430154159,-1,0
21,105260.61,0.2,32775.36,48,7.4399999999999995,728,3,0,7980.162696237775,-1,0
43,27584.5,11.8,34635.55,24,8.2,690,4,0,729.0749887392783,-1,0
44,28161.91,4.4,13720.26,24,10.36,582,4,0,1711.4232962316987,-1,0
36,29125.39,0.0,18010.53,12,11.12,544,2,1,834.3070211946838,-1,1
43,38105.92,0.7,12873.08,36,8.799999999999999,660,3,1,2767.3300375220015,-1,0
32,21168.52,1.0,18181.58,36,7.799999999999999,710,3,0,1195.974711392998,-1,0
18,62477.55,1.4,4484.48,36,8.78,661,0,0,5064.315960774671,-1,0
40,67261.07,1.2,26014.32,60,9.1,645,5,0,5063.811238989572,-1,0
27,15000.0,11.4,73579.02,48,14.86,357,2,1,-792.5412935059187,-1,1
18,73495.72,3.7,23884.1,24,10.42,579,1,1,5017.877608030678,-1,1
47,16089.11,3.2,24940.76,36,11.9,505,3,0,513.5597518659598,-1,0
32,27600.92,5.6,10074.04,48,5.079999999999998,846,2,1,2067.7133898931165,-1,0
24,15670.72,0.6,19850.3,12,10.879999999999999,556,5,0,-447.3981938393397,-1,0
33,64578.68,0.4,10935.53,48,10.459999999999999,577,7,0,5101.781340444986,-1,0
39,25623.51,6.9,11804.59,36,9.06,647,3,0,1759.5799665570166,-1,0
20,41361.86,14.4,4916.76,60,10.32,584,3,0,3341.5792054548224,-1,1
37,24455.0,8.3,5980.81,48,5.280000000000001,836,3,0,1899.4229601863894,-1,0
25,33570.92,7.8,1655.87,48,9.219999999999999,639,1,1,2756.1970763513054,-1,1
25,17078.56,10.5,31453.98,60,9.28,636,1,1,765.9977803580797,-1,0
31,31735.0,5.3,15156.7,24,8.32,684,2,0,1956.872654689135,-1,0
38,61964.91,0.8,8233.08,36,10.36,582,5,1,4896.690454768484,-1,0
53,16308.31,1.6,16327.69,36,7.539999999999999,723,2,0,850.8331404296109,-1,0
26,44424.38,3.2,16600.07,24,9.82,609,3,0,2937.401039534277,-1,0
32,67637.16,0.3,2599.27,36,6.98,751,2,0,5556.1958548361035,-1,1
42,64382.33,13.0,17403.87,48,12.1,495,4,0,4906.028538397459,-1,0
31,61533.18,3.9,5861.85,12,9.219999999999999,639,3,1,4614.539338923965,-1,0
43,70140.72,14.7,9629.23,60,5.620000000000001,819,4,0,5660.596695293112,-1,0
27,45349.47,0.1,4773.37,36,7.9,705,1,0,3629.7625403368856,-1,0
64,109512.6,5.3,15928.26,36,8.26,687,3,0,8625.003532062983,-1,0
70,54899.17,0.9,7405.29,36,9.879999999999999,606,1,0,4336.399946309383,-1,0
39,93203.11,0.5,4265.9,48,10.84,558,4,0,7657.002588908158,-1,1
39,15993.89,24.6,2740.07,24,7.82,709,2,1,1209.1230462014773,-1,0
33,40473.2,9.4,15138.38,36,9.2,640,3,0,2889.9598732997924,-1,1
49,30883.69,2.8,4920.01,36,6.66,767,1,0,2422.4888710803084,-1,0
35,19425.24,12.7,6474.75,24,6.92,754,3,0,1329.1135083962447,-1,0
31,70307.81,8.7,10585.97,36,7.82,709,3,0,5528.136671985909,-1,0
23,139719.46,10.3,28171.29,36,8.379999999999999,681,0,0,10755.555691472227,-1,0
33,118441.63,4.8,1457.76,48,10.799999999999999,560,7,0,9832.600694026729,-1,0
25,40818.96,0.8,8718.58,60,10.1,595,1,0,3215.9066596893526,-1,0
49,44085.93,1.0,9115.45,12,9.04,648,1,1,2876.498842055607,-1,1
38,31383.75,8.7,9736.27,48,8.48,676,1,0,2375.421886813873,-1,1
56,33221.76,5.5,8590.27,36,9.16,642,8,0,2494.6715777010686,-1,0
35,28591.57,2.7,9606.32,36,6.219999999999999,789,1,0,2089.4294294358383,-1,0
28,55796.99,7.4,3954.28,36,9.04,648,1,0,4523.930491973237,-1,0
44,20689.74,0.0,7694.97,48,11.94,503,3,0,1521.7335419948488,-1,0
46,41874.71,1.6,8921.95,24,6.6,770,1,1,3091.716371672068,-1,0
24,15000.0,0.7,4546.26,24,9.56,622,0,0,1041.1352277157623,-1,1
37,24298.13,9.9,20874.42,36,10.4,580,4,0,1347.3583776300134,-1,0
34,77122.77,5.2,6273.82,60,10.16,592,4,1,6293.102912907584,-1,0
29,20510.07,4.2,7259.34,48,12.86,457,7,0,1514.9266264854373,-1,0
34,84608.7,2.7,15086.15,24,10.54,573,3,0,6350.809704083681,-1,0
36,37138.81,1.3,13888.18,24,9.62,619,5,0,2456.464882412489,-1,0
27,21251.08,6.7,22760.9,48,8.9,655,2,1,1205.5975207798128,-1,0
50,36222.3,1.7,5564.48,24,10.459999999999999,577,1,0,2760.569466291028,-1,1
32,54020.23,1.8,5609.67,36,13.58,421,4,0,4311.102935664808,-1,1
51,46803.61,0.5,12598.74,60,8.64,668,4,0,3640.9674597848134,-1,0
37,19880.28,4.6,7135.32,24,10.0,600,5,0,1327.4311842053905,-1,0
33,83365.44,4.9,6706.81,36,7.9399999999999995,703,2,1,6737.138540298832,-1,1
28,15540.96,0.9,3869.71,36,11.08,546,4,1,1168.2440044162304,-1,1
47,51103.56,0.1,9243.4,12,6.6,770,3,0,3460.5321473435088,-1,0
18,23305.67,0.8,17083.89,48,11.08,546,2,0,1499.933091399877,-1,1
30,17737.53,5.7,2788.41,24,9.54,623,5,0,1350.0477352153125,-1,0
33,81054.25,2.7,1000.0,36,9.04,648,4,1,6722.702480891567,-1,0
32,54982.2,6.9,36824.41,36,12.58,471,4,0,3348.52649447642,-1,1
32,49815.59,16.8,16279.33,36,6.119999999999999,794,2,0,3655.1647822892637,-1,0
52,173276.22,15.2,5785.35,24,6.279999999999999,786,4,1,14182.544215583881,-1,0
21,15000.0,0.9,10773.35,36,8.959999999999999,652,1,1,907.6108771187236,-1,0
41,18742.78,4.8,6580.84,48,14.34,383,5,0,1380.9427599381436,-1,0
40,23730.89,13.1,13843.87,36,6.76,762,2,2,1551.633125357861,-1,1
39,32899.14,4.3,8491.07,36,10.18,591,5,0,2466.8939227596898,-1,0
36,15638.69,1.5,8949.47,36,5.879999999999999,806,5,1,1031.4502868178295,-1,0
44,49191.65,4.8,6516.28,12,8.44,678,4,0,3531.1366675546587,-1,0
22,26310.55,0.8,36704.76,24,9.799999999999999,610,3,1,502.1935923306171,-1,1
42,136126.19,1.3,7774.21,48,6.74,763,3,1,11158.622375446024,-1,1
49,123369.77,2.6,9369.74,48,12.879999999999999,456,2,0,10030.005198911666,-1,0
58,136284.2,5.6,22463.14,48,8.58,671,5,1,10802.489561662775,-1,0
37,99985.05,9.2,12886.36,24,11.1,545,1,2,7730.883662735943,-1,1
26,89271.87,1.2,3185.49,24,11.84,508,2,1,7289.608330535975,-1,0
38,35191.38,1.7,6973.92,36,5.0,850,4,2,2723.6003612638306,-1,0
37,64819.4,3.0,17895.66,48,11.22,539,2,0,4937.179706977617,-1,0
41,27276.28,3.3,13338.53,36,6.34,783,1,1,1865.1813725411203,-1,0
33,48510.64,19.9,12007.49,12,6.66,767,2,1,3005.465400213,-1,0
35,36345.03,0.2,9718.13,48,9.879999999999999,606,6,0,2782.835288175572,-1,0
30,206619.91,9.6,19851.89,36,6.9399999999999995,753,1,0,16605.901551757725,-1,0
41,44682.14,7.7,12455.84,48,8.9,655,6,0,3414.138668716821,-1,0
35,290296.08,2.6,14864.14,48,8.16,692,3,1,23827.34550743841,-1,0
28,21104.35,1.9,7614.62,48,13.02,449,1,1,1554.339051886921,-1,0
40,34769.81,10.2,40158.62,36,11.799999999999999,510,4,0,1567.476176811668,-1,1
38,114030.8,1.7,24784.64,36,8.64,668,4,0,8718.567805774144,-1,0
48,43046.31,4.5,20477.18,48,7.539999999999999,723,5,0,3091.6944331145473,-1,0
26,25715.02,2.7,5383.49,12,11.299999999999999,535,3,1,1666.3628889767078,-1,0
29,35043.32,0.7,29078.36,48,10.04,598,3,0,2182.215621054307,-1,0
18,24485.67,1.9,8677.24,48,10.459999999999999,577,2,0,1818.473415209065,-1,1
27,77496.57,8.8,8989.16,48,5.059999999999999,847,2,0,6250.789086605676,-1,0
26,44376.48,0.6,11499.28,24,8.719999999999999,664,6,0,3174.1744270315066,-1,0
34,96521.98,5.8,3657.15,24,12.06,497,1,0,7871.2410946640675,-1,0
24,153672.44,0.1,12547.35,48,9.26,637,3,0,12492.243974991825,-1,0
38,52867.36,6.0,8252.61,48,7.74,713,4,0,4205.148674096125,-1,0
18,34818.07,5.0,4568.2,24,10.56,572,1,1,2689.5238970084592,-1,0
30,15000.0,7.7,51685.81,24,10.94,553,4,1,-1157.52434045474,-1,1
32,65930.1,1.8,6070.42,48,7.98,701,3,0,5346.0352907312135,-1,0
26,30690.89,4.9,4086.71,48,14.42,379,3,0,2445.0358673716732,-1,0
39,28426.59,0.6,3039.14,12,9.36,632,3,0,2102.597588676219,-1,0
28,15000.0,0.9,19000.41,24,7.619999999999999,719,1,1,393.95214781802247,-1,0
31,25942.03,11.2,15864.28,24,11.6,520,3,1,1418.0090452209301,-1,0
40,19013.68,2.8,13938.88,36,5.0,850,5,0,1166.7125950990528,-1,0
30,15909.99,4.0,5242.41,48,12.02,499,2,1,1187.7282526533115,-1,0
42,40170.23,8.4,33720.33,48,11.5,525,2,0,2467.7891769882126,-1,0
27,80016.01,0.1,18158.21,24,10.459999999999999,577,4,0,5826.2311168909,-1,0
25,15000.0,2.8,9070.83,36,9.98,601,3,0,957.3949970480628,-1,0
33,15000.0,0.0,10824.83,60,10.48,576,2,0,1017.4394160485031,-1,1
29,69835.59,0.6,12073.99,36,6.82,759,0,0,5447.815612562041,-1,0
31,18709.82,2.6,24282.85,24,8.54,673,4,0,454.9139501257637,-1,0
19,53118.46,7.5,6525.26,60,9.24,638,4,0,4290.323344830951,-1,0
31,49480.61,3.1,11272.89,12,8.28,686,5,2,3141.313156130979,-1,0
39,18069.84,12.5,41399.58,60,6.66,767,2,1,692.6834325226192,-1,0
30,40146.91,1.6,14158.98,12,5.759999999999998,812,6,0,2128.5243207971453,-1,0
25,15360.9,8.6,12389.28,48,7.82,709,3,0,978.6621770268029,-1,1
37,19709.64,2.5,14745.64,60,10.0,600,2,1,1329.1687276237333,-1,0
30,17501.77,6.1,13506.61,36,7.359999999999999,732,1,0,1039.2091762547047,-1,0
35,17194.88,1.9,22094.07,12,5.079999999999998,846,6,1,-459.3211170664433,-1,0
24,15000.0,7.1,4664.51,24,9.12,644,1,0,1036.6461514812013,-1,0
50,32438.47,1.5,12099.75,48,8.16,692,2,0,2406.905989455915,-1,0
20,78155.35,5.4,5713.85,36,6.58,771,2,0,6337.613895827969,-1,1
35,15000.0,12.4,96565.54,24,10.379999999999999,581,4,1,-3222.9652360020254,-1,1
41,31782.15,0.5,12463.0,48,8.24,688,3,1,2342.848257417247,-1,0
31,15000.0,2.1,35818.77,48,10.82,559,3,0,327.3730927640339,-1,0
19,36161.73,7.9,8736.81,48,8.56,672,2,0,2797.8823814657135,-1,0
29,54170.85,1.3,29478.54,48,7.26,737,3,0,3804.7758218279123,-1,0
33,36329.22,6.3,8069.48,48,11.16,542,3,0,2818.247511966126,-1,0
50,15000.0,4.1,8165.8,36,7.9399999999999995,703,0,1,994.3394693411918,-1,0
29,146125.23,4.0,46311.36,36,6.379999999999999,781,4,0,10760.233610609255,-1,0
46,49302.86,10.2,31780.78,48,6.32,784,6,0,3357.5275542653426,-1,0
22,29622.37,11.3,12930.69,36,11.82,509,3,2,2040.1577125560075,-1,0
40,23401.88,0.7,65847.4,36,8.1,695,0,0,-116.30054412940308,-1,0
18,15964.57,2.4,29423.01,36,9.78,611,5,0,384.01922499987745,-1,1
25,86882.81,5.0,14881.75,48,5.600000000000001,820,0,0,6893.458492926124,-1,1
32,34306.99,17.0,7581.09,24,7.76,712,3,0,2516.872892842431,-1,1
47,46141.57,2.7,6411.33,24,9.52,624,3,0,3550.698855631177,-1,1
42,94074.31,1.4,6161.49,12,6.5600000000000005,772,1,1,7307.641133910889,-1,0
38,62867.29,2.2,9121.22,48,6.92,754,4,1,5020.860251201313,-1,0
44,32727.33,1.8,3980.18,24,9.26,637,3,0,2544.968828152599,-1,0
27,15000.0,6.3,3020.61,24,7.699999999999999,715,7,1,1113.7989130064946,-1,0
25,33746.29,0.1,8023.56,36,6.379999999999999,781,2,0,2566.7147223713578,-1,0
54,32758.28,0.0,15035.29,24,8.92,654,3,0,2043.525063744156,-1,0
24,58152.78,10.0,5596.62,60,6.4399999999999995,778,1,0,4736.717921730349,-1,0
34,24036.72,8.5,29291.36,60,8.32,684,2,0,1404.6408125741204,-1,0
36,29059.72,8.8,14631.06,24,9.92,604,7,0,1747.0342556216153,-1,0
24,20269.94,7.3,4300.96,24,9.66,617,1,0,1491.3684411212018,-1,0
42,75911.02,4.8,17019.65,12,10.84,558,3,0,4822.963356210184,-1,0
18,19898.07,10.4,6171.77,36,9.2,640,7,0,1461.3368753758411,-1,0
18,35689.75,0.9,11957.74,48,10.02,599,5,1,2670.751789308399,-1,1
53,53524.78,3.6,16137.65,60,5.18,841,1,0,4154.528371470019,-1,0
36,52574.02,5.5,30846.61,36,11.98,501,2,0,3356.914106112564,-1,0
35,15708.91,0.5,17893.49,48,8.68,666,1,0,866.5094690552032,-1,0
36,19815.65,8.7,17090.06,24,9.94,603,1,0,863.1577968303219,-1,0
23,27587.77,6.8,60293.48,36,6.959999999999999,752,4,0,438.3956978601118,-1,0
36,52899.85,2.4,28777.21,24,5.68,816,2,0,3137.042676393236,-1,0
25,23001.65,6.6,5813.65,48,9.1,645,5,0,1771.8550305028266,-1,0
30,17314.46,1.1,11334.09,36,8.44,678,1,0,1085.3973839711948,-1,0
46,15000.0,3.2,69582.36,12,6.98,751,3,0,-4770.09366628327,-1,0
42,86355.28,1.7,23212.23,48,9.68,616,2,0,6611.112006077838,-1,0
47,43956.48,3.5,11003.5,36,6.539999999999999,773,0,0,3325.5933265866965,-1,0
39,36471.7,2.4,37786.69,24,9.18,641,2,1,1309.9107654724944,-1,0
44,59232.91,0.0,9965.34,36,8.82,659,4,0,4620.014864917573,-1,0
25,127115.77,0.6,8302.55,60,11.94,503,1,0,10408.546828597222,-1,0
29,45740.69,5.5,25305.1,48,9.799999999999999,610,2,0,3172.3492485672305,-1,0
48,18546.18,1.3,13053.91,24,7.799999999999999,710,0,0,956.3120245732956,-1,0
38,83118.82,4.2,45992.33,48,10.04,598,2,0,5759.20032599218,-1,0
41,44365.22,1.5,92922.4,48,9.1,645,1,0,1380.3090131235717,-1,0
32,46892.47,5.4,15110.43,24,11.92,504,2,0,3196.9698125193086,-1,1
36,37509.45,1.8,5521.13,48,10.72,564,5,0,2983.8405898997707,-1,1
25,15000.0,7.0,9720.97,36,12.68,466,2,1,923.9584061341727,-1,0
31,74033.43,1.9,42433.07,12,11.4,530,3,0,2411.2256051749105,-1,1
22,29793.48,9.5,8552.52,60,8.799999999999999,660,4,1,2306.0827619594256,-1,0
22,50581.38,5.3,13382.95,48,9.92,604,0,0,3876.2027494011136,-1,1
28,27283.85,12.1,31985.76,24,12.68,466,2,0,757.7960543311324,-1,0
53,15000.0,0.7,33136.41,48,10.02,599,1,0,409.25672958533323,-1,0
30,27285.37,0.6,22704.32,36,8.299999999999999,685,7,0,1559.1635926531048,-1,0
39,53584.33,9.7,7018.31,60,7.9,705,6,2,4323.390460307705,-1,0
18,73451.13,6.3,26383.83,36,10.76,562,2,1,5260.150325551196,-1,0
36,50226.03,17.7,8397.27,12,8.48,676,1,1,3453.172201793026,-1,0
33,54825.21,7.6,14732.32,48,6.58,771,3,0,4218.847383777278,-1,0
31,31950.84,7.5,7499.77,48,6.18,791,4,0,2485.818091103981,-1,0
28,82649.98,0.2,27798.8,48,11.72,514,4,1,6159.265188443382,-1,0
46,27760.6,7.2,26044.52,48,6.779999999999999,761,5,0,1692.3697786706507,-1,0
30,27035.13,5.4,76371.44,36,8.94,653,2,0,-173.5317820266,-1,0
27,28721.46,2.3,4849.57,48,9.62,619,3,0,2271.340496417912,-1,0
45,30953.7,11.6,9460.81,48,5.800000000000001,810,1,0,2358.1540806042217,-1,0
50,59940.43,1.1,11294.24,24,5.0,850,2,1,4499.541828543226,-1,0
45,46997.35,6.9,67934.31,60,8.0,700,4,0,2538.9829780619975,-1,0
47,27046.42,1.6,7155.42,36,5.859999999999999,807,4,2,2036.6402031610523,-1,0
62,53192.94,1.3,12341.98,24,5.0,850,4,1,3891.28518532992,-1,0
27,54183.2,5.5,45324.32,60,7.640000000000001,718,2,0,3604.0419421299057,-1,0
24,18472.63,5.8,17542.04,24,9.459999999999999,627,3,0,734.2748252664451,-1,1
31,24081.76,0.7,100000.0,60,7.459999999999999,727,4,0,4.918719710658024,-1,0
28,86845.83,1.8,47539.76,36,7.08,746,7,0,5767.523226425828,-1,0
32,41218.29,1.2,38150.42,36,7.799999999999999,710,5,1,2242.878776707249,-1,0
37,19009.91,2.4,11752.06,48,9.26,637,6,0,1290.2556300534188,-1,0
21,63571.54,4.9,7297.69,36,7.58,721,1,0,5070.356572046497,-1,0
36,38313.69,0.6,9796.68,12,12.2,490,2,0,2321.46748822433,-1,0
41,34855.81,2.4,5053.47,36,11.12,544,1,0,2738.9193840837743,-1,0
34,15000.0,0.6,30020.17,36,6.0600000000000005,797,4,0,335.91191241444756,-1,1
46,36742.71,5.1,5898.45,36,10.16,592,3,1,2871.122715887623,-1,1
30,15000.0,8.1,14990.22,36,6.58,771,1,2,790.0186710831275,-1,0
39,39325.58,21.2,5387.44,48,9.18,641,5,2,3142.6040555855966,-1,0
40,64409.49,1.5,21004.18,36,14.559999999999999,372,0,1,4643.85831875195,-1,1
34,134949.75,3.1,6583.55,48,11.82,509,0,0,11073.023650816487,-1,1
32,52029.84,4.1,10773.51,24,14.2,390,0,1,3817.53422849471,-1,0
30,15000.0,6.1,3589.44,48,9.86,607,2,0,1159.2036716033647,-1,0
38,30468.5,3.3,18212.45,24,10.379999999999999,581,4,0,1695.4316613539527,-1,1
38,22934.47,2.2,23964.49,48,5.34,833,2,0,1355.6220189645896,-1,1
46,53942.45,16.6,63288.84,36,10.26,587,7,1,2445.31702884548,-1,0
47,28897.42,8.0,3890.89,36,9.379999999999999,631,2,0,2283.69979309516,-1,0
46,50157.91,8.3,8864.55,12,9.1,645,4,0,3404.1967092929826,-1,1
46,37225.9,5.5,7574.33,48,9.16,642,3,0,2913.0948366653015,-1,0
39,34166.34,6.5,6975.99,48,10.58,571,3,0,2668.316439783498,-1,0
45,17061.62,2.3,16507.59,24,9.36,632,2,1,664.927114261764,-1,0
53,17382.75,1.5,7909.99,36,13.14,443,2,0,1181.509971602455,-1,0
37,56690.68,6.8,10543.46,36,10.48,576,4,0,4381.6345430070305,-1,0
37,60163.03,0.3,6824.61,12,12.5,475,0,1,4405.630037649948,-1,1
36,15000.0,1.9,22496.01,36,6.859999999999999,757,2,1,556.8275882013824,-1,0
57,19535.43,3.0,3231.08,60,7.34,733,4,0,1563.4536684629115,-1,0
39,23303.25,5.2,14901.73,12,8.06,697,4,0,645.2459771519746,-1,0
35,33346.5,5.4,80460.8,36,12.86,457,1,0,73.25517528226374,-1,0
28,38908.51,3.1,18898.83,36,9.799999999999999,610,3,0,2634.336785747784,-1,0
29,134318.49,4.9,19817.87,12,9.68,616,3,1,9453.849972357673,-1,0
31,25198.75,2.8,18583.17,48,5.440000000000001,828,0,0,1668.2247583321155,-1,0
32,35937.59,5.5,9565.99,48,10.34,583,3,0,2750.616000497084,-1,0
33,15000.0,13.4,12164.99,48,9.799999999999999,610,2,1,942.6315452248573,-1,0
29,57477.19,4.5,24891.2,12,11.799999999999999,510,4,0,2580.5410541493106,-1,1
32,70691.91,6.8,10408.22,36,5.0,850,4,0,5579.048809337278,-1,0
36,15000.0,3.5,2755.24,12,13.52,424,0,0,1003.2367806497037,-1,0
50,68899.72,0.7,10346.38,36,10.32,584,4,0,5406.238173708335,-1,0
21,21013.24,0.2,37626.54,60,7.82,709,4,0,991.4099915470505,-1,1
31,42229.82,5.7,35114.04,60,8.6,670,3,1,2797.039815613612,-1,0
21,25792.53,7.6,47894.11,48,6.779999999999999,761,4,0,1007.3755933222988,-1,0
42,94735.76,6.2,2962.66,36,6.859999999999999,757,3,0,7803.357848003299,-1,0
45,38398.97,0.4,32475.72,48,8.14,693,3,0,2404.951019725739,-1,1
35,38407.08,7.7,21317.26,36,10.6,570,3,0,2506.721353779378,-1,1
42,22141.36,0.5,43198.29,36,11.66,517,1,0,417.3168315163216,-1,1
45,21196.39,2.0,2722.73,36,6.799999999999999,760,3,0,1682.5445865673485,-1,0
44,20335.38,1.2,7470.18,48,10.92,554,4,0,1501.8343850286449,-1,0
30,48882.95,3.3,11749.13,48,7.9,705,1,0,3787.29975547048,-1,0
18,178967.97,5.6,17732.47,36,8.52,674,2,0,14354.06274208153,-1,1
35,60123.55,0.7,6365.36,48,10.5,575,3,0,4847.321103995754,-1,0
48,89564.61,0.2,3883.37,36,9.02,649,6,1,7340.191221603681,-1,0
18,37431.29,9.7,53666.53,12,6.9399999999999995,753,1,1,-1522.8317643962232,-1,1
32,26879.44,4.1,26794.92,36,8.48,676,3,0,1394.3519895286963,-1,0
51,15000.0,1.7,10405.29,36,11.459999999999999,527,7,0,907.0730036849546,-1,1
45,51070.41,12.1,33535.14,12,8.16,692,2,0,1336.2168869756333,-1,0
25,61142.37,8.8,5552.27,12,10.48,576,3,0,4605.824376866774,-1,0
18,15000.0,2.8,34581.51,12,10.68,566,3,0,-1801.211828158786,-1,1
39,19767.96,8.5,14818.58,12,9.52,624,2,1,347.8472239649782,-1,0
29,28257.77,8.5,8816.43,60,8.34,683,3,0,2174.610712834615,-1,0
23,86037.88,2.0,26463.6,12,10.04,598,3,0,4842.760111722724,-1,0
58,48034.88,1.6,5093.46,36,8.68,666,1,0,3841.693513775205,-1,0
37,15000.0,2.6,20194.29,24,10.26,587,3,0,315.71074441395274,-1,0
51,16038.53,8.3,2404.39,24,6.359999999999999,782,4,0,1229.5896798555548,-1,0
39,29985.24,0.2,18851.62,60,6.26,787,4,0,2132.0319236993932,-1,0
35,53411.89,0.6,4780.73,36,7.039999999999999,748,4,0,4303.288321325973,-1,0
50,17466.04,0.1,15152.24,36,8.26,687,3,1,978.8676974676456,-1,1
31,47120.2,4.7,17649.52,24,8.18,691,3,0,3126.9936308075366,-1,0
18,25748.09,2.9,21745.77,48,5.460000000000001,827,2,0,1640.3405232255595,-1,0
18,47926.5,4.4,32389.3,12,10.379999999999999,581,4,0,1140.6134601871718,-1,1
32,51772.34,11.6,6928.96,12,11.84,508,5,0,3699.2504722103586,-1,0
28,36892.01,3.8,24537.03,36,5.18,841,2,1,2336.9527402462677,-1,0
40,41392.25,2.1,26407.75,12,10.4,580,7,2,1122.777716423117,-1,1
37,59213.07,8.9,5761.56,48,8.459999999999999,677,1,0,4792.518602381575,-1,0
18,83633.9,0.4,9012.67,24,7.619999999999999,719,3,0,6563.433229194793,-1,0
55,40066.59,0.6,5739.69,36,9.719999999999999,614,4,0,3154.4324615680293,-1,0
32,42432.27,1.0,21798.49,48,10.54,573,5,0,2977.486293906988,-1,1
32,15294.77,2.1,26067.15,24,9.78,611,3,0,74.3426071179847,-1,1
45,98826.49,1.6,14365.01,24,12.02,499,3,1,7559.195759072331,-1,1
35,56407.63,2.0,18398.8,48,12.12,494,5,0,4215.040116056471,-1,0
41,23565.58,3.6,49167.31,12,8.78,661,5,1,-2330.94108472263,-1,1
39,37526.96,0.4,18809.45,24,5.0,850,4,0,2302.0499550331897,-1,1
26,39252.16,6.9,29989.42,36,9.2,640,4,0,2314.5638516098998,-1,0
23,47369.18,2.6,11749.78,24,5.82,809,4,0,3427.6267151191337,-1,0
40,104224.56,2.7,22324.56,36,7.6,720,2,0,7989.921610317648,-1,0
27,23708.88,4.4,13810.94,36,9.0,650,1,0,1536.5558002175221,-1,0
58,49457.44,5.7,38882.54,48,9.82,609,5,1,3138.6494268518218,-1,0
31,77773.67,4.7,7007.63,36,5.0,850,3,0,6271.114208989099,-1,0
34,15000.0,2.4,8093.28,24,9.14,643,4,0,879.7405039112921,-1,0
26,102185.87,7.0,31815.04,36,5.940000000000001,803,4,0,7548.478700349345,-1,0
30,20602.86,0.4,8540.49,12,7.58,721,1,1,975.6386713741304,-1,0
50,53961.01,1.7,6614.06,48,8.879999999999999,656,2,0,4332.536281618819,-1,0
32,38495.87,12.8,8649.74,36,6.24,788,1,2,2943.9056811024857,-1,0
18,77852.08,1.6,27231.13,48,8.84,658,1,0,5812.092463032302,-1,0
42,17297.84,0.9,15235.98,36,11.959999999999999,502,1,1,935.7251374574455,-1,0
35,50098.49,0.3,5516.82,12,8.08,696,2,1,3694.7705741812615,-1,0
39,28019.07,7.0,13562.21,24,9.74,613,0,0,1710.721569858948,-1,0
24,24804.96,0.3,14802.57,24,10.4,580,3,0,1381.2804244766253,-1,0
20,16386.12,2.6,37449.36,60,11.86,507,1,0,535.1166618827552,-1,1
31,106604.02,0.8,5019.91,36,7.279999999999999,736,2,1,8728.024626697583,-1,1
37,19578.39,13.4,13160.56,36,6.52,774,4,1,1228.0546447105608,-1,0
30,71240.33,9.5,11486.6,24,11.5,525,2,2,5398.658200956855,-1,1
49,18858.04,6.8,18229.88,24,9.94,603,3,0,730.7916129208721,-1,0
51,15000.0,0.3,93886.67,48,9.74,613,3,1,-1119.5026241473438,-1,0
31,22872.41,2.0,7803.95,48,8.66,667,2,0,1713.0899918855362,-1,0
34,23179.16,4.1,11892.02,12,10.22,589,2,0,884.8819935689701,-1,1
48,15000.0,0.0,7390.58,12,13.379999999999999,431,3,0,588.5751936446895,-1,1
31,40508.35,2.0,10382.45,36,6.48,776,0,0,3057.5785983573896,-1,0
33,52319.09,6.7,12756.52,36,9.06,647,1,1,3953.9139242850097,-1,0
41,38889.46,5.7,4122.75,60,6.5,775,4,0,3160.12199576457,-1,0
21,29849.47,8.3,4040.05,48,5.379999999999999,831,1,0,2393.719294540804,-1,0
25,21220.97,1.0,16799.6,48,5.0,850,5,0,1381.5312463972323,-1,0
51,44036.64,4.0,23074.96,24,6.779999999999999,761,1,0,2638.8943796241565,-1,0
32,63128.99,5.1,5690.88,12,10.36,582,2,0,4759.477060442078,-1,0
35,21733.85,4.9,19513.44,48,12.32,484,2,1,1294.219212846446,-1,0
49,45309.02,4.6,37541.55,24,10.5,575,0,0,2034.72318066012,-1,0
30,40626.73,9.3,5587.37,48,11.42,529,4,0,3240.0100630155716,-1,0
26,31228.97,0.6,21335.34,36,8.9,655,5,0,1924.948596421806,-1,1
18,58088.22,6.8,26870.64,48,8.379999999999999,681,2,0,4179.890605699921,-1,0
25,36683.84,2.4,16300.53,24,7.4399999999999995,728,7,1,2323.914099579957,-1,0
32,68240.98,4.3,64364.51,48,9.959999999999999,602,2,0,4055.5342272068865,-1,1
41,45706.43,3.3,7344.43,48,14.280000000000001,386,1,1,3607.138675799382,-1,1
23,37773.83,3.4,8440.75,60,8.44,678,4,1,2974.8882398201167,-1,0
27,15000.0,4.1,6771.96,12,7.039999999999999,748,2,0,663.9194541463294,-1,0
64,39647.12,0.8,6251.99,36,7.119999999999999,744,2,0,3110.5401599130746,-1,0
41,28916.91,4.9,9186.46,48,10.62,569,4,0,2174.005338556566,-1,0
35,48570.21,0.3,23675.81,48,8.54,673,2,0,3463.5017361641753,-1,0
18,107577.24,1.0,19138.71,36,7.219999999999999,739,4,1,8371.895180421943,-1,0
45,18312.66,2.3,36639.6,48,10.54,573,1,2,587.2494599481199,-1,1
18,25392.94,0.1,8804.89,48,9.1,645,4,1,1896.5499476345667,-1,0
55,22909.81,3.9,3318.65,48,12.02,499,2,0,1821.725458275471,-1,0
31,39114.59,1.2,15411.51,60,7.199999999999999,740,3,1,2952.926467000509,-1,0
46,15000.0,8.4,6545.37,36,7.82,709,2,1,1045.4349704128588,-1,0
40,71271.98,6.6,14966.5,24,8.959999999999999,652,0,0,5255.865614800141,-1,0
31,24933.94,18.3,8723.05,12,5.239999999999998,838,1,1,1330.1102567102976,-1,0
31,75621.38,5.2,23007.19,60,6.279999999999999,786,3,0,5853.986617802548,-1,0
46,16907.56,5.8,19507.5,24,5.539999999999999,823,1,0,548.4167509811747,-1,0
34,48959.72,1.6,30374.1,12,8.9,655,3,0,1425.125095433878,-1,0
25,33614.71,9.0,13668.05,24,8.9,655,3,0,2177.4314200085187,-1,0
43,79545.99,3.1,15048.0,24,9.959999999999999,602,3,0,5934.721431136083,-1,0
23,15742.02,3.3,3642.02,36,10.22,589,2,2,1193.9407201196475,-1,0
38,25736.99,13.6,19367.19,48,8.18,691,3,0,1670.3013734861988,-1,1
18,32752.13,6.7,21275.05,60,5.68,816,1,1,2321.1960456480174,-1,0
27,38466.46,6.2,99526.83,36,13.7,415,4,0,-181.56905144062875,-1,0
22,48042.72,0.6,28886.63,24,9.0,650,5,1,2683.88175313618,-1,0
36,61344.16,7.6,16707.81,36,5.48,826,1,0,4607.656647484318,-1,0
31,21355.73,40.0,9709.87,48,9.219999999999999,639,4,0,1536.998039485538,-1,0
38,50721.6,5.6,24773.42,24,9.4,630,1,0,3090.4806767058626,-1,0
33,100832.88,2.2,29533.81,24,8.58,671,4,0,7059.1796543095425,-1,0
29,26669.7,0.6,18468.28,48,8.32,684,2,0,1768.8310735217467,-1,0
30,31072.43,0.9,9829.54,24,12.26,487,6,1,2125.464200876051,-1,0
30,19898.92,2.1,15252.1,48,7.719999999999999,714,3,1,1287.8963691104636,-1,0
18,37522.8,1.7,5062.04,12,8.219999999999999,689,1,0,2686.046012316048,-1,0
45,21891.39,6.0,100000.0,48,7.32,734,5,0,-585.2163158011592,-1,0
29,22092.26,0.1,13456.91,60,8.7,665,2,0,1563.6335906318723,-1,1
33,57205.39,5.9,13691.75,24,9.56,622,1,0,4138.087962968965,-1,0
42,43433.65,9.7,18985.06,48,5.0,850,5,0,3182.258313136994,-1,1
32,116296.03,10.3,6979.83,36,7.039999999999999,748,5,1,9475.691271857506,-1,0
18,35876.67,10.0,27153.59,48,9.54,623,1,1,2307.0203506075077,-1,0
32,45167.99,4.1,10279.68,24,7.5600000000000005,722,3,0,3301.137245382845,-1,0
41,29881.38,8.7,3061.29,48,7.4,730,0,0,2416.239149640526,-1,0
42,50300.43,1.1,31370.56,60,9.24,638,6,0,3536.841165782931,-1,0
25,21230.44,10.4,15429.17,48,6.299999999999999,785,1,0,1404.722841432831,-1,0
36,88524.72,9.2,15969.88,36,10.72,564,10,1,6856.34164261544,-1,1
32,21772.77,5.7,12051.26,24,11.74,513,2,1,1248.5649830978368,-1,1
25,165284.72,4.9,19643.1,12,11.94,503,4,0,12029.012330855354,-1,0
52,18001.68,0.9,29430.64,36,11.56,522,3,0,528.7949903482547,-1,1
37,111523.54,11.2,36512.15,36,6.74,763,1,1,8170.574490111114,-1,0
39,55318.67,0.9,17367.75,36,5.0,850,4,0,4089.362118477112,-1,0
19,112553.86,2.6,2485.36,48,11.12,544,3,0,9315.107973205795,-1,1
22,30419.5,0.8,9822.26,36,12.56,472,3,0,2206.0853829463395,-1,1
31,58004.46,1.5,16142.27,48,8.66,667,2,0,4434.604933463926,-1,0
41,57533.62,2.4,15853.71,36,11.16,542,4,0,4274.236144007982,-1,0
27,41715.99,3.5,12433.98,48,9.18,641,4,2,3165.84855481828,-1,0
29,19980.33,4.7,9215.34,36,11.76,512,4,0,1360.0016098898616,-1,1
24,32959.98,0.9,7208.44,60,9.42,629,5,0,2595.5560041317913,-1,0
39,44009.46,1.8,5340.6,24,8.04,698,3,0,3425.8166853933144,-1,0
26,15000.0,2.5,7624.15,48,7.879999999999999,706,3,0,1064.3013745295575,-1,0
27,24784.95,15.8,24195.65,48,6.42,779,2,1,1492.5061298806054,-1,1
29,15000.0,3.4,20467.47,24,8.94,653,1,0,315.51225826648215,-1,1
43,42093.49,6.4,11222.44,48,10.4,580,1,0,3221.000114730933,-1,0
48,34225.64,6.2,26702.36,36,8.64,668,3,1,2007.475625669416,-1,0
19,17163.36,0.9,3988.79,36,10.74,563,1,0,1300.1827104034694,-1,1
21,41380.06,6.1,11421.53,60,7.799999999999999,710,2,0,3217.842574455431,-1,0
38,69995.37,1.6,23517.28,60,8.98,651,5,0,5344.995689722565,-1,0
34,39630.13,6.0,12418.47,36,8.68,666,9,1,2909.453716405346,-1,0
49,29887.12,1.4,14391.05,24,9.86,607,2,0,1827.4489106405704,-1,0
31,62161.47,10.1,7064.42,36,12.6,470,5,0,4943.453055825989,-1,0
38,43610.93,4.6,13501.65,24,8.02,699,2,0,3023.4779422720417,-1,0
39,42119.02,7.0,4362.77,12,12.82,459,7,0,3120.615941073278,-1,1
20,21967.15,4.4,36074.09,24,10.72,564,1,0,153.94614566741848,-1,1
36,42284.85,3.4,8102.35,36,6.74,763,3,0,3274.5225042621005,-1,0
35,52924.64,1.5,46595.26,48,7.719999999999999,714,4,0,3278.9743963448545,-1,0
29,33156.37,2.7,3968.12,36,10.58,571,2,0,2633.907498394515,-1,1
37,37056.93,5.0,7713.75,48,5.0,850,5,1,2910.4352867194248,-1,0
20,20639.23,3.5,13086.93,36,13.6,420,2,0,1275.1938534505007,-1,1
33,59170.08,3.1,8328.56,24,7.52,724,3,0,4555.982446042445,-1,0
53,38036.4,2.5,4567.3,36,7.34,733,0,2,3027.963948949629,-1,0
18,94814.15,2.1,15766.66,48,8.219999999999999,689,4,3,7514.6386451395265,-1,0
48,50377.63,1.2,11334.1,24,6.76,762,1,0,3691.9112209335085,-1,0
36,33729.65,7.5,43803.0,36,9.26,637,2,0,1412.5739429066336,-1,0
35,15000.0,4.0,42388.79,48,7.699999999999999,715,4,1,221.1245945208234,-1,1
22,29479.06,11.9,10014.19,12,7.5,725,1,1,1587.7830767336686,-1,0
26,15000.0,2.2,4659.13,36,8.08,696,2,2,1103.8277906011642,-1,0
24,79647.45,0.8,27026.81,24,9.84,608,4,0,5392.132270666436,-1,0
33,58920.8,10.9,6739.99,24,11.44,528,3,1,4594.5516791841455,-1,0
19,63355.37,0.0,5362.82,48,10.72,564,3,0,5141.737368180902,-1,0
45,56257.95,20.3,9266.67,36,6.16,792,5,0,4405.580157665827,-1,1
50,178414.63,5.7,13678.07,36,11.36,532,3,0,14417.747892904123,-1,0
38,18547.77,16.5,8817.77,48,9.299999999999999,635,2,0,1324.958675955373,-1,0
26,31039.98,2.4,27456.09,24,9.32,634,2,1,1328.3056085301967,-1,0
20,73450.61,0.9,22445.86,48,9.64,618,3,0,5555.471930641391,-1,0
34,38543.09,7.2,24327.41,48,11.14,543,1,0,2581.5142830441573,-1,0
36,20694.74,1.3,22564.45,36,5.0,850,1,0,1048.284857493296,-1,0
37,15000.0,6.2,6173.83,24,10.7,565,5,0,963.1102783008735,-1,0
29,58979.37,0.5,21139.85,24,7.4,730,4,0,3964.6238270781273,-1,0
46,29045.9,15.4,4602.11,36,11.0,550,4,0,2269.824489235342,-1,0
54,49256.22,10.0,19938.02,48,11.44,528,0,0,3585.105786982901,-1,1
26,25336.76,5.6,5497.81,60,5.66,817,1,1,2005.975605785014,-1,1
37,37954.92,5.9,2029.74,12,9.54,623,8,1,2984.897561294525,-1,0
33,46667.81,1.9,10212.5,12,9.98,601,5,0,2991.2381604286243,-1,0
18,39647.62,4.7,18583.01,24,11.32,534,3,0,2435.0909865325534,-1,0
38,22778.63,4.8,16751.01,48,5.0,850,1,0,1512.45523977183,-1,0
18,27925.44,0.4,9010.59,24,8.54,673,1,0,1917.3726545983566,-1,1
30,53551.93,4.6,5761.61,24,10.78,561,5,0,4194.7127594161275,-1,0
18,69934.02,4.8,6016.6,48,11.22,539,6,1,5671.689241102863,-1,0
37,113814.16,2.3,23884.06,48,11.26,537,1,0,8864.197290725486,-1,0
47,18476.09,2.6,7224.14,36,5.48,826,2,1,1321.5999062753103,-1,0
29,16579.8,1.8,4451.59,36,10.28,586,4,0,1237.423802299551,-1,0
25,56640.19,0.7,11403.95,48,11.06,547,2,0,4424.942389295707,-1,0
48,24617.67,0.2,11128.98,12,5.0,850,5,0,1098.7485473257814,-1,0
46,34006.54,3.7,23838.47,24,8.0,700,5,0,1755.728902773821,-1,0
48,42598.02,21.3,11410.42,36,5.5,825,3,0,3205.287078134065,-1,0
34,28853.99,15.2,6255.95,24,8.84,658,7,0,2119.1567394390836,-1,0
28,20202.89,12.2,16611.02,36,7.039999999999999,748,4,0,1170.3702457164147,-1,0
42,21420.88,1.1,2510.31,60,12.04,498,3,0,1729.182118930487,-1,0
41,15000.0,7.4,19377.77,36,8.219999999999999,689,2,0,640.8025393689002,-1,0
58,156543.7,4.5,32183.98,36,13.1,445,2,1,11959.352025465709,-1,0
35,16711.7,2.9,22728.04,12,8.68,666,6,0,-591.5878902174534,-1,0
25,43664.29,2.9,24363.05,24,14.24,388,3,1,2466.186394881315,-1,0
30,134874.11,2.5,12384.97,36,10.78,561,3,0,10835.330234609599,-1,1
18,45012.16,5.7,6370.71,24,6.84,758,2,1,3466.2420892516784,-1,0
44,46142.22,0.9,57694.31,36,9.86,607,2,0,1987.34179537337,-1,0
38,67409.23,2.5,6786.47,36,8.36,682,3,0,5403.643663686278,-1,0
30,18572.75,0.4,27234.69,48,6.779999999999999,761,2,0,898.3368320397967,-1,0
34,63254.28,4.2,35851.16,48,5.0,850,5,0,4445.563111511778,-1,0
27,68223.38,7.5,48214.85,48,9.82,609,2,0,4466.592174405612,-1,1
32,27696.54,11.9,17465.99,48,8.92,654,4,0,1874.0662717179516,-1,0
42,19530.28,3.6,25480.44,48,10.06,597,3,0,980.5390905013442,-1,1
38,16948.86,1.9,6590.56,36,6.619999999999999,769,2,0,1210.050741413596,-1,0
31,42590.92,1.1,8069.38,48,10.58,571,1,0,3342.328031528165,-1,1
40,33592.29,7.3,54255.38,36,8.48,676,1,1,1087.1515207833716,-1,0
47,32120.49,17.9,19459.58,60,7.16,742,3,1,2289.913829724277,-1,0
27,29379.66,3.0,8984.86,48,9.16,642,5,1,2224.0331437866143,-1,0
23,204915.64,2.1,9352.19,36,8.56,672,2,0,16780.81764646845,-1,0
30,94327.22,4.7,3025.07,36,10.18,591,1,0,7762.735321467846,-1,0
47,40639.39,1.6,46642.09,36,8.1,695,3,0,1922.8696078620276,-1,0
29,17814.29,0.1,36963.75,36,13.08,446,4,1,237.64454727116754,-1,1
32,33976.1,1.8,9255.34,24,9.719999999999999,614,4,1,2405.4497959833247,-1,0
31,121949.53,4.9,6636.64,36,10.62,569,4,1,9946.378096913124,-1,0
47,38987.49,1.8,7312.2,36,11.44,528,4,0,3008.0389503473193,-1,0
23,41034.19,1.2,13685.42,24,8.16,692,4,0,2799.5622058636777,-1,1
39,166725.73,13.9,24932.92,24,13.56,422,1,0,12701.885535414138,-1,0
29,15000.0,4.9,3740.2,36,9.56,622,1,0,1130.0854313844193,-1,0
25,34482.62,0.7,6960.91,36,9.12,644,5,0,2651.807621171504,-1,0
57,47870.31,0.6,23000.44,36,9.799999999999999,610,1,0,3249.190836846853,-1,0
20,133407.26,0.9,7964.39,36,9.459999999999999,627,1,0,10862.297655841516,-1,0
28,75898.24,0.8,7204.36,36,11.78,511,3,0,6086.3217898506055,-1,0
35,21936.03,1.0,6998.56,48,10.64,568,3,0,1648.342157232753,-1,0
42,86355.28,1.7,23212.23,48,9.68,616,2,0,6611.112006077838,-1,0
18,51774.11,24.5,29533.8,60,10.66,567,3,0,3677.3692184886927,-1,1
21,99220.46,5.0,9622.6,48,10.68,566,4,0,8021.163260001178,-1,0
61,36766.75,9.3,14612.24,48,10.84,558,4,0,2687.3692318847925,-1,0
32,37110.81,7.3,6191.1,24,12.74,463,2,0,2798.9868349460257,-1,0
40,64286.02,4.6,5493.76,48,6.66,767,1,1,5226.478278920912,-1,0
40,130704.43,4.3,8297.87,36,7.539999999999999,723,2,0,10633.768013411163,-1,0
18,16636.39,0.3,89849.73,36,7.68,716,1,0,-1415.9531783038747,-1,1
23,18717.98,7.3,12132.09,12,8.76,662,1,1,500.21224526669903,-1,1
47,15998.84,0.4,67826.3,36,9.84,608,1,1,-850.2357413376385,-1,0
31,37464.59,17.4,29066.45,36,10.5,575,1,0,2177.318517659862,-1,1
33,55836.5,1.5,30740.37,48,5.16,842,5,0,3942.882487132365,-1,0
29,28447.16,12.1,9774.59,48,5.0,850,5,0,2145.49476402396,-1,0
38,61992.07,3.6,7391.05,36,5.559999999999999,822,3,1,4942.626338567348,-1,0
23,33094.51,6.8,3972.83,24,7.66,717,2,0,2578.8109229717534,-1,0
38,94796.45,2.3,15270.02,36,7.199999999999999,740,6,0,7426.812686627052,-1,0
29,57933.63,0.2,8922.45,48,6.879999999999999,756,6,1,4614.639726625523,-1,1
29,52792.69,16.1,11104.84,24,6.26,787,6,0,3905.91553079072,-1,0
32,15000.0,6.9,12712.35,48,10.28,586,5,0,925.8698649131748,-1,1
32,22852.53,4.3,14502.9,24,12.44,478,2,0,1218.6918150842748,-1,1
32,83954.06,5.9,12733.44,48,7.52,724,3,0,6688.172207237376,-1,0
27,109739.52,7.0,26551.96,48,6.959999999999999,752,4,0,8509.632904598806,-1,1
18,15000.0,22.7,39518.92,24,6.199999999999999,790,1,0,-505.06623220040365,-1,1
33,46389.27,0.8,50680.1,48,6.52,774,4,0,2663.4287687780575,-1,0
28,39593.5,0.1,24404.56,60,8.08,696,3,1,2803.686953131506,-1,0
31,32666.02,0.6,32907.03,48,10.4,580,3,0,1881.2254741359816,-1,0
47,17626.35,1.5,11067.39,48,13.16,442,1,1,1171.0725027549038,-1,0
58,43331.32,4.4,5062.41,36,13.92,404,3,0,3438.1187947734365,-1,0
30,79112.71,1.2,9139.64,36,8.78,661,2,0,6303.022635690487,-1,0
44,15000.0,1.6,5913.02,12,9.86,607,1,0,730.5365347297679,-1,0
39,74773.39,15.3,55726.32,48,9.82,609,6,0,4822.564720421501,-1,1
50,15000.0,4.6,6857.01,60,12.78,461,0,0,1094.7531002827745,-1,0
43,16661.49,0.3,26908.42,48,8.42,679,2,0,726.2264553919682,-1,1
29,38782.89,3.2,17850.14,24,6.879999999999999,756,4,1,2433.6814071680096,-1,0
38,16477.08,4.3,14102.92,60,10.52,574,3,0,1069.8234975430419,-1,0
46,27707.37,5.7,5668.12,12,8.2,690,3,1,1815.362341838746,-1,0
24,23065.88,6.9,11879.91,12,10.44,578,4,1,875.2911678974453,-1,0
31,22049.73,3.5,12109.14,48,11.66,517,4,2,1520.615118152306,-1,1
42,121915.29,3.7,4158.29,24,6.379999999999999,781,3,0,9974.596716114102,-1,0
25,19175.18,10.8,14342.22,36,9.16,642,2,0,1140.7841462203735,-1,0
45,22572.71,4.8,17903.03,60,10.1,595,4,0,1499.7911870436403,-1,0
51,15000.0,0.6,8013.13,36,9.36,632,2,1,993.8398977962772,-1,0
27,93708.83,4.0,28901.05,48,7.359999999999999,732,5,0,7112.16021804734,-1,0
53,53593.94,15.1,8526.07,48,8.799999999999999,660,2,1,4254.798822742473,-1,0
23,60979.61,10.6,6175.81,12,12.7,465,2,0,4530.896507369203,-1,0
37,76055.7,8.3,40815.7,24,7.9,705,2,0,4493.852413630328,-1,1
51,26882.39,0.4,4416.19,60,8.76,662,3,0,2149.03986564781,-1,0
47,57395.71,22.1,39842.77,36,9.5,625,4,1,3506.6943843897952,-1,0
34,203640.12,13.5,4369.14,24,8.7,665,5,1,16771.00782008082,-1,0
34,31804.09,3.2,10828.8,48,8.4,680,4,1,2383.9402420742554,-1,0
41,30418.19,2.2,16134.04,48,7.18,741,2,1,2147.1507008444482,-1,0
18,18345.27,9.1,1964.04,48,11.18,541,1,1,1477.8390053519447,-1,0
27,20014.65,12.2,10785.85,12,9.04,648,1,0,724.4489088948402,-1,0
31,15988.84,0.8,6306.85,36,9.4,630,1,0,1130.6710124176739,-1,0
34,31343.11,2.7,4277.85,36,5.66,817,3,0,2482.4433514880548,-1,0
32,49583.45,1.0,8313.16,12,13.56,422,1,0,3387.2594617648547,-1,0
39,48198.62,7.5,42706.78,24,8.62,669,1,0,2072.940967246482,-1,0
37,114150.56,7.4,5668.59,36,10.34,583,5,0,9328.73101118343,-1,1
25,49452.0,5.0,4884.44,24,11.72,514,3,0,3891.7106091798064,-1,0
19,115777.53,4.5,7553.49,24,9.9,605,4,2,9299.920787814921,-1,0
46,54225.56,1.7,78724.26,36,8.6,670,0,0,2030.0162043099313,-1,0
40,109780.46,29.8,11653.12,24,9.32,634,4,1,8614.289319474312,-1,0
32,105993.17,0.2,25045.24,60,7.199999999999999,740,6,0,8334.471714947995,-1,0
37,38328.73,0.6,1951.56,48,9.2,640,5,0,3145.310635001896,-1,0
39,33539.6,1.3,8311.81,12,6.66,767,6,0,2077.0749296434487,-1,0
30,28569.57,16.0,19305.41,36,11.7,515,3,1,1742.3443053014282,-1,1
30,79197.79,3.1,5697.55,48,10.379999999999999,581,5,0,6454.269265143078,-1,0
34,28599.32,3.9,2323.84,48,6.92,754,3,0,2327.715636455612,-1,0
24,68263.71,4.5,15406.82,48,13.4,430,3,0,5272.250829469527,-1,0
32,39257.11,2.5,13809.72,24,13.52,424,2,0,2611.508528462889,-1,0
26,151485.11,2.6,14289.09,36,9.34,633,4,1,12167.105439353565,-1,0
31,30545.72,0.1,13761.16,12,11.82,509,1,1,1323.972734173242,-1,0
26,106675.8,6.4,10216.49,48,11.7,515,2,0,8622.113035531636,-1,0
31,113609.56,9.5,25758.79,48,8.459999999999999,677,8,1,8833.039201859478,-1,0
32,66832.69,2.4,32584.24,36,7.16,742,4,0,4560.898700691112,-1,0
21,18755.49,13.8,62974.97,60,9.459999999999999,627,1,0,241.59658842439535,-1,1
18,67703.95,1.8,15864.09,48,8.74,663,3,0,5249.172904961801,-1,1
30,15877.75,3.7,6323.87,48,7.66,717,3,0,1169.7689651953503,-1,0
54,46723.92,4.1,34753.65,24,10.799999999999999,560,6,0,2277.092654191418,-1,1
29,88895.04,0.1,6028.26,12,9.56,622,5,0,6879.173003287593,-1,0
18,21824.36,10.3,13477.55,36,9.52,624,6,0,1386.8449709150302,-1,0
23,88176.13,5.8,3405.84,48,8.34,683,3,0,7264.319693895344,-1,1
36,63163.4,2.0,18886.85,12,12.72,464,5,1,3579.174767329308,-1,1
42,15000.0,14.7,18129.34,48,8.04,698,6,0,807.069353407767,-1,0
30,20224.77,2.0,5651.84,60,8.66,667,6,0,1569.0050236296663,-1,0
31,23031.56,5.7,5018.77,60,10.299999999999999,585,4,1,1811.9202944561157,-1,1
35,24622.41,0.8,18359.04,60,6.58,771,2,1,1691.9634544871328,-1,0
33,15000.0,2.9,3866.1,48,5.0,850,2,1,1160.9664481265231,-1,0
18,18081.91,2.0,4217.21,48,11.48,526,4,1,1396.8441860092457,-1,0
27,50186.83,2.9,14347.82,36,8.52,674,3,0,3729.1775104737562,-1,0
29,18321.77,8.4,6239.95,36,6.859999999999999,757,3,0,1334.5417952104492,-1,0
28,19182.48,5.2,17492.01,48,8.44,678,2,1,1167.886960752527,-1,0
40,38114.86,4.5,57845.04,36,6.459999999999999,777,5,0,1404.3984951162963,-1,0
42,15885.45,10.5,28738.97,36,9.12,644,2,0,408.2900332658911,-1,0
41,337932.83,1.9,4726.03,36,10.82,559,3,0,28006.747549821852,-1,0
38,48340.62,6.2,10015.75,36,9.34,633,3,1,3708.2995663344423,-1,0
39,61771.26,0.1,38432.57,48,9.84,608,2,0,4175.806202751089,-1,0
20,26440.3,0.5,9840.56,48,6.0600000000000005,797,6,0,1971.9816977551193,-1,0
47,95069.03,1.5,3809.83,60,10.12,594,6,0,7841.246403863123,-1,0
24,30212.34,6.7,4207.26,36,7.4399999999999995,728,5,0,2386.9389573545454,-1,0
26,31846.44,3.5,15462.49,48,8.12,694,6,0,2275.5138512432195,-1,0
32,15000.0,0.1,13819.57,48,12.24,488,2,1,884.4471216913845,-1,0
50,15000.0,0.8,11025.63,48,9.2,640,3,1,974.5784658278278,-1,1
44,91832.02,1.1,27742.3,24,8.9,655,3,1,6386.540996018866,-1,0
38,20987.53,4.8,6917.05,48,11.299999999999999,535,2,0,1569.1766507396055,-1,0
33,42675.21,5.7,50442.92,60,11.18,541,2,1,2454.982623797154,-1,0
37,19285.38,2.2,40329.18,36,10.36,582,2,0,298.9787980549279,-1,0
29,50825.86,8.6,2855.39,24,12.02,499,1,1,4101.048540977176,-1,1
33,15000.0,2.1,7300.49,12,9.719999999999999,614,1,0,609.121265168613,-1,0
45,69376.62,0.3,2085.71,48,6.92,754,3,0,5731.517454763883,-1,0
29,61689.37,2.2,12836.67,24,9.299999999999999,635,5,0,4552.57238425913,-1,0
45,23783.03,0.5,14600.35,48,9.66,617,2,0,1613.9960024849806,-1,1
28,59213.39,2.5,7625.0,36,8.12,694,1,0,4695.08704748879,-1,0
40,15000.0,6.3,4435.63,60,5.5,825,5,2,1165.2743120359783,-1,0
21,26150.11,3.4,7682.67,36,12.7,465,5,0,1921.425059272417,-1,0
39,18913.03,4.7,18104.57,60,8.379999999999999,681,2,0,1205.6890628001506,-1,0
43,66276.45,8.1,36554.02,36,8.08,696,2,1,4376.217843581478,-1,0
33,59325.34,2.4,50984.18,36,9.64,618,2,0,3307.2660251882307,-1,0
24,41161.24,1.6,26781.1,48,8.16,692,2,0,2774.285176027147,-1,0
32,38269.03,0.7,17812.48,48,7.68,716,1,1,2756.901766826959,-1,0
42,57762.53,0.1,17827.66,36,12.98,451,1,0,4213.031570157762,-1,1
44,15000.0,0.9,45400.39,60,15.04,348,4,0,168.97441293693782,-1,0
26,22998.44,6.1,39710.43,36,7.719999999999999,714,1,1,677.2791150265468,-1,0
26,56915.06,6.7,6655.49,48,10.299999999999999,585,4,0,4573.160752318617,-1,0
26,40107.34,15.1,11509.46,36,9.02,649,4,1,2976.173439864181,-1,1
28,46546.78,3.3,3688.3,48,6.719999999999999,764,1,1,3791.0557412482813,-1,0
29,78863.7,4.2,2642.73,60,9.14,643,3,0,6516.9365336282135,-1,0
48,15000.0,1.4,3906.03,36,12.1,495,3,1,1120.07727067037,-1,0
30,37678.14,1.8,5256.08,36,8.0,700,3,0,2975.138556225481,-1,0
30,57322.94,4.8,8276.83,24,5.0,850,3,1,4413.795631974036,-1,0
18,77104.46,3.4,24760.95,36,7.039999999999999,748,2,0,5660.372489827849,-1,0
41,17807.48,4.3,19285.72,24,7.9,705,3,1,612.5951110299557,-1,0
39,52448.08,0.0,18272.41,24,10.92,554,0,0,3519.714317654584,-1,0
38,15000.0,3.7,8551.26,36,8.719999999999999,664,3,0,979.1852100435024,-1,1
47,16459.13,2.0,7121.07,48,13.54,423,3,1,1178.6396139712774,-1,0
29,43078.97,0.6,2563.77,36,7.779999999999999,711,2,1,3509.8348765277947,-1,0
18,29619.42,3.7,42722.99,24,8.94,653,2,0,517.6721277102802,-1,1
28,75469.69,4.4,4032.69,36,9.12,644,2,0,6160.67702690172,-1,0
53,45780.09,6.0,2369.78,48,7.119999999999999,744,3,0,3758.1281400646453,-1,1
35,27444.37,9.7,18860.96,60,9.14,643,1,0,1894.2255476251441,-1,0
38,31625.83,1.4,12748.75,48,8.64,668,7,3,2320.4074441241555,-1,0
35,36120.07,1.0,10357.21,36,8.799999999999999,660,4,0,2681.612553014242,-1,0
26,83900.15,3.9,9550.93,60,8.14,693,2,1,6797.3801816999985,-1,0
40,31844.32,4.9,16085.89,48,7.4,730,4,0,2265.504431746434,-1,0
49,45806.06,1.1,20137.63,24,12.58,471,3,0,2863.7599045705797,-1,0
44,46824.83,7.5,11664.77,48,10.12,594,1,0,3605.547778603115,-1,0
46,42005.0,1.7,18045.68,36,6.48,776,5,0,2947.4988269601727,-1,0
37,31189.28,4.4,12373.42,60,9.18,641,2,1,2341.1725325676807,-1,0
30,24948.22,3.5,4346.86,60,13.86,407,4,0,1978.1897277542525,-1,0
41,100462.91,26.6,16801.82,36,8.62,669,2,0,7840.5823395128355,-1,0
23,58295.05,5.0,11480.73,12,10.18,591,5,1,3847.6208906863317,-1,0
51,17553.72,0.8,14261.37,36,9.16,642,3,1,1008.2395127485738,-1,0
38,22107.67,1.6,8145.36,60,10.94,553,2,0,1665.4496024519974,-1,1
38,35933.33,3.6,17472.86,60,12.72,464,4,0,2599.3828836852313,-1,0
25,18442.09,0.3,13572.7,36,6.619999999999999,769,0,1,1120.1093802374378,-1,0
28,56393.62,10.6,36706.16,36,6.539999999999999,773,2,0,3573.7927223207935,-1,1
35,44328.71,0.7,9796.49,36,10.26,587,1,0,3376.7567979268715,-1,0
26,33022.45,3.1,4888.63,36,8.56,672,0,0,2597.412872857951,-1,0
39,24765.65,0.8,2731.38,48,8.14,693,4,0,1996.9435569468048,-1,0
39,53973.06,7.8,18239.55,48,8.34,683,2,1,4049.5575737156823,-1,0
34,20477.2,6.5,40846.44,48,10.2,590,5,1,666.5344300280642,-1,1
36,26264.11,3.7,8945.5,36,9.66,617,3,2,1901.4555551206513,-1,0
37,27838.86,4.6,5390.65,60,11.22,539,3,0,2202.1069001769906,-1,1
35,235745.88,6.2,15273.22,36,12.66,467,1,0,19133.372516255236,-1,0
53,161061.68,1.0,7907.67,12,9.18,641,2,0,12729.609009371032,-1,0
18,54927.17,8.4,9911.25,36,8.959999999999999,652,3,0,4262.273546835598,-1,0
37,21912.5,13.4,16432.08,36,9.0,650,1,2,1303.5059156199125,-1,0
33,28391.02,0.5,9932.33,24,8.54,673,4,0,1914.2558061122409,-1,0
45,44054.82,5.7,3098.04,36,8.2,690,5,0,3573.867595046997,-1,0
46,58839.45,0.7,12266.27,48,8.959999999999999,652,1,0,4598.273775875825,-1,1
31,15000.0,6.2,12538.07,36,12.62,469,0,1,829.8340805114092,-1,1
27,25359.74,15.0,49873.3,24,11.1,545,3,0,-213.49119597425351,-1,0
27,49072.91,0.2,15100.24,36,12.12,494,1,1,3586.999216172092,-1,0
27,34429.49,3.4,59084.71,24,7.699999999999999,715,5,1,204.95973408647706,-1,0
40,43121.92,2.1,4685.01,36,7.279999999999999,736,1,0,3448.2332944032423,-1,1
43,67869.57,29.8,42552.51,48,11.08,546,1,0,4554.351726241752,-1,0
37,76586.39,14.6,11129.22,24,7.68,716,1,1,5880.477398695081,-1,1
47,62957.31,14.4,11283.64,12,10.0,600,3,0,4254.431278215971,-1,0
23,40098.39,9.6,8974.22,24,11.52,524,3,0,2921.0936266721446,-1,0
35,25122.68,2.0,8631.37,36,9.7,615,2,0,1816.2607653538453,-1,0
42,21141.99,7.0,14562.75,60,6.26,787,5,2,1478.5297960070989,-1,0
38,22143.07,15.8,26706.95,12,10.06,597,6,0,-503.4547065891286,-1,1
36,166108.3,1.0,8195.5,36,8.799999999999999,660,1,0,13582.505812349871,-1,0
42,38336.38,2.4,9384.1,36,6.16,792,5,1,2908.535023460627,-1,0
26,29806.7,1.8,17197.72,36,11.9,505,1,0,1913.5023152633248,-1,1
19,23510.58,0.2,11228.54,24,5.219999999999999,839,2,0,1465.4962960373216,-1,0
26,35173.56,6.5,2920.83,48,10.24,588,2,0,2856.713100778704,-1,0
28,29373.12,2.6,8359.83,48,7.379999999999999,731,2,0,2246.096324324902,-1,0
33,15914.71,0.5,12839.7,48,6.42,779,2,0,1022.2064777705774,-1,1
31,16760.2,3.5,14610.14,48,8.04,698,3,0,1039.7327351867352,-1,0
40,39429.22,1.8,12759.25,48,10.64,568,0,0,2958.225063224483,-1,1
46,40581.94,10.8,35724.38,48,5.84,808,3,0,2545.4583420871386,-1,0
35,36131.99,2.4,10800.79,24,10.54,573,2,0,2509.9012636907573,-1,1
26,29783.06,0.9,9153.89,12,7.84,708,3,2,1686.3161867267286,-1,1
41,25292.49,2.8,5193.55,48,8.04,698,3,0,1980.820229994082,-1,0
22,25739.02,16.2,8930.26,60,10.959999999999999,552,1,0,1950.9309387584428,-1,1
18,47852.49,3.3,9246.06,48,5.300000000000001,835,5,0,3773.518472261809,-1,0
36,74705.36,5.3,11301.55,48,7.879999999999999,706,2,0,5950.178958045315,-1,0
24,32220.65,0.7,21108.74,24,6.959999999999999,752,2,1,1740.3441675677038,-1,1
30,23445.29,11.1,9403.07,60,10.72,564,4,1,1750.6392194765676,-1,1
47,61370.74,8.7,5466.53,60,10.32,584,4,0,4997.218133224241,-1,1
31,15000.0,18.0,11331.42,12,11.74,513,4,0,244.59478349706023,-1,1
40,23422.44,5.8,34186.21,48,9.7,615,4,0,1089.7364057512264,-1,0
44,79902.51,2.7,77146.89,24,7.359999999999999,732,3,1,3191.872955565409,-1,0
38,62101.11,2.1,5336.24,60,9.36,632,2,0,5063.386264890262,-1,0
45,51143.54,1.5,4005.18,60,7.9,705,3,0,4180.942603867391,-1,0
47,30748.41,7.7,30812.74,48,11.04,548,9,0,1765.3974552622947,-1,0
18,15000.0,2.3,5205.26,36,7.859999999999999,707,3,0,1087.2220416839393,-1,0
60,141933.36,11.2,7710.54,36,7.5600000000000005,722,2,0,11587.721730929868,-1,0
29,61247.57,2.4,12822.28,36,9.4,630,1,1,4693.827838098452,-1,0
18,15718.0,5.4,11210.22,48,8.879999999999999,656,4,0,1031.5048555267997,-1,1
53,56143.45,10.5,18779.34,48,9.74,613,2,0,4204.669681271436,-1,0
30,16419.71,1.5,5296.76,12,11.459999999999999,527,3,0,899.0354592702736,-1,1
39,21852.44,1.0,18511.03,24,9.86,607,1,0,968.042180315885,-1,1
35,47876.21,4.2,9705.09,36,8.6,670,8,0,3682.8684737987533,-1,0
41,20688.59,13.0,2027.28,36,10.32,584,5,0,1658.3295456973453,-1,0
18,45543.2,2.8,25251.01,48,8.54,673,2,0,3172.3951411401463,-1,0
18,15885.57,3.3,9018.45,48,7.959999999999999,702,5,1,1103.800072479398,-1,0
49,20546.27,5.2,18093.31,48,8.299999999999999,685,4,0,1267.9262528791546,-1,0
35,20688.28,1.0,10845.51,24,6.84,758,3,0,1239.2281730764646,-1,0
44,52305.2,0.5,17393.1,36,7.219999999999999,739,4,0,3819.966976175347,-1,0
29,59942.27,7.2,7498.38,36,8.68,666,3,0,4757.857867043565,-1,0
25,35079.54,1.0,20025.91,24,10.379999999999999,581,3,2,1995.684599340455,-1,0
27,43125.5,0.1,20762.7,24,8.78,661,2,1,2647.347482222262,-1,0
43,16392.26,4.2,28803.66,48,10.74,563,3,0,625.20764812047,-1,0
48,18941.42,0.3,11387.15,36,8.879999999999999,656,5,0,1216.9789728001676,-1,0
59,69434.07,3.2,18484.71,36,6.699999999999999,765,2,1,5217.95034978483,-1,0
36,15000.0,0.5,24610.15,24,9.68,616,4,1,117.99781509749096,-1,1
44,49323.74,0.4,5641.5,36,10.04,598,2,0,3928.1703656418144,-1,0
24,31502.04,9.0,6947.86,48,8.98,651,3,0,2452.338183594157,-1,0
43,30534.27,1.2,17103.02,48,12.7,465,4,0,2088.233802493946,-1,0
46,15000.0,15.7,4472.67,48,7.699999999999999,715,3,1,1141.437803253536,-1,0
55,34882.76,8.6,13214.07,36,11.54,523,4,1,2470.8979855654325,-1,0
27,15000.0,4.0,27060.47,36,5.0,850,2,0,438.9734380261109,-1,0
33,33843.86,0.8,10054.9,24,8.08,696,0,1,2365.198816626573,-1,0
29,15000.0,0.5,14598.89,24,7.76,712,1,0,591.3285868518616,-1,0
49,171823.88,1.3,14901.85,36,10.66,567,1,0,13833.185084713848,-1,1
18,25316.82,9.2,14487.32,12,8.34,683,1,0,847.2271796447437,-1,0
47,93981.2,12.1,13004.47,36,7.76,712,3,0,7425.692119146826,-1,0
18,54265.15,0.2,15929.33,60,5.539999999999999,823,5,0,4217.532931103576,-1,0
37,47068.13,0.1,45000.7,36,7.219999999999999,739,2,0,2528.3222135994893,-1,0
45,35184.82,2.2,32697.42,24,9.02,649,4,0,1437.9950660529325,-1,0
18,32258.94,1.5,27643.04,60,6.76,762,5,0,2144.004349905693,-1,0
29,31176.57,0.5,10097.82,60,9.0,650,0,0,2388.4333654282195,-1,0
43,51579.23,1.1,13683.99,24,11.299999999999999,535,0,0,3658.580363138595,-1,0
35,30547.69,0.5,20196.57,48,10.12,594,0,0,2032.2389428097583,-1,0
21,47757.89,19.4,2695.25,60,6.18,791,3,0,3927.4915489903533,-1,0
27,22797.4,1.3,6526.32,48,10.34,583,4,1,1733.1913254976712,-1,1
48,18941.42,0.3,11387.15,36,8.879999999999999,656,5,0,1216.9789728001676,-1,0
37,40693.8,8.3,33127.08,48,9.719999999999999,614,1,0,2555.409200057723,-1,0
28,23390.61,1.2,14622.3,48,8.14,693,5,1,1591.2827221562961,-1,0
30,131473.35,3.4,8481.74,24,11.32,534,3,1,10559.535640414066,-1,0
37,85001.04,10.6,5342.82,48,7.719999999999999,714,4,0,6953.6872309131695,-1,0
41,20765.93,3.7,13973.3,24,5.0,850,1,1,1117.4660764956059,-1,1
42,97184.12,0.4,55863.73,24,9.7,615,2,0,5528.577254740029,-1,0
33,37108.25,3.7,4468.14,12,8.98,651,2,0,2701.6501641912096,-1,0
28,38304.96,3.5,4553.85,36,6.199999999999999,790,7,0,3053.130013811383,-1,0
26,51954.5,1.2,3705.11,48,6.699999999999999,765,0,0,4241.332980588707,-1,0
36,135951.29,1.9,25962.92,36,8.879999999999999,656,4,1,10505.109504478112,-1,0
41,53081.38,0.2,26614.84,24,6.52,774,3,0,3237.616382534327,-1,0
38,38554.73,5.6,7610.06,60,7.32,734,3,1,3061.0542693318685,-1,0
31,64262.2,0.1,9223.96,36,11.7,515,2,0,5050.135850282114,-1,1
40,56353.05,2.9,24905.61,24,9.42,629,2,0,3553.475720264562,-1,0
18,16046.15,0.9,3301.43,12,8.86,657,3,1,1048.6785294387628,-1,0
44,16765.83,2.5,48524.11,36,7.58,721,3,1,-114.03253863225132,-1,1
22,46238.14,8.9,19137.11,36,6.640000000000001,768,2,1,3265.4247602653077,-1,0
33,21646.62,9.4,3352.97,60,7.74,713,1,0,1736.3153075650848,-1,1
27,70533.11,6.3,23575.68,36,8.98,651,3,1,5128.278274582624,-1,0
44,121762.85,4.4,4735.89,24,11.74,513,5,1,9924.543968772688,-1,0
44,72844.86,16.1,18210.16,24,6.9,755,3,1,5255.914463090256,-1,0
51,28410.91,0.9,7155.13,60,9.78,611,4,0,2216.3238430082906,-1,0
47,15000.0,2.8,5203.95,36,8.68,666,4,0,1085.2897270245528,-1,0
18,15000.0,2.3,21648.92,36,7.66,717,7,0,574.9920058581657,-1,0
40,49724.84,9.0,6034.91,24,7.18,741,3,0,3873.0454556742884,-1,0
52,28858.95,10.8,71273.9,12,12.4,480,1,1,-3941.031941371713,-1,0
18,66241.63,2.4,26629.58,12,10.52,574,4,0,3172.5274875093064,-1,1
37,23981.56,2.0,5360.22,36,9.26,637,1,0,1827.3604040818436,-1,0
47,37967.15,7.6,13040.53,24,12.6,470,6,0,2546.405863470691,-1,0
49,111880.12,13.5,59944.34,12,12.24,488,2,1,3990.6287945870345,-1,0
41,37374.97,15.5,5098.87,36,9.48,626,4,1,2951.296652575011,-1,0
19,46682.06,4.9,6240.51,36,7.859999999999999,707,4,0,3695.0195557920974,-1,0
40,104954.41,0.5,12168.34,12,7.02,749,4,0,7693.201772295967,-1,0
43,18364.19,1.3,9058.07,24,7.1,745,3,0,1124.3852469874485,-1,1
30,27683.68,9.8,5913.4,48,10.04,598,6,2,2156.8806119032347,-1,1
39,38463.34,0.7,9677.37,48,7.76,712,5,0,2970.1141528131066,-1,1
18,16445.27,0.0,14820.72,36,9.08,646,3,0,898.592218779095,-1,1
21,62593.36,7.3,13545.58,12,9.34,633,4,0,4029.3955874067055,-1,0
38,25112.76,5.8,13732.67,36,6.9399999999999995,753,5,0,1669.081644157563,-1,0
41,46892.75,3.4,7792.7,12,5.579999999999998,821,0,0,3238.542705858855,-1,0
28,105302.86,2.7,22679.4,24,10.9,555,4,0,7719.253164374415,-1,1
25,39526.39,1.9,16895.82,48,7.9399999999999995,703,1,0,2881.8651824273843,-1,0
42,27067.47,0.6,7984.12,60,8.2,690,3,0,2092.968040158862,-1,0
36,107744.33,16.5,9239.83,36,8.44,678,4,0,8687.272305584029,-1,0
44,16705.36,1.9,7539.88,24,9.86,607,3,1,1044.673127804709,-1,0
51,54144.37,4.8,9370.0,48,8.02,699,3,3,4283.193774807916,-1,0
46,43884.85,1.5,5164.14,24,10.1,595,2,0,3418.5335527034777,-1,0
41,26980.42,0.4,4612.91,24,8.86,657,3,1,2037.9249135269272,-1,0
40,83678.23,0.7,18344.65,36,5.0,850,3,0,6423.38021576223,-1,0
27,46668.93,4.7,34769.93,48,12.28,486,1,1,2968.6645165741143,-1,1
50,15000.0,2.1,26774.97,48,8.4,680,1,0,591.3057920596865,-1,0
22,105284.41,3.7,26760.16,36,10.1,595,3,0,7908.968821839616,-1,1
40,37329.87,7.2,6089.94,48,6.24,788,1,0,2967.1290157991716,-1,1
34,46924.85,1.7,1325.98,24,11.54,523,3,0,3848.270145633269,-1,0
27,40916.17,4.1,5345.35,36,10.32,584,4,0,3236.3972336587144,-1,0
21,56924.18,3.5,42873.63,60,10.84,558,3,0,3814.922449063455,-1,1
39,85110.56,2.1,23131.41,48,10.5,575,2,1,6500.304392239677,-1,0
43,29256.78,0.3,19642.58,48,5.940000000000001,803,0,1,1977.2985862901905,-1,1
38,212970.15,8.3,30938.28,48,7.92,704,2,0,16993.37993403084,-1,0
18,16272.83,0.6,10382.67,24,9.86,607,2,0,877.6322421087317,-1,0
19,28559.41,7.5,22809.31,36,6.9,755,4,0,1676.7079678354394,-1,0
49,78910.7,6.5,43948.63,12,11.84,508,2,1,2674.397893572532,-1,0
47,201593.97,3.7,2051.98,48,10.879999999999999,556,5,0,16746.582505519753,-1,0
27,54696.18,9.7,11159.06,24,11.299999999999999,535,2,1,4036.359712331859,-1,1
43,15000.0,6.1,6289.59,48,11.879999999999999,506,4,0,1084.741305709651,-1,0
36,15000.0,1.1,14197.54,36,7.84,708,4,0,806.1478897818904,-1,0
43,15000.0,1.8,11908.06,48,7.34,733,5,0,962.9645114305372,-1,0
38,23793.77,9.4,10770.47,48,11.04,548,2,1,1704.2364758236547,-1,1
20,15000.0,0.5,5401.23,48,11.78,511,2,0,1108.3476290790672,-1,0
22,19030.85,0.9,20503.29,36,12.14,493,2,0,903.5297383050789,-1,1
43,36694.1,8.0,11811.85,48,5.780000000000001,811,1,1,2781.629864660381,-1,0
39,118576.89,2.8,7479.34,24,8.459999999999999,677,2,0,9541.56589353688,-1,0
21,38202.35,22.2,9122.7,48,7.119999999999999,744,3,1,2964.5665047814887,-1,0
33,35916.63,3.5,22233.07,24,6.32,784,8,0,2004.4603432301192,-1,0
51,16634.03,3.0,27417.42,24,10.44,578,0,0,115.41913193106643,-1,1
52,26278.83,3.8,12087.94,36,10.76,562,1,1,1795.531294678154,-1,1
34,15000.0,17.4,7626.38,48,13.299999999999999,435,6,0,1044.2659475316577,-1,0
30,15000.0,7.4,20120.96,48,10.56,572,3,0,734.2521918662924,-1,0
32,145214.01,12.4,36128.84,24,8.82,659,7,0,10453.612939155004,-1,0
37,17536.19,1.2,10226.33,36,6.6,770,5,1,1147.4566772699377,-1,0
23,30985.28,3.0,2839.69,48,11.12,544,6,0,2508.5478000032585,-1,0
40,59942.56,1.0,5380.84,36,7.98,701,2,0,4826.647005944765,-1,0
42,41972.56,0.5,16735.84,36,9.06,647,4,0,2965.0506279198953,-1,1
28,32141.05,21.2,48676.03,36,8.82,659,3,0,1134.6106692611954,-1,0
18,70746.23,1.9,28989.1,48,15.84,308,2,2,5076.333485550313,-1,0
38,28071.1,1.3,15678.08,36,8.04,698,2,0,1847.6749330164625,-1,0
32,43001.33,8.7,2671.51,60,7.16,742,6,1,3530.3431666410597,-1,0
43,21434.73,1.4,16803.22,60,10.0,600,2,0,1429.2087333667216,-1,0
36,19650.36,12.7,7117.29,24,9.06,647,1,0,1312.1824730225599,-1,0
42,32268.63,5.7,21436.57,36,10.68,566,2,0,1990.4907425909291,-1,0
35,24882.07,4.0,5341.69,60,8.28,686,4,0,1964.4783992179448,-1,0
30,93657.95,6.0,13233.38,24,10.86,557,2,1,7188.909727575175,-1,1
60,48648.54,5.5,27084.06,36,8.799999999999999,660,4,1,3195.2979718177885,-1,1
40,41520.96,13.5,14945.36,60,11.84,508,3,0,3128.8358390108533,-1,0
21,36779.02,5.6,1294.8,48,11.78,511,4,0,3030.960977348044,-1,0
29,15000.0,1.2,5815.17,48,11.379999999999999,531,2,0,1098.6285089821372,-1,0
51,50118.14,12.7,3340.01,48,7.779999999999999,711,2,0,4095.3167397142615,-1,0
37,54771.74,16.3,45243.09,48,8.12,694,1,0,3457.2453862515204,-1,0
18,25180.55,3.8,2604.35,36,5.879999999999999,806,2,1,2019.2913207959816,-1,1
41,77519.38,1.4,4630.82,24,9.459999999999999,627,7,0,6247.411812017894,-1,0
18,34169.52,6.2,7274.05,24,12.82,459,1,0,2502.253086370677,-1,0
18,19257.34,1.1,6628.82,36,9.02,649,1,0,1393.9219213099905,-1,0
30,21467.2,19.2,16586.58,48,7.959999999999999,702,2,0,1384.3178027970812,-1,0
19,42259.66,3.9,9034.16,12,10.0,600,3,0,2727.392141555468,-1,1
36,15000.0,0.7,7607.88,36,8.56,672,3,0,1009.6263926004937,-1,0
20,36849.19,1.4,4044.92,24,6.32,784,7,0,2890.908702187629,-1,0
36,15000.0,0.9,15948.63,12,8.98,651,1,1,-144.5833333333669,-1,0
44,15000.0,2.4,17642.75,36,10.66,567,2,0,675.2355410571099,-1,0
55,15000.0,5.6,16958.77,48,6.1,795,3,0,850.9448062799718,-1,0
30,40940.33,0.7,6952.21,48,11.58,521,4,0,3230.046189946546,-1,0
32,15000.0,4.2,15269.88,36,11.58,521,1,0,745.8791605573441,-1,0
30,52376.43,0.6,54770.17,24,8.28,686,6,2,1880.5958601984657,-1,0
46,43305.96,16.8,4986.02,36,9.719999999999999,614,3,0,3448.5998167283296,-1,0
42,20164.84,2.8,15567.84,24,5.419999999999998,829,1,0,994.4885482238469,-1,0
24,45142.84,1.2,2609.93,36,13.58,421,5,0,3673.2335858950673,-1,1
35,106188.3,1.5,23193.82,36,13.72,414,5,0,8059.465756739388,-1,0
36,28397.76,1.4,24282.33,48,5.32,834,2,0,1803.748374857184,-1,0
49,18244.82,11.6,39940.22,60,11.42,529,2,2,643.6153269054257,-1,0
41,59530.67,0.2,24949.39,36,9.9,605,2,0,4157.013380293016,-1,0
41,15000.0,0.8,13687.78,60,8.28,686,3,0,970.6233360348634,-1,0
30,55119.4,1.4,15512.08,24,9.68,616,1,0,3879.768444054621,-1,0
25,63977.84,4.6,32645.02,60,8.78,661,3,0,4657.31003207921,-1,0
36,46207.32,0.2,8915.99,36,8.219999999999999,689,3,1,3570.3095078890774,-1,0
32,75058.27,0.1,14043.23,48,10.54,573,1,0,5895.0303405817,-1,0
37,49853.14,17.8,3785.31,48,9.799999999999999,610,5,1,4058.7862583669835,-1,0
21,19522.73,19.8,9138.08,36,7.640000000000001,718,3,1,1342.0551319238043,-1,1
54,27360.06,1.3,17748.19,12,8.0,700,6,0,736.117832790404,-1,0
19,159813.4,1.9,10610.09,24,8.48,676,5,0,12835.591597959738,-1,0
39,120507.93,4.9,3176.41,36,9.879999999999999,606,5,1,9940.012547465833,-1,0
25,16623.9,2.5,5742.38,48,8.14,693,3,0,1244.7590487068294,-1,0
23,20797.68,9.3,49553.59,36,6.879999999999999,756,1,0,205.7863368621347,-1,1
34,45716.93,3.9,8418.35,48,10.72,564,2,0,3593.310434687477,-1,0
31,15000.0,0.1,9031.62,36,9.36,632,5,0,961.2812718294615,-1,0
38,16561.69,3.7,8969.65,48,9.56,622,4,0,1154.5380000710145,-1,0
28,47786.08,10.5,9035.61,60,11.26,537,2,0,3784.5436532872377,-1,0
25,29274.52,6.1,29964.6,24,9.64,618,4,1,1061.8026216319145,-1,1
36,15000.0,7.8,10487.47,48,12.64,468,7,1,970.5176943381459,-1,0
29,41894.41,3.0,16696.17,24,9.799999999999999,610,3,0,2722.297607275942,-1,0
31,15000.0,14.2,6107.7,36,7.879999999999999,706,2,0,1058.9448127047565,-1,0
25,26203.3,0.1,24570.52,36,10.72,564,2,0,1382.4551114879278,-1,0
23,37210.21,1.0,18873.79,36,11.4,530,2,1,2479.3658547648206,-1,1
38,69539.51,4.4,6227.64,48,8.32,684,5,0,5641.987094427507,-1,0
47,31653.2,18.3,16682.17,48,10.14,593,1,0,2213.5412439698484,-1,0
33,45675.39,0.9,19171.96,36,13.24,438,4,0,3158.0849136005645,-1,1
42,37686.52,1.0,6647.39,48,5.0,850,3,0,2987.4586375447525,-1,1
53,147928.75,10.3,26759.46,48,10.14,593,4,0,11646.906230983124,-1,0
46,51786.43,2.6,14288.51,36,10.18,591,2,0,3853.277355996679,-1,0
53,34065.05,5.1,20383.47,48,8.959999999999999,652,3,1,2331.897714356928,-1,1
21,39156.53,4.1,14599.3,60,8.34,683,3,2,2964.6417199245866,-1,0
38,26682.74,6.8,4116.67,24,7.68,716,5,0,2037.9760685245164,-1,0
41,20464.79,9.3,12413.62,36,10.26,587,2,1,1303.3295447270034,-1,0
36,71454.66,1.1,1911.32,36,12.54,473,3,0,5890.5777401486985,-1,0
29,109228.27,4.2,7009.2,60,8.459999999999999,677,1,0,8958.68645096973,-1,0
34,15000.0,2.8,2170.49,36,10.12,594,1,0,1179.8420452705457,-1,0
28,23291.3,7.2,3909.39,36,10.22,589,2,1,1814.3924662719814,-1,0
37,32704.07,15.7,11358.17,48,7.1,745,5,0,2452.826376696143,-1,0
18,15575.79,3.7,19532.15,36,9.42,629,5,1,673.0402977387882,-1,0
